cell_id,cycle_index,discharge_rate_c,capacity_ah,capacity_percent,observed_at,source_file,source_local_cycle
CS2_33,1,0.5,1.16169252,100.204148,2010-08-16 13:44:13,CS2_33_8_17_10.xlsx,1
CS2_33,2,0.5,1.16041979,100.094366,2010-08-17 14:30:36,CS2_33_8_18_10.xlsx,1
CS2_33,3,0.5,1.15932578,100.0,2010-08-18 10:59:06,CS2_33_8_19_10.xlsx,1
CS2_33,4,0.5,1.15812326,99.896274,2010-08-19 14:21:15,CS2_33_8_30_10.xlsx,1
CS2_33,5,0.5,1.15778774,99.867333,2010-08-19 19:04:10,CS2_33_8_30_10.xlsx,2
CS2_33,6,0.5,1.15607135,99.719282,2010-08-19 23:45:50,CS2_33_8_30_10.xlsx,3
CS2_33,7,0.5,1.15077682,99.262592,2010-08-20 04:26:25,CS2_33_8_30_10.xlsx,4
CS2_33,8,0.5,1.14876694,99.089226,2010-08-20 09:07:21,CS2_33_8_30_10.xlsx,5
CS2_33,9,0.5,1.14661583,98.903678,2010-08-20 13:47:39,CS2_33_8_30_10.xlsx,6
CS2_33,10,0.5,1.14754413,98.98375,2010-08-20 18:27:19,CS2_33_8_30_10.xlsx,7
CS2_33,11,0.5,1.14762412,98.99065,2010-08-20 23:06:50,CS2_33_8_30_10.xlsx,8
CS2_33,12,0.5,1.14704157,98.9404,2010-08-21 03:45:08,CS2_33_8_30_10.xlsx,9
CS2_33,13,0.5,1.14617884,98.865984,2010-08-21 08:23:01,CS2_33_8_30_10.xlsx,10
CS2_33,14,0.5,1.14538695,98.797678,2010-08-21 13:00:32,CS2_33_8_30_10.xlsx,11
CS2_33,15,0.5,1.14460503,98.730232,2010-08-21 17:37:33,CS2_33_8_30_10.xlsx,12
CS2_33,16,0.5,1.14381857,98.662394,2010-08-21 22:14:15,CS2_33_8_30_10.xlsx,13
CS2_33,17,0.5,1.14286983,98.580559,2010-08-22 02:50:41,CS2_33_8_30_10.xlsx,14
CS2_33,18,0.5,1.14212116,98.51598,2010-08-22 07:26:53,CS2_33_8_30_10.xlsx,15
CS2_33,19,0.5,1.14136516,98.450771,2010-08-22 12:02:49,CS2_33_8_30_10.xlsx,16
CS2_33,20,0.5,1.1405603,98.381345,2010-08-22 16:38:31,CS2_33_8_30_10.xlsx,17
CS2_33,21,0.5,1.139861,98.321026,2010-08-22 21:13:46,CS2_33_8_30_10.xlsx,18
CS2_33,22,0.5,1.13653097,98.033788,2010-08-23 01:48:58,CS2_33_8_30_10.xlsx,19
CS2_33,23,0.5,1.13288378,97.719192,2010-08-23 06:23:13,CS2_33_8_30_10.xlsx,20
CS2_33,24,0.5,1.13129528,97.582172,2010-08-23 10:58:52,CS2_33_8_30_10.xlsx,21
CS2_33,25,0.5,1.12993125,97.464515,2010-08-23 15:34:22,CS2_33_8_30_10.xlsx,22
CS2_33,26,0.5,1.0203414,88.01162,2010-08-23 20:09:38,CS2_33_8_30_10.xlsx,23
CS2_33,27,0.5,1.13279148,97.71123,2010-08-23 23:58:04,CS2_33_8_30_10.xlsx,24
CS2_33,28,0.5,1.01092837,87.19968,2010-08-24 04:32:30,CS2_33_8_30_10.xlsx,25
CS2_33,29,0.5,1.1272088,97.229685,2010-08-24 08:19:16,CS2_33_8_30_10.xlsx,26
CS2_33,30,0.5,1.12587312,97.114473,2010-08-24 12:54:07,CS2_33_8_30_10.xlsx,27
CS2_33,31,0.5,1.12693637,97.206186,2010-08-24 17:28:51,CS2_33_8_30_10.xlsx,28
CS2_33,32,0.5,1.12880704,97.367544,2010-08-24 22:03:38,CS2_33_8_30_10.xlsx,29
CS2_33,33,0.5,1.12441511,96.988709,2010-08-25 02:37:21,CS2_33_8_30_10.xlsx,30
CS2_33,34,0.5,1.12303267,96.869464,2010-08-25 07:11:11,CS2_33_8_30_10.xlsx,31
CS2_33,35,0.5,1.12227205,96.803855,2010-08-25 11:45:17,CS2_33_8_30_10.xlsx,32
CS2_33,36,0.5,1.12182481,96.765277,2010-08-25 16:19:07,CS2_33_8_30_10.xlsx,33
CS2_33,37,0.5,1.12472391,97.015345,2010-08-25 20:53:05,CS2_33_8_30_10.xlsx,34
CS2_33,38,0.5,1.12317475,96.881719,2010-08-26 01:26:01,CS2_33_8_30_10.xlsx,35
CS2_33,39,0.5,1.11996218,96.604613,2010-08-26 05:58:32,CS2_33_8_30_10.xlsx,36
CS2_33,40,0.5,1.11909699,96.529984,2010-08-26 10:31:56,CS2_33_8_30_10.xlsx,37
CS2_33,41,0.5,1.11786521,96.423734,2010-08-26 15:05:01,CS2_33_8_30_10.xlsx,38
CS2_33,42,0.5,1.12080094,96.676962,2010-08-26 19:37:52,CS2_33_8_30_10.xlsx,39
CS2_33,43,0.5,1.12037961,96.640619,2010-08-27 00:10:11,CS2_33_8_30_10.xlsx,40
CS2_33,44,0.5,1.11615265,96.276014,2010-08-27 04:42:09,CS2_33_8_30_10.xlsx,41
CS2_33,45,0.5,1.11533449,96.205442,2010-08-27 09:14:51,CS2_33_8_30_10.xlsx,42
CS2_33,46,0.5,1.1145157,96.134816,2010-08-27 13:47:21,CS2_33_8_30_10.xlsx,43
CS2_33,47,0.5,1.11736495,96.380583,2010-08-27 18:19:42,CS2_33_8_30_10.xlsx,44
CS2_33,48,0.5,1.11789566,96.426361,2010-08-27 22:51:55,CS2_33_8_30_10.xlsx,45
CS2_33,49,0.5,1.11806145,96.440662,2010-08-28 03:23:24,CS2_33_8_30_10.xlsx,46
CS2_33,50,0.5,1.11810029,96.444012,2010-08-28 07:54:41,CS2_33_8_30_10.xlsx,47
CS2_33,51,0.5,1.11853794,96.481762,2010-08-28 12:25:49,CS2_33_8_30_10.xlsx,48
CS2_33,52,0.5,1.1182956,96.460858,2010-08-28 16:56:47,CS2_33_8_30_10.xlsx,49
CS2_33,53,0.5,1.11804822,96.439521,2010-08-28 21:27:32,CS2_33_8_30_10.xlsx,50
CS2_33,54,0.5,1.12840878,97.333191,2010-08-31 13:30:15,CS2_33_9_7_10.xlsx,1
CS2_33,55,0.5,1.12818651,97.314019,2010-08-31 18:04:17,CS2_33_9_7_10.xlsx,2
CS2_33,56,0.5,1.12791543,97.290637,2010-08-31 22:40:07,CS2_33_9_7_10.xlsx,3
CS2_33,57,0.5,1.12355273,96.914323,2010-09-01 03:14:01,CS2_33_9_7_10.xlsx,4
CS2_33,58,0.5,1.12152438,96.739363,2010-09-01 07:48:08,CS2_33_9_7_10.xlsx,5
CS2_33,59,0.5,1.12026092,96.630381,2010-09-01 12:22:08,CS2_33_9_7_10.xlsx,6
CS2_33,60,0.5,1.11679528,96.331446,2010-09-01 16:55:53,CS2_33_9_7_10.xlsx,7
CS2_33,61,0.5,1.11673944,96.326629,2010-09-01 21:29:42,CS2_33_9_7_10.xlsx,8
CS2_33,62,0.5,1.11406693,96.096106,2010-09-02 02:02:53,CS2_33_9_7_10.xlsx,9
CS2_33,63,0.5,1.11267559,95.976093,2010-09-02 06:35:41,CS2_33_9_7_10.xlsx,10
CS2_33,64,0.5,1.11184337,95.904308,2010-09-02 11:08:57,CS2_33_9_7_10.xlsx,11
CS2_33,65,0.5,1.11000881,95.746065,2010-09-02 15:41:43,CS2_33_9_7_10.xlsx,12
CS2_33,66,0.5,1.11023317,95.765417,2010-09-02 20:14:37,CS2_33_9_7_10.xlsx,13
CS2_33,67,0.5,1.10916954,95.673672,2010-09-03 00:47:10,CS2_33_9_7_10.xlsx,14
CS2_33,68,0.5,1.10748312,95.528206,2010-09-03 05:19:21,CS2_33_9_7_10.xlsx,15
CS2_33,69,0.5,1.10704709,95.490596,2010-09-03 09:51:45,CS2_33_9_7_10.xlsx,16
CS2_33,70,0.5,1.10579205,95.382339,2010-09-03 14:23:53,CS2_33_9_7_10.xlsx,17
CS2_33,71,0.5,1.10634023,95.429624,2010-09-03 18:55:33,CS2_33_9_7_10.xlsx,18
CS2_33,72,0.5,1.10588255,95.390146,2010-09-03 23:27:20,CS2_33_9_7_10.xlsx,19
CS2_33,73,0.5,1.10513067,95.325291,2010-09-04 03:58:35,CS2_33_9_7_10.xlsx,20
CS2_33,74,0.5,1.10457877,95.277685,2010-09-04 08:29:49,CS2_33_9_7_10.xlsx,21
CS2_33,75,0.5,1.10457573,95.277423,2010-09-04 13:00:54,CS2_33_9_7_10.xlsx,22
CS2_33,76,0.5,1.10357311,95.19094,2010-09-04 17:31:56,CS2_33_9_7_10.xlsx,23
CS2_33,77,0.5,0.97776953,84.339497,2010-09-04 22:02:39,CS2_33_9_7_10.xlsx,24
CS2_33,78,0.5,1.10266492,95.112603,2010-09-05 01:42:01,CS2_33_9_7_10.xlsx,25
CS2_33,79,0.5,1.10196157,95.051934,2010-09-05 06:12:51,CS2_33_9_7_10.xlsx,26
CS2_33,80,0.5,1.10157975,95.018999,2010-09-05 10:43:28,CS2_33_9_7_10.xlsx,27
CS2_33,81,0.5,0.97705526,84.277886,2010-09-05 15:14:02,CS2_33_9_7_10.xlsx,28
CS2_33,82,0.5,1.10065875,94.939556,2010-09-05 18:53:14,CS2_33_9_7_10.xlsx,29
CS2_33,83,0.5,1.10015904,94.896452,2010-09-05 23:23:31,CS2_33_9_7_10.xlsx,30
CS2_33,84,0.5,1.09673697,94.601275,2010-09-06 03:53:47,CS2_33_9_7_10.xlsx,31
CS2_33,85,0.5,1.09584763,94.524563,2010-09-06 08:24:21,CS2_33_9_7_10.xlsx,32
CS2_33,86,0.5,0.80260823,69.230604,2010-09-06 12:55:01,CS2_33_9_7_10.xlsx,33
CS2_33,87,0.5,1.09699412,94.623457,2010-09-07 10:44:17,CS2_33_9_17_10.xlsx,1
CS2_33,88,0.5,1.09776306,94.689782,2010-09-07 14:42:30,CS2_33_9_17_10.xlsx,2
CS2_33,89,0.5,1.10010574,94.891856,2010-09-07 19:12:08,CS2_33_9_17_10.xlsx,3
CS2_33,90,0.5,1.10059583,94.934129,2010-09-07 23:41:20,CS2_33_9_17_10.xlsx,4
CS2_33,91,0.5,1.09730104,94.649931,2010-09-08 04:10:25,CS2_33_9_17_10.xlsx,5
CS2_33,92,0.5,1.0974966,94.666799,2010-09-08 08:39:41,CS2_33_9_17_10.xlsx,6
CS2_33,93,0.5,1.0964297,94.574771,2010-09-08 13:09:06,CS2_33_9_17_10.xlsx,7
CS2_33,94,0.5,1.09695117,94.619751,2010-09-08 17:38:23,CS2_33_9_17_10.xlsx,8
CS2_33,95,0.5,1.09884707,94.783286,2010-09-08 22:08:02,CS2_33_9_17_10.xlsx,9
CS2_33,96,0.5,1.09535556,94.482119,2010-09-09 02:36:24,CS2_33_9_17_10.xlsx,10
CS2_33,97,0.5,1.0942529,94.387007,2010-09-09 07:05:11,CS2_33_9_17_10.xlsx,11
CS2_33,98,0.5,1.09399588,94.364837,2010-09-09 11:34:16,CS2_33_9_17_10.xlsx,12
CS2_33,99,0.5,1.0925486,94.239998,2010-09-09 16:03:03,CS2_33_9_17_10.xlsx,13
CS2_33,100,0.5,1.09592931,94.531609,2010-09-09 20:32:05,CS2_33_9_17_10.xlsx,14
CS2_33,101,0.5,1.094756,94.430403,2010-09-10 01:00:15,CS2_33_9_17_10.xlsx,15
CS2_33,102,0.5,1.09153615,94.152668,2010-09-10 05:28:08,CS2_33_9_17_10.xlsx,16
CS2_33,103,0.5,1.09126437,94.129225,2010-09-10 09:56:44,CS2_33_9_17_10.xlsx,17
CS2_33,104,0.5,1.0898261,94.005164,2010-09-10 14:25:23,CS2_33_9_17_10.xlsx,18
CS2_33,105,0.5,1.09290447,94.270695,2010-09-10 18:53:56,CS2_33_9_17_10.xlsx,19
CS2_33,106,0.5,1.09345547,94.318222,2010-09-10 23:22:02,CS2_33_9_17_10.xlsx,20
CS2_33,107,0.5,1.09455861,94.413376,2010-09-11 03:49:39,CS2_33_9_17_10.xlsx,21
CS2_33,108,0.5,1.0950246,94.453571,2010-09-11 08:17:09,CS2_33_9_17_10.xlsx,22
CS2_33,109,0.5,1.0952904,94.476498,2010-09-11 12:44:27,CS2_33_9_17_10.xlsx,23
CS2_33,110,0.5,1.09559184,94.5025,2010-09-11 17:11:36,CS2_33_9_17_10.xlsx,24
CS2_33,111,0.5,1.09554466,94.49843,2010-09-11 21:38:33,CS2_33_9_17_10.xlsx,25
CS2_33,112,0.5,1.09546826,94.49184,2010-09-12 02:05:27,CS2_33_9_17_10.xlsx,26
CS2_33,113,0.5,1.09552249,94.496518,2010-09-12 06:32:14,CS2_33_9_17_10.xlsx,27
CS2_33,114,0.5,1.09533376,94.480238,2010-09-12 10:58:59,CS2_33_9_17_10.xlsx,28
CS2_33,115,0.5,1.09528503,94.476035,2010-09-12 15:25:37,CS2_33_9_17_10.xlsx,29
CS2_33,116,0.5,1.09503243,94.454246,2010-09-12 19:52:12,CS2_33_9_17_10.xlsx,30
CS2_33,117,0.5,1.09358281,94.329207,2010-09-13 00:18:40,CS2_33_9_17_10.xlsx,31
CS2_33,118,0.5,1.08808132,93.854665,2010-09-13 04:44:59,CS2_33_9_17_10.xlsx,32
CS2_33,119,0.5,1.08771229,93.822833,2010-09-13 09:12:37,CS2_33_9_17_10.xlsx,33
CS2_33,120,0.5,1.08675192,93.739994,2010-09-13 13:40:00,CS2_33_9_17_10.xlsx,34
CS2_33,121,0.5,1.08931018,93.960662,2010-09-13 18:06:57,CS2_33_9_17_10.xlsx,35
CS2_33,122,0.5,1.09091656,94.099224,2010-09-13 22:35:00,CS2_33_9_17_10.xlsx,36
CS2_33,123,0.5,1.08617898,93.690574,2010-09-14 03:01:26,CS2_33_9_17_10.xlsx,37
CS2_33,124,0.5,1.0856836,93.647844,2010-09-14 07:28:34,CS2_33_9_17_10.xlsx,38
CS2_33,125,0.5,1.08586205,93.663237,2010-09-14 11:55:45,CS2_33_9_17_10.xlsx,39
CS2_33,126,0.5,1.08467999,93.561276,2010-09-14 16:22:27,CS2_33_9_17_10.xlsx,40
CS2_33,127,0.5,1.08817435,93.862689,2010-09-14 20:49:33,CS2_33_9_17_10.xlsx,41
CS2_33,128,0.5,0.96989894,83.660604,2010-09-15 01:15:42,CS2_33_9_17_10.xlsx,42
CS2_33,129,0.5,1.08308653,93.423828,2010-09-15 04:53:23,CS2_33_9_17_10.xlsx,43
CS2_33,130,0.5,1.08378441,93.484026,2010-09-15 09:20:41,CS2_33_9_17_10.xlsx,44
CS2_33,131,0.5,1.08290199,93.407911,2010-09-15 13:47:29,CS2_33_9_17_10.xlsx,45
CS2_33,132,0.5,1.08531454,93.616011,2010-09-15 18:14:06,CS2_33_9_17_10.xlsx,46
CS2_33,133,0.5,1.08693239,93.755561,2010-09-15 22:41:20,CS2_33_9_17_10.xlsx,47
CS2_33,134,0.5,1.08221648,93.348781,2010-09-16 03:07:09,CS2_33_9_17_10.xlsx,48
CS2_33,135,0.5,1.08205284,93.334666,2010-09-16 07:33:25,CS2_33_9_17_10.xlsx,49
CS2_33,136,0.5,1.08163134,93.298309,2010-09-16 12:00:01,CS2_33_9_17_10.xlsx,50
CS2_33,137,0.5,1.09396484,94.36216,2010-09-17 11:26:46,CS2_33_9_27_10.xlsx,1
CS2_33,138,0.5,1.0917753,94.173296,2010-09-17 15:54:50,CS2_33_9_27_10.xlsx,2
CS2_33,139,0.5,1.09453535,94.41137,2010-09-17 20:24:12,CS2_33_9_27_10.xlsx,3
CS2_33,140,0.5,1.0942263,94.384712,2010-09-18 00:52:22,CS2_33_9_27_10.xlsx,4
CS2_33,141,0.5,1.09386781,94.35379,2010-09-18 05:19:57,CS2_33_9_27_10.xlsx,5
CS2_33,142,0.5,1.09335812,94.309826,2010-09-18 09:47:25,CS2_33_9_27_10.xlsx,6
CS2_33,143,0.5,1.09324726,94.300263,2010-09-18 14:14:35,CS2_33_9_27_10.xlsx,7
CS2_33,144,0.5,1.09271539,94.254386,2010-09-18 18:41:28,CS2_33_9_27_10.xlsx,8
CS2_33,145,0.5,1.09214917,94.205545,2010-09-18 23:08:04,CS2_33_9_27_10.xlsx,9
CS2_33,146,0.5,1.09167837,94.164935,2010-09-19 03:34:30,CS2_33_9_27_10.xlsx,10
CS2_33,147,0.5,1.09127684,94.1303,2010-09-19 08:00:54,CS2_33_9_27_10.xlsx,11
CS2_33,148,0.5,1.09105216,94.110921,2010-09-19 12:26:59,CS2_33_9_27_10.xlsx,12
CS2_33,149,0.5,1.0907757,94.087074,2010-09-19 16:53:03,CS2_33_9_27_10.xlsx,13
CS2_33,150,0.5,1.09105541,94.111201,2010-09-19 21:18:58,CS2_33_9_27_10.xlsx,14
CS2_33,151,0.5,0.9765078,84.230664,2010-09-20 01:44:36,CS2_33_9_27_10.xlsx,15
CS2_33,152,0.5,1.08431391,93.529699,2010-09-20 05:23:50,CS2_33_9_27_10.xlsx,16
CS2_33,153,0.5,1.08360752,93.468768,2010-09-20 09:50:43,CS2_33_9_27_10.xlsx,17
CS2_33,154,0.5,1.08241245,93.365684,2010-09-20 14:17:07,CS2_33_9_27_10.xlsx,18
CS2_33,155,0.5,1.08518118,93.604507,2010-09-20 18:43:38,CS2_33_9_27_10.xlsx,19
CS2_33,156,0.5,1.08620455,93.69278,2010-09-20 23:09:48,CS2_33_9_27_10.xlsx,20
CS2_33,157,0.5,1.08066589,93.215032,2010-09-21 03:35:19,CS2_33_9_27_10.xlsx,21
CS2_33,158,0.5,1.08007931,93.164434,2010-09-21 08:01:46,CS2_33_9_27_10.xlsx,22
CS2_33,159,0.5,1.07973652,93.134867,2010-09-21 12:28:09,CS2_33_9_27_10.xlsx,23
CS2_33,160,0.5,1.07997126,93.155115,2010-09-21 16:54:16,CS2_33_9_27_10.xlsx,24
CS2_33,161,0.5,1.08322487,93.435761,2010-09-21 21:20:38,CS2_33_9_27_10.xlsx,25
CS2_33,162,0.5,1.08106578,93.249525,2010-09-22 01:45:57,CS2_33_9_27_10.xlsx,26
CS2_33,163,0.5,1.07817802,93.000435,2010-09-22 06:10:32,CS2_33_9_27_10.xlsx,27
CS2_33,164,0.5,1.07856193,93.03355,2010-09-22 10:36:20,CS2_33_9_27_10.xlsx,28
CS2_33,165,0.5,1.07795147,92.980894,2010-09-22 15:01:53,CS2_33_9_27_10.xlsx,29
CS2_33,166,0.5,1.081236,93.264207,2010-09-22 19:27:31,CS2_33_9_27_10.xlsx,30
CS2_33,167,0.5,1.08164951,93.299876,2010-09-22 23:52:18,CS2_33_9_27_10.xlsx,31
CS2_33,168,0.5,1.07683548,92.884632,2010-09-23 04:16:54,CS2_33_9_27_10.xlsx,32
CS2_33,169,0.5,1.07686677,92.88733,2010-09-23 08:42:20,CS2_33_9_27_10.xlsx,33
CS2_33,170,0.5,1.07616821,92.827075,2010-09-23 13:07:34,CS2_33_9_27_10.xlsx,34
CS2_33,171,0.5,1.07774315,92.962925,2010-09-23 17:32:42,CS2_33_9_27_10.xlsx,35
CS2_33,172,0.5,1.08091222,93.236279,2010-09-23 21:58:07,CS2_33_9_27_10.xlsx,36
CS2_33,173,0.5,1.07673921,92.876328,2010-09-24 02:22:21,CS2_33_9_27_10.xlsx,37
CS2_33,174,0.5,1.07611382,92.822383,2010-09-24 06:46:27,CS2_33_9_27_10.xlsx,38
CS2_33,175,0.5,1.07896355,93.068193,2010-09-24 11:11:11,CS2_33_9_27_10.xlsx,39
CS2_33,176,0.5,1.08061733,93.210843,2010-09-24 15:36:31,CS2_33_9_27_10.xlsx,40
CS2_33,177,0.5,1.08057882,93.207521,2010-09-24 20:00:24,CS2_33_9_27_10.xlsx,41
CS2_33,178,0.5,1.08051112,93.201681,2010-09-25 00:24:14,CS2_33_9_27_10.xlsx,42
CS2_33,179,0.5,1.08044855,93.196284,2010-09-25 04:47:52,CS2_33_9_27_10.xlsx,43
CS2_33,180,0.5,1.08066858,93.215264,2010-09-25 09:11:32,CS2_33_9_27_10.xlsx,44
CS2_33,181,0.5,1.08081321,93.227739,2010-09-25 13:35:13,CS2_33_9_27_10.xlsx,45
CS2_33,182,0.5,1.08068978,93.217092,2010-09-25 17:58:33,CS2_33_9_27_10.xlsx,46
CS2_33,183,0.5,1.08045817,93.197114,2010-09-25 22:22:01,CS2_33_9_27_10.xlsx,47
CS2_33,184,0.5,1.08041146,93.193085,2010-09-26 02:45:25,CS2_33_9_27_10.xlsx,48
CS2_33,185,0.5,1.08027204,93.181059,2010-09-26 07:08:41,CS2_33_9_27_10.xlsx,49
CS2_33,186,0.5,1.080235,93.177865,2010-09-26 11:31:58,CS2_33_9_27_10.xlsx,50
CS2_33,187,0.5,1.08492674,93.58256,2010-09-27 14:12:48,CS2_33_10_04_10.xlsx,1
CS2_33,188,0.5,1.08691453,93.75402,2010-09-27 18:38:46,CS2_33_10_04_10.xlsx,2
CS2_33,189,0.5,0.97048248,83.710937,2010-09-27 23:05:33,CS2_33_10_04_10.xlsx,3
CS2_33,190,0.5,1.08218386,93.345967,2010-09-28 02:43:19,CS2_33_10_04_10.xlsx,4
CS2_33,191,0.5,1.0807367,93.22114,2010-09-28 07:09:18,CS2_33_10_04_10.xlsx,5
CS2_33,192,0.5,1.0800279,93.16,2010-09-28 11:35:25,CS2_33_10_04_10.xlsx,6
CS2_33,193,0.5,1.07797058,92.982542,2010-09-28 16:01:16,CS2_33_10_04_10.xlsx,7
CS2_33,194,0.5,1.08164243,93.299265,2010-09-28 20:27:21,CS2_33_10_04_10.xlsx,8
CS2_33,195,0.5,1.08022651,93.177132,2010-09-29 00:52:08,CS2_33_10_04_10.xlsx,9
CS2_33,196,0.5,1.0751746,92.741369,2010-09-29 05:16:38,CS2_33_10_04_10.xlsx,10
CS2_33,197,0.5,1.07489192,92.716986,2010-09-29 09:42:17,CS2_33_10_04_10.xlsx,11
CS2_33,198,0.5,1.0732249,92.573194,2010-09-29 14:07:18,CS2_33_10_04_10.xlsx,12
CS2_33,199,0.5,1.07610796,92.821878,2010-09-29 18:32:34,CS2_33_10_04_10.xlsx,13
CS2_33,200,0.5,1.07738952,92.932422,2010-09-29 22:57:50,CS2_33_10_04_10.xlsx,14
CS2_33,201,0.5,1.07221371,92.485971,2010-09-30 03:22:11,CS2_33_10_04_10.xlsx,15
CS2_33,202,0.5,1.07189831,92.458766,2010-09-30 07:46:45,CS2_33_10_04_10.xlsx,16
CS2_33,203,0.5,1.07193197,92.46167,2010-09-30 12:11:30,CS2_33_10_04_10.xlsx,17
CS2_33,204,0.5,1.07226858,92.490704,2010-09-30 16:36:08,CS2_33_10_04_10.xlsx,18
CS2_33,205,0.5,1.07546435,92.766362,2010-09-30 21:00:41,CS2_33_10_04_10.xlsx,19
CS2_33,206,0.5,1.07272753,92.530292,2010-10-01 01:24:17,CS2_33_10_04_10.xlsx,20
CS2_33,207,0.5,1.06901166,92.209772,2010-10-01 05:47:31,CS2_33_10_04_10.xlsx,21
CS2_33,208,0.5,1.06843063,92.159654,2010-10-01 10:11:56,CS2_33_10_04_10.xlsx,22
CS2_33,209,0.5,1.06127198,91.54217,2010-10-04 14:14:51,CS2_33_10_05_10.xlsx,1
CS2_33,210,0.5,1.06253185,91.650843,2010-10-04 16:52:53,CS2_33_10_05_10.xlsx,2
CS2_33,211,0.5,1.06708109,92.043247,2010-10-04 21:16:14,CS2_33_10_05_10.xlsx,3
CS2_33,212,0.5,1.06502014,91.865475,2010-10-05 01:38:40,CS2_33_10_05_10.xlsx,4
CS2_33,213,0.5,1.06089436,91.509598,2010-10-05 06:00:57,CS2_33_10_05_10.xlsx,5
CS2_33,214,0.5,0.92537881,79.820429,2010-10-05 10:24:23,CS2_33_10_05_10.xlsx,6
CS2_33,215,0.5,1.0576119,91.226463,2010-10-06 09:37:03,CS2_33_10_15_10.xlsx,1
CS2_33,216,0.5,1.05776927,91.240037,2010-10-06 12:17:18,CS2_33_10_15_10.xlsx,2
CS2_33,217,0.5,1.05986182,91.420535,2010-10-06 16:40:09,CS2_33_10_15_10.xlsx,3
CS2_33,218,0.5,1.06431172,91.804369,2010-10-06 21:03:23,CS2_33_10_15_10.xlsx,4
CS2_33,219,0.5,1.06217854,91.620367,2010-10-07 01:25:35,CS2_33_10_15_10.xlsx,5
CS2_33,220,0.5,1.05775305,91.238638,2010-10-07 05:47:15,CS2_33_10_15_10.xlsx,6
CS2_33,221,0.5,1.05756599,91.222503,2010-10-07 10:10:28,CS2_33_10_15_10.xlsx,7
CS2_33,222,0.5,1.05688744,91.163973,2010-10-07 14:33:18,CS2_33_10_15_10.xlsx,8
CS2_33,223,0.5,1.06021391,91.450905,2010-10-07 18:56:08,CS2_33_10_15_10.xlsx,9
CS2_33,224,0.5,1.06172476,91.581226,2010-10-07 23:18:39,CS2_33_10_15_10.xlsx,10
CS2_33,225,0.5,1.05554517,91.048193,2010-10-08 03:40:46,CS2_33_10_15_10.xlsx,11
CS2_33,226,0.5,1.05560717,91.05354,2010-10-08 08:03:41,CS2_33_10_15_10.xlsx,12
CS2_33,227,0.5,1.05533742,91.030273,2010-10-08 12:26:18,CS2_33_10_15_10.xlsx,13
CS2_33,228,0.5,1.05562077,91.054714,2010-10-08 16:48:40,CS2_33_10_15_10.xlsx,14
CS2_33,229,0.5,1.0590796,91.353062,2010-10-08 21:11:38,CS2_33_10_15_10.xlsx,15
CS2_33,230,0.5,1.05986063,91.420431,2010-10-09 01:33:24,CS2_33_10_15_10.xlsx,16
CS2_33,231,0.5,1.06008757,91.440007,2010-10-09 05:55:03,CS2_33_10_15_10.xlsx,17
CS2_33,232,0.5,1.0606379,91.487476,2010-10-09 10:16:30,CS2_33_10_15_10.xlsx,18
CS2_33,233,0.5,1.06110232,91.527536,2010-10-09 14:37:52,CS2_33_10_15_10.xlsx,19
CS2_33,234,0.5,1.06119416,91.535458,2010-10-09 18:59:07,CS2_33_10_15_10.xlsx,20
CS2_33,235,0.5,1.06138804,91.552181,2010-10-09 23:20:07,CS2_33_10_15_10.xlsx,21
CS2_33,236,0.5,1.06101085,91.519646,2010-10-10 03:41:10,CS2_33_10_15_10.xlsx,22
CS2_33,237,0.5,1.06163066,91.573109,2010-10-10 08:02:13,CS2_33_10_15_10.xlsx,23
CS2_33,238,0.5,1.06124283,91.539656,2010-10-10 12:23:13,CS2_33_10_15_10.xlsx,24
CS2_33,239,0.5,1.06181169,91.588724,2010-10-10 16:43:58,CS2_33_10_15_10.xlsx,25
CS2_33,240,0.5,1.06197624,91.602918,2010-10-10 21:04:44,CS2_33_10_15_10.xlsx,26
CS2_33,241,0.5,1.05830803,91.286509,2010-10-11 01:25:29,CS2_33_10_15_10.xlsx,27
CS2_33,242,0.5,1.0531423,90.840929,2010-10-11 05:45:48,CS2_33_10_15_10.xlsx,28
CS2_33,243,0.5,1.05308603,90.836074,2010-10-11 10:07:36,CS2_33_10_15_10.xlsx,29
CS2_33,244,0.5,1.05159568,90.707521,2010-10-11 14:29:00,CS2_33_10_15_10.xlsx,30
CS2_33,245,0.5,1.05599056,91.086611,2010-10-11 18:49:55,CS2_33_10_15_10.xlsx,31
CS2_33,246,0.5,1.05725784,91.195923,2010-10-11 23:11:04,CS2_33_10_15_10.xlsx,32
CS2_33,247,0.5,1.05105206,90.66063,2010-10-12 03:31:40,CS2_33_10_15_10.xlsx,33
CS2_33,248,0.5,1.05016526,90.584138,2010-10-12 07:52:59,CS2_33_10_15_10.xlsx,34
CS2_33,249,0.5,1.04979934,90.552575,2010-10-12 12:14:07,CS2_33_10_15_10.xlsx,35
CS2_33,250,0.5,1.04943624,90.521254,2010-10-12 16:35:17,CS2_33_10_15_10.xlsx,36
CS2_33,251,0.5,1.05323967,90.849327,2010-10-12 20:56:33,CS2_33_10_15_10.xlsx,37
CS2_33,252,0.5,1.05084458,90.642734,2010-10-13 01:16:41,CS2_33_10_15_10.xlsx,38
CS2_33,253,0.5,1.04645875,90.264425,2010-10-13 05:36:40,CS2_33_10_15_10.xlsx,39
CS2_33,254,0.5,1.04580221,90.207794,2010-10-13 09:57:54,CS2_33_10_15_10.xlsx,40
CS2_33,255,0.5,1.04490064,90.130027,2010-10-13 14:18:37,CS2_33_10_15_10.xlsx,41
CS2_33,256,0.5,1.04899667,90.483338,2010-10-13 18:39:21,CS2_33_10_15_10.xlsx,42
CS2_33,257,0.5,1.05060315,90.621909,2010-10-13 23:00:02,CS2_33_10_15_10.xlsx,43
CS2_33,258,0.5,1.04461796,90.105644,2010-10-14 03:20:00,CS2_33_10_15_10.xlsx,44
CS2_33,259,0.5,1.04423223,90.072373,2010-10-14 07:40:31,CS2_33_10_15_10.xlsx,45
CS2_33,260,0.5,1.04373605,90.029573,2010-10-14 12:01:05,CS2_33_10_15_10.xlsx,46
CS2_33,261,0.5,1.04388699,90.042593,2010-10-14 16:21:40,CS2_33_10_15_10.xlsx,47
CS2_33,262,0.5,1.04751227,90.355299,2010-10-14 20:41:42,CS2_33_10_15_10.xlsx,48
CS2_33,263,0.5,1.04563511,90.193381,2010-10-15 01:01:18,CS2_33_10_15_10.xlsx,49
CS2_33,264,0.5,1.04100341,89.793863,2010-10-15 05:20:36,CS2_33_10_15_10.xlsx,50
CS2_33,265,0.5,1.05106345,90.661613,2010-10-15 17:12:56,CS2_33_10_26_10.xlsx,1
CS2_33,266,0.5,1.05381508,90.89896,2010-10-15 21:35:37,CS2_33_10_26_10.xlsx,2
CS2_33,267,0.5,1.05372618,90.891292,2010-10-16 01:57:32,CS2_33_10_26_10.xlsx,3
CS2_33,268,0.5,1.05341514,90.864463,2010-10-16 06:18:56,CS2_33_10_26_10.xlsx,4
CS2_33,269,0.5,1.05390337,90.906576,2010-10-16 10:39:43,CS2_33_10_26_10.xlsx,5
CS2_33,270,0.5,1.05345215,90.867655,2010-10-16 15:00:25,CS2_33_10_26_10.xlsx,6
CS2_33,271,0.5,1.05315841,90.842318,2010-10-16 19:20:48,CS2_33_10_26_10.xlsx,7
CS2_33,272,0.5,1.05264172,90.79775,2010-10-16 23:41:06,CS2_33_10_26_10.xlsx,8
CS2_33,273,0.5,1.05236409,90.773802,2010-10-17 04:01:09,CS2_33_10_26_10.xlsx,9
CS2_33,274,0.5,0.92613573,79.885719,2010-10-17 08:21:05,CS2_33_10_26_10.xlsx,10
CS2_33,275,0.5,1.05216229,90.756396,2010-10-17 11:49:03,CS2_33_10_26_10.xlsx,11
CS2_33,276,0.5,1.05200767,90.743058,2010-10-17 16:09:12,CS2_33_10_26_10.xlsx,12
CS2_33,277,0.5,1.05195003,90.738087,2010-10-17 20:28:44,CS2_33_10_26_10.xlsx,13
CS2_33,278,0.5,1.04902555,90.48583,2010-10-18 00:48:14,CS2_33_10_26_10.xlsx,14
CS2_33,279,0.5,1.04278706,89.947716,2010-10-18 05:07:28,CS2_33_10_26_10.xlsx,15
CS2_33,280,0.5,1.04170707,89.854559,2010-10-18 09:27:47,CS2_33_10_26_10.xlsx,16
CS2_33,281,0.5,1.04025764,89.729536,2010-10-18 13:47:36,CS2_33_10_26_10.xlsx,17
CS2_33,282,0.5,1.04349877,90.009106,2010-10-18 18:07:27,CS2_33_10_26_10.xlsx,18
CS2_33,283,0.5,1.04579303,90.207002,2010-10-18 22:28:29,CS2_33_10_26_10.xlsx,19
CS2_33,284,0.5,1.03981545,89.691394,2010-10-19 02:47:25,CS2_33_10_26_10.xlsx,20
CS2_33,285,0.5,1.03845552,89.57409,2010-10-19 07:06:29,CS2_33_10_26_10.xlsx,21
CS2_33,286,0.5,1.03742548,89.485242,2010-10-19 11:26:01,CS2_33_10_26_10.xlsx,22
CS2_33,287,0.5,0.89949287,77.587585,2010-10-19 15:45:31,CS2_33_10_26_10.xlsx,23
CS2_33,288,0.5,1.04140408,89.828424,2010-10-19 19:07:36,CS2_33_10_26_10.xlsx,24
CS2_33,289,0.5,1.04286724,89.954632,2010-10-19 23:26:38,CS2_33_10_26_10.xlsx,25
CS2_33,290,0.5,0.89975789,77.610444,2010-10-20 03:45:16,CS2_33_10_26_10.xlsx,26
CS2_33,291,0.5,1.03543233,89.313319,2010-10-20 07:07:49,CS2_33_10_26_10.xlsx,27
CS2_33,292,0.5,1.03421784,89.20856,2010-10-20 11:27:31,CS2_33_10_26_10.xlsx,28
CS2_33,293,0.5,1.03341986,89.13973,2010-10-20 15:46:22,CS2_33_10_26_10.xlsx,29
CS2_33,294,0.5,1.03868428,89.593822,2010-10-20 20:04:57,CS2_33_10_26_10.xlsx,30
CS2_33,295,0.5,1.03799802,89.534627,2010-10-21 00:22:54,CS2_33_10_26_10.xlsx,31
CS2_33,296,0.5,1.03196445,89.01419,2010-10-21 04:40:50,CS2_33_10_26_10.xlsx,32
CS2_33,297,0.5,1.03252581,89.062611,2010-10-21 08:59:06,CS2_33_10_26_10.xlsx,33
CS2_33,298,0.5,1.03136002,88.962054,2010-10-21 13:17:18,CS2_33_10_26_10.xlsx,34
CS2_33,299,0.5,1.03213435,89.028845,2010-10-21 17:35:32,CS2_33_10_26_10.xlsx,35
CS2_33,300,0.5,1.03576488,89.342004,2010-10-21 21:54:15,CS2_33_10_26_10.xlsx,36
CS2_33,301,0.5,1.03101317,88.932136,2010-10-22 02:11:44,CS2_33_10_26_10.xlsx,37
CS2_33,302,0.5,1.02905033,88.762826,2010-10-22 06:28:00,CS2_33_10_26_10.xlsx,38
CS2_33,303,0.5,1.02823644,88.692622,2010-10-22 10:46:02,CS2_33_10_26_10.xlsx,39
CS2_33,304,0.5,1.02705466,88.590686,2010-10-22 15:03:38,CS2_33_10_26_10.xlsx,40
CS2_33,305,0.5,1.03187787,89.006722,2010-10-22 19:20:48,CS2_33_10_26_10.xlsx,41
CS2_33,306,0.5,1.03286908,89.09222,2010-10-22 23:37:45,CS2_33_10_26_10.xlsx,42
CS2_33,307,0.5,1.0333525,89.133919,2010-10-23 03:54:37,CS2_33_10_26_10.xlsx,43
CS2_33,308,0.5,1.03365089,89.159657,2010-10-23 08:11:31,CS2_33_10_26_10.xlsx,44
CS2_33,309,0.5,1.03500947,89.276845,2010-10-23 12:28:01,CS2_33_10_26_10.xlsx,45
CS2_33,310,0.5,1.03519244,89.292626,2010-10-23 16:44:29,CS2_33_10_26_10.xlsx,46
CS2_33,311,0.5,1.03544589,89.314489,2010-10-23 21:00:56,CS2_33_10_26_10.xlsx,47
CS2_33,312,0.5,1.03548782,89.318105,2010-10-24 01:17:22,CS2_33_10_26_10.xlsx,48
CS2_33,313,0.5,1.03572015,89.338146,2010-10-24 05:33:30,CS2_33_10_26_10.xlsx,49
CS2_33,314,0.5,1.03572684,89.338722,2010-10-24 09:49:46,CS2_33_10_26_10.xlsx,50
CS2_33,315,0.5,1.046035,90.227874,2010-10-26 10:13:45,CS2_33_11_01_10.xlsx,1
CS2_33,316,0.5,1.04300362,89.966396,2010-10-26 14:34:09,CS2_33_11_01_10.xlsx,2
CS2_33,317,0.5,1.04696898,90.308436,2010-10-26 18:55:33,CS2_33_11_01_10.xlsx,3
CS2_33,318,0.5,1.04767435,90.369279,2010-10-26 23:16:27,CS2_33_11_01_10.xlsx,4
CS2_33,319,0.5,1.03980659,89.69063,2010-10-27 03:36:37,CS2_33_11_01_10.xlsx,5
CS2_33,320,0.5,1.03923311,89.641163,2010-10-27 07:56:54,CS2_33_11_01_10.xlsx,6
CS2_33,321,0.5,1.03761161,89.501297,2010-10-27 12:16:45,CS2_33_11_01_10.xlsx,7
CS2_33,322,0.5,1.03767981,89.50718,2010-10-27 16:36:06,CS2_33_11_01_10.xlsx,8
CS2_33,323,0.5,1.04167233,89.851563,2010-10-27 20:55:33,CS2_33_11_01_10.xlsx,9
CS2_33,324,0.5,1.03893538,89.615482,2010-10-28 01:13:59,CS2_33_11_01_10.xlsx,10
CS2_33,325,0.5,1.03350806,89.147337,2010-10-28 05:32:08,CS2_33_11_01_10.xlsx,11
CS2_33,326,0.5,1.03231362,89.044309,2010-10-28 09:50:57,CS2_33_11_01_10.xlsx,12
CS2_33,327,0.5,1.03001664,88.846178,2010-10-28 14:09:29,CS2_33_11_01_10.xlsx,13
CS2_33,328,0.5,1.03173295,88.994221,2010-10-28 18:27:29,CS2_33_11_01_10.xlsx,14
CS2_33,329,0.5,1.02669935,88.560038,2010-10-28 22:45:57,CS2_33_11_01_10.xlsx,15
CS2_33,330,0.5,1.02526175,88.436035,2010-10-29 03:04:17,CS2_33_11_01_10.xlsx,16
CS2_33,331,0.5,1.02569406,88.473324,2010-10-29 07:21:44,CS2_33_11_01_10.xlsx,17
CS2_33,332,0.5,1.02405695,88.332112,2010-10-29 11:39:21,CS2_33_11_01_10.xlsx,18
CS2_33,333,0.5,1.02262679,88.208751,2010-10-29 15:56:25,CS2_33_11_01_10.xlsx,19
CS2_33,334,0.5,1.02787893,88.661785,2010-10-29 20:13:29,CS2_33_11_01_10.xlsx,20
CS2_33,335,0.5,1.02886407,88.74676,2010-10-30 00:29:42,CS2_33_11_01_10.xlsx,21
CS2_33,336,0.5,1.02909338,88.76654,2010-10-30 04:45:57,CS2_33_11_01_10.xlsx,22
CS2_33,337,0.5,1.02912705,88.769444,2010-10-30 09:02:02,CS2_33_11_01_10.xlsx,23
CS2_33,338,0.5,1.0292914,88.78362,2010-10-30 13:17:58,CS2_33_11_01_10.xlsx,24
CS2_33,339,0.5,1.03139727,88.965267,2010-11-01 14:23:58,CS2_33_11_10_10.xlsx,1
CS2_33,340,0.5,1.03268624,89.07645,2010-11-01 18:21:20,CS2_33_11_10_10.xlsx,2
CS2_33,341,0.5,1.03332926,89.131914,2010-11-01 22:38:21,CS2_33_11_10_10.xlsx,3
CS2_33,342,0.5,1.0283401,88.701564,2010-11-02 02:55:08,CS2_33_11_10_10.xlsx,4
CS2_33,343,0.5,1.02852686,88.717673,2010-11-02 07:11:54,CS2_33_11_10_10.xlsx,5
CS2_33,344,0.5,1.03057528,88.894364,2010-11-02 11:28:31,CS2_33_11_10_10.xlsx,6
CS2_33,345,0.5,1.03059695,88.896233,2010-11-02 15:44:56,CS2_33_11_10_10.xlsx,7
CS2_33,346,0.5,1.03220753,89.035157,2010-11-02 20:00:47,CS2_33_11_10_10.xlsx,8
CS2_33,347,0.5,1.03145378,88.970141,2010-11-03 00:16:42,CS2_33_11_10_10.xlsx,9
CS2_33,348,0.5,1.02706191,88.591311,2010-11-03 04:32:27,CS2_33_11_10_10.xlsx,10
CS2_33,349,0.5,1.02747914,88.627301,2010-11-03 08:48:32,CS2_33_11_10_10.xlsx,11
CS2_33,350,0.5,1.02762792,88.640134,2010-11-03 13:04:10,CS2_33_11_10_10.xlsx,12
CS2_33,351,0.5,0.89633097,77.314849,2010-11-03 17:19:32,CS2_33_11_10_10.xlsx,13
CS2_33,352,0.5,1.02881153,88.742228,2010-11-03 20:40:54,CS2_33_11_10_10.xlsx,14
CS2_33,353,0.5,1.02664763,88.555577,2010-11-04 00:56:28,CS2_33_11_10_10.xlsx,15
CS2_33,354,0.5,1.02348631,88.28289,2010-11-04 05:11:13,CS2_33_11_10_10.xlsx,16
CS2_33,355,0.5,1.02311432,88.250804,2010-11-04 09:26:12,CS2_33_11_10_10.xlsx,17
CS2_33,356,0.5,1.02225475,88.17666,2010-11-04 13:40:54,CS2_33_11_10_10.xlsx,18
CS2_33,357,0.5,1.02285036,88.228036,2010-11-04 17:55:17,CS2_33_11_10_10.xlsx,19
CS2_33,358,0.5,1.02449492,88.36989,2010-11-04 22:10:10,CS2_33_11_10_10.xlsx,20
CS2_33,359,0.5,1.02078357,88.04976,2010-11-05 02:24:08,CS2_33_11_10_10.xlsx,21
CS2_33,360,0.5,1.01998733,87.981079,2010-11-05 06:37:36,CS2_33_11_10_10.xlsx,22
CS2_33,361,0.5,1.02007285,87.988455,2010-11-05 10:51:33,CS2_33_11_10_10.xlsx,23
CS2_33,362,0.5,1.01873578,87.873124,2010-11-05 15:05:22,CS2_33_11_10_10.xlsx,24
CS2_33,363,0.5,1.02186804,88.143303,2010-11-05 19:18:32,CS2_33_11_10_10.xlsx,25
CS2_33,364,0.5,1.0223776,88.187257,2010-11-05 23:31:53,CS2_33_11_10_10.xlsx,26
CS2_33,365,0.5,1.02264498,88.21032,2010-11-06 03:45:06,CS2_33_11_10_10.xlsx,27
CS2_33,366,0.5,1.02265006,88.210759,2010-11-06 07:58:07,CS2_33_11_10_10.xlsx,28
CS2_33,367,0.5,1.02339164,88.274725,2010-11-06 12:11:05,CS2_33_11_10_10.xlsx,29
CS2_33,368,0.5,1.02362426,88.29479,2010-11-06 16:24:06,CS2_33_11_10_10.xlsx,30
CS2_33,369,0.5,1.02350658,88.284639,2010-11-06 20:36:56,CS2_33_11_10_10.xlsx,31
CS2_33,370,0.5,1.02342329,88.277455,2010-11-07 00:49:30,CS2_33_11_10_10.xlsx,32
CS2_33,371,0.5,1.02299745,88.240723,2010-11-07 05:02:11,CS2_33_11_10_10.xlsx,33
CS2_33,372,0.5,1.02268408,88.213693,2010-11-07 09:14:38,CS2_33_11_10_10.xlsx,34
CS2_33,373,0.5,1.02242675,88.191497,2010-11-07 13:27:08,CS2_33_11_10_10.xlsx,35
CS2_33,374,0.5,1.02220254,88.172156,2010-11-07 17:39:21,CS2_33_11_10_10.xlsx,36
CS2_33,375,0.5,1.02178211,88.135892,2010-11-07 21:51:29,CS2_33_11_10_10.xlsx,37
CS2_33,376,0.5,1.01567618,87.609212,2010-11-08 02:03:34,CS2_33_11_10_10.xlsx,38
CS2_33,377,0.5,1.01287475,87.367569,2010-11-08 06:14:16,CS2_33_11_10_10.xlsx,39
CS2_33,378,0.5,1.01294105,87.373288,2010-11-08 10:26:09,CS2_33_11_10_10.xlsx,40
CS2_33,379,0.5,0.8857719,76.404055,2010-11-08 14:37:52,CS2_33_11_10_10.xlsx,41
CS2_33,380,0.5,1.01197895,87.2903,2010-11-08 17:56:55,CS2_33_11_10_10.xlsx,42
CS2_33,381,0.5,1.01429258,87.489867,2010-11-08 22:09:10,CS2_33_11_10_10.xlsx,43
CS2_33,382,0.5,1.01172303,87.268225,2010-11-09 02:20:28,CS2_33_11_10_10.xlsx,44
CS2_33,383,0.5,1.00907098,87.039467,2010-11-09 06:31:18,CS2_33_11_10_10.xlsx,45
CS2_33,384,0.5,1.00987919,87.109181,2010-11-09 10:42:40,CS2_33_11_10_10.xlsx,46
CS2_33,385,0.5,0.88289909,76.156255,2010-11-09 14:53:37,CS2_33_11_10_10.xlsx,47
CS2_33,386,0.5,1.00910768,87.042633,2010-11-09 18:12:05,CS2_33_11_10_10.xlsx,48
CS2_33,387,0.5,1.01157385,87.255357,2010-11-09 22:23:21,CS2_33_11_10_10.xlsx,49
CS2_33,388,0.5,1.00866055,87.004064,2010-11-10 02:33:46,CS2_33_11_10_10.xlsx,50
CS2_33,389,0.5,1.02130848,88.095037,2010-11-10 16:44:54,CS2_33_11_19_10.xlsx,1
CS2_33,390,0.5,1.02307449,88.247368,2010-11-10 20:58:47,CS2_33_11_19_10.xlsx,2
CS2_33,391,0.5,1.02118245,88.084166,2010-11-11 01:12:27,CS2_33_11_19_10.xlsx,3
CS2_33,392,0.5,1.013406,87.413393,2010-11-11 05:25:34,CS2_33_11_19_10.xlsx,4
CS2_33,393,0.5,1.01256351,87.340723,2010-11-11 09:38:25,CS2_33_11_19_10.xlsx,5
CS2_33,394,0.5,1.01157226,87.25522,2010-11-11 13:50:32,CS2_33_11_19_10.xlsx,6
CS2_33,395,0.5,1.01085305,87.193184,2010-11-11 18:02:02,CS2_33_11_19_10.xlsx,7
CS2_33,396,0.5,1.0130675,87.384195,2010-11-11 22:13:40,CS2_33_11_19_10.xlsx,8
CS2_33,397,0.5,1.00925324,87.055188,2010-11-12 02:24:40,CS2_33_11_19_10.xlsx,9
CS2_33,398,0.5,1.00493238,86.682483,2010-11-12 06:34:54,CS2_33_11_19_10.xlsx,10
CS2_33,399,0.5,1.00502913,86.690829,2010-11-12 10:45:36,CS2_33_11_19_10.xlsx,11
CS2_33,400,0.5,1.00425813,86.624325,2010-11-12 14:55:51,CS2_33_11_19_10.xlsx,12
CS2_33,401,0.5,1.00556395,86.736961,2010-11-12 19:05:46,CS2_33_11_19_10.xlsx,13
CS2_33,402,0.5,1.0068033,86.843864,2010-11-12 23:16:16,CS2_33_11_19_10.xlsx,14
CS2_33,403,0.5,1.00663638,86.829466,2010-11-13 03:25:50,CS2_33_11_19_10.xlsx,15
CS2_33,404,0.5,1.00644646,86.813084,2010-11-13 07:35:02,CS2_33_11_19_10.xlsx,16
CS2_33,405,0.5,1.00651656,86.819131,2010-11-13 11:44:13,CS2_33_11_19_10.xlsx,17
CS2_33,406,0.5,1.00681375,86.844766,2010-11-13 15:53:21,CS2_33_11_19_10.xlsx,18
CS2_33,407,0.5,1.00587758,86.764014,2010-11-13 20:02:18,CS2_33_11_19_10.xlsx,19
CS2_33,408,0.5,1.00541256,86.723903,2010-11-14 00:10:59,CS2_33_11_19_10.xlsx,20
CS2_33,409,0.5,1.00470053,86.662485,2010-11-14 04:19:40,CS2_33_11_19_10.xlsx,21
CS2_33,410,0.5,1.00401523,86.603373,2010-11-14 08:28:09,CS2_33_11_19_10.xlsx,22
CS2_33,411,0.5,1.00371016,86.577059,2010-11-14 12:36:34,CS2_33_11_19_10.xlsx,23
CS2_33,412,0.5,1.00325615,86.537897,2010-11-14 16:44:38,CS2_33_11_19_10.xlsx,24
CS2_33,413,0.5,1.00283159,86.501275,2010-11-14 20:52:36,CS2_33_11_19_10.xlsx,25
CS2_33,414,0.5,1.0019132,86.422058,2010-11-15 01:00:29,CS2_33_11_19_10.xlsx,26
CS2_33,415,0.5,0.99409776,85.747921,2010-11-15 05:08:12,CS2_33_11_19_10.xlsx,27
CS2_33,416,0.5,0.99342357,85.689768,2010-11-15 09:16:06,CS2_33_11_19_10.xlsx,28
CS2_33,417,0.5,0.99218888,85.583268,2010-11-15 13:23:34,CS2_33_11_19_10.xlsx,29
CS2_33,418,0.5,0.99104157,85.484304,2010-11-15 17:30:41,CS2_33_11_19_10.xlsx,30
CS2_33,419,0.5,0.9946672,85.79704,2010-11-15 21:37:36,CS2_33_11_19_10.xlsx,31
CS2_33,420,0.5,0.99226735,85.590036,2010-11-16 01:44:01,CS2_33_11_19_10.xlsx,32
CS2_33,421,0.5,0.9864956,85.092182,2010-11-16 05:50:14,CS2_33_11_19_10.xlsx,33
CS2_33,422,0.5,0.98659327,85.100606,2010-11-16 09:56:34,CS2_33_11_19_10.xlsx,34
CS2_33,423,0.5,0.98638234,85.082412,2010-11-16 14:02:32,CS2_33_11_19_10.xlsx,35
CS2_33,424,0.5,0.9866224,85.10312,2010-11-16 18:08:25,CS2_33_11_19_10.xlsx,36
CS2_33,425,0.5,0.98964161,85.363547,2010-11-16 22:14:29,CS2_33_11_19_10.xlsx,37
CS2_33,426,0.5,0.98733953,85.164977,2010-11-17 02:19:56,CS2_33_11_19_10.xlsx,38
CS2_33,427,0.5,0.98326566,84.813577,2010-11-17 06:25:04,CS2_33_11_19_10.xlsx,39
CS2_33,428,0.5,0.98348084,84.832137,2010-11-17 10:30:22,CS2_33_11_19_10.xlsx,40
CS2_33,429,0.5,0.98179522,84.686741,2010-11-17 14:35:17,CS2_33_11_19_10.xlsx,41
CS2_33,430,0.5,0.98312839,84.801736,2010-11-17 18:40:03,CS2_33_11_19_10.xlsx,42
CS2_33,431,0.5,0.98537744,84.995733,2010-11-17 22:45:09,CS2_33_11_19_10.xlsx,43
CS2_33,432,0.5,0.98184324,84.690883,2010-11-18 02:49:29,CS2_33_11_19_10.xlsx,44
CS2_33,433,0.5,0.97749681,84.315973,2010-11-18 06:53:32,CS2_33_11_19_10.xlsx,45
CS2_33,434,0.5,0.97828414,84.383886,2010-11-18 10:57:51,CS2_33_11_19_10.xlsx,46
CS2_33,435,0.5,0.96957088,83.632306,2010-11-18 15:01:43,CS2_33_11_19_10.xlsx,47
CS2_33,436,0.5,0.8308897,71.670079,2010-11-18 19:05:23,CS2_33_11_19_10.xlsx,48
CS2_33,437,0.5,0.97627138,84.210271,2010-11-18 22:12:06,CS2_33_11_19_10.xlsx,49
CS2_33,438,0.5,0.97197899,83.840022,2010-11-19 02:15:54,CS2_33_11_19_10.xlsx,50
CS2_33,439,0.5,0.83546014,72.064312,2010-11-19 13:24:40,CS2_33_11_24_10.xlsx,1
CS2_33,440,0.5,0.97322876,83.947823,2010-11-19 16:31:26,CS2_33_11_24_10.xlsx,2
CS2_33,441,0.5,0.98022816,84.551571,2010-11-19 20:39:27,CS2_33_11_24_10.xlsx,3
CS2_33,442,0.5,0.98065189,84.588121,2010-11-20 00:44:54,CS2_33_11_24_10.xlsx,4
CS2_33,443,0.5,0.98028618,84.556576,2010-11-20 04:49:51,CS2_33_11_24_10.xlsx,5
CS2_33,444,0.5,0.97959926,84.497324,2010-11-20 08:54:20,CS2_33_11_24_10.xlsx,6
CS2_33,445,0.5,0.98066753,84.58947,2010-11-20 12:58:03,CS2_33_11_24_10.xlsx,7
CS2_33,446,0.5,0.85780636,73.99183,2010-11-20 17:01:51,CS2_33_11_24_10.xlsx,8
CS2_33,447,0.5,0.97924687,84.466928,2010-11-20 20:14:49,CS2_33_11_24_10.xlsx,9
CS2_33,448,0.5,0.97781418,84.343349,2010-11-21 00:18:47,CS2_33_11_24_10.xlsx,10
CS2_33,449,0.5,0.97701583,84.274485,2010-11-21 04:22:12,CS2_33_11_24_10.xlsx,11
CS2_33,450,0.5,0.97599976,84.186842,2010-11-21 08:25:17,CS2_33_11_24_10.xlsx,12
CS2_33,451,0.5,0.97563364,84.155262,2010-11-21 12:28:07,CS2_33_11_24_10.xlsx,13
CS2_33,452,0.5,0.97500215,84.100791,2010-11-21 16:30:45,CS2_33_11_24_10.xlsx,14
CS2_33,453,0.5,0.85260228,73.542942,2010-11-21 20:33:14,CS2_33_11_24_10.xlsx,15
CS2_33,454,0.5,0.97397575,84.012257,2010-11-21 23:45:04,CS2_33_11_24_10.xlsx,16
CS2_33,455,0.5,0.96137346,82.92522,2010-11-22 03:47:53,CS2_33_11_24_10.xlsx,17
CS2_33,456,0.5,0.95627656,82.485577,2010-11-22 07:49:28,CS2_33_11_24_10.xlsx,18
CS2_33,457,0.5,0.95356984,82.252103,2010-11-22 11:51:37,CS2_33_11_24_10.xlsx,19
CS2_33,458,0.5,0.95096488,82.027408,2010-11-22 15:53:05,CS2_33_11_24_10.xlsx,20
CS2_33,459,0.5,0.95751166,82.592113,2010-11-22 19:54:08,CS2_33_11_24_10.xlsx,21
CS2_33,460,0.5,0.96005717,82.811681,2010-11-22 23:54:32,CS2_33_11_24_10.xlsx,22
CS2_33,461,0.5,0.95010456,81.953199,2010-11-23 03:54:44,CS2_33_11_24_10.xlsx,23
CS2_33,462,0.5,0.94685547,81.672942,2010-11-23 07:54:31,CS2_33_11_24_10.xlsx,24
CS2_33,463,0.5,0.94556359,81.561508,2010-11-23 11:54:43,CS2_33_11_24_10.xlsx,25
CS2_33,464,0.5,0.94187801,81.243601,2010-11-23 15:54:27,CS2_33_11_24_10.xlsx,26
CS2_33,465,0.5,0.94853367,81.817698,2010-11-23 19:53:38,CS2_33_11_24_10.xlsx,27
CS2_33,466,0.5,0.9511985,82.047559,2010-11-23 23:53:13,CS2_33_11_24_10.xlsx,28
CS2_33,467,0.5,0.94131357,81.194914,2010-11-24 03:51:45,CS2_33_11_24_10.xlsx,29
CS2_33,468,0.5,0.93766861,80.880511,2010-11-24 07:50:01,CS2_33_11_24_10.xlsx,30
CS2_33,469,0.5,0.56841745,49.030002,2010-11-24 11:48:57,CS2_33_11_24_10.xlsx,31
CS2_33,470,0.5,0.96123005,82.91285,2010-11-29 10:34:07,CS2_33_12_08_10.xlsx,1
CS2_33,471,0.5,0.95541714,82.411447,2010-11-29 13:56:18,CS2_33_12_08_10.xlsx,2
CS2_33,472,0.5,0.95514398,82.387884,2010-11-29 18:00:06,CS2_33_12_08_10.xlsx,3
CS2_33,473,0.5,0.96069474,82.866676,2010-11-29 22:03:53,CS2_33_12_08_10.xlsx,4
CS2_33,474,0.5,0.95594467,82.456949,2010-11-30 02:05:42,CS2_33_12_08_10.xlsx,5
CS2_33,475,0.5,0.94653547,81.64534,2010-11-30 06:06:53,CS2_33_12_08_10.xlsx,6
CS2_33,476,0.5,0.94477857,81.493795,2010-11-30 10:08:48,CS2_33_12_08_10.xlsx,7
CS2_33,477,0.5,0.94170629,81.228789,2010-11-30 14:09:43,CS2_33_12_08_10.xlsx,8
CS2_33,478,0.5,0.94137222,81.199973,2010-11-30 18:10:17,CS2_33_12_08_10.xlsx,9
CS2_33,479,0.5,0.94740089,81.719988,2010-11-30 22:10:36,CS2_33_12_08_10.xlsx,10
CS2_33,480,0.5,0.94397499,81.424481,2010-12-01 02:09:40,CS2_33_12_08_10.xlsx,11
CS2_33,481,0.5,0.78826832,67.993685,2010-12-01 06:08:05,CS2_33_12_08_10.xlsx,12
CS2_33,482,0.5,0.93381459,80.548074,2010-12-01 09:05:56,CS2_33_12_08_10.xlsx,13
CS2_33,483,0.5,0.93061612,80.272184,2010-12-01 13:05:37,CS2_33_12_08_10.xlsx,14
CS2_33,484,0.5,0.9273266,79.988439,2010-12-01 17:04:00,CS2_33_12_08_10.xlsx,15
CS2_33,485,0.5,0.9355446,80.6973,2010-12-01 21:01:19,CS2_33_12_08_10.xlsx,16
CS2_33,486,0.5,0.93733994,80.852161,2010-12-02 00:58:04,CS2_33_12_08_10.xlsx,17
CS2_33,487,0.5,0.92703174,79.963006,2010-12-02 04:54:55,CS2_33_12_08_10.xlsx,18
CS2_33,488,0.5,0.92879053,80.114714,2010-12-02 08:52:57,CS2_33_12_08_10.xlsx,19
CS2_33,489,0.5,0.92763414,80.014967,2010-12-02 12:49:53,CS2_33_12_08_10.xlsx,20
CS2_33,490,0.5,0.92569053,79.847317,2010-12-02 16:45:50,CS2_33_12_08_10.xlsx,21
CS2_33,491,0.5,0.93105149,80.309738,2010-12-02 20:41:32,CS2_33_12_08_10.xlsx,22
CS2_33,492,0.5,0.93178635,80.373124,2010-12-03 00:37:06,CS2_33_12_08_10.xlsx,23
CS2_33,493,0.5,0.92491245,79.780202,2010-12-03 04:32:38,CS2_33_12_08_10.xlsx,24
CS2_33,494,0.5,0.92399343,79.70093,2010-12-03 08:28:27,CS2_33_12_08_10.xlsx,25
CS2_33,495,0.5,0.92313575,79.626949,2010-12-03 12:23:29,CS2_33_12_08_10.xlsx,26
CS2_33,496,0.5,0.920686,79.415641,2010-12-03 16:18:25,CS2_33_12_08_10.xlsx,27
CS2_33,497,0.5,0.92533461,79.816616,2010-12-03 20:12:58,CS2_33_12_08_10.xlsx,28
CS2_33,498,0.5,0.92644672,79.912544,2010-12-04 00:07:32,CS2_33_12_08_10.xlsx,29
CS2_33,499,0.5,0.92657701,79.923782,2010-12-04 04:02:02,CS2_33_12_08_10.xlsx,30
CS2_33,500,0.5,0.9264252,79.910687,2010-12-04 07:56:08,CS2_33_12_08_10.xlsx,31
CS2_33,501,0.5,0.92647781,79.915226,2010-12-04 11:50:14,CS2_33_12_08_10.xlsx,32
CS2_33,502,0.5,0.9268227,79.944974,2010-12-04 15:44:18,CS2_33_12_08_10.xlsx,33
CS2_33,503,0.5,0.92723314,79.980378,2010-12-04 19:38:25,CS2_33_12_08_10.xlsx,34
CS2_33,504,0.5,0.92701696,79.961731,2010-12-04 23:32:22,CS2_33_12_08_10.xlsx,35
CS2_33,505,0.5,0.92649648,79.916836,2010-12-05 03:26:06,CS2_33_12_08_10.xlsx,36
CS2_33,506,0.5,0.92596167,79.870705,2010-12-05 07:19:42,CS2_33_12_08_10.xlsx,37
CS2_33,507,0.5,0.92504364,79.791518,2010-12-05 11:13:14,CS2_33_12_08_10.xlsx,38
CS2_33,508,0.5,0.92306304,79.620677,2010-12-05 15:06:42,CS2_33_12_08_10.xlsx,39
CS2_33,509,0.5,0.92241626,79.564889,2010-12-05 19:00:04,CS2_33_12_08_10.xlsx,40
CS2_33,510,0.5,0.92134596,79.472567,2010-12-05 22:53:16,CS2_33_12_08_10.xlsx,41
CS2_33,511,0.5,0.91549024,78.96747,2010-12-06 02:46:03,CS2_33_12_08_10.xlsx,42
CS2_33,512,0.5,0.90827623,78.345212,2010-12-06 06:38:19,CS2_33_12_08_10.xlsx,43
CS2_33,513,0.5,0.90751135,78.279235,2010-12-06 10:30:56,CS2_33_12_08_10.xlsx,44
CS2_33,514,0.5,0.90585189,78.136094,2010-12-06 14:23:16,CS2_33_12_08_10.xlsx,45
CS2_33,515,0.5,0.90593801,78.143523,2010-12-06 18:14:50,CS2_33_12_08_10.xlsx,46
CS2_33,516,0.5,0.91101804,78.581712,2010-12-06 22:07:07,CS2_33_12_08_10.xlsx,47
CS2_33,517,0.5,0.90771482,78.296786,2010-12-07 01:58:42,CS2_33_12_08_10.xlsx,48
CS2_33,518,0.5,0.90141133,77.753065,2010-12-07 05:49:49,CS2_33_12_08_10.xlsx,49
CS2_33,519,0.5,0.90088367,77.707551,2010-12-07 09:41:37,CS2_33_12_08_10.xlsx,50
CS2_33,520,0.5,0.93080244,80.288255,2010-12-08 12:41:50,CS2_33_12_16_10.xlsx,1
CS2_33,521,0.5,0.92427402,79.725133,2010-12-08 16:36:50,CS2_33_12_16_10.xlsx,2
CS2_33,522,0.5,0.92493038,79.781749,2010-12-08 20:33:20,CS2_33_12_16_10.xlsx,3
CS2_33,523,0.5,0.92282769,79.600377,2010-12-09 00:28:23,CS2_33_12_16_10.xlsx,4
CS2_33,524,0.5,0.91219351,78.683104,2010-12-09 04:22:53,CS2_33_12_16_10.xlsx,5
CS2_33,525,0.5,0.90862818,78.37557,2010-12-09 08:16:36,CS2_33_12_16_10.xlsx,6
CS2_33,526,0.5,0.9072621,78.257735,2010-12-09 12:10:10,CS2_33_12_16_10.xlsx,7
CS2_33,527,0.5,0.9023166,77.831151,2010-12-09 16:02:58,CS2_33_12_16_10.xlsx,8
CS2_33,528,0.5,0.90526672,78.08562,2010-12-09 19:54:51,CS2_33_12_16_10.xlsx,9
CS2_33,529,0.5,0.90636521,78.180372,2010-12-09 23:46:59,CS2_33_12_16_10.xlsx,10
CS2_33,530,0.5,0.89879244,77.527168,2010-12-10 03:38:33,CS2_33_12_16_10.xlsx,11
CS2_33,531,0.5,0.8963139,77.313376,2010-12-10 07:29:20,CS2_33_12_16_10.xlsx,12
CS2_33,532,0.5,0.89561217,77.252847,2010-12-10 11:21:21,CS2_33_12_16_10.xlsx,13
CS2_33,533,0.5,0.893813,77.097656,2010-12-10 15:12:13,CS2_33_12_16_10.xlsx,14
CS2_33,534,0.5,0.89468457,77.172835,2010-12-10 19:02:31,CS2_33_12_16_10.xlsx,15
CS2_33,535,0.5,0.8967757,77.353209,2010-12-10 22:54:00,CS2_33_12_16_10.xlsx,16
CS2_33,536,0.5,0.89716425,77.386725,2010-12-11 02:44:27,CS2_33_12_16_10.xlsx,17
CS2_33,537,0.5,0.89676688,77.352449,2010-12-11 06:34:27,CS2_33_12_16_10.xlsx,18
CS2_33,538,0.5,0.89704266,77.376237,2010-12-11 10:24:12,CS2_33_12_16_10.xlsx,19
CS2_33,539,0.5,0.89673521,77.349717,2010-12-11 14:14:07,CS2_33_12_16_10.xlsx,20
CS2_33,540,0.5,0.89649407,77.328917,2010-12-11 18:03:59,CS2_33_12_16_10.xlsx,21
CS2_33,541,0.5,0.89643723,77.324014,2010-12-11 21:53:46,CS2_33_12_16_10.xlsx,22
CS2_33,542,0.5,0.89588996,77.276808,2010-12-12 01:43:25,CS2_33_12_16_10.xlsx,23
CS2_33,543,0.5,0.89595614,77.282517,2010-12-12 05:32:28,CS2_33_12_16_10.xlsx,24
CS2_33,544,0.5,0.8957399,77.263864,2010-12-12 09:21:43,CS2_33_12_16_10.xlsx,25
CS2_33,545,0.5,0.89532532,77.228104,2010-12-12 13:10:53,CS2_33_12_16_10.xlsx,26
CS2_33,546,0.5,0.89521284,77.218402,2010-12-12 17:00:03,CS2_33_12_16_10.xlsx,27
CS2_33,547,0.5,0.89508449,77.207331,2010-12-12 20:49:11,CS2_33_12_16_10.xlsx,28
CS2_33,548,0.5,0.89425858,77.13609,2010-12-13 00:38:01,CS2_33_12_16_10.xlsx,29
CS2_33,549,0.5,0.87742038,75.683677,2010-12-13 04:26:28,CS2_33_12_16_10.xlsx,30
CS2_33,550,0.5,0.87098117,75.12825,2010-12-13 08:14:57,CS2_33_12_16_10.xlsx,31
CS2_33,551,0.5,0.86845824,74.91063,2010-12-13 12:03:06,CS2_33_12_16_10.xlsx,32
CS2_33,552,0.5,0.86529576,74.637843,2010-12-13 15:51:23,CS2_33_12_16_10.xlsx,33
CS2_33,553,0.5,0.87087046,75.118701,2010-12-13 19:39:19,CS2_33_12_16_10.xlsx,34
CS2_33,554,0.5,0.87428314,75.413068,2010-12-13 23:28:00,CS2_33_12_16_10.xlsx,35
CS2_33,555,0.5,0.86841794,74.907153,2010-12-14 03:15:17,CS2_33_12_16_10.xlsx,36
CS2_33,556,0.5,0.86593807,74.693248,2010-12-14 07:00:40,CS2_33_12_16_10.xlsx,37
CS2_33,557,0.5,0.86634733,74.728549,2010-12-14 10:48:07,CS2_33_12_16_10.xlsx,38
CS2_33,558,0.5,0.71524259,61.694703,2010-12-14 14:35:22,CS2_33_12_16_10.xlsx,39
CS2_33,559,0.5,0.86405559,74.53087,2010-12-14 17:16:45,CS2_33_12_16_10.xlsx,40
CS2_33,560,0.5,0.86948126,74.998872,2010-12-14 21:05:23,CS2_33_12_16_10.xlsx,41
CS2_33,561,0.5,0.87101609,75.131263,2010-12-15 00:51:47,CS2_33_12_16_10.xlsx,42
CS2_33,562,0.5,0.86356563,74.488607,2010-12-15 04:38:35,CS2_33_12_16_10.xlsx,43
CS2_33,563,0.5,0.86314416,74.452253,2010-12-15 08:25:27,CS2_33_12_16_10.xlsx,44
CS2_33,564,0.5,0.86362407,74.493648,2010-12-15 12:12:05,CS2_33_12_16_10.xlsx,45
CS2_33,565,0.5,0.86228814,74.378415,2010-12-15 15:58:25,CS2_33_12_16_10.xlsx,46
CS2_33,566,0.5,0.86508919,74.620025,2010-12-15 19:44:04,CS2_33_12_16_10.xlsx,47
CS2_33,567,0.5,0.86590942,74.690776,2010-12-15 23:30:25,CS2_33_12_16_10.xlsx,48
CS2_33,568,0.5,0.85930568,74.121157,2010-12-16 03:16:05,CS2_33_12_16_10.xlsx,49
CS2_33,569,0.5,0.85644231,73.874171,2010-12-16 07:00:15,CS2_33_12_16_10.xlsx,50
CS2_33,570,0.5,0.86336312,74.47114,2010-12-16 12:41:54,CS2_33_12_23_10.xlsx,1
CS2_33,571,0.5,0.8600019,74.181211,2010-12-16 16:28:13,CS2_33_12_23_10.xlsx,2
CS2_33,572,0.5,0.86475904,74.591548,2010-12-16 20:14:40,CS2_33_12_23_10.xlsx,3
CS2_33,573,0.5,0.8654884,74.65446,2010-12-17 00:00:40,CS2_33_12_23_10.xlsx,4
CS2_33,574,0.5,0.86103533,74.270352,2010-12-17 03:45:48,CS2_33_12_23_10.xlsx,5
CS2_33,575,0.5,0.85932563,74.122878,2010-12-17 07:30:43,CS2_33_12_23_10.xlsx,6
CS2_33,576,0.5,0.86030591,74.207434,2010-12-17 11:15:52,CS2_33_12_23_10.xlsx,7
CS2_33,577,0.5,0.85982873,74.166274,2010-12-17 15:00:52,CS2_33_12_23_10.xlsx,8
CS2_33,578,0.5,0.71364136,61.556585,2010-12-17 18:45:48,CS2_33_12_23_10.xlsx,9
CS2_33,579,0.5,0.86222399,74.372882,2010-12-17 21:26:41,CS2_33_12_23_10.xlsx,10
CS2_33,580,0.5,0.86364176,74.495174,2010-12-18 01:12:53,CS2_33_12_23_10.xlsx,11
CS2_33,581,0.5,0.86402954,74.528623,2010-12-18 04:57:41,CS2_33_12_23_10.xlsx,12
CS2_33,582,0.5,0.86385425,74.513503,2010-12-18 08:42:02,CS2_33_12_23_10.xlsx,13
CS2_33,583,0.5,0.86439998,74.560576,2010-12-18 12:26:16,CS2_33_12_23_10.xlsx,14
CS2_33,584,0.5,0.86446885,74.566516,2010-12-18 16:10:31,CS2_33_12_23_10.xlsx,15
CS2_33,585,0.5,0.86444943,74.564841,2010-12-18 19:54:37,CS2_33_12_23_10.xlsx,16
CS2_33,586,0.5,0.86453019,74.571808,2010-12-18 23:38:47,CS2_33_12_23_10.xlsx,17
CS2_33,587,0.5,0.86425774,74.548307,2010-12-19 03:22:57,CS2_33_12_23_10.xlsx,18
CS2_33,588,0.5,0.86372752,74.502572,2010-12-19 07:06:49,CS2_33_12_23_10.xlsx,19
CS2_33,589,0.5,0.86343183,74.477066,2010-12-19 10:50:25,CS2_33_12_23_10.xlsx,20
CS2_33,590,0.5,0.86442702,74.562908,2010-12-19 14:33:57,CS2_33_12_23_10.xlsx,21
CS2_33,591,0.5,0.86261047,74.406219,2010-12-19 18:17:31,CS2_33_12_23_10.xlsx,22
CS2_33,592,0.5,0.86226688,74.376582,2010-12-19 22:00:46,CS2_33_12_23_10.xlsx,23
CS2_33,593,0.5,0.8605102,74.225056,2010-12-20 01:44:05,CS2_33_12_23_10.xlsx,24
CS2_33,594,0.5,0.85332176,73.605002,2010-12-20 05:27:12,CS2_33_12_23_10.xlsx,25
CS2_33,595,0.5,0.85142861,73.441705,2010-12-20 09:09:48,CS2_33_12_23_10.xlsx,26
CS2_33,596,0.5,0.84991543,73.311182,2010-12-20 12:52:13,CS2_33_12_23_10.xlsx,27
CS2_33,597,0.5,0.84660749,73.025849,2010-12-20 16:34:54,CS2_33_12_23_10.xlsx,28
CS2_33,598,0.5,0.85103671,73.4079,2010-12-20 20:17:11,CS2_33_12_23_10.xlsx,29
CS2_33,599,0.5,0.85282044,73.561759,2010-12-20 23:58:58,CS2_33_12_23_10.xlsx,30
CS2_33,600,0.5,0.84839317,73.179876,2010-12-21 03:40:39,CS2_33_12_23_10.xlsx,31
CS2_33,601,0.5,0.8439827,72.799442,2010-12-21 07:22:01,CS2_33_12_23_10.xlsx,32
CS2_33,602,0.5,0.8428651,72.703042,2010-12-21 11:03:54,CS2_33_12_23_10.xlsx,33
CS2_33,603,0.5,0.84230963,72.655128,2010-12-21 14:45:20,CS2_33_12_23_10.xlsx,34
CS2_33,604,0.5,0.84367985,72.773319,2010-12-21 18:26:35,CS2_33_12_23_10.xlsx,35
CS2_33,605,0.5,0.84874835,73.210513,2010-12-21 22:08:21,CS2_33_12_23_10.xlsx,36
CS2_33,606,0.5,0.84748965,73.101941,2010-12-22 01:49:22,CS2_33_12_23_10.xlsx,37
CS2_33,607,0.5,0.84134033,72.571519,2010-12-22 05:30:19,CS2_33_12_23_10.xlsx,38
CS2_33,608,0.5,0.83970323,72.430308,2010-12-22 09:11:27,CS2_33_12_23_10.xlsx,39
CS2_33,609,0.5,0.83746395,72.237154,2010-12-22 12:52:21,CS2_33_12_23_10.xlsx,40
CS2_33,610,0.5,0.83613037,72.122123,2010-12-22 16:32:51,CS2_33_12_23_10.xlsx,41
CS2_33,611,0.5,0.84274285,72.692496,2010-12-22 20:13:22,CS2_33_12_23_10.xlsx,42
CS2_33,612,0.5,0.84399525,72.800525,2010-12-22 23:53:47,CS2_33_12_23_10.xlsx,43
CS2_33,613,0.5,0.83828837,72.308266,2010-12-23 03:34:15,CS2_33_12_23_10.xlsx,44
CS2_33,614,0.5,0.83136686,71.711237,2010-12-23 07:13:51,CS2_33_12_23_10.xlsx,45
CS2_33,615,0.5,0.8906424,76.824169,2011-01-03 10:38:25,CS2_33_1_10_11.xlsx,1
CS2_33,616,0.5,0.86471183,74.587475,2011-01-03 12:45:38,CS2_33_1_10_11.xlsx,2
CS2_33,617,0.5,0.83186326,71.754055,2011-01-03 16:28:35,CS2_33_1_10_11.xlsx,3
CS2_33,618,0.5,0.83496388,72.021506,2011-01-03 20:11:42,CS2_33_1_10_11.xlsx,4
CS2_33,619,0.5,0.83172783,71.742373,2011-01-03 23:53:17,CS2_33_1_10_11.xlsx,5
CS2_33,620,0.5,0.81039859,69.902577,2011-01-04 03:32:59,CS2_33_1_10_11.xlsx,6
CS2_33,621,0.5,0.78910294,68.065677,2011-01-04 07:08:53,CS2_33_1_10_11.xlsx,7
CS2_33,622,0.5,0.77722343,67.040986,2011-01-04 10:46:53,CS2_33_1_10_11.xlsx,8
CS2_33,623,0.5,0.76898339,66.330224,2011-01-04 14:22:55,CS2_33_1_10_11.xlsx,9
CS2_33,624,0.5,0.76236181,65.759067,2011-01-04 17:57:41,CS2_33_1_10_11.xlsx,10
CS2_33,625,0.5,0.77356017,66.725004,2011-01-04 21:31:38,CS2_33_1_10_11.xlsx,11
CS2_33,626,0.5,0.77388585,66.753096,2011-01-05 01:03:35,CS2_33_1_10_11.xlsx,12
CS2_33,627,0.5,0.74770882,64.495143,2011-01-05 04:35:24,CS2_33_1_10_11.xlsx,13
CS2_33,628,0.5,0.74089526,63.907426,2011-01-05 08:06:40,CS2_33_1_10_11.xlsx,14
CS2_33,629,0.5,0.73561298,63.451792,2011-01-05 11:36:54,CS2_33_1_10_11.xlsx,15
CS2_33,630,0.5,0.73008767,62.975195,2011-01-05 15:05:50,CS2_33_1_10_11.xlsx,16
CS2_33,631,0.5,0.73083919,63.040018,2011-01-05 18:33:38,CS2_33_1_10_11.xlsx,17
CS2_33,632,0.5,0.74172522,63.979016,2011-01-05 22:02:06,CS2_33_1_10_11.xlsx,18
CS2_33,633,0.5,0.74428975,64.200224,2011-01-06 01:29:14,CS2_33_1_10_11.xlsx,19
CS2_33,634,0.5,0.72074558,62.169374,2011-01-06 04:56:05,CS2_33_1_10_11.xlsx,20
CS2_33,635,0.5,0.71809828,61.941026,2011-01-06 08:23:18,CS2_33_1_10_11.xlsx,21
CS2_33,636,0.5,0.71501333,61.674927,2011-01-06 11:49:03,CS2_33_1_10_11.xlsx,22
CS2_33,637,0.5,0.52276785,45.092403,2011-01-06 15:14:18,CS2_33_1_10_11.xlsx,23
CS2_33,638,0.5,0.70329314,60.663979,2011-01-06 17:12:30,CS2_33_1_10_11.xlsx,24
CS2_33,639,0.5,0.69964871,60.349621,2011-01-06 20:41:44,CS2_33_1_10_11.xlsx,25
CS2_33,640,0.5,0.696343,60.06448,2011-01-07 00:05:39,CS2_33_1_10_11.xlsx,26
CS2_33,641,0.5,0.69352472,59.821384,2011-01-07 03:28:51,CS2_33_1_10_11.xlsx,27
CS2_33,642,0.5,0.69286096,59.764129,2011-01-07 06:51:34,CS2_33_1_10_11.xlsx,28
CS2_33,643,0.5,0.69806187,60.212744,2011-01-07 10:14:13,CS2_33_1_10_11.xlsx,29
CS2_33,644,0.5,0.70924956,61.177762,2011-01-07 13:36:23,CS2_33_1_10_11.xlsx,30
CS2_33,645,0.5,0.70994152,61.237448,2011-01-07 16:58:13,CS2_33_1_10_11.xlsx,31
CS2_33,646,0.5,0.7096155,61.209326,2011-01-07 20:20:25,CS2_33_1_10_11.xlsx,32
CS2_33,647,0.5,0.70972481,61.218755,2011-01-07 23:42:51,CS2_33_1_10_11.xlsx,33
CS2_33,648,0.5,0.71021261,61.260831,2011-01-08 03:05:17,CS2_33_1_10_11.xlsx,34
CS2_33,649,0.5,0.71029266,61.267736,2011-01-08 06:27:35,CS2_33_1_10_11.xlsx,35
CS2_33,650,0.5,0.71047796,61.283719,2011-01-08 09:49:48,CS2_33_1_10_11.xlsx,36
CS2_33,651,0.5,0.71038234,61.275472,2011-01-08 13:12:08,CS2_33_1_10_11.xlsx,37
CS2_33,652,0.5,0.70948216,61.197825,2011-01-08 16:34:17,CS2_33_1_10_11.xlsx,38
CS2_33,653,0.5,0.70781397,61.053932,2011-01-08 19:56:10,CS2_33_1_10_11.xlsx,39
CS2_33,654,0.5,0.70600577,60.897962,2011-01-08 23:17:33,CS2_33_1_10_11.xlsx,40
CS2_33,655,0.5,0.70501926,60.812869,2011-01-09 02:38:19,CS2_33_1_10_11.xlsx,41
CS2_33,656,0.5,0.70395261,60.720862,2011-01-09 05:58:42,CS2_33_1_10_11.xlsx,42
CS2_33,657,0.5,0.70391324,60.717466,2011-01-09 09:18:42,CS2_33_1_10_11.xlsx,43
CS2_33,658,0.5,0.70492341,60.804601,2011-01-09 12:38:44,CS2_33_1_10_11.xlsx,44
CS2_33,659,0.5,0.70521636,60.82987,2011-01-09 15:58:46,CS2_33_1_10_11.xlsx,45
CS2_33,660,0.5,0.70448774,60.767021,2011-01-09 19:18:52,CS2_33_1_10_11.xlsx,46
CS2_33,661,0.5,0.70362496,60.6926,2011-01-09 22:39:00,CS2_33_1_10_11.xlsx,47
CS2_33,662,0.5,0.70335251,60.669099,2011-01-10 01:59:07,CS2_33_1_10_11.xlsx,48
CS2_33,663,0.5,0.70307616,60.645262,2011-01-10 05:19:11,CS2_33_1_10_11.xlsx,49
CS2_33,664,0.5,0.53060999,45.768843,2011-01-10 08:39:14,CS2_33_1_10_11.xlsx,50
CS2_33,665,0.5,0.71203369,61.417913,2011-01-10 11:47:49,CS2_33_1_18_11.xlsx,1
CS2_33,666,0.5,0.70795127,61.065775,2011-01-10 15:14:04,CS2_33_1_18_11.xlsx,2
CS2_33,667,0.5,0.70192708,60.546146,2011-01-10 18:36:03,CS2_33_1_18_11.xlsx,3
CS2_33,668,0.5,0.69755138,60.168712,2011-01-10 21:56:24,CS2_33_1_18_11.xlsx,4
CS2_33,669,0.5,0.69487791,59.938106,2011-01-11 01:15:37,CS2_33_1_18_11.xlsx,5
CS2_33,670,0.5,0.69155388,59.651385,2011-01-11 04:34:02,CS2_33_1_18_11.xlsx,6
CS2_33,671,0.5,0.69856887,60.256477,2011-01-11 07:51:52,CS2_33_1_18_11.xlsx,7
CS2_33,672,0.5,0.69815911,60.221132,2011-01-11 11:09:31,CS2_33_1_18_11.xlsx,8
CS2_33,673,0.5,0.69837823,60.240033,2011-01-11 14:27:18,CS2_33_1_18_11.xlsx,9
CS2_33,674,0.5,0.69220796,59.707804,2011-01-11 17:44:42,CS2_33_1_18_11.xlsx,10
CS2_33,675,0.5,0.68985678,59.504998,2011-01-11 21:02:03,CS2_33_1_18_11.xlsx,11
CS2_33,676,0.5,0.68776904,59.324916,2011-01-12 00:18:59,CS2_33_1_18_11.xlsx,12
CS2_33,677,0.5,0.68366199,58.970654,2011-01-12 03:35:31,CS2_33_1_18_11.xlsx,13
CS2_33,678,0.5,0.68349862,58.956562,2011-01-12 06:51:24,CS2_33_1_18_11.xlsx,14
CS2_33,679,0.5,0.70238413,60.58557,2011-01-12 10:07:02,CS2_33_1_18_11.xlsx,15
CS2_33,680,0.5,0.67963601,58.623385,2011-01-12 13:24:09,CS2_33_1_18_11.xlsx,16
CS2_33,681,0.5,0.67300161,58.051121,2011-01-12 16:40:22,CS2_33_1_18_11.xlsx,17
CS2_33,682,0.5,0.66763391,57.588119,2011-01-12 19:54:38,CS2_33_1_18_11.xlsx,18
CS2_33,683,0.5,0.66347842,57.229679,2011-01-12 23:08:56,CS2_33_1_18_11.xlsx,19
CS2_33,684,0.5,0.66253189,57.148034,2011-01-13 02:21:55,CS2_33_1_18_11.xlsx,20
CS2_33,685,0.5,0.65909236,56.85135,2011-01-13 05:34:30,CS2_33_1_18_11.xlsx,21
CS2_33,686,0.5,0.6625956,57.153529,2011-01-13 08:47:12,CS2_33_1_18_11.xlsx,22
CS2_33,687,0.5,0.65955813,56.891526,2011-01-13 12:00:13,CS2_33_1_18_11.xlsx,23
CS2_33,688,0.5,0.65756466,56.719575,2011-01-13 15:12:23,CS2_33_1_18_11.xlsx,24
CS2_33,689,0.5,0.64450465,55.593058,2011-01-13 18:23:58,CS2_33_1_18_11.xlsx,25
CS2_33,690,0.5,0.6387042,55.092728,2011-01-13 21:34:37,CS2_33_1_18_11.xlsx,26
CS2_33,691,0.5,0.62786065,54.157396,2011-01-14 00:43:19,CS2_33_1_18_11.xlsx,27
CS2_33,692,0.5,0.62198959,53.650976,2011-01-14 03:51:01,CS2_33_1_18_11.xlsx,28
CS2_33,693,0.5,0.62006751,53.485183,2011-01-14 06:57:14,CS2_33_1_18_11.xlsx,29
CS2_33,694,0.5,0.62219338,53.668554,2011-01-14 10:02:45,CS2_33_1_18_11.xlsx,30
CS2_33,695,0.5,0.61950027,53.436254,2011-01-14 13:07:33,CS2_33_1_18_11.xlsx,31
CS2_33,696,0.5,0.60841018,52.479656,2011-01-14 16:12:23,CS2_33_1_18_11.xlsx,32
CS2_33,697,0.5,0.60204633,51.930729,2011-01-14 19:15:40,CS2_33_1_18_11.xlsx,33
CS2_33,698,0.5,0.59872373,51.644132,2011-01-14 22:17:42,CS2_33_1_18_11.xlsx,34
CS2_33,699,0.5,0.59535808,51.353821,2011-01-15 01:19:06,CS2_33_1_18_11.xlsx,35
CS2_33,700,0.5,0.59267209,51.122135,2011-01-15 04:20:09,CS2_33_1_18_11.xlsx,36
CS2_33,701,0.5,0.58992484,50.885165,2011-01-15 07:20:50,CS2_33_1_18_11.xlsx,37
CS2_33,702,0.5,0.59234894,51.094261,2011-01-15 10:21:08,CS2_33_1_18_11.xlsx,38
CS2_33,703,0.5,0.59205662,51.069046,2011-01-15 13:21:25,CS2_33_1_18_11.xlsx,39
CS2_33,704,0.5,0.58111388,50.125158,2011-01-15 16:21:28,CS2_33_1_18_11.xlsx,40
CS2_33,705,0.5,0.57879841,49.925433,2011-01-15 19:20:02,CS2_33_1_18_11.xlsx,41
CS2_33,706,0.5,0.57585802,49.671803,2011-01-15 22:17:15,CS2_33_1_18_11.xlsx,42
CS2_33,707,0.5,0.57364523,49.480935,2011-01-16 01:13:44,CS2_33_1_18_11.xlsx,43
CS2_33,708,0.5,0.57109859,49.261269,2011-01-16 04:09:55,CS2_33_1_18_11.xlsx,44
CS2_33,709,0.5,0.56803724,48.997206,2011-01-16 07:05:23,CS2_33_1_18_11.xlsx,45
CS2_33,710,0.5,0.56450575,48.69259,2011-01-16 10:00:16,CS2_33_1_18_11.xlsx,46
CS2_33,711,0.5,0.56149014,48.432472,2011-01-16 12:54:41,CS2_33_1_18_11.xlsx,47
CS2_33,712,0.5,0.55745303,48.084244,2011-01-16 15:48:20,CS2_33_1_18_11.xlsx,48
CS2_33,713,0.5,0.55371457,47.761775,2011-01-16 18:41:13,CS2_33_1_18_11.xlsx,49
CS2_33,714,0.5,0.5469496,47.178249,2011-01-16 21:33:16,CS2_33_1_18_11.xlsx,50
CS2_33,715,0.5,0.5836085,50.340336,2011-01-18 13:17:52,CS2_33_1_24_11.xlsx,1
CS2_33,716,0.5,0.55757351,48.094635,2011-01-18 16:11:56,CS2_33_1_24_11.xlsx,2
CS2_33,717,0.5,0.54115475,46.678403,2011-01-18 19:07:04,CS2_33_1_24_11.xlsx,3
CS2_33,718,0.5,0.52820305,45.561227,2011-01-18 21:57:27,CS2_33_1_24_11.xlsx,4
CS2_33,719,0.5,0.52065963,44.910554,2011-01-19 00:44:46,CS2_33_1_24_11.xlsx,5
CS2_33,720,0.5,0.5145678,44.385091,2011-01-19 03:30:15,CS2_33_1_24_11.xlsx,6
CS2_33,721,0.5,0.51066279,44.048257,2011-01-19 06:14:36,CS2_33_1_24_11.xlsx,7
CS2_33,722,0.5,0.5124514,44.202537,2011-01-19 08:58:00,CS2_33_1_24_11.xlsx,8
CS2_33,723,0.5,0.52103063,44.942555,2011-01-19 11:40:41,CS2_33_1_24_11.xlsx,9
CS2_33,724,0.5,0.50418255,43.48929,2011-01-19 14:23:18,CS2_33_1_24_11.xlsx,10
CS2_34,1,0.5,1.15393949,100.204516,2010-08-16 13:44:43,CS2_34_8_17_10.xlsx,1
CS2_34,2,0.5,1.15267757,100.094934,2010-08-17 14:30:45,CS2_34_8_18_10.xlsx,1
CS2_34,3,0.5,1.15158432,100.0,2010-08-18 10:59:16,CS2_34_8_19_10.xlsx,1
CS2_34,4,0.5,1.15019579,99.879425,2010-08-19 14:21:28,CS2_34_8_30_10.xlsx,1
CS2_34,5,0.5,1.14952041,99.820777,2010-08-19 19:09:33,CS2_34_8_30_10.xlsx,2
CS2_34,6,0.5,1.14757919,99.652207,2010-08-19 23:56:28,CS2_34_8_30_10.xlsx,3
CS2_34,7,0.5,1.14276563,99.234213,2010-08-20 04:42:11,CS2_34_8_30_10.xlsx,4
CS2_34,8,0.5,1.14063154,99.048894,2010-08-20 09:28:11,CS2_34_8_30_10.xlsx,5
CS2_34,9,0.5,1.13875131,98.885622,2010-08-20 14:13:17,CS2_34_8_30_10.xlsx,6
CS2_34,10,0.5,1.1396875,98.966918,2010-08-20 18:58:02,CS2_34_8_30_10.xlsx,7
CS2_34,11,0.5,1.1394744,98.948413,2010-08-20 23:42:02,CS2_34_8_30_10.xlsx,8
CS2_34,12,0.5,1.13867539,98.879029,2010-08-21 04:25:10,CS2_34_8_30_10.xlsx,9
CS2_34,13,0.5,1.13791817,98.813274,2010-08-21 09:07:48,CS2_34_8_30_10.xlsx,10
CS2_34,14,0.5,1.13713191,98.744998,2010-08-21 13:50:05,CS2_34_8_30_10.xlsx,11
CS2_34,15,0.5,1.13628929,98.671828,2010-08-21 18:31:55,CS2_34_8_30_10.xlsx,12
CS2_34,16,0.5,1.13544412,98.598435,2010-08-21 23:13:24,CS2_34_8_30_10.xlsx,13
CS2_34,17,0.5,0.99719187,86.59304,2010-08-22 03:54:40,CS2_34_8_30_10.xlsx,14
CS2_34,18,0.5,1.13427658,98.49705,2010-08-22 07:39:07,CS2_34_8_30_10.xlsx,15
CS2_34,19,0.5,1.13349644,98.429305,2010-08-22 12:20:00,CS2_34_8_30_10.xlsx,16
CS2_34,20,0.5,1.1326584,98.356532,2010-08-22 17:00:32,CS2_34_8_30_10.xlsx,17
CS2_34,21,0.5,1.13188996,98.289803,2010-08-22 21:40:48,CS2_34_8_30_10.xlsx,18
CS2_34,22,0.5,1.12757466,97.915076,2010-08-23 02:20:53,CS2_34_8_30_10.xlsx,19
CS2_34,23,0.5,1.12522832,97.711327,2010-08-23 07:00:40,CS2_34_8_30_10.xlsx,20
CS2_34,24,0.5,1.12375887,97.583725,2010-08-23 11:41:07,CS2_34_8_30_10.xlsx,21
CS2_34,25,0.5,1.12336157,97.549224,2010-08-23 16:21:22,CS2_34_8_30_10.xlsx,22
CS2_34,26,0.5,1.12554139,97.738513,2010-08-23 21:01:47,CS2_34_8_30_10.xlsx,23
CS2_34,27,0.5,1.12331504,97.545184,2010-08-24 01:40:53,CS2_34_8_30_10.xlsx,24
CS2_34,28,0.5,1.11989825,97.24848,2010-08-24 06:19:06,CS2_34_8_30_10.xlsx,25
CS2_34,29,0.5,1.1188479,97.157271,2010-08-24 10:58:20,CS2_34_8_30_10.xlsx,26
CS2_34,30,0.5,1.11809428,97.091829,2010-08-24 15:37:26,CS2_34_8_30_10.xlsx,27
CS2_34,31,0.5,1.12097158,97.341685,2010-08-24 20:16:41,CS2_34_8_30_10.xlsx,28
CS2_34,32,0.5,1.11928664,97.19537,2010-08-25 00:55:00,CS2_34_8_30_10.xlsx,29
CS2_34,33,0.5,1.11556914,96.872554,2010-08-25 05:32:52,CS2_34_8_30_10.xlsx,30
CS2_34,34,0.5,1.11511296,96.832941,2010-08-25 10:11:29,CS2_34_8_30_10.xlsx,31
CS2_34,35,0.5,1.11386122,96.724244,2010-08-25 14:49:56,CS2_34_8_30_10.xlsx,32
CS2_34,36,0.5,1.11665012,96.966423,2010-08-25 19:28:05,CS2_34_8_30_10.xlsx,33
CS2_34,37,0.5,1.11628488,96.934706,2010-08-26 00:05:45,CS2_34_8_30_10.xlsx,34
CS2_34,38,0.5,1.11256834,96.611974,2010-08-26 04:42:57,CS2_34_8_30_10.xlsx,35
CS2_34,39,0.5,1.11181618,96.546659,2010-08-26 09:20:44,CS2_34_8_30_10.xlsx,36
CS2_34,40,0.5,1.11075045,96.454114,2010-08-26 13:58:18,CS2_34_8_30_10.xlsx,37
CS2_34,41,0.5,0.96816743,84.072648,2010-08-26 18:35:43,CS2_34_8_30_10.xlsx,38
CS2_34,42,0.5,1.11391865,96.729231,2010-08-26 22:13:37,CS2_34_8_30_10.xlsx,39
CS2_34,43,0.5,1.10973315,96.365775,2010-08-27 02:50:30,CS2_34_8_30_10.xlsx,40
CS2_34,44,0.5,1.10853574,96.261796,2010-08-27 07:27:39,CS2_34_8_30_10.xlsx,41
CS2_34,45,0.5,1.10758652,96.179368,2010-08-27 12:04:50,CS2_34_8_30_10.xlsx,42
CS2_34,46,0.5,1.10853728,96.261929,2010-08-27 16:41:46,CS2_34_8_30_10.xlsx,43
CS2_34,47,0.5,1.11033097,96.417687,2010-08-27 21:18:48,CS2_34_8_30_10.xlsx,44
CS2_34,48,0.5,1.1105261,96.434632,2010-08-28 01:54:51,CS2_34_8_30_10.xlsx,45
CS2_34,49,0.5,1.11054894,96.436616,2010-08-28 06:30:42,CS2_34_8_30_10.xlsx,46
CS2_34,50,0.5,1.11069924,96.449667,2010-08-28 11:06:24,CS2_34_8_30_10.xlsx,47
CS2_34,51,0.5,1.1107006,96.449785,2010-08-28 15:41:57,CS2_34_8_30_10.xlsx,48
CS2_34,52,0.5,1.11043864,96.427037,2010-08-28 20:17:09,CS2_34_8_30_10.xlsx,49
CS2_34,53,0.5,1.11025508,96.411097,2010-08-29 00:52:19,CS2_34_8_30_10.xlsx,50
CS2_34,54,0.5,1.12073515,97.321154,2010-08-31 13:30:15,CS2_34_9_7_10.xlsx,1
CS2_34,55,0.5,1.12037616,97.289981,2010-08-31 18:08:42,CS2_34_9_7_10.xlsx,2
CS2_34,56,0.5,1.12003425,97.26029,2010-08-31 22:48:31,CS2_34_9_7_10.xlsx,3
CS2_34,57,0.5,1.11563007,96.877845,2010-09-01 03:26:50,CS2_34_9_7_10.xlsx,4
CS2_34,58,0.5,1.11369449,96.709765,2010-09-01 08:05:17,CS2_34_9_7_10.xlsx,5
CS2_34,59,0.5,1.11221396,96.5812,2010-09-01 12:43:24,CS2_34_9_7_10.xlsx,6
CS2_34,60,0.5,1.10941229,96.337912,2010-09-01 17:21:07,CS2_34_9_7_10.xlsx,7
CS2_34,61,0.5,1.10925992,96.324681,2010-09-01 21:59:28,CS2_34_9_7_10.xlsx,8
CS2_34,62,0.5,1.10610728,96.050916,2010-09-02 02:36:46,CS2_34_9_7_10.xlsx,9
CS2_34,63,0.5,1.1051224,95.965392,2010-09-02 07:14:13,CS2_34_9_7_10.xlsx,10
CS2_34,64,0.5,1.10410131,95.876723,2010-09-02 11:51:32,CS2_34_9_7_10.xlsx,11
CS2_34,65,0.5,1.10244013,95.732471,2010-09-02 16:28:41,CS2_34_9_7_10.xlsx,12
CS2_34,66,0.5,1.10269755,95.754825,2010-09-02 21:05:39,CS2_34_9_7_10.xlsx,13
CS2_34,67,0.5,1.10123711,95.628005,2010-09-03 01:42:15,CS2_34_9_7_10.xlsx,14
CS2_34,68,0.5,1.09965488,95.490609,2010-09-03 06:18:24,CS2_34_9_7_10.xlsx,15
CS2_34,69,0.5,1.09915868,95.447521,2010-09-03 10:54:40,CS2_34_9_7_10.xlsx,16
CS2_34,70,0.5,1.09790157,95.338357,2010-09-03 15:30:48,CS2_34_9_7_10.xlsx,17
CS2_34,71,0.5,1.09867491,95.405511,2010-09-03 20:06:57,CS2_34_9_7_10.xlsx,18
CS2_34,72,0.5,1.09789853,95.338093,2010-09-04 00:42:27,CS2_34_9_7_10.xlsx,19
CS2_34,73,0.5,1.09728465,95.284785,2010-09-04 05:17:41,CS2_34_9_7_10.xlsx,20
CS2_34,74,0.5,1.09684661,95.246748,2010-09-04 09:52:53,CS2_34_9_7_10.xlsx,21
CS2_34,75,0.5,1.09636022,95.204511,2010-09-04 14:28:01,CS2_34_9_7_10.xlsx,22
CS2_34,76,0.5,1.095712,95.148221,2010-09-04 19:02:46,CS2_34_9_7_10.xlsx,23
CS2_34,77,0.5,1.09482629,95.071309,2010-09-04 23:37:45,CS2_34_9_7_10.xlsx,24
CS2_34,78,0.5,1.09427874,95.023762,2010-09-05 04:12:16,CS2_34_9_7_10.xlsx,25
CS2_34,79,0.5,1.09379257,94.981544,2010-09-05 08:46:53,CS2_34_9_7_10.xlsx,26
CS2_34,80,0.5,1.09350049,94.956181,2010-09-05 13:21:24,CS2_34_9_7_10.xlsx,27
CS2_34,81,0.5,1.09267094,94.884146,2010-09-05 17:55:41,CS2_34_9_7_10.xlsx,28
CS2_34,82,0.5,1.09212491,94.83673,2010-09-05 22:29:56,CS2_34_9_7_10.xlsx,29
CS2_34,83,0.5,1.08887651,94.554649,2010-09-06 03:04:00,CS2_34_9_7_10.xlsx,30
CS2_34,84,0.5,1.0875911,94.443028,2010-09-06 07:38:17,CS2_34_9_7_10.xlsx,31
CS2_34,85,0.5,1.08677657,94.372297,2010-09-06 12:12:39,CS2_34_9_7_10.xlsx,32
CS2_34,86,0.5,1.09672879,95.236516,2010-09-07 10:44:17,CS2_34_9_8_10.xlsx,1
CS2_34,87,0.5,1.09580187,95.156025,2010-09-07 15:14:56,CS2_34_9_8_10.xlsx,2
CS2_34,88,0.5,1.09751596,95.304872,2010-09-07 19:50:09,CS2_34_9_8_10.xlsx,3
CS2_34,89,0.5,1.0961253,95.184111,2010-09-08 00:24:28,CS2_34_9_8_10.xlsx,4
CS2_34,90,0.5,0.89136972,77.403774,2010-09-08 04:58:16,CS2_34_9_8_10.xlsx,5
CS2_34,91,0.5,1.09695558,95.25621,2010-09-14 13:57:43,CS2_34_9_24_10.xlsx,1
CS2_34,92,0.5,1.09914327,95.446183,2010-09-14 18:11:49,CS2_34_9_24_10.xlsx,2
CS2_34,93,0.5,1.09981121,95.504184,2010-09-14 22:47:27,CS2_34_9_24_10.xlsx,3
CS2_34,94,0.5,1.09447681,95.040962,2010-09-15 03:21:34,CS2_34_9_24_10.xlsx,4
CS2_34,95,0.5,1.09489379,95.077171,2010-09-15 07:56:25,CS2_34_9_24_10.xlsx,5
CS2_34,96,0.5,1.09398363,94.998135,2010-09-15 12:30:51,CS2_34_9_24_10.xlsx,6
CS2_34,97,0.5,1.09415792,95.01327,2010-09-15 17:04:54,CS2_34_9_24_10.xlsx,7
CS2_34,98,0.5,1.09650102,95.216738,2010-09-15 21:39:14,CS2_34_9_24_10.xlsx,8
CS2_34,99,0.5,1.09213498,94.837605,2010-09-16 02:12:09,CS2_34_9_24_10.xlsx,9
CS2_34,100,0.5,1.09096817,94.736283,2010-09-16 06:44:26,CS2_34_9_24_10.xlsx,10
CS2_34,101,0.5,1.090006,94.652731,2010-09-16 11:17:52,CS2_34_9_24_10.xlsx,11
CS2_34,102,0.5,1.08888058,94.555002,2010-09-16 15:51:07,CS2_34_9_24_10.xlsx,12
CS2_34,103,0.5,1.09212628,94.836849,2010-09-16 20:24:14,CS2_34_9_24_10.xlsx,13
CS2_34,104,0.5,1.09059281,94.703687,2010-09-17 00:56:21,CS2_34_9_24_10.xlsx,14
CS2_34,105,0.5,1.08690063,94.383069,2010-09-17 05:27:58,CS2_34_9_24_10.xlsx,15
CS2_34,106,0.5,1.08708777,94.39932,2010-09-17 10:01:08,CS2_34_9_24_10.xlsx,16
CS2_34,107,0.5,1.08590292,94.296432,2010-09-17 14:33:35,CS2_34_9_24_10.xlsx,17
CS2_34,108,0.5,1.08869256,94.538675,2010-09-17 19:05:50,CS2_34_9_24_10.xlsx,18
CS2_34,109,0.5,1.08942266,94.602075,2010-09-17 23:37:23,CS2_34_9_24_10.xlsx,19
CS2_34,110,0.5,1.08961274,94.618581,2010-09-18 04:08:30,CS2_34_9_24_10.xlsx,20
CS2_34,111,0.5,1.08956279,94.614244,2010-09-18 08:39:32,CS2_34_9_24_10.xlsx,21
CS2_34,112,0.5,1.08939705,94.599851,2010-09-18 13:10:27,CS2_34_9_24_10.xlsx,22
CS2_34,113,0.5,1.08942303,94.602107,2010-09-18 17:40:58,CS2_34_9_24_10.xlsx,23
CS2_34,114,0.5,1.0891026,94.574282,2010-09-18 22:11:29,CS2_34_9_24_10.xlsx,24
CS2_34,115,0.5,0.9525233,82.71416,2010-09-19 02:41:43,CS2_34_9_24_10.xlsx,25
CS2_34,116,0.5,1.08908255,94.572541,2010-09-19 06:16:06,CS2_34_9_24_10.xlsx,26
CS2_34,117,0.5,1.08874018,94.542811,2010-09-19 10:46:29,CS2_34_9_24_10.xlsx,27
CS2_34,118,0.5,1.08861828,94.532225,2010-09-19 15:16:37,CS2_34_9_24_10.xlsx,28
CS2_34,119,0.5,1.08889622,94.556361,2010-09-19 19:46:42,CS2_34_9_24_10.xlsx,29
CS2_34,120,0.5,1.08737136,94.423947,2010-09-20 00:16:39,CS2_34_9_24_10.xlsx,30
CS2_34,121,0.5,1.08253248,94.003753,2010-09-20 04:46:22,CS2_34_9_24_10.xlsx,31
CS2_34,122,0.5,1.08177884,93.93831,2010-09-20 09:17:14,CS2_34_9_24_10.xlsx,32
CS2_34,123,0.5,1.08066234,93.841356,2010-09-20 13:47:51,CS2_34_9_24_10.xlsx,33
CS2_34,124,0.5,1.0829712,94.04185,2010-09-20 18:18:19,CS2_34_9_24_10.xlsx,34
CS2_34,125,0.5,1.08413108,94.14257,2010-09-20 22:49:19,CS2_34_9_24_10.xlsx,35
CS2_34,126,0.5,1.07889312,93.687722,2010-09-21 03:19:07,CS2_34_9_24_10.xlsx,36
CS2_34,127,0.5,1.07875113,93.675393,2010-09-21 07:49:37,CS2_34_9_24_10.xlsx,37
CS2_34,128,0.5,1.07811768,93.620385,2010-09-21 12:19:50,CS2_34_9_24_10.xlsx,38
CS2_34,129,0.5,1.07776178,93.589481,2010-09-21 16:49:52,CS2_34_9_24_10.xlsx,39
CS2_34,130,0.5,1.08075572,93.849465,2010-09-21 21:20:28,CS2_34_9_24_10.xlsx,40
CS2_34,131,0.5,1.0776297,93.578011,2010-09-22 01:49:58,CS2_34_9_24_10.xlsx,41
CS2_34,132,0.5,1.07591582,93.429183,2010-09-22 06:18:08,CS2_34_9_24_10.xlsx,42
CS2_34,133,0.5,1.07626022,93.459089,2010-09-22 10:48:08,CS2_34_9_24_10.xlsx,43
CS2_34,134,0.5,1.07525936,93.372178,2010-09-22 15:17:52,CS2_34_9_24_10.xlsx,44
CS2_34,135,0.5,1.07820725,93.628164,2010-09-22 19:47:34,CS2_34_9_24_10.xlsx,45
CS2_34,136,0.5,1.0777645,93.589717,2010-09-23 00:16:41,CS2_34_9_24_10.xlsx,46
CS2_34,137,0.5,1.07391523,93.255458,2010-09-23 04:45:28,CS2_34_9_24_10.xlsx,47
CS2_34,138,0.5,0.92754047,80.544729,2010-09-23 09:15:15,CS2_34_9_24_10.xlsx,48
CS2_34,139,0.5,1.07443824,93.300875,2010-09-23 12:44:17,CS2_34_9_24_10.xlsx,49
CS2_34,140,0.5,1.07496484,93.346603,2010-09-23 17:14:01,CS2_34_9_24_10.xlsx,50
CS2_34,141,0.5,1.09006223,94.657613,2010-09-24 11:16:55,CS2_34_10_04_10.xlsx,1
CS2_34,142,0.5,1.08990574,94.644024,2010-09-24 15:48:17,CS2_34_10_04_10.xlsx,2
CS2_34,143,0.5,1.08836573,94.510294,2010-09-24 20:19:15,CS2_34_10_04_10.xlsx,3
CS2_34,144,0.5,1.08737385,94.424162,2010-09-25 00:49:49,CS2_34_10_04_10.xlsx,4
CS2_34,145,0.5,1.08644096,94.343153,2010-09-25 05:19:59,CS2_34_10_04_10.xlsx,5
CS2_34,146,0.5,1.08585489,94.292261,2010-09-25 09:49:49,CS2_34_10_04_10.xlsx,6
CS2_34,147,0.5,1.08545362,94.257416,2010-09-25 14:19:28,CS2_34_10_04_10.xlsx,7
CS2_34,148,0.5,0.95090233,82.5734,2010-09-25 18:48:53,CS2_34_10_04_10.xlsx,8
CS2_34,149,0.5,1.08463762,94.186557,2010-09-25 22:23:02,CS2_34_10_04_10.xlsx,9
CS2_34,150,0.5,1.08396974,94.12856,2010-09-26 02:52:17,CS2_34_10_04_10.xlsx,10
CS2_34,151,0.5,1.08356765,94.093644,2010-09-26 07:21:17,CS2_34_10_04_10.xlsx,11
CS2_34,152,0.5,1.08325916,94.066856,2010-09-26 11:50:08,CS2_34_10_04_10.xlsx,12
CS2_34,153,0.5,1.08242772,93.994656,2010-09-26 16:18:55,CS2_34_10_04_10.xlsx,13
CS2_34,154,0.5,1.08203119,93.960223,2010-09-26 20:47:31,CS2_34_10_04_10.xlsx,14
CS2_34,155,0.5,1.07965478,93.753863,2010-09-27 01:16:02,CS2_34_10_04_10.xlsx,15
CS2_34,156,0.5,1.07622738,93.456238,2010-09-27 05:44:14,CS2_34_10_04_10.xlsx,16
CS2_34,157,0.5,1.07514997,93.362679,2010-09-27 10:13:36,CS2_34_10_04_10.xlsx,17
CS2_34,158,0.5,1.07365869,93.233181,2010-09-27 14:42:31,CS2_34_10_04_10.xlsx,18
CS2_34,159,0.5,1.07675832,93.502343,2010-09-27 19:11:32,CS2_34_10_04_10.xlsx,19
CS2_34,160,0.5,1.07715463,93.536758,2010-09-27 23:40:04,CS2_34_10_04_10.xlsx,20
CS2_34,161,0.5,1.07199738,93.088918,2010-09-28 04:08:02,CS2_34_10_04_10.xlsx,21
CS2_34,162,0.5,1.07128705,93.027235,2010-09-28 08:36:51,CS2_34_10_04_10.xlsx,22
CS2_34,163,0.5,1.07007596,92.922067,2010-09-28 13:05:39,CS2_34_10_04_10.xlsx,23
CS2_34,164,0.5,1.0703761,92.948131,2010-09-28 17:34:11,CS2_34_10_04_10.xlsx,24
CS2_34,165,0.5,1.07316669,93.190457,2010-09-28 22:03:29,CS2_34_10_04_10.xlsx,25
CS2_34,166,0.5,1.06834081,92.771392,2010-09-29 02:31:30,CS2_34_10_04_10.xlsx,26
CS2_34,167,0.5,1.06735106,92.685446,2010-09-29 06:59:27,CS2_34_10_04_10.xlsx,27
CS2_34,168,0.5,1.06607518,92.574652,2010-09-29 11:28:08,CS2_34_10_04_10.xlsx,28
CS2_34,169,0.5,1.06549361,92.524151,2010-09-29 15:56:42,CS2_34_10_04_10.xlsx,29
CS2_34,170,0.5,1.06939632,92.86305,2010-09-29 20:24:56,CS2_34_10_04_10.xlsx,30
CS2_34,171,0.5,1.06802466,92.743939,2010-09-30 00:52:37,CS2_34_10_04_10.xlsx,31
CS2_34,172,0.5,1.06405509,92.399234,2010-09-30 05:19:50,CS2_34_10_04_10.xlsx,32
CS2_34,173,0.5,1.06465976,92.451742,2010-09-30 09:48:16,CS2_34_10_04_10.xlsx,33
CS2_34,174,0.5,1.06394098,92.389325,2010-09-30 14:16:20,CS2_34_10_04_10.xlsx,34
CS2_34,175,0.5,1.06686081,92.642874,2010-09-30 18:44:27,CS2_34_10_04_10.xlsx,35
CS2_34,176,0.5,1.06801579,92.743169,2010-09-30 23:12:15,CS2_34_10_04_10.xlsx,36
CS2_34,177,0.5,1.06206563,92.226475,2010-10-01 03:39:13,CS2_34_10_04_10.xlsx,37
CS2_34,178,0.5,1.06156283,92.182814,2010-10-01 08:07:08,CS2_34_10_04_10.xlsx,38
CS2_34,179,0.5,1.06154599,92.181352,2010-10-01 12:34:56,CS2_34_10_04_10.xlsx,39
CS2_34,180,0.5,1.06167391,92.19246,2010-10-08 14:29:45,CS2_34_10_18_10.xlsx,1
CS2_34,181,0.5,1.06552916,92.527237,2010-10-08 19:01:15,CS2_34_10_18_10.xlsx,2
CS2_34,182,0.5,1.06668873,92.627931,2010-10-08 23:42:45,CS2_34_10_18_10.xlsx,3
CS2_34,183,0.5,1.06672661,92.63122,2010-10-09 04:22:33,CS2_34_10_18_10.xlsx,4
CS2_34,184,0.5,1.06674655,92.632952,2010-10-09 09:01:09,CS2_34_10_18_10.xlsx,5
CS2_34,185,0.5,1.06678867,92.63661,2010-10-09 13:39:01,CS2_34_10_18_10.xlsx,6
CS2_34,186,0.5,1.06639102,92.602079,2010-10-09 18:16:21,CS2_34_10_18_10.xlsx,7
CS2_34,187,0.5,1.06609533,92.576402,2010-10-09 22:53:06,CS2_34_10_18_10.xlsx,8
CS2_34,188,0.5,1.06558617,92.532188,2010-10-10 03:29:20,CS2_34_10_18_10.xlsx,9
CS2_34,189,0.5,1.06554485,92.528601,2010-10-10 08:05:24,CS2_34_10_18_10.xlsx,10
CS2_34,190,0.5,1.06499176,92.480572,2010-10-10 12:41:04,CS2_34_10_18_10.xlsx,11
CS2_34,191,0.5,1.06521371,92.499845,2010-10-10 17:16:23,CS2_34_10_18_10.xlsx,12
CS2_34,192,0.5,1.06481277,92.465029,2010-10-10 21:51:39,CS2_34_10_18_10.xlsx,13
CS2_34,193,0.5,1.05868482,91.932897,2010-10-11 02:26:29,CS2_34_10_18_10.xlsx,14
CS2_34,194,0.5,1.05754205,91.833662,2010-10-11 07:01:11,CS2_34_10_18_10.xlsx,15
CS2_34,195,0.5,1.05636341,91.731313,2010-10-11 11:36:53,CS2_34_10_18_10.xlsx,16
CS2_34,196,0.5,1.05625781,91.722142,2010-10-11 16:11:39,CS2_34_10_18_10.xlsx,17
CS2_34,197,0.5,1.05996377,92.043957,2010-10-11 20:46:45,CS2_34_10_18_10.xlsx,18
CS2_34,198,0.5,1.05752503,91.832184,2010-10-12 01:20:38,CS2_34_10_18_10.xlsx,19
CS2_34,199,0.5,1.05353306,91.485534,2010-10-12 05:54:09,CS2_34_10_18_10.xlsx,20
CS2_34,200,0.5,1.05381971,91.510426,2010-10-12 10:28:36,CS2_34_10_18_10.xlsx,21
CS2_34,201,0.5,1.0520099,91.353267,2010-10-12 15:02:38,CS2_34_10_18_10.xlsx,22
CS2_34,202,0.5,1.05598044,91.698057,2010-10-12 19:36:26,CS2_34_10_18_10.xlsx,23
CS2_34,203,0.5,1.05528609,91.637761,2010-10-13 00:09:40,CS2_34_10_18_10.xlsx,24
CS2_34,204,0.5,1.04989818,91.169892,2010-10-13 04:42:33,CS2_34_10_18_10.xlsx,25
CS2_34,205,0.5,1.0494965,91.135011,2010-10-13 09:16:35,CS2_34_10_18_10.xlsx,26
CS2_34,206,0.5,1.04850115,91.048578,2010-10-13 13:49:43,CS2_34_10_18_10.xlsx,27
CS2_34,207,0.5,1.05209694,91.360825,2010-10-13 18:22:57,CS2_34_10_18_10.xlsx,28
CS2_34,208,0.5,1.05339704,91.473722,2010-10-13 22:56:36,CS2_34_10_18_10.xlsx,29
CS2_34,209,0.5,1.04790305,90.996641,2010-10-14 03:28:52,CS2_34_10_18_10.xlsx,30
CS2_34,210,0.5,1.04765815,90.975375,2010-10-14 08:01:50,CS2_34_10_18_10.xlsx,31
CS2_34,211,0.5,1.04706982,90.924286,2010-10-14 12:34:49,CS2_34_10_18_10.xlsx,32
CS2_34,212,0.5,1.04843509,91.042842,2010-10-14 17:07:23,CS2_34_10_18_10.xlsx,33
CS2_34,213,0.5,1.05109065,91.273443,2010-10-14 21:40:20,CS2_34_10_18_10.xlsx,34
CS2_34,214,0.5,1.0461894,90.847833,2010-10-15 02:12:23,CS2_34_10_18_10.xlsx,35
CS2_34,215,0.5,1.04515181,90.757732,2010-10-15 06:43:04,CS2_34_10_18_10.xlsx,36
CS2_34,216,0.5,1.04448834,90.700119,2010-10-15 11:15:45,CS2_34_10_18_10.xlsx,37
CS2_34,217,0.5,1.0438955,90.648638,2010-10-15 15:47:57,CS2_34_10_18_10.xlsx,38
CS2_34,218,0.5,1.04821012,91.023306,2010-10-15 20:20:19,CS2_34_10_18_10.xlsx,39
CS2_34,219,0.5,1.04889494,91.082774,2010-10-16 00:51:47,CS2_34_10_18_10.xlsx,40
CS2_34,220,0.5,1.04926253,91.114694,2010-10-16 05:23:10,CS2_34_10_18_10.xlsx,41
CS2_34,221,0.5,1.04952256,91.137275,2010-10-16 09:54:25,CS2_34_10_18_10.xlsx,42
CS2_34,222,0.5,1.04991031,91.170946,2010-10-16 14:25:12,CS2_34_10_18_10.xlsx,43
CS2_34,223,0.5,1.04981441,91.162618,2010-10-16 18:56:03,CS2_34_10_18_10.xlsx,44
CS2_34,224,0.5,1.04977332,91.15905,2010-10-16 23:26:40,CS2_34_10_18_10.xlsx,45
CS2_34,225,0.5,1.0497119,91.153716,2010-10-17 03:57:15,CS2_34_10_18_10.xlsx,46
CS2_34,226,0.5,1.04957969,91.142235,2010-10-17 08:27:47,CS2_34_10_18_10.xlsx,47
CS2_34,227,0.5,1.04971349,91.153854,2010-10-17 12:58:11,CS2_34_10_18_10.xlsx,48
CS2_34,228,0.5,1.04972964,91.155256,2010-10-17 17:28:35,CS2_34_10_18_10.xlsx,49
CS2_34,229,0.5,1.04962121,91.145841,2010-10-17 21:58:52,CS2_34_10_18_10.xlsx,50
CS2_34,230,0.5,1.05182453,91.33717,2010-10-18 11:49:24,CS2_34_10_28_10.xlsx,1
CS2_34,231,0.5,1.05133611,91.294757,2010-10-18 16:23:04,CS2_34_10_28_10.xlsx,2
CS2_34,232,0.5,1.05474193,91.590508,2010-10-18 20:57:06,CS2_34_10_28_10.xlsx,3
CS2_34,233,0.5,1.05154389,91.3128,2010-10-19 01:29:37,CS2_34_10_28_10.xlsx,4
CS2_34,234,0.5,1.04696699,90.915356,2010-10-19 06:01:19,CS2_34_10_28_10.xlsx,5
CS2_34,235,0.5,1.04564522,90.800578,2010-10-19 10:34:18,CS2_34_10_28_10.xlsx,6
CS2_34,236,0.5,1.04509361,90.752678,2010-10-19 15:06:29,CS2_34_10_28_10.xlsx,7
CS2_34,237,0.5,1.04872965,91.068421,2010-10-19 19:38:32,CS2_34_10_28_10.xlsx,8
CS2_34,238,0.5,1.04786299,90.993163,2010-10-20 00:09:44,CS2_34_10_28_10.xlsx,9
CS2_34,239,0.5,1.0421364,90.495883,2010-10-20 04:40:23,CS2_34_10_28_10.xlsx,10
CS2_34,240,0.5,1.04167618,90.455919,2010-10-20 09:12:06,CS2_34_10_28_10.xlsx,11
CS2_34,241,0.5,1.04108243,90.40436,2010-10-20 13:43:22,CS2_34_10_28_10.xlsx,12
CS2_34,242,0.5,1.0442568,90.680012,2010-10-20 18:14:39,CS2_34_10_28_10.xlsx,13
CS2_34,243,0.5,1.04547093,90.785444,2010-10-20 22:46:34,CS2_34_10_28_10.xlsx,14
CS2_34,244,0.5,1.03993034,90.304316,2010-10-21 03:16:47,CS2_34_10_28_10.xlsx,15
CS2_34,245,0.5,1.0390281,90.225968,2010-10-21 07:47:37,CS2_34_10_28_10.xlsx,16
CS2_34,246,0.5,1.03844796,90.175591,2010-10-21 12:18:14,CS2_34_10_28_10.xlsx,17
CS2_34,247,0.5,1.03860107,90.188886,2010-10-21 16:48:59,CS2_34_10_28_10.xlsx,18
CS2_34,248,0.5,1.04213455,90.495722,2010-10-21 21:19:46,CS2_34_10_28_10.xlsx,19
CS2_34,249,0.5,1.03825989,90.159259,2010-10-22 01:49:30,CS2_34_10_28_10.xlsx,20
CS2_34,250,0.5,1.03592291,89.956323,2010-10-22 06:17:53,CS2_34_10_28_10.xlsx,21
CS2_34,251,0.5,1.03591026,89.955224,2010-10-22 10:48:21,CS2_34_10_28_10.xlsx,22
CS2_34,252,0.5,1.03441763,89.825609,2010-10-22 15:18:49,CS2_34_10_28_10.xlsx,23
CS2_34,253,0.5,1.03903357,90.226443,2010-10-22 19:48:32,CS2_34_10_28_10.xlsx,24
CS2_34,254,0.5,1.0393953,90.257855,2010-10-23 00:17:49,CS2_34_10_28_10.xlsx,25
CS2_34,255,0.5,1.03963552,90.278715,2010-10-23 04:46:53,CS2_34_10_28_10.xlsx,26
CS2_34,256,0.5,1.0400114,90.311355,2010-10-23 09:15:52,CS2_34_10_28_10.xlsx,27
CS2_34,257,0.5,1.0407198,90.37287,2010-10-23 13:44:44,CS2_34_10_28_10.xlsx,28
CS2_34,258,0.5,1.04105936,90.402356,2010-10-23 18:13:25,CS2_34_10_28_10.xlsx,29
CS2_34,259,0.5,1.04117057,90.412013,2010-10-23 22:42:03,CS2_34_10_28_10.xlsx,30
CS2_34,260,0.5,1.04118363,90.413148,2010-10-24 03:10:35,CS2_34_10_28_10.xlsx,31
CS2_34,261,0.5,1.04117998,90.412831,2010-10-24 07:38:59,CS2_34_10_28_10.xlsx,32
CS2_34,262,0.5,1.04129883,90.423151,2010-10-24 12:07:17,CS2_34_10_28_10.xlsx,33
CS2_34,263,0.5,1.04148993,90.439745,2010-10-24 16:35:30,CS2_34_10_28_10.xlsx,34
CS2_34,264,0.5,1.04133591,90.426372,2010-10-24 21:03:38,CS2_34_10_28_10.xlsx,35
CS2_34,265,0.5,1.03714742,90.062656,2010-10-25 01:31:47,CS2_34_10_28_10.xlsx,36
CS2_34,266,0.5,1.03261833,89.669363,2010-10-25 05:59:29,CS2_34_10_28_10.xlsx,37
CS2_34,267,0.5,1.03186994,89.604376,2010-10-25 10:28:25,CS2_34_10_28_10.xlsx,38
CS2_34,268,0.5,1.03039782,89.476542,2010-10-25 14:57:15,CS2_34_10_28_10.xlsx,39
CS2_34,269,0.5,1.03554015,89.923086,2010-10-25 19:25:42,CS2_34_10_28_10.xlsx,40
CS2_34,270,0.5,1.03554122,89.923179,2010-10-25 23:53:45,CS2_34_10_28_10.xlsx,41
CS2_34,271,0.5,1.02948207,89.39702,2010-10-26 04:21:36,CS2_34_10_28_10.xlsx,42
CS2_34,272,0.5,0.83708502,72.689859,2010-10-26 08:50:02,CS2_34_10_28_10.xlsx,43
CS2_34,273,0.5,1.03001754,89.443519,2010-10-26 11:59:00,CS2_34_10_28_10.xlsx,44
CS2_34,274,0.5,1.03044005,89.480209,2010-10-26 16:27:43,CS2_34_10_28_10.xlsx,45
CS2_34,275,0.5,1.03460323,89.841726,2010-10-26 20:56:10,CS2_34_10_28_10.xlsx,46
CS2_34,276,0.5,1.03228363,89.640299,2010-10-27 01:23:45,CS2_34_10_28_10.xlsx,47
CS2_34,277,0.5,1.02871877,89.330738,2010-10-27 05:50:48,CS2_34_10_28_10.xlsx,48
CS2_34,278,0.5,1.02837305,89.300716,2010-10-27 10:18:55,CS2_34_10_28_10.xlsx,49
CS2_34,279,0.5,1.02745314,89.220834,2010-10-27 14:46:33,CS2_34_10_28_10.xlsx,50
CS2_34,280,0.5,1.04070182,90.371309,2010-10-28 13:50:11,CS2_34_11_01_10.xlsx,1
CS2_34,281,0.5,1.04121787,90.416121,2010-10-28 18:20:46,CS2_34_11_01_10.xlsx,2
CS2_34,282,0.5,1.03653237,90.009247,2010-10-28 22:52:37,CS2_34_11_01_10.xlsx,3
CS2_34,283,0.5,1.0349248,89.86965,2010-10-29 03:23:51,CS2_34_11_01_10.xlsx,4
CS2_34,284,0.5,1.0345708,89.83891,2010-10-29 07:54:33,CS2_34_11_01_10.xlsx,5
CS2_34,285,0.5,1.03348596,89.744706,2010-10-29 12:25:06,CS2_34_11_01_10.xlsx,6
CS2_34,286,0.5,1.03385138,89.776438,2010-10-29 16:55:27,CS2_34_11_01_10.xlsx,7
CS2_34,287,0.5,1.03631706,89.99055,2010-10-29 21:25:50,CS2_34_11_01_10.xlsx,8
CS2_34,288,0.5,1.03644056,90.001274,2010-10-30 01:54:53,CS2_34_11_01_10.xlsx,9
CS2_34,289,0.5,1.03629947,89.989022,2010-10-30 06:23:38,CS2_34_11_01_10.xlsx,10
CS2_34,290,0.5,1.03614354,89.975482,2010-10-30 10:52:14,CS2_34_11_01_10.xlsx,11
CS2_34,291,0.5,1.03853105,90.182806,2010-11-01 14:23:58,CS2_34_11_11_10.xlsx,1
CS2_34,292,0.5,1.03487538,89.865359,2010-11-01 16:34:38,CS2_34_11_11_10.xlsx,2
CS2_34,293,0.5,1.03583677,89.948843,2010-11-01 21:02:22,CS2_34_11_11_10.xlsx,3
CS2_34,294,0.5,1.03290374,89.694148,2010-11-02 01:30:00,CS2_34_11_11_10.xlsx,4
CS2_34,295,0.5,1.0311893,89.545271,2010-11-02 05:57:18,CS2_34_11_11_10.xlsx,5
CS2_34,296,0.5,1.03188712,89.605868,2010-11-02 10:25:22,CS2_34_11_11_10.xlsx,6
CS2_34,297,0.5,1.03194134,89.610576,2010-11-02 14:52:56,CS2_34_11_11_10.xlsx,7
CS2_34,298,0.5,1.03410146,89.798154,2010-11-02 19:19:56,CS2_34_11_11_10.xlsx,8
CS2_34,299,0.5,1.03375101,89.767722,2010-11-02 23:46:46,CS2_34_11_11_10.xlsx,9
CS2_34,300,0.5,1.02907477,89.361652,2010-11-03 04:13:27,CS2_34_11_11_10.xlsx,10
CS2_34,301,0.5,1.02913865,89.367199,2010-11-03 08:40:32,CS2_34_11_11_10.xlsx,11
CS2_34,302,0.5,1.02889706,89.34622,2010-11-03 13:07:24,CS2_34_11_11_10.xlsx,12
CS2_34,303,0.5,1.0301518,89.455178,2010-11-03 17:33:42,CS2_34_11_11_10.xlsx,13
CS2_34,304,0.5,1.03084666,89.515518,2010-11-03 22:00:15,CS2_34_11_11_10.xlsx,14
CS2_34,305,0.5,1.02654313,89.141812,2010-11-04 02:26:04,CS2_34_11_11_10.xlsx,15
CS2_34,306,0.5,1.02487893,88.997298,2010-11-04 06:51:53,CS2_34_11_11_10.xlsx,16
CS2_34,307,0.5,1.02505652,89.012719,2010-11-04 11:16:24,CS2_34_11_11_10.xlsx,17
CS2_34,308,0.5,1.0238399,88.907072,2010-11-04 15:42:15,CS2_34_11_11_10.xlsx,18
CS2_34,309,0.5,1.02728634,89.20635,2010-11-04 20:08:05,CS2_34_11_11_10.xlsx,19
CS2_34,310,0.5,1.02537714,89.040562,2010-11-05 00:33:17,CS2_34_11_11_10.xlsx,20
CS2_34,311,0.5,1.02235459,88.778093,2010-11-05 04:58:02,CS2_34_11_11_10.xlsx,21
CS2_34,312,0.5,1.02252473,88.792866,2010-11-05 09:23:33,CS2_34_11_11_10.xlsx,22
CS2_34,313,0.5,1.02301766,88.835671,2010-11-05 13:48:38,CS2_34_11_11_10.xlsx,23
CS2_34,314,0.5,1.02482019,88.992197,2010-11-05 18:13:36,CS2_34_11_11_10.xlsx,24
CS2_34,315,0.5,1.02580382,89.077612,2010-11-05 22:38:51,CS2_34_11_11_10.xlsx,25
CS2_34,316,0.5,1.02597105,89.092135,2010-11-06 03:03:23,CS2_34_11_11_10.xlsx,26
CS2_34,317,0.5,1.02576991,89.074668,2010-11-06 07:27:48,CS2_34_11_11_10.xlsx,27
CS2_34,318,0.5,1.0264282,89.131832,2010-11-06 11:52:06,CS2_34_11_11_10.xlsx,28
CS2_34,319,0.5,1.02675318,89.160052,2010-11-06 16:16:32,CS2_34_11_11_10.xlsx,29
CS2_34,320,0.5,1.02667952,89.153656,2010-11-06 20:40:41,CS2_34_11_11_10.xlsx,30
CS2_34,321,0.5,1.02659549,89.146359,2010-11-07 01:04:43,CS2_34_11_11_10.xlsx,31
CS2_34,322,0.5,1.02622039,89.113787,2010-11-07 05:28:44,CS2_34_11_11_10.xlsx,32
CS2_34,323,0.5,1.02604424,89.09849,2010-11-07 09:52:29,CS2_34_11_11_10.xlsx,33
CS2_34,324,0.5,1.02606208,89.100039,2010-11-07 14:16:21,CS2_34_11_11_10.xlsx,34
CS2_34,325,0.5,1.02583226,89.080083,2010-11-07 18:40:02,CS2_34_11_11_10.xlsx,35
CS2_34,326,0.5,1.02555104,89.055662,2010-11-07 23:03:45,CS2_34_11_11_10.xlsx,36
CS2_34,327,0.5,1.01896598,88.483836,2010-11-08 03:27:21,CS2_34_11_11_10.xlsx,37
CS2_34,328,0.5,1.01766414,88.370788,2010-11-08 07:51:18,CS2_34_11_11_10.xlsx,38
CS2_34,329,0.5,1.01751862,88.358152,2010-11-08 12:15:12,CS2_34_11_11_10.xlsx,39
CS2_34,330,0.5,1.016067,88.232097,2010-11-08 16:38:48,CS2_34_11_11_10.xlsx,40
CS2_34,331,0.5,1.01975604,88.552442,2010-11-08 21:02:01,CS2_34_11_11_10.xlsx,41
CS2_34,332,0.5,1.0180483,88.404147,2010-11-09 01:24:47,CS2_34_11_11_10.xlsx,42
CS2_34,333,0.5,1.01435963,88.083835,2010-11-09 05:47:26,CS2_34_11_11_10.xlsx,43
CS2_34,334,0.5,1.01561209,88.192595,2010-11-09 10:10:32,CS2_34_11_11_10.xlsx,44
CS2_34,335,0.5,1.01468249,88.111871,2010-11-09 14:33:11,CS2_34_11_11_10.xlsx,45
CS2_34,336,0.5,1.01690085,88.304507,2010-11-09 18:55:31,CS2_34_11_11_10.xlsx,46
CS2_34,337,0.5,1.01797035,88.397378,2010-11-09 23:18:39,CS2_34_11_11_10.xlsx,47
CS2_34,338,0.5,1.01318336,87.981691,2010-11-10 03:40:50,CS2_34_11_11_10.xlsx,48
CS2_34,339,0.5,1.01334033,87.995322,2010-11-10 08:02:51,CS2_34_11_11_10.xlsx,49
CS2_34,340,0.5,1.0134459,88.00449,2010-11-10 12:25:07,CS2_34_11_11_10.xlsx,50
CS2_34,341,0.5,1.02881895,89.339438,2010-11-11 10:43:27,CS2_34_11_22_10.xlsx,1
CS2_34,342,0.5,1.02671488,89.156726,2010-11-11 15:09:22,CS2_34_11_22_10.xlsx,2
CS2_34,343,0.5,1.02888843,89.34547,2010-11-11 19:35:44,CS2_34_11_22_10.xlsx,3
CS2_34,344,0.5,1.0286427,89.324132,2010-11-12 00:01:51,CS2_34_11_22_10.xlsx,4
CS2_34,345,0.5,1.02154621,88.707895,2010-11-12 04:27:09,CS2_34_11_22_10.xlsx,5
CS2_34,346,0.5,1.02065559,88.630557,2010-11-12 08:52:25,CS2_34_11_22_10.xlsx,6
CS2_34,347,0.5,1.02004648,88.577663,2010-11-12 13:17:21,CS2_34_11_22_10.xlsx,7
CS2_34,348,0.5,1.0199897,88.572733,2010-11-12 17:41:37,CS2_34_11_22_10.xlsx,8
CS2_34,349,0.5,1.02181685,88.731397,2010-11-12 22:05:59,CS2_34_11_22_10.xlsx,9
CS2_34,350,0.5,1.02167813,88.719351,2010-11-13 02:29:31,CS2_34_11_22_10.xlsx,10
CS2_34,351,0.5,1.02129453,88.68604,2010-11-13 06:52:54,CS2_34_11_22_10.xlsx,11
CS2_34,352,0.5,1.02116616,88.674893,2010-11-13 11:16:03,CS2_34_11_22_10.xlsx,12
CS2_34,353,0.5,1.02122463,88.67997,2010-11-13 15:39:04,CS2_34_11_22_10.xlsx,13
CS2_34,354,0.5,1.02047043,88.614478,2010-11-13 20:01:52,CS2_34_11_22_10.xlsx,14
CS2_34,355,0.5,1.02005048,88.578011,2010-11-14 00:24:29,CS2_34_11_22_10.xlsx,15
CS2_34,356,0.5,1.0194036,88.521838,2010-11-14 04:47:01,CS2_34_11_22_10.xlsx,16
CS2_34,357,0.5,1.01894676,88.482167,2010-11-14 09:09:18,CS2_34_11_22_10.xlsx,17
CS2_34,358,0.5,1.01861846,88.453659,2010-11-14 13:31:30,CS2_34_11_22_10.xlsx,18
CS2_34,359,0.5,1.0181969,88.417051,2010-11-14 17:53:36,CS2_34_11_22_10.xlsx,19
CS2_34,360,0.5,1.01780462,88.382987,2010-11-14 22:15:23,CS2_34_11_22_10.xlsx,20
CS2_34,361,0.5,0.84081974,73.014171,2010-11-15 02:37:14,CS2_34_11_22_10.xlsx,21
CS2_34,362,0.5,1.00950721,87.662466,2010-11-15 05:47:27,CS2_34_11_22_10.xlsx,22
CS2_34,363,0.5,1.00969002,87.67834,2010-11-15 10:10:02,CS2_34_11_22_10.xlsx,23
CS2_34,364,0.5,1.00852216,87.576927,2010-11-15 14:31:33,CS2_34_11_22_10.xlsx,24
CS2_34,365,0.5,1.01096483,87.789041,2010-11-15 18:52:37,CS2_34_11_22_10.xlsx,25
CS2_34,366,0.5,1.01222322,87.898316,2010-11-15 23:14:43,CS2_34_11_22_10.xlsx,26
CS2_34,367,0.5,1.00623651,87.378449,2010-11-16 03:35:26,CS2_34_11_22_10.xlsx,27
CS2_34,368,0.5,1.00508267,87.278252,2010-11-16 07:55:52,CS2_34_11_22_10.xlsx,28
CS2_34,369,0.5,1.00436292,87.215752,2010-11-16 12:16:45,CS2_34_11_22_10.xlsx,29
CS2_34,370,0.5,1.0029168,87.090175,2010-11-16 16:37:01,CS2_34_11_22_10.xlsx,30
CS2_34,371,0.5,1.00787522,87.520749,2010-11-16 20:57:00,CS2_34_11_22_10.xlsx,31
CS2_34,372,0.5,1.00661795,87.411572,2010-11-17 01:16:24,CS2_34_11_22_10.xlsx,32
CS2_34,373,0.5,1.00209213,87.018564,2010-11-17 05:35:56,CS2_34_11_22_10.xlsx,33
CS2_34,374,0.5,1.00213203,87.022028,2010-11-17 09:55:48,CS2_34_11_22_10.xlsx,34
CS2_34,375,0.5,1.0009267,86.917361,2010-11-17 14:15:09,CS2_34_11_22_10.xlsx,35
CS2_34,376,0.5,1.00334864,87.127675,2010-11-17 18:34:24,CS2_34_11_22_10.xlsx,36
CS2_34,377,0.5,1.00549714,87.314244,2010-11-17 22:54:02,CS2_34_11_22_10.xlsx,37
CS2_34,378,0.5,0.99961391,86.803362,2010-11-18 03:13:13,CS2_34_11_22_10.xlsx,38
CS2_34,379,0.5,0.99828953,86.688357,2010-11-18 07:31:16,CS2_34_11_22_10.xlsx,39
CS2_34,380,0.5,0.99710765,86.585727,2010-11-18 11:50:36,CS2_34_11_22_10.xlsx,40
CS2_34,381,0.5,0.98987269,85.957466,2010-11-18 16:09:04,CS2_34_11_22_10.xlsx,41
CS2_34,382,0.5,0.99803648,86.666383,2010-11-18 20:27:45,CS2_34_11_22_10.xlsx,42
CS2_34,383,0.5,0.99905198,86.754566,2010-11-19 00:45:47,CS2_34_11_22_10.xlsx,43
CS2_34,384,0.5,0.98734457,85.737931,2010-11-19 05:03:46,CS2_34_11_22_10.xlsx,44
CS2_34,385,0.5,0.98557417,85.584195,2010-11-19 09:22:14,CS2_34_11_22_10.xlsx,45
CS2_34,386,0.5,0.984119,85.457833,2010-11-19 13:38:59,CS2_34_11_22_10.xlsx,46
CS2_34,387,0.5,0.98701599,85.709398,2010-11-19 17:56:37,CS2_34_11_22_10.xlsx,47
CS2_34,388,0.5,0.9924566,86.181844,2010-11-19 22:14:54,CS2_34_11_22_10.xlsx,48
CS2_34,389,0.5,0.99362881,86.283635,2010-11-20 02:31:53,CS2_34_11_22_10.xlsx,49
CS2_34,390,0.5,0.99421055,86.334151,2010-11-20 06:48:50,CS2_34_11_22_10.xlsx,50
CS2_34,391,0.5,1.01142287,87.828816,2010-11-22 13:15:42,CS2_34_11_24_10.xlsx,1
CS2_34,392,0.5,1.0116231,87.846203,2010-11-22 17:40:18,CS2_34_11_24_10.xlsx,2
CS2_34,393,0.5,1.01624676,88.247708,2010-11-22 22:05:39,CS2_34_11_24_10.xlsx,3
CS2_34,394,0.5,1.00880111,87.60115,2010-11-23 02:29:37,CS2_34_11_24_10.xlsx,4
CS2_34,395,0.5,1.00214411,87.023077,2010-11-23 06:52:15,CS2_34_11_24_10.xlsx,5
CS2_34,396,0.5,0.99957934,86.800361,2010-11-23 11:15:31,CS2_34_11_24_10.xlsx,6
CS2_34,397,0.5,0.99574907,86.467752,2010-11-23 15:37:48,CS2_34_11_24_10.xlsx,7
CS2_34,398,0.5,1.0023285,87.039089,2010-11-23 19:59:09,CS2_34_11_24_10.xlsx,8
CS2_34,399,0.5,1.00342884,87.134639,2010-11-24 00:20:12,CS2_34_11_24_10.xlsx,9
CS2_34,400,0.5,0.99167792,86.114226,2010-11-24 04:40:38,CS2_34_11_24_10.xlsx,10
CS2_34,401,0.5,0.98910375,85.890693,2010-11-24 09:01:17,CS2_34_11_24_10.xlsx,11
CS2_34,402,0.5,0.98689875,85.699218,2010-11-29 10:34:07,CS2_34_12_08_10.xlsx,1
CS2_34,403,0.5,0.98319123,85.377268,2010-11-29 13:10:33,CS2_34_12_08_10.xlsx,2
CS2_34,404,0.5,0.9841917,85.464146,2010-11-29 17:28:19,CS2_34_12_08_10.xlsx,3
CS2_34,405,0.5,0.99068135,86.027687,2010-11-29 21:46:58,CS2_34_12_08_10.xlsx,4
CS2_34,406,0.5,0.9866454,85.677218,2010-11-30 02:04:37,CS2_34_12_08_10.xlsx,5
CS2_34,407,0.5,0.9800534,85.104789,2010-11-30 06:21:44,CS2_34_12_08_10.xlsx,6
CS2_34,408,0.5,0.97839059,84.960395,2010-11-30 10:39:50,CS2_34_12_08_10.xlsx,7
CS2_34,409,0.5,0.97628444,84.777504,2010-11-30 14:56:51,CS2_34_12_08_10.xlsx,8
CS2_34,410,0.5,0.98146139,85.227054,2010-11-30 19:13:55,CS2_34_12_08_10.xlsx,9
CS2_34,411,0.5,0.98451349,85.492089,2010-11-30 23:31:38,CS2_34_12_08_10.xlsx,10
CS2_34,412,0.5,0.97579768,84.735235,2010-12-01 03:47:45,CS2_34_12_08_10.xlsx,11
CS2_34,413,0.5,0.97371899,84.554728,2010-12-01 08:03:36,CS2_34_12_08_10.xlsx,12
CS2_34,414,0.5,0.97106081,84.3239,2010-12-01 12:19:48,CS2_34_12_08_10.xlsx,13
CS2_34,415,0.5,0.96893899,84.139648,2010-12-01 16:35:24,CS2_34_12_08_10.xlsx,14
CS2_34,416,0.5,0.97591105,84.74508,2010-12-01 20:50:17,CS2_34_12_08_10.xlsx,15
CS2_34,417,0.5,0.97539437,84.700213,2010-12-02 01:04:28,CS2_34_12_08_10.xlsx,16
CS2_34,418,0.5,0.77501664,67.300034,2010-12-02 05:18:30,CS2_34_12_08_10.xlsx,17
CS2_34,419,0.5,0.96965629,84.201936,2010-12-02 08:14:03,CS2_34_12_08_10.xlsx,18
CS2_34,420,0.5,0.96920265,84.162543,2010-12-02 12:29:34,CS2_34_12_08_10.xlsx,19
CS2_34,421,0.5,0.9674862,84.013492,2010-12-02 16:43:28,CS2_34_12_08_10.xlsx,20
CS2_34,422,0.5,0.97304938,84.496581,2010-12-02 20:56:50,CS2_34_12_08_10.xlsx,21
CS2_34,423,0.5,0.97250196,84.449045,2010-12-03 01:09:46,CS2_34_12_08_10.xlsx,22
CS2_34,424,0.5,0.96682697,83.956247,2010-12-03 05:22:44,CS2_34_12_08_10.xlsx,23
CS2_34,425,0.5,0.96686508,83.959556,2010-12-03 09:35:55,CS2_34_12_08_10.xlsx,24
CS2_34,426,0.5,0.96591289,83.876871,2010-12-03 13:48:31,CS2_34_12_08_10.xlsx,25
CS2_34,427,0.5,0.96700356,83.971581,2010-12-03 18:00:59,CS2_34_12_08_10.xlsx,26
CS2_34,428,0.5,0.96979961,84.214381,2010-12-03 22:13:46,CS2_34_12_08_10.xlsx,27
CS2_34,429,0.5,0.97042911,84.269045,2010-12-04 02:25:43,CS2_34_12_08_10.xlsx,28
CS2_34,430,0.5,0.97040419,84.266881,2010-12-04 06:37:35,CS2_34_12_08_10.xlsx,29
CS2_34,431,0.5,0.97042771,84.268924,2010-12-04 10:49:34,CS2_34_12_08_10.xlsx,30
CS2_34,432,0.5,0.97062915,84.286416,2010-12-04 15:01:30,CS2_34_12_08_10.xlsx,31
CS2_34,433,0.5,0.97095378,84.314606,2010-12-04 19:13:13,CS2_34_12_08_10.xlsx,32
CS2_34,434,0.5,0.97076973,84.298624,2010-12-04 23:24:50,CS2_34_12_08_10.xlsx,33
CS2_34,435,0.5,0.97052882,84.277704,2010-12-05 03:36:14,CS2_34_12_08_10.xlsx,34
CS2_34,436,0.5,0.97003346,84.234688,2010-12-05 07:47:32,CS2_34_12_08_10.xlsx,35
CS2_34,437,0.5,0.96890325,84.136544,2010-12-05 11:58:35,CS2_34_12_08_10.xlsx,36
CS2_34,438,0.5,0.96792801,84.051858,2010-12-05 16:09:31,CS2_34_12_08_10.xlsx,37
CS2_34,439,0.5,0.96746049,84.01126,2010-12-05 20:20:23,CS2_34_12_08_10.xlsx,38
CS2_34,440,0.5,0.96669604,83.944877,2010-12-06 00:31:14,CS2_34_12_08_10.xlsx,39
CS2_34,441,0.5,0.95741405,83.138858,2010-12-06 04:41:55,CS2_34_12_08_10.xlsx,40
CS2_34,442,0.5,0.95609152,83.024013,2010-12-06 08:52:48,CS2_34_12_08_10.xlsx,41
CS2_34,443,0.5,0.95513234,82.940721,2010-12-06 13:03:03,CS2_34_12_08_10.xlsx,42
CS2_34,444,0.5,0.95416561,82.856774,2010-12-06 17:13:04,CS2_34_12_08_10.xlsx,43
CS2_34,445,0.5,0.95902284,83.27856,2010-12-06 21:22:45,CS2_34_12_08_10.xlsx,44
CS2_34,446,0.5,0.95675096,83.081277,2010-12-07 01:31:55,CS2_34_12_08_10.xlsx,45
CS2_34,447,0.5,0.95099205,82.581191,2010-12-07 05:40:50,CS2_34_12_08_10.xlsx,46
CS2_34,448,0.5,0.95031286,82.522213,2010-12-07 09:50:10,CS2_34_12_08_10.xlsx,47
CS2_34,449,0.5,0.94894837,82.403725,2010-12-07 13:59:03,CS2_34_12_08_10.xlsx,48
CS2_34,450,0.5,0.76097981,66.081119,2010-12-07 18:07:45,CS2_34_12_08_10.xlsx,49
CS2_34,451,0.5,0.95365004,82.812003,2010-12-07 20:59:51,CS2_34_12_08_10.xlsx,50
CS2_34,452,0.5,1.00144812,86.962639,2010-12-21 10:10:12,CS2_34_12_23_10.xlsx,1
CS2_34,453,0.5,0.99737941,86.609325,2010-12-21 14:27:59,CS2_34_12_23_10.xlsx,2
CS2_34,454,0.5,0.99980124,86.81963,2010-12-21 18:48:55,CS2_34_12_23_10.xlsx,3
CS2_34,455,0.5,0.99982946,86.82208,2010-12-21 23:10:03,CS2_34_12_23_10.xlsx,4
CS2_34,456,0.5,0.9929472,86.224446,2010-12-22 03:29:46,CS2_34_12_23_10.xlsx,5
CS2_34,457,0.5,0.98877402,85.862061,2010-12-22 07:48:38,CS2_34_12_23_10.xlsx,6
CS2_34,458,0.5,0.98634095,85.65078,2010-12-22 12:06:54,CS2_34_12_23_10.xlsx,7
CS2_34,459,0.5,0.98387776,85.436884,2010-12-22 16:24:29,CS2_34_12_23_10.xlsx,8
CS2_34,460,0.5,0.98777048,85.774916,2010-12-22 20:41:10,CS2_34_12_23_10.xlsx,9
CS2_34,461,0.5,0.98603052,85.623823,2010-12-23 00:57:09,CS2_34_12_23_10.xlsx,10
CS2_34,462,0.5,0.97922279,85.032661,2010-12-23 05:12:58,CS2_34_12_23_10.xlsx,11
CS2_34,463,0.5,1.01045277,87.744575,2011-01-03 10:38:25,CS2_34_1_12_11.xlsx,1
CS2_34,464,0.5,0.99073589,86.032423,2011-01-03 13:58:56,CS2_34_1_12_11.xlsx,2
CS2_34,465,0.5,0.98637835,85.654028,2011-01-03 18:19:39,CS2_34_1_12_11.xlsx,3
CS2_34,466,0.5,0.98904177,85.885311,2011-01-03 22:40:53,CS2_34_1_12_11.xlsx,4
CS2_34,467,0.5,0.97605374,84.757471,2011-01-04 02:59:35,CS2_34_1_12_11.xlsx,5
CS2_34,468,0.5,0.96425632,83.73302,2011-01-04 07:15:23,CS2_34_1_12_11.xlsx,6
CS2_34,469,0.5,0.95738321,83.13618,2011-01-04 11:32:01,CS2_34_1_12_11.xlsx,7
CS2_34,470,0.5,0.95267599,82.727419,2011-01-04 15:47:27,CS2_34_1_12_11.xlsx,8
CS2_34,471,0.5,0.95924286,83.297666,2011-01-04 20:01:11,CS2_34_1_12_11.xlsx,9
CS2_34,472,0.5,0.96131259,83.477395,2011-01-05 00:14:23,CS2_34_1_12_11.xlsx,10
CS2_34,473,0.5,0.94650222,82.191309,2011-01-05 04:26:52,CS2_34_1_12_11.xlsx,11
CS2_34,474,0.5,0.9421474,81.81315,2011-01-05 08:39:24,CS2_34_1_12_11.xlsx,12
CS2_34,475,0.5,0.93819557,81.469985,2011-01-05 12:50:29,CS2_34_1_12_11.xlsx,13
CS2_34,476,0.5,0.73823682,64.106189,2011-01-05 17:00:49,CS2_34_1_12_11.xlsx,14
CS2_34,477,0.5,0.94101051,81.714425,2011-01-05 19:47:56,CS2_34_1_12_11.xlsx,15
CS2_34,478,0.5,0.94418269,81.989887,2011-01-05 23:59:24,CS2_34_1_12_11.xlsx,16
CS2_34,479,0.5,0.93099655,80.844844,2011-01-06 04:08:23,CS2_34_1_12_11.xlsx,17
CS2_34,480,0.5,0.92779788,80.567082,2011-01-06 08:17:14,CS2_34_1_12_11.xlsx,18
CS2_34,481,0.5,0.92517325,80.339168,2011-01-06 12:25:18,CS2_34_1_12_11.xlsx,19
CS2_34,482,0.5,0.92068785,79.949669,2011-01-06 16:32:40,CS2_34_1_12_11.xlsx,20
CS2_34,483,0.5,0.91721117,79.647764,2011-01-06 20:39:16,CS2_34_1_12_11.xlsx,21
CS2_34,484,0.5,0.91461485,79.422309,2011-01-07 00:45:21,CS2_34_1_12_11.xlsx,22
CS2_34,485,0.5,0.91224339,79.216378,2011-01-07 04:51:02,CS2_34_1_12_11.xlsx,23
CS2_34,486,0.5,0.91282077,79.266516,2011-01-07 08:56:14,CS2_34_1_12_11.xlsx,24
CS2_34,487,0.5,0.91879681,79.785457,2011-01-07 13:00:57,CS2_34_1_12_11.xlsx,25
CS2_34,488,0.5,0.9174396,79.667601,2011-01-07 17:04:51,CS2_34_1_12_11.xlsx,26
CS2_34,489,0.5,0.9169138,79.621942,2011-01-07 21:08:49,CS2_34_1_12_11.xlsx,27
CS2_34,490,0.5,0.91684193,79.615701,2011-01-08 01:12:30,CS2_34_1_12_11.xlsx,28
CS2_34,491,0.5,0.91650799,79.586703,2011-01-08 05:15:50,CS2_34_1_12_11.xlsx,29
CS2_34,492,0.5,0.91596127,79.539228,2011-01-08 09:18:46,CS2_34_1_12_11.xlsx,30
CS2_34,493,0.5,0.91543386,79.493429,2011-01-08 13:21:27,CS2_34_1_12_11.xlsx,31
CS2_34,494,0.5,0.91400032,79.368945,2011-01-08 17:24:07,CS2_34_1_12_11.xlsx,32
CS2_34,495,0.5,0.9123658,79.227008,2011-01-08 21:26:24,CS2_34_1_12_11.xlsx,33
CS2_34,496,0.5,0.91107482,79.114903,2011-01-09 01:28:22,CS2_34_1_12_11.xlsx,34
CS2_34,497,0.5,0.90990522,79.013339,2011-01-09 05:30:08,CS2_34_1_12_11.xlsx,35
CS2_34,498,0.5,0.90890102,78.926138,2011-01-09 09:31:45,CS2_34_1_12_11.xlsx,36
CS2_34,499,0.5,0.90848301,78.889839,2011-01-09 13:32:55,CS2_34_1_12_11.xlsx,37
CS2_34,500,0.5,0.90736943,78.793139,2011-01-09 17:33:51,CS2_34_1_12_11.xlsx,38
CS2_34,501,0.5,0.90616305,78.68838,2011-01-09 21:34:35,CS2_34_1_12_11.xlsx,39
CS2_34,502,0.5,0.90490631,78.579249,2011-01-10 01:35:11,CS2_34_1_12_11.xlsx,40
CS2_34,503,0.5,0.90406762,78.50642,2011-01-10 05:35:31,CS2_34_1_12_11.xlsx,41
CS2_34,504,0.5,0.90517904,78.602932,2011-01-10 09:35:48,CS2_34_1_12_11.xlsx,42
CS2_34,505,0.5,0.90604,78.677695,2011-01-10 13:35:57,CS2_34_1_12_11.xlsx,43
CS2_34,506,0.5,0.90318649,78.429905,2011-01-10 17:35:44,CS2_34_1_12_11.xlsx,44
CS2_34,507,0.5,0.90116316,78.254206,2011-01-10 21:35:23,CS2_34_1_12_11.xlsx,45
CS2_34,508,0.5,0.89959844,78.11833,2011-01-11 01:34:54,CS2_34_1_12_11.xlsx,46
CS2_34,509,0.5,0.89988547,78.143255,2011-01-11 05:34:09,CS2_34_1_12_11.xlsx,47
CS2_34,510,0.5,0.90046529,78.193605,2011-01-11 09:33:18,CS2_34_1_12_11.xlsx,48
CS2_34,511,0.5,0.90070664,78.214563,2011-01-11 13:31:59,CS2_34_1_12_11.xlsx,49
CS2_34,512,0.5,0.89771885,77.955112,2011-01-11 17:30:35,CS2_34_1_12_11.xlsx,50
CS2_34,513,0.5,0.92159472,80.028419,2011-01-12 12:19:57,CS2_34_1_24_11.xlsx,1
CS2_34,514,0.5,0.91210456,79.204323,2011-01-12 16:20:24,CS2_34_1_24_11.xlsx,2
CS2_34,515,0.5,0.9060439,78.678034,2011-01-12 20:23:11,CS2_34_1_24_11.xlsx,3
CS2_34,516,0.5,0.90132299,78.268085,2011-01-13 00:25:02,CS2_34_1_24_11.xlsx,4
CS2_34,517,0.5,0.89714001,77.904848,2011-01-13 04:26:03,CS2_34_1_24_11.xlsx,5
CS2_34,518,0.5,0.89684239,77.879004,2011-01-13 08:26:05,CS2_34_1_24_11.xlsx,6
CS2_34,519,0.5,0.89515065,77.732098,2011-01-13 12:25:57,CS2_34_1_24_11.xlsx,7
CS2_34,520,0.5,0.89129598,77.397371,2011-01-13 16:25:04,CS2_34_1_24_11.xlsx,8
CS2_34,521,0.5,0.88824543,77.13247,2011-01-13 20:23:28,CS2_34_1_24_11.xlsx,9
CS2_34,522,0.5,0.88303722,76.680206,2011-01-14 00:21:49,CS2_34_1_24_11.xlsx,10
CS2_34,523,0.5,0.88022176,76.435719,2011-01-14 04:19:57,CS2_34_1_24_11.xlsx,11
CS2_34,524,0.5,0.88106676,76.509097,2011-01-14 08:17:51,CS2_34_1_24_11.xlsx,12
CS2_34,525,0.5,0.87928639,76.354495,2011-01-14 12:15:23,CS2_34_1_24_11.xlsx,13
CS2_34,526,0.5,0.87656797,76.118436,2011-01-14 16:12:43,CS2_34_1_24_11.xlsx,14
CS2_34,527,0.5,0.87423767,75.91608,2011-01-14 20:09:30,CS2_34_1_24_11.xlsx,15
CS2_34,528,0.5,0.87232158,75.749693,2011-01-15 00:06:24,CS2_34_1_24_11.xlsx,16
CS2_34,529,0.5,0.87086298,75.623032,2011-01-15 04:03:01,CS2_34_1_24_11.xlsx,17
CS2_34,530,0.5,0.86999752,75.547878,2011-01-15 07:59:37,CS2_34_1_24_11.xlsx,18
CS2_34,531,0.5,0.8701138,75.557975,2011-01-15 11:55:55,CS2_34_1_24_11.xlsx,19
CS2_34,532,0.5,0.86902873,75.463752,2011-01-15 15:51:59,CS2_34_1_24_11.xlsx,20
CS2_34,533,0.5,0.86850864,75.418589,2011-01-15 19:47:30,CS2_34_1_24_11.xlsx,21
CS2_34,534,0.5,0.86751311,75.33214,2011-01-15 23:43:15,CS2_34_1_24_11.xlsx,22
CS2_34,535,0.5,0.86678225,75.268674,2011-01-16 03:38:58,CS2_34_1_24_11.xlsx,23
CS2_34,536,0.5,0.86570292,75.174949,2011-01-16 07:34:29,CS2_34_1_24_11.xlsx,24
CS2_34,537,0.5,0.86482792,75.098967,2011-01-16 11:29:51,CS2_34_1_24_11.xlsx,25
CS2_34,538,0.5,0.86400654,75.027641,2011-01-16 15:25:08,CS2_34_1_24_11.xlsx,26
CS2_34,539,0.5,0.86248002,74.895082,2011-01-16 19:20:20,CS2_34_1_24_11.xlsx,27
CS2_34,540,0.5,0.86124078,74.78747,2011-01-16 23:15:20,CS2_34_1_24_11.xlsx,28
CS2_34,541,0.5,0.85990263,74.67127,2011-01-17 03:10:12,CS2_34_1_24_11.xlsx,29
CS2_34,542,0.5,0.86924727,75.482729,2011-01-17 07:05:00,CS2_34_1_24_11.xlsx,30
CS2_34,543,0.5,0.87382021,75.879829,2011-01-17 11:00:07,CS2_34_1_24_11.xlsx,31
CS2_34,544,0.5,0.86489628,75.104902,2011-01-17 14:54:46,CS2_34_1_24_11.xlsx,32
CS2_34,545,0.5,0.8623353,74.882515,2011-01-17 18:49:12,CS2_34_1_24_11.xlsx,33
CS2_34,546,0.5,0.85822596,74.525672,2011-01-17 22:43:43,CS2_34_1_24_11.xlsx,34
CS2_34,547,0.5,0.85654051,74.379313,2011-01-18 02:38:06,CS2_34_1_24_11.xlsx,35
CS2_34,548,0.5,0.85665,74.388821,2011-01-18 06:32:21,CS2_34_1_24_11.xlsx,36
CS2_34,549,0.5,0.85732316,74.447276,2011-01-18 10:26:42,CS2_34_1_24_11.xlsx,37
CS2_34,550,0.5,0.85669493,74.392723,2011-01-18 14:20:47,CS2_34_1_24_11.xlsx,38
CS2_34,551,0.5,0.85326348,74.094746,2011-01-18 18:14:32,CS2_34_1_24_11.xlsx,39
CS2_34,552,0.5,0.85158528,73.949017,2011-01-18 22:08:33,CS2_34_1_24_11.xlsx,40
CS2_34,553,0.5,0.85028288,73.83592,2011-01-19 02:02:08,CS2_34_1_24_11.xlsx,41
CS2_34,554,0.5,0.84990017,73.802687,2011-01-19 05:55:40,CS2_34_1_24_11.xlsx,42
CS2_34,555,0.5,0.85426911,74.182072,2011-01-19 09:48:54,CS2_34_1_24_11.xlsx,43
CS2_34,556,0.5,0.85152618,73.943885,2011-01-19 13:42:29,CS2_34_1_24_11.xlsx,44
CS2_34,557,0.5,0.84763633,73.606102,2011-01-19 17:35:48,CS2_34_1_24_11.xlsx,45
CS2_34,558,0.5,0.8438271,73.27532,2011-01-19 21:29:00,CS2_34_1_24_11.xlsx,46
CS2_34,559,0.5,0.84128151,73.05427,2011-01-20 01:22:15,CS2_34_1_24_11.xlsx,47
CS2_34,560,0.5,0.83975628,72.921823,2011-01-20 05:15:11,CS2_34_1_24_11.xlsx,48
CS2_34,561,0.5,0.84135746,73.060865,2011-01-20 09:08:06,CS2_34_1_24_11.xlsx,49
CS2_34,562,0.5,0.84214347,73.129119,2011-01-20 13:00:48,CS2_34_1_24_11.xlsx,50
CS2_34,563,0.5,0.89147054,77.412528,2011-01-24 10:54:44,CS2_34_1_28_11.xlsx,1
CS2_34,564,0.5,0.8823234,76.61822,2011-01-24 14:53:06,CS2_34_1_28_11.xlsx,2
CS2_34,565,0.5,0.87548678,76.024549,2011-01-24 18:54:36,CS2_34_1_28_11.xlsx,3
CS2_34,566,0.5,0.87020908,75.566249,2011-01-24 22:55:08,CS2_34_1_28_11.xlsx,4
CS2_34,567,0.5,0.866236,75.221239,2011-01-25 02:54:27,CS2_34_1_28_11.xlsx,5
CS2_34,568,0.5,0.86486116,75.101853,2011-01-25 06:53:02,CS2_34_1_28_11.xlsx,6
CS2_34,569,0.5,0.86156473,74.815601,2011-01-25 10:51:10,CS2_34_1_28_11.xlsx,7
CS2_34,570,0.5,0.86065589,74.73668,2011-01-25 14:47:59,CS2_34_1_28_11.xlsx,8
CS2_34,571,0.5,0.85384279,74.145052,2011-01-25 18:44:13,CS2_34_1_28_11.xlsx,9
CS2_34,572,0.5,0.85149074,73.940807,2011-01-25 22:40:19,CS2_34_1_28_11.xlsx,10
CS2_34,573,0.5,0.85103507,73.901239,2011-01-26 02:36:04,CS2_34_1_28_11.xlsx,11
CS2_34,574,0.5,0.85038098,73.844439,2011-01-26 06:30:51,CS2_34_1_28_11.xlsx,12
CS2_34,575,0.5,0.85107026,73.904294,2011-01-26 10:25:32,CS2_34_1_28_11.xlsx,13
CS2_34,576,0.5,0.847541,73.597824,2011-01-26 14:19:37,CS2_34_1_28_11.xlsx,14
CS2_34,577,0.5,0.84496541,73.374168,2011-01-26 18:13:01,CS2_34_1_28_11.xlsx,15
CS2_34,578,0.5,0.84138243,73.063033,2011-01-26 22:06:40,CS2_34_1_28_11.xlsx,16
CS2_34,579,0.5,0.83708275,72.689662,2011-01-27 02:00:03,CS2_34_1_28_11.xlsx,17
CS2_34,580,0.5,0.83610297,72.604581,2011-01-27 05:53:02,CS2_34_1_28_11.xlsx,18
CS2_34,581,0.5,0.83371365,72.3971,2011-01-27 09:45:43,CS2_34_1_28_11.xlsx,19
CS2_34,582,0.5,0.83190929,72.240415,2011-01-27 13:38:17,CS2_34_1_28_11.xlsx,20
CS2_34,583,0.5,0.86962037,75.515128,2011-01-31 10:51:35,CS2_34_2_10_11.xlsx,1
CS2_34,584,0.5,0.86090728,74.75851,2011-01-31 13:27:02,CS2_34_2_10_11.xlsx,2
CS2_34,585,0.5,0.85359108,74.123194,2011-01-31 17:22:30,CS2_34_2_10_11.xlsx,3
CS2_34,586,0.5,0.84834423,73.667574,2011-01-31 21:17:50,CS2_34_2_10_11.xlsx,4
CS2_34,587,0.5,0.84380697,73.273572,2011-02-01 01:12:57,CS2_34_2_10_11.xlsx,5
CS2_34,588,0.5,0.83995641,72.939202,2011-02-01 05:07:28,CS2_34_2_10_11.xlsx,6
CS2_34,589,0.5,0.83990005,72.934308,2011-02-01 09:01:47,CS2_34_2_10_11.xlsx,7
CS2_34,590,0.5,0.83841244,72.805128,2011-02-01 12:55:42,CS2_34_2_10_11.xlsx,8
CS2_34,591,0.5,0.8339814,72.420351,2011-02-01 16:49:10,CS2_34_2_10_11.xlsx,9
CS2_34,592,0.5,0.83115869,72.175235,2011-02-01 20:41:56,CS2_34_2_10_11.xlsx,10
CS2_34,593,0.5,0.82897916,71.985972,2011-02-02 00:34:57,CS2_34_2_10_11.xlsx,11
CS2_34,594,0.5,0.82677942,71.794953,2011-02-02 04:27:33,CS2_34_2_10_11.xlsx,12
CS2_34,595,0.5,0.82793329,71.895151,2011-02-02 08:19:55,CS2_34_2_10_11.xlsx,13
CS2_34,596,0.5,0.82935174,72.018325,2011-02-02 12:12:36,CS2_34_2_10_11.xlsx,14
CS2_34,597,0.5,0.8250669,71.646243,2011-02-02 16:04:39,CS2_34_2_10_11.xlsx,15
CS2_34,598,0.5,0.82060319,71.258629,2011-02-02 19:56:06,CS2_34_2_10_11.xlsx,16
CS2_34,599,0.5,0.81831104,71.059585,2011-02-02 23:47:55,CS2_34_2_10_11.xlsx,17
CS2_34,600,0.5,0.81598563,70.857653,2011-02-03 03:39:39,CS2_34_2_10_11.xlsx,18
CS2_34,601,0.5,0.81674781,70.923839,2011-02-03 07:31:05,CS2_34_2_10_11.xlsx,19
CS2_34,602,0.5,0.81157498,70.474647,2011-02-03 11:22:40,CS2_34_2_10_11.xlsx,20
CS2_34,603,0.5,0.80835633,70.195149,2011-02-03 15:13:20,CS2_34_2_10_11.xlsx,21
CS2_34,604,0.5,0.80553586,69.950228,2011-02-03 19:02:57,CS2_34_2_10_11.xlsx,22
CS2_34,605,0.5,0.80375338,69.795444,2011-02-03 22:52:14,CS2_34_2_10_11.xlsx,23
CS2_34,606,0.5,0.80180486,69.62624,2011-02-04 02:41:31,CS2_34_2_10_11.xlsx,24
CS2_34,607,0.5,0.80134824,69.586589,2011-02-04 06:30:24,CS2_34_2_10_11.xlsx,25
CS2_34,608,0.5,0.80303852,69.733367,2011-02-04 10:19:21,CS2_34_2_10_11.xlsx,26
CS2_34,609,0.5,0.80340661,69.765331,2011-02-04 14:07:48,CS2_34_2_10_11.xlsx,27
CS2_34,610,0.5,0.79919941,69.399991,2011-02-04 17:56:39,CS2_34_2_10_11.xlsx,28
CS2_34,611,0.5,0.79611417,69.132078,2011-02-04 21:45:01,CS2_34_2_10_11.xlsx,29
CS2_34,612,0.5,0.79442474,68.985373,2011-02-05 01:33:12,CS2_34_2_10_11.xlsx,30
CS2_34,613,0.5,0.79284615,68.848294,2011-02-05 05:21:04,CS2_34_2_10_11.xlsx,31
CS2_34,614,0.5,0.79126346,68.710857,2011-02-05 09:08:46,CS2_34_2_10_11.xlsx,32
CS2_34,615,0.5,0.79001745,68.602658,2011-02-05 12:56:07,CS2_34_2_10_11.xlsx,33
CS2_34,616,0.5,0.78892658,68.50793,2011-02-05 16:43:21,CS2_34_2_10_11.xlsx,34
CS2_34,617,0.5,0.78746827,68.381295,2011-02-05 20:30:31,CS2_34_2_10_11.xlsx,35
CS2_34,618,0.5,0.78577623,68.234364,2011-02-06 00:17:21,CS2_34_2_10_11.xlsx,36
CS2_34,619,0.5,0.78413046,68.09145,2011-02-06 04:04:01,CS2_34_2_10_11.xlsx,37
CS2_34,620,0.5,0.78308492,68.000658,2011-02-06 07:50:29,CS2_34_2_10_11.xlsx,38
CS2_34,621,0.5,0.78330592,68.01985,2011-02-06 11:36:55,CS2_34_2_10_11.xlsx,39
CS2_34,622,0.5,0.7837066,68.054643,2011-02-06 15:23:16,CS2_34_2_10_11.xlsx,40
CS2_34,623,0.5,0.78076628,67.799315,2011-02-06 19:09:16,CS2_34_2_10_11.xlsx,41
CS2_34,624,0.5,0.77891201,67.638296,2011-02-06 22:54:51,CS2_34_2_10_11.xlsx,42
CS2_34,625,0.5,0.77955715,67.694318,2011-02-07 02:40:22,CS2_34_2_10_11.xlsx,43
CS2_34,626,0.5,0.77904747,67.650059,2011-02-07 06:26:04,CS2_34_2_10_11.xlsx,44
CS2_34,627,0.5,0.78245652,67.94609,2011-02-07 10:11:56,CS2_34_2_10_11.xlsx,45
CS2_34,628,0.5,0.78383169,68.065505,2011-02-07 13:57:50,CS2_34_2_10_11.xlsx,46
CS2_34,629,0.5,0.7799608,67.72937,2011-02-07 17:43:01,CS2_34_2_10_11.xlsx,47
CS2_34,630,0.5,0.77817861,67.57461,2011-02-07 21:27:53,CS2_34_2_10_11.xlsx,48
CS2_34,631,0.5,0.77470884,67.273306,2011-02-08 01:12:47,CS2_34_2_10_11.xlsx,49
CS2_34,632,0.5,0.77356013,67.173556,2011-02-08 04:57:13,CS2_34_2_10_11.xlsx,50
CS2_34,633,0.5,0.82205505,71.384703,2011-02-10 12:44:33,CS2_34_2_18_11.xlsx,1
CS2_34,634,0.5,0.80772912,70.140684,2011-02-10 16:33:47,CS2_34_2_18_11.xlsx,2
CS2_34,635,0.5,0.80083268,69.541819,2011-02-10 20:26:23,CS2_34_2_18_11.xlsx,3
CS2_34,636,0.5,0.79480991,69.01882,2011-02-11 00:16:54,CS2_34_2_18_11.xlsx,4
CS2_34,637,0.5,0.78963974,68.569858,2011-02-11 04:06:10,CS2_34_2_18_11.xlsx,5
CS2_34,638,0.5,0.78601709,68.255279,2011-02-11 07:54:27,CS2_34_2_18_11.xlsx,6
CS2_34,639,0.5,0.78589971,68.245086,2011-02-11 11:39:12,CS2_34_2_18_11.xlsx,7
CS2_34,640,0.5,0.78158415,67.870337,2011-02-11 15:26:30,CS2_34_2_18_11.xlsx,8
CS2_34,641,0.5,0.77694899,67.467833,2011-02-11 19:12:43,CS2_34_2_18_11.xlsx,9
CS2_34,642,0.5,0.77352844,67.170804,2011-02-11 22:58:54,CS2_34_2_18_11.xlsx,10
CS2_34,643,0.5,0.77060573,66.917004,2011-02-12 02:44:17,CS2_34_2_18_11.xlsx,11
CS2_34,644,0.5,0.76820085,66.708172,2011-02-12 06:29:11,CS2_34_2_18_11.xlsx,12
CS2_34,645,0.5,0.76655747,66.565466,2011-02-12 10:13:49,CS2_34_2_18_11.xlsx,13
CS2_34,646,0.5,0.76928425,66.802251,2011-02-12 13:58:26,CS2_34_2_18_11.xlsx,14
CS2_34,647,0.5,0.76433369,66.37236,2011-02-12 17:42:52,CS2_34_2_18_11.xlsx,15
CS2_34,648,0.5,0.76233952,66.199192,2011-02-12 21:27:15,CS2_34_2_18_11.xlsx,16
CS2_34,649,0.5,0.76031847,66.023691,2011-02-13 01:11:01,CS2_34_2_18_11.xlsx,17
CS2_34,650,0.5,0.75881546,65.893174,2011-02-13 04:54:25,CS2_34_2_18_11.xlsx,18
CS2_34,651,0.5,0.75874955,65.887451,2011-02-13 08:37:38,CS2_34_2_18_11.xlsx,19
CS2_34,652,0.5,0.76027976,66.020329,2011-02-13 12:20:47,CS2_34_2_18_11.xlsx,20
CS2_34,653,0.5,0.76007723,66.002742,2011-02-13 16:03:41,CS2_34_2_18_11.xlsx,21
CS2_34,654,0.5,0.7592029,65.926818,2011-02-13 19:46:27,CS2_34_2_18_11.xlsx,22
CS2_34,655,0.5,0.75838923,65.856162,2011-02-13 23:29:04,CS2_34_2_18_11.xlsx,23
CS2_34,656,0.5,0.75747278,65.77658,2011-02-14 03:11:27,CS2_34_2_18_11.xlsx,24
CS2_34,657,0.5,0.75951027,65.953509,2011-02-14 06:53:38,CS2_34_2_18_11.xlsx,25
CS2_34,658,0.5,0.76102304,66.084874,2011-02-14 10:36:09,CS2_34_2_18_11.xlsx,26
CS2_34,659,0.5,0.76215382,66.183067,2011-02-14 14:17:48,CS2_34_2_18_11.xlsx,27
CS2_34,660,0.5,0.75849545,65.865385,2011-02-14 17:59:51,CS2_34_2_18_11.xlsx,28
CS2_34,661,0.5,0.75656664,65.697894,2011-02-14 21:41:31,CS2_34_2_18_11.xlsx,29
CS2_34,662,0.5,0.75321187,65.406576,2011-02-15 01:23:06,CS2_34_2_18_11.xlsx,30
CS2_34,663,0.5,0.75266692,65.359254,2011-02-15 05:04:29,CS2_34_2_18_11.xlsx,31
CS2_34,664,0.5,0.75559218,65.613274,2011-02-15 08:45:49,CS2_34_2_18_11.xlsx,32
CS2_34,665,0.5,0.75592487,65.642164,2011-02-15 12:27:14,CS2_34_2_18_11.xlsx,33
CS2_34,666,0.5,0.7530298,65.390765,2011-02-15 16:08:34,CS2_34_2_18_11.xlsx,34
CS2_34,667,0.5,0.75124653,65.235912,2011-02-15 19:49:12,CS2_34_2_18_11.xlsx,35
CS2_34,668,0.5,0.74283254,64.505267,2011-02-15 23:30:14,CS2_34_2_18_11.xlsx,36
CS2_34,669,0.5,0.74100401,64.346484,2011-02-16 03:10:37,CS2_34_2_18_11.xlsx,37
CS2_34,670,0.5,0.74251428,64.477631,2011-02-16 06:49:52,CS2_34_2_18_11.xlsx,38
CS2_34,671,0.5,0.74689212,64.857788,2011-02-16 10:29:37,CS2_34_2_18_11.xlsx,39
CS2_34,672,0.5,0.74748959,64.909671,2011-02-16 14:09:29,CS2_34_2_18_11.xlsx,40
CS2_34,673,0.5,0.74150802,64.39025,2011-02-16 17:49:01,CS2_34_2_18_11.xlsx,41
CS2_34,674,0.5,0.74090107,64.337544,2011-02-16 21:28:24,CS2_34_2_18_11.xlsx,42
CS2_34,675,0.5,0.73833003,64.114283,2011-02-17 01:07:01,CS2_34_2_18_11.xlsx,43
CS2_34,676,0.5,0.73710545,64.007944,2011-02-17 04:45:11,CS2_34_2_18_11.xlsx,44
CS2_34,677,0.5,0.74138664,64.37971,2011-02-17 08:23:21,CS2_34_2_18_11.xlsx,45
CS2_34,678,0.5,0.74007563,64.265865,2011-02-17 12:01:45,CS2_34_2_18_11.xlsx,46
CS2_34,679,0.5,0.73781065,64.069182,2011-02-17 15:39:29,CS2_34_2_18_11.xlsx,47
CS2_34,680,0.5,0.73542875,63.862345,2011-02-17 19:16:53,CS2_34_2_18_11.xlsx,48
CS2_34,681,0.5,0.73304415,63.655274,2011-02-17 22:54:14,CS2_34_2_18_11.xlsx,49
CS2_34,682,0.5,0.73009214,63.398931,2011-02-18 02:31:17,CS2_34_2_18_11.xlsx,50
CS2_34,683,0.5,0.75215972,65.31521,2011-02-18 15:49:40,CS2_34_2_25_11.xlsx,1
CS2_34,684,0.5,0.73978252,64.240413,2011-02-18 19:27:24,CS2_34_2_25_11.xlsx,2
CS2_34,685,0.5,0.73415024,63.751323,2011-02-18 23:07:01,CS2_34_2_25_11.xlsx,3
CS2_34,686,0.5,0.73015004,63.403958,2011-02-19 02:44:58,CS2_34_2_25_11.xlsx,4
CS2_34,687,0.5,0.72710392,63.139442,2011-02-19 06:22:05,CS2_34_2_25_11.xlsx,5
CS2_34,688,0.5,0.72469883,62.930592,2011-02-19 09:58:43,CS2_34_2_25_11.xlsx,6
CS2_34,689,0.5,0.7225732,62.746009,2011-02-19 13:34:44,CS2_34_2_25_11.xlsx,7
CS2_34,690,0.5,0.7194575,62.475452,2011-02-19 17:10:36,CS2_34_2_25_11.xlsx,8
CS2_34,691,0.5,0.71410895,62.011,2011-02-19 20:45:57,CS2_34_2_25_11.xlsx,9
CS2_34,692,0.5,0.71048999,61.696741,2011-02-20 00:20:36,CS2_34_2_25_11.xlsx,10
CS2_34,693,0.5,0.70875754,61.5463,2011-02-20 03:55:09,CS2_34_2_25_11.xlsx,11
CS2_34,694,0.5,0.70708736,61.401267,2011-02-20 07:29:33,CS2_34_2_25_11.xlsx,12
CS2_34,695,0.5,0.70808302,61.487727,2011-02-20 11:03:46,CS2_34_2_25_11.xlsx,13
CS2_34,696,0.5,0.7078901,61.470974,2011-02-20 14:38:04,CS2_34_2_25_11.xlsx,14
CS2_34,697,0.5,0.70641576,61.342947,2011-02-20 18:11:52,CS2_34_2_25_11.xlsx,15
CS2_34,698,0.5,0.69792726,60.605832,2011-02-20 23:32:01,CS2_34_2_25_11.xlsx,17
CS2_34,699,0.5,0.69785976,60.599971,2011-02-21 03:10:09,CS2_34_2_25_11.xlsx,18
CS2_34,700,0.5,0.69998986,60.784942,2011-02-21 06:42:53,CS2_34_2_25_11.xlsx,19
CS2_34,701,0.5,0.70176977,60.939504,2011-02-21 10:15:58,CS2_34_2_25_11.xlsx,20
CS2_34,702,0.5,0.7013952,60.906977,2011-02-21 13:48:16,CS2_34_2_25_11.xlsx,21
CS2_34,703,0.5,0.69388636,60.254933,2011-02-21 17:20:36,CS2_34_2_25_11.xlsx,22
CS2_34,704,0.5,0.69108665,60.011815,2011-02-21 20:52:07,CS2_34_2_25_11.xlsx,23
CS2_34,705,0.5,0.68697832,59.655061,2011-02-22 00:22:38,CS2_34_2_25_11.xlsx,24
CS2_34,706,0.5,0.68783017,59.729033,2011-02-22 03:52:38,CS2_34_2_25_11.xlsx,25
CS2_34,707,0.5,0.68717886,59.672474,2011-02-22 07:22:22,CS2_34_2_25_11.xlsx,26
CS2_34,708,0.5,0.68652543,59.615733,2011-02-22 10:53:10,CS2_34_2_25_11.xlsx,27
CS2_34,709,0.5,0.68551708,59.528171,2011-02-22 14:22:34,CS2_34_2_25_11.xlsx,28
CS2_34,710,0.5,0.6795982,59.014193,2011-02-22 17:51:41,CS2_34_2_25_11.xlsx,29
CS2_34,711,0.5,0.67678839,58.770198,2011-02-22 21:20:20,CS2_34_2_25_11.xlsx,30
CS2_34,712,0.5,0.67307849,58.448042,2011-02-23 00:48:24,CS2_34_2_25_11.xlsx,31
CS2_34,713,0.5,0.66984703,58.167432,2011-02-23 04:16:21,CS2_34_2_25_11.xlsx,32
CS2_34,714,0.5,0.6715955,58.319264,2011-02-23 07:43:27,CS2_34_2_25_11.xlsx,33
CS2_34,715,0.5,0.67350439,58.485026,2011-02-23 11:10:14,CS2_34_2_25_11.xlsx,34
CS2_34,716,0.5,0.67247785,58.395885,2011-02-23 14:36:57,CS2_34_2_25_11.xlsx,35
CS2_34,717,0.5,0.66582249,57.817954,2011-02-23 18:03:41,CS2_34_2_25_11.xlsx,36
CS2_34,718,0.5,0.66532209,57.774501,2011-02-23 21:29:22,CS2_34_2_25_11.xlsx,37
CS2_34,719,0.5,0.65785094,57.125729,2011-02-24 00:54:30,CS2_34_2_25_11.xlsx,38
CS2_34,720,0.5,0.65516213,56.892242,2011-02-24 04:19:10,CS2_34_2_25_11.xlsx,39
CS2_34,721,0.5,0.65166993,56.588989,2011-02-24 07:42:57,CS2_34_2_25_11.xlsx,40
CS2_34,722,0.5,0.65437762,56.824117,2011-02-24 11:06:30,CS2_34_2_25_11.xlsx,41
CS2_34,723,0.5,0.65059738,56.495852,2011-02-24 14:29:10,CS2_34_2_25_11.xlsx,42
CS2_34,724,0.5,0.67408658,58.535581,2011-02-25 16:41:08,CS2_34_3_7_11.xlsx,1
CS2_34,725,0.5,0.64333292,55.865029,2011-02-25 18:55:58,CS2_34_3_7_11.xlsx,2
CS2_34,726,0.5,0.63431492,55.081935,2011-02-25 22:18:46,CS2_34_3_7_11.xlsx,3
CS2_34,727,0.5,0.62778991,54.515323,2011-02-26 01:39:31,CS2_34_3_7_11.xlsx,4
CS2_34,728,0.5,0.623478,54.14089,2011-02-26 04:58:51,CS2_34_3_7_11.xlsx,5
CS2_34,729,0.5,0.6186019,53.717464,2011-02-26 08:17:23,CS2_34_3_7_11.xlsx,6
CS2_34,730,0.5,0.62260581,54.065152,2011-02-26 13:00:33,CS2_34_3_7_11.xlsx,8
CS2_34,731,0.5,0.61909732,53.760485,2011-02-26 16:25:14,CS2_34_3_7_11.xlsx,9
CS2_34,732,0.5,0.61089488,53.048211,2011-02-26 19:42:56,CS2_34_3_7_11.xlsx,10
CS2_34,733,0.5,0.60604678,52.627217,2011-02-26 22:58:43,CS2_34_3_7_11.xlsx,11
CS2_34,734,0.5,0.60371038,52.424331,2011-02-27 02:14:30,CS2_34_3_7_11.xlsx,12
CS2_34,735,0.5,0.60126957,52.212379,2011-02-27 05:29:21,CS2_34_3_7_11.xlsx,13
CS2_34,736,0.5,0.60444373,52.488013,2011-02-27 08:43:38,CS2_34_3_7_11.xlsx,14
CS2_34,737,0.5,0.6054027,52.571288,2011-02-27 13:20:35,CS2_34_3_7_11.xlsx,16
CS2_34,738,0.5,0.60389042,52.439966,2011-02-27 16:42:25,CS2_34_3_7_11.xlsx,17
CS2_34,739,0.5,0.60222413,52.29527,2011-02-27 19:57:09,CS2_34_3_7_11.xlsx,18
CS2_34,740,0.5,0.60149788,52.232205,2011-02-27 23:11:01,CS2_34_3_7_11.xlsx,19
CS2_34,741,0.5,0.59828159,51.952912,2011-02-28 02:24:32,CS2_34_3_7_11.xlsx,20
CS2_34,742,0.5,0.59754303,51.888778,2011-02-28 05:37:37,CS2_34_3_7_11.xlsx,21
CS2_34,743,0.5,0.60441791,52.485771,2011-02-28 08:50:26,CS2_34_3_7_11.xlsx,22
CS2_34,744,0.5,0.60355386,52.41074,2011-02-28 12:03:29,CS2_34_3_7_11.xlsx,23
CS2_34,745,0.5,0.59827485,51.952327,2011-02-28 15:16:52,CS2_34_3_7_11.xlsx,24
CS2_34,746,0.5,0.59296852,51.491541,2011-02-28 18:28:48,CS2_34_3_7_11.xlsx,25
CS2_34,747,0.5,0.59010119,51.242552,2011-02-28 21:40:41,CS2_34_3_7_11.xlsx,26
CS2_34,748,0.5,0.57817489,50.206909,2011-03-01 00:51:47,CS2_34_3_7_11.xlsx,27
CS2_34,749,0.5,0.57320411,49.775262,2011-03-01 04:01:05,CS2_34_3_7_11.xlsx,28
CS2_34,750,0.5,0.57551771,49.976168,2011-03-01 08:23:04,CS2_34_3_7_11.xlsx,30
CS2_34,751,0.5,0.57451854,49.889403,2011-03-01 11:39:48,CS2_34_3_7_11.xlsx,31
CS2_34,752,0.5,0.57916158,50.29259,2011-03-01 14:49:02,CS2_34_3_7_11.xlsx,32
CS2_34,753,0.5,0.56792909,49.317196,2011-03-01 17:57:50,CS2_34_3_7_11.xlsx,33
CS2_34,754,0.5,0.55875497,48.520543,2011-03-01 21:05:48,CS2_34_3_7_11.xlsx,34
CS2_34,755,0.5,0.55387681,48.096939,2011-03-02 00:12:46,CS2_34_3_7_11.xlsx,35
CS2_34,756,0.5,0.54947893,47.715041,2011-03-02 03:18:19,CS2_34_3_7_11.xlsx,36
CS2_34,757,0.5,0.55012513,47.771155,2011-03-02 06:22:51,CS2_34_3_7_11.xlsx,37
CS2_34,758,0.5,0.56085238,48.702676,2011-03-02 09:27:18,CS2_34_3_7_11.xlsx,38
CS2_34,759,0.5,0.55792961,48.448871,2011-03-02 12:32:15,CS2_34_3_7_11.xlsx,39
CS2_34,760,0.5,0.55491725,48.187288,2011-03-02 15:36:53,CS2_34_3_7_11.xlsx,40
CS2_34,761,0.5,0.54992454,47.753736,2011-03-02 18:41:21,CS2_34_3_7_11.xlsx,41
CS2_34,762,0.5,0.53907585,46.81167,2011-03-02 21:45:04,CS2_34_3_7_11.xlsx,42
CS2_34,763,0.5,0.53379812,46.353368,2011-03-03 00:46:39,CS2_34_3_7_11.xlsx,43
CS2_34,764,0.5,0.5313111,46.137403,2011-03-03 03:47:46,CS2_34_3_7_11.xlsx,44
CS2_34,765,0.5,0.53224875,46.218825,2011-03-03 06:48:07,CS2_34_3_7_11.xlsx,45
CS2_34,766,0.5,0.53275574,46.262852,2011-03-03 09:48:06,CS2_34_3_7_11.xlsx,46
CS2_34,767,0.5,0.52721663,45.781852,2011-03-03 12:47:45,CS2_34_3_7_11.xlsx,47
CS2_34,768,0.5,0.52386614,45.490906,2011-03-03 15:47:07,CS2_34_3_7_11.xlsx,48
CS2_34,769,0.5,0.51850877,45.025689,2011-03-03 18:45:30,CS2_34_3_7_11.xlsx,49
CS2_34,770,0.5,0.51600696,44.808439,2011-03-03 21:42:54,CS2_34_3_7_11.xlsx,50
CS2_35,1,1.0,1.13846008,100.086071,2010-08-16 13:44:57,CS2_35_8_17_10.xlsx,1
CS2_35,2,1.0,1.13772786,100.021699,2010-08-17 14:30:57,CS2_35_8_18_10.xlsx,1
CS2_35,3,1.0,1.13748104,100.0,2010-08-18 10:59:23,CS2_35_8_19_10.xlsx,1
CS2_35,4,1.0,1.13709241,99.965834,2010-08-19 14:21:41,CS2_35_8_30_10.xlsx,1
CS2_35,5,1.0,1.13134905,99.460915,2010-08-19 17:57:41,CS2_35_8_30_10.xlsx,2
CS2_35,6,1.0,1.12936568,99.28655,2010-08-19 21:33:39,CS2_35_8_30_10.xlsx,3
CS2_35,7,1.0,1.1232211,98.746358,2010-08-20 01:07:04,CS2_35_8_30_10.xlsx,4
CS2_35,8,1.0,1.11103539,97.675069,2010-08-20 04:39:25,CS2_35_8_30_10.xlsx,5
CS2_35,9,1.0,1.10605807,97.237496,2010-08-20 08:11:30,CS2_35_8_30_10.xlsx,6
CS2_35,10,1.0,1.10262739,96.935892,2010-08-20 11:42:08,CS2_35_8_30_10.xlsx,7
CS2_35,11,1.0,1.09814268,96.541625,2010-08-20 15:11:59,CS2_35_8_30_10.xlsx,8
CS2_35,12,1.0,1.10429536,97.082529,2010-08-20 18:41:06,CS2_35_8_30_10.xlsx,9
CS2_35,13,1.0,1.1057986,97.214684,2010-08-20 22:09:40,CS2_35_8_30_10.xlsx,10
CS2_35,14,1.0,1.10560298,97.197487,2010-08-21 01:38:09,CS2_35_8_30_10.xlsx,11
CS2_35,15,1.0,1.10517404,97.159777,2010-08-21 05:06:16,CS2_35_8_30_10.xlsx,12
CS2_35,16,1.0,1.10460907,97.110109,2010-08-21 08:34:13,CS2_35_8_30_10.xlsx,13
CS2_35,17,1.0,1.10414093,97.068953,2010-08-21 12:01:59,CS2_35_8_30_10.xlsx,14
CS2_35,18,1.0,1.10363309,97.024307,2010-08-21 15:29:21,CS2_35_8_30_10.xlsx,15
CS2_35,19,1.0,1.1028933,96.959269,2010-08-21 18:56:32,CS2_35_8_30_10.xlsx,16
CS2_35,20,1.0,1.10191265,96.873056,2010-08-21 22:23:28,CS2_35_8_30_10.xlsx,17
CS2_35,21,1.0,1.10119766,96.8102,2010-08-22 01:50:11,CS2_35_8_30_10.xlsx,18
CS2_35,22,1.0,1.10041045,96.740993,2010-08-22 05:16:44,CS2_35_8_30_10.xlsx,19
CS2_35,23,1.0,1.0997346,96.681576,2010-08-22 08:43:08,CS2_35_8_30_10.xlsx,20
CS2_35,24,1.0,1.09912897,96.628333,2010-08-22 12:09:16,CS2_35_8_30_10.xlsx,21
CS2_35,25,1.0,1.09848613,96.57182,2010-08-22 15:35:13,CS2_35_8_30_10.xlsx,22
CS2_35,26,1.0,1.09766662,96.499773,2010-08-22 19:00:57,CS2_35_8_30_10.xlsx,23
CS2_35,27,1.0,1.09688713,96.431245,2010-08-22 22:26:35,CS2_35_8_30_10.xlsx,24
CS2_35,28,1.0,1.08609156,95.482169,2010-08-23 01:52:06,CS2_35_8_30_10.xlsx,25
CS2_35,29,1.0,1.07856225,94.82024,2010-08-23 05:16:29,CS2_35_8_30_10.xlsx,26
CS2_35,30,1.0,1.07487775,94.496322,2010-08-23 08:41:09,CS2_35_8_30_10.xlsx,27
CS2_35,31,1.0,1.07215848,94.257262,2010-08-23 12:05:05,CS2_35_8_30_10.xlsx,28
CS2_35,32,1.0,1.0691398,93.991879,2010-08-23 15:28:43,CS2_35_8_30_10.xlsx,29
CS2_35,33,1.0,1.07936766,94.891047,2010-08-23 18:51:55,CS2_35_8_30_10.xlsx,30
CS2_35,34,1.0,1.08175345,95.100789,2010-08-23 22:14:52,CS2_35_8_30_10.xlsx,31
CS2_35,35,1.0,1.07370928,94.393598,2010-08-24 01:38:18,CS2_35_8_30_10.xlsx,32
CS2_35,36,1.0,1.06593764,93.710366,2010-08-24 05:01:22,CS2_35_8_30_10.xlsx,33
CS2_35,37,1.0,1.06350383,93.496401,2010-08-24 08:24:18,CS2_35_8_30_10.xlsx,34
CS2_35,38,1.0,1.06214651,93.377074,2010-08-24 11:46:39,CS2_35_8_30_10.xlsx,35
CS2_35,39,1.0,1.05974588,93.166026,2010-08-24 15:08:43,CS2_35_8_30_10.xlsx,36
CS2_35,40,1.0,1.07001841,94.06912,2010-08-24 18:30:32,CS2_35_8_30_10.xlsx,37
CS2_35,41,1.0,1.07239604,94.278146,2010-08-24 21:52:08,CS2_35_8_30_10.xlsx,38
CS2_35,42,1.0,1.06712839,93.815049,2010-08-25 01:14:16,CS2_35_8_30_10.xlsx,39
CS2_35,43,1.0,1.05746904,92.965861,2010-08-25 04:36:10,CS2_35_8_30_10.xlsx,40
CS2_35,44,1.0,1.05642806,92.874345,2010-08-25 07:58:14,CS2_35_8_30_10.xlsx,41
CS2_35,45,1.0,1.05553768,92.796069,2010-08-25 11:19:23,CS2_35_8_30_10.xlsx,42
CS2_35,46,1.0,1.0538653,92.649044,2010-08-25 14:40:21,CS2_35_8_30_10.xlsx,43
CS2_35,47,1.0,1.06025604,93.210876,2010-08-25 18:01:12,CS2_35_8_30_10.xlsx,44
CS2_35,48,1.0,1.06434885,93.57069,2010-08-25 21:22:39,CS2_35_8_30_10.xlsx,45
CS2_35,49,1.0,1.06560696,93.681294,2010-08-26 00:43:36,CS2_35_8_30_10.xlsx,46
CS2_35,50,1.0,1.0527904,92.554545,2010-08-26 04:04:42,CS2_35_8_30_10.xlsx,47
CS2_35,51,1.0,1.0517493,92.463018,2010-08-26 07:26:15,CS2_35_8_30_10.xlsx,48
CS2_35,52,1.0,1.05056103,92.358554,2010-08-26 10:46:32,CS2_35_8_30_10.xlsx,49
CS2_35,53,1.0,1.04858945,92.185224,2010-08-26 14:06:40,CS2_35_8_30_10.xlsx,50
CS2_35,54,1.0,1.09734379,96.471392,2010-08-31 13:30:15,CS2_35_9_7_10.xlsx,1
CS2_35,55,1.0,1.0936053,96.142728,2010-08-31 16:53:09,CS2_35_9_7_10.xlsx,2
CS2_35,56,1.0,1.09739673,96.476046,2010-08-31 20:21:09,CS2_35_9_7_10.xlsx,3
CS2_35,57,1.0,1.09701981,96.442909,2010-08-31 23:47:56,CS2_35_9_7_10.xlsx,4
CS2_35,58,1.0,1.08743814,95.600551,2010-09-01 03:14:38,CS2_35_9_7_10.xlsx,5
CS2_35,59,1.0,0.97093842,85.358647,2010-09-01 06:41:19,CS2_35_9_7_10.xlsx,6
CS2_35,60,1.0,1.08197547,95.120309,2010-09-01 09:26:20,CS2_35_9_7_10.xlsx,7
CS2_35,61,1.0,1.07923337,94.879241,2010-09-01 12:52:30,CS2_35_9_7_10.xlsx,8
CS2_35,62,1.0,1.07066663,94.126108,2010-09-01 16:17:45,CS2_35_9_7_10.xlsx,9
CS2_35,63,1.0,1.0727665,94.310715,2010-09-01 19:43:00,CS2_35_9_7_10.xlsx,10
CS2_35,64,1.0,1.07038848,94.101655,2010-09-01 23:07:07,CS2_35_9_7_10.xlsx,11
CS2_35,65,1.0,1.06228756,93.389474,2010-09-02 02:31:15,CS2_35_9_7_10.xlsx,12
CS2_35,66,1.0,1.0600102,93.189263,2010-09-02 05:55:02,CS2_35_9_7_10.xlsx,13
CS2_35,67,1.0,1.05796831,93.009754,2010-09-02 09:18:16,CS2_35_9_7_10.xlsx,14
CS2_35,68,1.0,1.05651314,92.881825,2010-09-02 12:41:00,CS2_35_9_7_10.xlsx,15
CS2_35,69,1.0,1.05197144,92.482547,2010-09-02 16:03:15,CS2_35_9_7_10.xlsx,16
CS2_35,70,1.0,1.05418475,92.677128,2010-09-02 19:25:31,CS2_35_9_7_10.xlsx,17
CS2_35,71,1.0,1.05341184,92.609178,2010-09-02 22:47:16,CS2_35_9_7_10.xlsx,18
CS2_35,72,1.0,1.04783902,92.119252,2010-09-03 02:09:01,CS2_35_9_7_10.xlsx,19
CS2_35,73,1.0,1.04549363,91.913061,2010-09-03 05:30:09,CS2_35_9_7_10.xlsx,20
CS2_35,74,1.0,1.04452777,91.828148,2010-09-03 08:51:24,CS2_35_9_7_10.xlsx,21
CS2_35,75,1.0,1.04350653,91.738367,2010-09-03 12:12:14,CS2_35_9_7_10.xlsx,22
CS2_35,76,1.0,1.0391248,91.353154,2010-09-03 15:32:41,CS2_35_9_7_10.xlsx,23
CS2_35,77,1.0,1.04290588,91.685562,2010-09-03 18:52:57,CS2_35_9_7_10.xlsx,24
CS2_35,78,1.0,1.04250517,91.650334,2010-09-03 22:12:50,CS2_35_9_7_10.xlsx,25
CS2_35,79,1.0,1.04122709,91.537973,2010-09-04 01:32:50,CS2_35_9_7_10.xlsx,26
CS2_35,80,1.0,1.03964249,91.398665,2010-09-04 04:52:39,CS2_35_9_7_10.xlsx,27
CS2_35,81,1.0,1.0385324,91.301074,2010-09-04 08:12:15,CS2_35_9_7_10.xlsx,28
CS2_35,82,1.0,1.03842865,91.291953,2010-09-04 11:31:38,CS2_35_9_7_10.xlsx,29
CS2_35,83,1.0,1.03733872,91.196133,2010-09-04 14:50:47,CS2_35_9_7_10.xlsx,30
CS2_35,84,1.0,1.03536267,91.022412,2010-09-04 18:09:53,CS2_35_9_7_10.xlsx,31
CS2_35,85,1.0,1.03407618,90.909312,2010-09-04 21:28:48,CS2_35_9_7_10.xlsx,32
CS2_35,86,1.0,1.03314097,90.827094,2010-09-05 00:47:32,CS2_35_9_7_10.xlsx,33
CS2_35,87,1.0,1.03174805,90.704637,2010-09-05 04:06:07,CS2_35_9_7_10.xlsx,34
CS2_35,88,1.0,1.03096829,90.636086,2010-09-05 07:24:34,CS2_35_9_7_10.xlsx,35
CS2_35,89,1.0,1.03008409,90.558352,2010-09-05 10:42:51,CS2_35_9_7_10.xlsx,36
CS2_35,90,1.0,1.03030209,90.577518,2010-09-05 14:00:58,CS2_35_9_7_10.xlsx,37
CS2_35,91,1.0,1.02852693,90.421457,2010-09-05 17:19:05,CS2_35_9_7_10.xlsx,38
CS2_35,92,1.0,1.02740774,90.323065,2010-09-05 20:37:04,CS2_35_9_7_10.xlsx,39
CS2_35,93,1.0,1.02679449,90.269152,2010-09-05 23:54:48,CS2_35_9_7_10.xlsx,40
CS2_35,94,1.0,1.01721006,89.426551,2010-09-06 03:12:25,CS2_35_9_7_10.xlsx,41
CS2_35,95,1.0,1.01365976,89.114432,2010-09-06 06:30:08,CS2_35_9_7_10.xlsx,42
CS2_35,96,1.0,1.01258928,89.020322,2010-09-06 09:46:57,CS2_35_9_7_10.xlsx,43
CS2_35,97,1.0,1.01089093,88.871014,2010-09-06 13:03:40,CS2_35_9_7_10.xlsx,44
CS2_35,98,1.0,1.02919404,90.480105,2010-09-07 10:44:17,CS2_35_9_8_10.xlsx,1
CS2_35,99,1.0,1.02798362,90.373693,2010-09-07 13:30:01,CS2_35_9_8_10.xlsx,2
CS2_35,100,1.0,1.02551881,90.157003,2010-09-07 16:48:19,CS2_35_9_8_10.xlsx,3
CS2_35,101,1.0,1.03410077,90.911473,2010-09-07 20:06:13,CS2_35_9_8_10.xlsx,4
CS2_35,102,1.0,1.03439545,90.93738,2010-09-07 23:23:30,CS2_35_9_8_10.xlsx,5
CS2_35,103,1.0,1.02427029,90.047241,2010-09-08 02:41:23,CS2_35_9_8_10.xlsx,6
CS2_35,104,1.0,0.91675496,80.595186,2010-09-08 05:59:19,CS2_35_9_8_10.xlsx,7
CS2_35,105,1.0,1.05359728,92.625481,2010-09-14 13:57:43,CS2_35_9_21_10.xlsx,1
CS2_35,106,1.0,1.05294224,92.567894,2010-09-14 17:05:17,CS2_35_9_21_10.xlsx,2
CS2_35,107,1.0,1.06015877,93.202325,2010-09-14 20:27:26,CS2_35_9_21_10.xlsx,3
CS2_35,108,1.0,1.06120877,93.294634,2010-09-14 23:48:35,CS2_35_9_21_10.xlsx,4
CS2_35,109,1.0,1.04714418,92.058165,2010-09-15 03:10:05,CS2_35_9_21_10.xlsx,5
CS2_35,110,1.0,1.04660762,92.010995,2010-09-15 06:32:18,CS2_35_9_21_10.xlsx,6
CS2_35,111,1.0,1.04745606,92.085584,2010-09-15 09:53:27,CS2_35_9_21_10.xlsx,7
CS2_35,112,1.0,1.04497007,91.867032,2010-09-15 13:13:55,CS2_35_9_21_10.xlsx,8
CS2_35,113,1.0,1.04312772,91.705064,2010-09-15 16:34:32,CS2_35_9_21_10.xlsx,9
CS2_35,114,1.0,1.05210126,92.493961,2010-09-15 19:55:19,CS2_35_9_21_10.xlsx,10
CS2_35,115,1.0,1.05257076,92.535236,2010-09-15 23:15:07,CS2_35_9_21_10.xlsx,11
CS2_35,116,1.0,1.04184101,91.591945,2010-09-16 02:35:24,CS2_35_9_21_10.xlsx,12
CS2_35,117,1.0,1.03767077,91.225325,2010-09-16 05:55:44,CS2_35_9_21_10.xlsx,13
CS2_35,118,1.0,1.03513664,91.002541,2010-09-16 09:15:41,CS2_35_9_21_10.xlsx,14
CS2_35,119,1.0,1.03368284,90.874732,2010-09-16 12:35:01,CS2_35_9_21_10.xlsx,15
CS2_35,120,1.0,1.02996728,90.548083,2010-09-16 15:54:04,CS2_35_9_21_10.xlsx,16
CS2_35,121,1.0,1.04066499,91.488558,2010-09-16 19:12:54,CS2_35_9_21_10.xlsx,17
CS2_35,122,1.0,1.0416093,91.571575,2010-09-16 22:31:15,CS2_35_9_21_10.xlsx,18
CS2_35,123,1.0,1.03091956,90.631802,2010-09-17 01:49:59,CS2_35_9_21_10.xlsx,19
CS2_35,124,1.0,1.02402697,90.02585,2010-09-17 05:07:45,CS2_35_9_21_10.xlsx,20
CS2_35,125,1.0,1.02498163,90.109778,2010-09-17 08:26:01,CS2_35_9_21_10.xlsx,21
CS2_35,126,1.0,0.9022153,79.316953,2010-09-17 11:43:43,CS2_35_9_21_10.xlsx,22
CS2_35,127,1.0,1.02056356,89.721369,2010-09-17 14:17:09,CS2_35_9_21_10.xlsx,23
CS2_35,128,1.0,1.02620758,90.217555,2010-09-17 17:35:11,CS2_35_9_21_10.xlsx,24
CS2_35,129,1.0,1.0309311,90.632817,2010-09-17 20:52:56,CS2_35_9_21_10.xlsx,25
CS2_35,130,1.0,1.03123953,90.659932,2010-09-18 00:10:01,CS2_35_9_21_10.xlsx,26
CS2_35,131,1.0,1.03105589,90.643787,2010-09-18 03:27:12,CS2_35_9_21_10.xlsx,27
CS2_35,132,1.0,1.03074216,90.616206,2010-09-18 06:44:20,CS2_35_9_21_10.xlsx,28
CS2_35,133,1.0,1.0303847,90.584781,2010-09-18 10:01:15,CS2_35_9_21_10.xlsx,29
CS2_35,134,1.0,1.030624,90.605818,2010-09-18 13:18:02,CS2_35_9_21_10.xlsx,30
CS2_35,135,1.0,1.03041535,90.587475,2010-09-18 16:34:44,CS2_35_9_21_10.xlsx,31
CS2_35,136,1.0,1.02995605,90.547096,2010-09-18 19:51:20,CS2_35_9_21_10.xlsx,32
CS2_35,137,1.0,1.0292641,90.486265,2010-09-18 23:07:46,CS2_35_9_21_10.xlsx,33
CS2_35,138,1.0,1.0287359,90.439828,2010-09-19 02:24:10,CS2_35_9_21_10.xlsx,34
CS2_35,139,1.0,1.02829077,90.400695,2010-09-19 05:40:29,CS2_35_9_21_10.xlsx,35
CS2_35,140,1.0,1.02807017,90.381302,2010-09-19 08:56:42,CS2_35_9_21_10.xlsx,36
CS2_35,141,1.0,1.02796048,90.371658,2010-09-19 12:12:45,CS2_35_9_21_10.xlsx,37
CS2_35,142,1.0,1.02793031,90.369006,2010-09-19 15:28:51,CS2_35_9_21_10.xlsx,38
CS2_35,143,1.0,1.02862143,90.429765,2010-09-19 18:44:57,CS2_35_9_21_10.xlsx,39
CS2_35,144,1.0,1.0292195,90.482343,2010-09-19 22:00:53,CS2_35_9_21_10.xlsx,40
CS2_35,145,1.0,0.91980514,80.863338,2010-09-20 01:16:52,CS2_35_9_21_10.xlsx,41
CS2_35,146,1.0,1.00990367,88.78422,2010-09-20 03:53:07,CS2_35_9_21_10.xlsx,42
CS2_35,147,1.0,1.01128908,88.906017,2010-09-20 07:10:10,CS2_35_9_21_10.xlsx,43
CS2_35,148,1.0,1.00837885,88.650168,2010-09-20 10:25:19,CS2_35_9_21_10.xlsx,44
CS2_35,149,1.0,1.00742229,88.566073,2010-09-20 13:40:28,CS2_35_9_21_10.xlsx,45
CS2_35,150,1.0,1.00445935,88.305591,2010-09-20 16:55:24,CS2_35_9_21_10.xlsx,46
CS2_35,151,1.0,1.01614403,89.332832,2010-09-20 20:10:34,CS2_35_9_21_10.xlsx,47
CS2_35,152,1.0,1.01708854,89.415867,2010-09-20 23:24:42,CS2_35_9_21_10.xlsx,48
CS2_35,153,1.0,1.00252713,88.135723,2010-09-21 02:39:37,CS2_35_9_21_10.xlsx,49
CS2_35,154,1.0,1.00009461,87.921871,2010-09-21 05:54:28,CS2_35_9_21_10.xlsx,50
CS2_35,155,1.0,1.00579917,88.423379,2010-09-21 15:48:03,CS2_35_9_30_10.xlsx,1
CS2_35,156,1.0,0.89485099,78.669531,2010-09-21 19:02:51,CS2_35_9_30_10.xlsx,2
CS2_35,157,1.0,1.01600049,89.320214,2010-09-21 21:34:13,CS2_35_9_30_10.xlsx,3
CS2_35,158,1.0,1.01638621,89.354124,2010-09-22 00:50:16,CS2_35_9_30_10.xlsx,4
CS2_35,159,1.0,1.00171376,88.064216,2010-09-22 04:05:30,CS2_35_9_30_10.xlsx,5
CS2_35,160,1.0,1.00334714,88.207812,2010-09-22 07:21:18,CS2_35_9_30_10.xlsx,6
CS2_35,161,1.0,1.00389019,88.255554,2010-09-22 10:36:01,CS2_35_9_30_10.xlsx,7
CS2_35,162,1.0,1.00310459,88.186489,2010-09-22 13:50:28,CS2_35_9_30_10.xlsx,8
CS2_35,163,1.0,1.00462966,88.320563,2010-09-22 17:04:56,CS2_35_9_30_10.xlsx,9
CS2_35,164,1.0,1.01256675,89.018341,2010-09-22 20:19:28,CS2_35_9_30_10.xlsx,10
CS2_35,165,1.0,1.01451075,89.189245,2010-09-22 23:33:38,CS2_35_9_30_10.xlsx,11
CS2_35,166,1.0,1.00223727,88.11024,2010-09-23 02:48:12,CS2_35_9_30_10.xlsx,12
CS2_35,167,1.0,1.0009128,87.993801,2010-09-23 06:02:57,CS2_35_9_30_10.xlsx,13
CS2_35,168,1.0,0.88130064,77.478271,2010-09-23 09:17:19,CS2_35_9_30_10.xlsx,14
CS2_35,169,1.0,0.99898047,87.823923,2010-09-23 11:46:59,CS2_35_9_30_10.xlsx,15
CS2_35,170,1.0,1.00089824,87.992521,2010-09-23 15:02:06,CS2_35_9_30_10.xlsx,16
CS2_35,171,1.0,1.0085982,88.669452,2010-09-23 18:16:04,CS2_35_9_30_10.xlsx,17
CS2_35,172,1.0,1.0124812,89.01082,2010-09-23 21:30:58,CS2_35_9_30_10.xlsx,18
CS2_35,173,1.0,1.01324233,89.077734,2010-09-24 00:45:13,CS2_35_9_30_10.xlsx,19
CS2_35,174,1.0,0.9986281,87.792945,2010-09-24 03:59:30,CS2_35_9_30_10.xlsx,20
CS2_35,175,1.0,1.0016645,88.059886,2010-09-24 07:14:23,CS2_35_9_30_10.xlsx,21
CS2_35,176,1.0,1.00596348,88.437824,2010-09-24 10:28:11,CS2_35_9_30_10.xlsx,22
CS2_35,177,1.0,0.90143163,79.248058,2010-09-24 13:42:17,CS2_35_9_30_10.xlsx,23
CS2_35,178,1.0,1.01350367,89.100709,2010-09-24 16:14:52,CS2_35_9_30_10.xlsx,24
CS2_35,179,1.0,1.01401312,89.145497,2010-09-24 19:29:22,CS2_35_9_30_10.xlsx,25
CS2_35,180,1.0,1.01435254,89.175336,2010-09-24 22:43:19,CS2_35_9_30_10.xlsx,26
CS2_35,181,1.0,1.01471255,89.206986,2010-09-25 01:57:16,CS2_35_9_30_10.xlsx,27
CS2_35,182,1.0,1.01508776,89.239972,2010-09-25 05:11:14,CS2_35_9_30_10.xlsx,28
CS2_35,183,1.0,1.01539428,89.266919,2010-09-25 08:25:15,CS2_35_9_30_10.xlsx,29
CS2_35,184,1.0,1.01658445,89.371551,2010-09-25 11:39:10,CS2_35_9_30_10.xlsx,30
CS2_35,185,1.0,1.01690527,89.399756,2010-09-25 14:53:15,CS2_35_9_30_10.xlsx,31
CS2_35,186,1.0,1.01710242,89.417088,2010-09-25 18:07:14,CS2_35_9_30_10.xlsx,32
CS2_35,187,1.0,1.01718148,89.424039,2010-09-25 21:21:14,CS2_35_9_30_10.xlsx,33
CS2_35,188,1.0,1.01766419,89.466475,2010-09-26 00:35:15,CS2_35_9_30_10.xlsx,34
CS2_35,189,1.0,1.01782597,89.480698,2010-09-26 03:49:23,CS2_35_9_30_10.xlsx,35
CS2_35,190,1.0,1.01789265,89.48656,2010-09-26 07:03:30,CS2_35_9_30_10.xlsx,36
CS2_35,191,1.0,1.01798272,89.494479,2010-09-26 10:17:30,CS2_35_9_30_10.xlsx,37
CS2_35,192,1.0,1.01810649,89.505359,2010-09-26 13:31:32,CS2_35_9_30_10.xlsx,38
CS2_35,193,1.0,1.01806788,89.501965,2010-09-26 16:45:30,CS2_35_9_30_10.xlsx,39
CS2_35,194,1.0,1.01808603,89.503561,2010-09-26 19:59:33,CS2_35_9_30_10.xlsx,40
CS2_35,195,1.0,1.01804179,89.499671,2010-09-26 23:13:40,CS2_35_9_30_10.xlsx,41
CS2_35,196,1.0,1.00796475,88.613763,2010-09-27 02:27:41,CS2_35_9_30_10.xlsx,42
CS2_35,197,1.0,1.00497587,88.350999,2010-09-27 05:41:18,CS2_35_9_30_10.xlsx,43
CS2_35,198,1.0,1.00427609,88.28948,2010-09-27 08:55:21,CS2_35_9_30_10.xlsx,44
CS2_35,199,1.0,1.00093815,87.99603,2010-09-27 12:08:53,CS2_35_9_30_10.xlsx,45
CS2_35,200,1.0,0.99865029,87.794895,2010-09-27 15:22:31,CS2_35_9_30_10.xlsx,46
CS2_35,201,1.0,1.00787695,88.606044,2010-09-27 18:35:54,CS2_35_9_30_10.xlsx,47
CS2_35,202,1.0,1.01082693,88.865387,2010-09-27 21:49:39,CS2_35_9_30_10.xlsx,48
CS2_35,203,1.0,1.00973729,88.769593,2010-09-28 01:03:10,CS2_35_9_30_10.xlsx,49
CS2_35,204,1.0,0.99820856,87.756061,2010-09-28 04:16:36,CS2_35_9_30_10.xlsx,50
CS2_35,205,1.0,1.0415557,91.566863,2010-10-08 14:29:45,CS2_35_10_15_10.xlsx,1
CS2_35,206,1.0,1.04434196,91.811813,2010-10-08 17:56:15,CS2_35_10_15_10.xlsx,2
CS2_35,207,1.0,1.04713157,92.057057,2010-10-08 21:18:57,CS2_35_10_15_10.xlsx,3
CS2_35,208,1.0,1.04787736,92.122623,2010-10-09 00:40:09,CS2_35_10_15_10.xlsx,4
CS2_35,209,1.0,1.04795988,92.129877,2010-10-09 04:01:16,CS2_35_10_15_10.xlsx,5
CS2_35,210,1.0,1.04761094,92.0992,2010-10-09 07:22:18,CS2_35_10_15_10.xlsx,6
CS2_35,211,1.0,1.04753655,92.092661,2010-10-09 10:43:02,CS2_35_10_15_10.xlsx,7
CS2_35,212,1.0,1.04770174,92.107183,2010-10-09 14:03:38,CS2_35_10_15_10.xlsx,8
CS2_35,213,1.0,1.04728612,92.070644,2010-10-09 17:24:11,CS2_35_10_15_10.xlsx,9
CS2_35,214,1.0,1.04662855,92.012835,2010-10-09 20:44:30,CS2_35_10_15_10.xlsx,10
CS2_35,215,1.0,1.04593963,91.95227,2010-10-10 00:04:44,CS2_35_10_15_10.xlsx,11
CS2_35,216,1.0,1.04466403,91.840127,2010-10-10 03:24:43,CS2_35_10_15_10.xlsx,12
CS2_35,217,1.0,1.04428857,91.807119,2010-10-10 06:44:34,CS2_35_10_15_10.xlsx,13
CS2_35,218,1.0,1.04374864,91.759652,2010-10-10 10:04:12,CS2_35_10_15_10.xlsx,14
CS2_35,219,1.0,1.04318363,91.70998,2010-10-10 13:23:36,CS2_35_10_15_10.xlsx,15
CS2_35,220,1.0,1.04299944,91.693787,2010-10-10 16:42:57,CS2_35_10_15_10.xlsx,16
CS2_35,221,1.0,0.92914959,81.684842,2010-10-10 20:02:07,CS2_35_10_15_10.xlsx,17
CS2_35,222,1.0,1.04187446,91.594886,2010-10-10 22:39:58,CS2_35_10_15_10.xlsx,18
CS2_35,223,1.0,1.03295362,90.810624,2010-10-11 01:59:27,CS2_35_10_15_10.xlsx,19
CS2_35,224,1.0,1.02396091,90.020043,2010-10-11 05:17:18,CS2_35_10_15_10.xlsx,20
CS2_35,225,1.0,1.02530454,90.138165,2010-10-11 08:36:24,CS2_35_10_15_10.xlsx,21
CS2_35,226,1.0,1.02314726,89.948512,2010-10-11 11:54:45,CS2_35_10_15_10.xlsx,22
CS2_35,227,1.0,1.01985526,89.6591,2010-10-11 15:13:08,CS2_35_10_15_10.xlsx,23
CS2_35,228,1.0,1.02775257,90.35338,2010-10-11 18:31:17,CS2_35_10_15_10.xlsx,24
CS2_35,229,1.0,1.03032338,90.579389,2010-10-11 21:49:25,CS2_35_10_15_10.xlsx,25
CS2_35,230,1.0,1.02679744,90.269412,2010-10-12 01:07:13,CS2_35_10_15_10.xlsx,26
CS2_35,231,1.0,1.01541117,89.268404,2010-10-12 04:24:47,CS2_35_10_15_10.xlsx,27
CS2_35,232,1.0,0.88693931,77.973986,2010-10-12 07:42:51,CS2_35_10_15_10.xlsx,28
CS2_35,233,1.0,1.01420792,89.162622,2010-10-12 10:13:41,CS2_35_10_15_10.xlsx,29
CS2_35,234,1.0,1.01285077,89.043311,2010-10-12 13:31:29,CS2_35_10_15_10.xlsx,30
CS2_35,235,1.0,1.00991693,88.785386,2010-10-12 16:48:37,CS2_35_10_15_10.xlsx,31
CS2_35,236,1.0,1.01978158,89.652622,2010-10-12 20:05:48,CS2_35_10_15_10.xlsx,32
CS2_35,237,1.0,1.02093123,89.753693,2010-10-12 23:21:53,CS2_35_10_15_10.xlsx,33
CS2_35,238,1.0,1.0112792,88.905148,2010-10-13 02:38:34,CS2_35_10_15_10.xlsx,34
CS2_35,239,1.0,1.00622593,88.460898,2010-10-13 05:55:25,CS2_35_10_15_10.xlsx,35
CS2_35,240,1.0,1.00456755,88.315103,2010-10-13 09:12:30,CS2_35_10_15_10.xlsx,36
CS2_35,241,1.0,1.00349557,88.220862,2010-10-13 12:28:38,CS2_35_10_15_10.xlsx,37
CS2_35,242,1.0,1.00101474,88.002763,2010-10-13 15:44:37,CS2_35_10_15_10.xlsx,38
CS2_35,243,1.0,1.01095875,88.876976,2010-10-13 19:00:46,CS2_35_10_15_10.xlsx,39
CS2_35,244,1.0,1.01318265,89.072487,2010-10-13 22:16:20,CS2_35_10_15_10.xlsx,40
CS2_35,245,1.0,1.00774178,88.59416,2010-10-14 01:32:08,CS2_35_10_15_10.xlsx,41
CS2_35,246,1.0,0.99718335,87.665932,2010-10-14 04:47:31,CS2_35_10_15_10.xlsx,42
CS2_35,247,1.0,0.99794706,87.733072,2010-10-14 08:03:36,CS2_35_10_15_10.xlsx,43
CS2_35,248,1.0,0.99711591,87.660003,2010-10-14 11:18:52,CS2_35_10_15_10.xlsx,44
CS2_35,249,1.0,0.99601742,87.563431,2010-10-14 14:33:59,CS2_35_10_15_10.xlsx,45
CS2_35,250,1.0,1.0022565,88.111931,2010-10-14 17:49:05,CS2_35_10_15_10.xlsx,46
CS2_35,251,1.0,1.00604594,88.445073,2010-10-14 21:04:49,CS2_35_10_15_10.xlsx,47
CS2_35,252,1.0,1.00667437,88.500321,2010-10-15 00:19:35,CS2_35_10_15_10.xlsx,48
CS2_35,253,1.0,0.99203533,87.213351,2010-10-15 03:34:23,CS2_35_10_15_10.xlsx,49
CS2_35,254,1.0,0.99054874,87.082659,2010-10-15 06:49:44,CS2_35_10_15_10.xlsx,50
CS2_35,255,1.0,1.00204286,88.093148,2010-10-15 17:12:56,CS2_35_10_22_10.xlsx,1
CS2_35,256,1.0,1.00842686,88.654388,2010-10-15 20:29:03,CS2_35_10_22_10.xlsx,2
CS2_35,257,1.0,1.00907719,88.711561,2010-10-15 23:44:38,CS2_35_10_22_10.xlsx,3
CS2_35,258,1.0,1.00895562,88.700874,2010-10-16 03:00:17,CS2_35_10_22_10.xlsx,4
CS2_35,259,1.0,1.00885633,88.692145,2010-10-16 06:15:43,CS2_35_10_22_10.xlsx,5
CS2_35,260,1.0,1.00898474,88.703434,2010-10-16 09:30:56,CS2_35_10_22_10.xlsx,6
CS2_35,261,1.0,1.00892228,88.697943,2010-10-16 12:45:57,CS2_35_10_22_10.xlsx,7
CS2_35,262,1.0,1.0088588,88.692362,2010-10-16 16:00:55,CS2_35_10_22_10.xlsx,8
CS2_35,263,1.0,1.00844611,88.656081,2010-10-16 19:15:38,CS2_35_10_22_10.xlsx,9
CS2_35,264,1.0,1.00804224,88.620576,2010-10-16 22:30:18,CS2_35_10_22_10.xlsx,10
CS2_35,265,1.0,1.00770307,88.590758,2010-10-17 01:44:48,CS2_35_10_22_10.xlsx,11
CS2_35,266,1.0,1.00736825,88.561323,2010-10-17 04:59:13,CS2_35_10_22_10.xlsx,12
CS2_35,267,1.0,1.00714211,88.541442,2010-10-17 08:13:35,CS2_35_10_22_10.xlsx,13
CS2_35,268,1.0,1.00702525,88.531169,2010-10-17 11:27:55,CS2_35_10_22_10.xlsx,14
CS2_35,269,1.0,1.00702534,88.531177,2010-10-17 14:42:10,CS2_35_10_22_10.xlsx,15
CS2_35,270,1.0,1.00679969,88.511338,2010-10-17 17:56:22,CS2_35_10_22_10.xlsx,16
CS2_35,271,1.0,1.00664954,88.498138,2010-10-17 21:10:23,CS2_35_10_22_10.xlsx,17
CS2_35,272,1.0,1.00624774,88.462815,2010-10-18 00:24:27,CS2_35_10_22_10.xlsx,18
CS2_35,273,1.0,0.99115361,87.135836,2010-10-18 03:38:30,CS2_35_10_22_10.xlsx,19
CS2_35,274,1.0,0.98846702,86.899648,2010-10-18 06:53:14,CS2_35_10_22_10.xlsx,20
CS2_35,275,1.0,0.98792693,86.852167,2010-10-18 10:07:15,CS2_35_10_22_10.xlsx,21
CS2_35,276,1.0,0.98566952,86.65371,2010-10-18 13:20:47,CS2_35_10_22_10.xlsx,22
CS2_35,277,1.0,0.98431808,86.5349,2010-10-18 16:34:24,CS2_35_10_22_10.xlsx,23
CS2_35,278,1.0,0.997033,87.652714,2010-10-18 19:48:06,CS2_35_10_22_10.xlsx,24
CS2_35,279,1.0,0.9986484,87.794729,2010-10-18 23:00:54,CS2_35_10_22_10.xlsx,25
CS2_35,280,1.0,0.98991786,87.027197,2010-10-19 02:14:28,CS2_35_10_22_10.xlsx,26
CS2_35,281,1.0,0.98317473,86.434385,2010-10-19 05:27:10,CS2_35_10_22_10.xlsx,27
CS2_35,282,1.0,0.9831127,86.428931,2010-10-19 08:41:03,CS2_35_10_22_10.xlsx,28
CS2_35,283,1.0,0.98301638,86.420463,2010-10-19 11:54:25,CS2_35_10_22_10.xlsx,29
CS2_35,284,1.0,0.98228154,86.35586,2010-10-19 15:07:58,CS2_35_10_22_10.xlsx,30
CS2_35,285,1.0,0.99034878,87.06508,2010-10-19 18:21:11,CS2_35_10_22_10.xlsx,31
CS2_35,286,1.0,0.99267194,87.269318,2010-10-19 21:35:18,CS2_35_10_22_10.xlsx,32
CS2_35,287,1.0,0.99470818,87.448331,2010-10-20 00:48:25,CS2_35_10_22_10.xlsx,33
CS2_35,288,1.0,0.9797726,86.135291,2010-10-20 04:01:33,CS2_35_10_22_10.xlsx,34
CS2_35,289,1.0,0.97811586,85.989641,2010-10-20 07:15:31,CS2_35_10_22_10.xlsx,35
CS2_35,290,1.0,0.97784257,85.965615,2010-10-20 10:28:41,CS2_35_10_22_10.xlsx,36
CS2_35,291,1.0,0.97889955,86.058538,2010-10-20 13:41:26,CS2_35_10_22_10.xlsx,37
CS2_35,292,1.0,0.97897079,86.064801,2010-10-20 16:54:36,CS2_35_10_22_10.xlsx,38
CS2_35,293,1.0,0.98920334,86.964381,2010-10-20 20:07:47,CS2_35_10_22_10.xlsx,39
CS2_35,294,1.0,0.99039331,87.068995,2010-10-20 23:20:12,CS2_35_10_22_10.xlsx,40
CS2_35,295,1.0,0.98093737,86.23769,2010-10-21 02:33:13,CS2_35_10_22_10.xlsx,41
CS2_35,296,1.0,0.97605746,85.808679,2010-10-21 05:45:54,CS2_35_10_22_10.xlsx,42
CS2_35,297,1.0,0.97632817,85.832479,2010-10-21 08:59:10,CS2_35_10_22_10.xlsx,43
CS2_35,298,1.0,0.97530056,85.742138,2010-10-21 12:12:04,CS2_35_10_22_10.xlsx,44
CS2_35,299,1.0,0.9733128,85.567387,2010-10-21 15:24:53,CS2_35_10_22_10.xlsx,45
CS2_35,300,1.0,0.98266502,86.389573,2010-10-21 18:37:25,CS2_35_10_22_10.xlsx,46
CS2_35,301,1.0,0.98637584,86.715805,2010-10-21 21:50:37,CS2_35_10_22_10.xlsx,47
CS2_35,302,1.0,0.98460185,86.559848,2010-10-22 01:03:17,CS2_35_10_22_10.xlsx,48
CS2_35,303,1.0,0.97136647,85.396278,2010-10-22 04:15:54,CS2_35_10_22_10.xlsx,49
CS2_35,304,1.0,0.971908,85.443886,2010-10-22 07:29:04,CS2_35_10_22_10.xlsx,50
CS2_35,305,1.0,0.97653661,85.850804,2010-10-22 13:23:55,CS2_35_10_29_10.xlsx,1
CS2_35,306,1.0,0.97531913,85.74377,2010-10-22 16:37:15,CS2_35_10_29_10.xlsx,2
CS2_35,307,1.0,0.98478056,86.575559,2010-10-22 19:50:49,CS2_35_10_29_10.xlsx,3
CS2_35,308,1.0,0.98613355,86.694505,2010-10-22 23:03:18,CS2_35_10_29_10.xlsx,4
CS2_35,309,1.0,0.98634022,86.712674,2010-10-23 02:16:14,CS2_35_10_29_10.xlsx,5
CS2_35,310,1.0,0.98642361,86.720005,2010-10-23 05:29:06,CS2_35_10_29_10.xlsx,6
CS2_35,311,1.0,0.98651375,86.72793,2010-10-23 08:41:53,CS2_35_10_29_10.xlsx,7
CS2_35,312,1.0,0.98838957,86.892839,2010-10-23 11:54:32,CS2_35_10_29_10.xlsx,8
CS2_35,313,1.0,0.9888008,86.928992,2010-10-23 15:07:06,CS2_35_10_29_10.xlsx,9
CS2_35,314,1.0,0.98914157,86.95895,2010-10-23 18:19:34,CS2_35_10_29_10.xlsx,10
CS2_35,315,1.0,0.98931702,86.974375,2010-10-23 21:32:00,CS2_35_10_29_10.xlsx,11
CS2_35,316,1.0,0.98947599,86.988351,2010-10-24 00:44:28,CS2_35_10_29_10.xlsx,12
CS2_35,317,1.0,0.98959126,86.998484,2010-10-24 03:56:54,CS2_35_10_29_10.xlsx,13
CS2_35,318,1.0,0.98963732,87.002533,2010-10-24 07:09:13,CS2_35_10_29_10.xlsx,14
CS2_35,319,1.0,0.98983918,87.02028,2010-10-24 10:21:27,CS2_35_10_29_10.xlsx,15
CS2_35,320,1.0,0.99005456,87.039215,2010-10-24 13:33:44,CS2_35_10_29_10.xlsx,16
CS2_35,321,1.0,0.99053399,87.081363,2010-10-24 16:45:53,CS2_35_10_29_10.xlsx,17
CS2_35,322,1.0,0.99021413,87.053243,2010-10-24 19:57:55,CS2_35_10_29_10.xlsx,18
CS2_35,323,1.0,0.99023354,87.05495,2010-10-24 23:10:02,CS2_35_10_29_10.xlsx,19
CS2_35,324,1.0,0.97810021,85.988265,2010-10-25 02:22:03,CS2_35_10_29_10.xlsx,20
CS2_35,325,1.0,0.97301734,85.541412,2010-10-25 05:33:02,CS2_35_10_29_10.xlsx,21
CS2_35,326,1.0,0.97333225,85.569097,2010-10-25 08:45:13,CS2_35_10_29_10.xlsx,22
CS2_35,327,1.0,0.97307152,85.546175,2010-10-25 11:57:01,CS2_35_10_29_10.xlsx,23
CS2_35,328,1.0,0.97115671,85.377837,2010-10-25 15:08:56,CS2_35_10_29_10.xlsx,24
CS2_35,329,1.0,0.97922511,86.087159,2010-10-25 18:20:39,CS2_35_10_29_10.xlsx,25
CS2_35,330,1.0,0.98276923,86.398735,2010-10-25 21:33:28,CS2_35_10_29_10.xlsx,26
CS2_35,331,1.0,0.86002422,75.607785,2010-10-26 00:45:22,CS2_35_10_29_10.xlsx,27
CS2_35,332,1.0,0.9727655,85.519272,2010-10-26 03:11:40,CS2_35_10_29_10.xlsx,28
CS2_35,333,1.0,0.97063992,85.332405,2010-10-26 06:24:59,CS2_35_10_29_10.xlsx,29
CS2_35,334,1.0,0.971632,85.419622,2010-10-26 09:37:16,CS2_35_10_29_10.xlsx,30
CS2_35,335,1.0,0.96910354,85.197336,2010-10-26 12:49:04,CS2_35_10_29_10.xlsx,31
CS2_35,336,1.0,0.96657174,84.974757,2010-10-26 16:01:00,CS2_35_10_29_10.xlsx,32
CS2_35,337,1.0,0.97932474,86.095918,2010-10-26 19:12:46,CS2_35_10_29_10.xlsx,33
CS2_35,338,1.0,0.98197671,86.329062,2010-10-26 22:24:06,CS2_35_10_29_10.xlsx,34
CS2_35,339,1.0,0.97565596,85.773383,2010-10-27 01:35:58,CS2_35_10_29_10.xlsx,35
CS2_35,340,1.0,0.96758526,85.063859,2010-10-27 04:47:20,CS2_35_10_29_10.xlsx,36
CS2_35,341,1.0,0.9686986,85.161736,2010-10-27 07:59:12,CS2_35_10_29_10.xlsx,37
CS2_35,342,1.0,0.96977025,85.255949,2010-10-27 11:10:38,CS2_35_10_29_10.xlsx,38
CS2_35,343,1.0,0.96886767,85.176599,2010-10-27 14:22:16,CS2_35_10_29_10.xlsx,39
CS2_35,344,1.0,0.9739495,85.623362,2010-10-27 17:34:09,CS2_35_10_29_10.xlsx,40
CS2_35,345,1.0,0.98045914,86.195647,2010-10-27 20:46:16,CS2_35_10_29_10.xlsx,41
CS2_35,346,1.0,0.98183806,86.316873,2010-10-27 23:57:58,CS2_35_10_29_10.xlsx,42
CS2_35,347,1.0,0.97076426,85.343336,2010-10-28 03:09:48,CS2_35_10_29_10.xlsx,43
CS2_35,348,1.0,0.96820999,85.118781,2010-10-28 06:22:05,CS2_35_10_29_10.xlsx,44
CS2_35,349,1.0,0.96861459,85.154351,2010-10-28 09:33:59,CS2_35_10_29_10.xlsx,45
CS2_35,350,1.0,0.9677669,85.079827,2010-10-28 12:45:40,CS2_35_10_29_10.xlsx,46
CS2_35,351,1.0,0.96624004,84.945595,2010-10-28 15:57:27,CS2_35_10_29_10.xlsx,47
CS2_35,352,1.0,0.97223718,85.472825,2010-10-28 19:09:11,CS2_35_10_29_10.xlsx,48
CS2_35,353,1.0,0.96480011,84.819006,2010-10-28 22:20:30,CS2_35_10_29_10.xlsx,49
CS2_35,354,1.0,0.96368716,84.721163,2010-10-29 01:32:48,CS2_35_10_29_10.xlsx,50
CS2_35,355,1.0,0.9703392,85.305967,2010-10-29 09:58:03,CS2_35_11_01_10.xlsx,1
CS2_35,356,1.0,0.96925554,85.210699,2010-10-29 13:11:00,CS2_35_11_01_10.xlsx,2
CS2_35,357,1.0,0.96711257,85.022303,2010-10-29 16:23:40,CS2_35_11_01_10.xlsx,3
CS2_35,358,1.0,0.97588151,85.793212,2010-10-29 19:36:13,CS2_35_11_01_10.xlsx,4
CS2_35,359,1.0,0.97745281,85.93135,2010-10-29 22:47:47,CS2_35_11_01_10.xlsx,5
CS2_35,360,1.0,0.978162,85.993697,2010-10-30 01:59:50,CS2_35_11_01_10.xlsx,6
CS2_35,361,1.0,0.97855667,86.028394,2010-10-30 05:11:47,CS2_35_11_01_10.xlsx,7
CS2_35,362,1.0,0.9787395,86.044467,2010-10-30 08:23:40,CS2_35_11_01_10.xlsx,8
CS2_35,363,1.0,0.9791481,86.080389,2010-10-30 11:35:30,CS2_35_11_01_10.xlsx,9
CS2_35,364,1.0,0.92247281,81.097863,2010-10-30 14:47:22,CS2_35_11_01_10.xlsx,10
CS2_35,365,1.0,0.98076264,86.222328,2010-11-01 14:23:58,CS2_35_11_08_10.xlsx,1
CS2_35,366,1.0,0.98531942,86.622932,2010-11-01 17:29:50,CS2_35_11_08_10.xlsx,2
CS2_35,367,1.0,0.9882136,86.877369,2010-11-01 20:41:39,CS2_35_11_08_10.xlsx,3
CS2_35,368,1.0,0.98916258,86.960797,2010-11-01 23:53:28,CS2_35_11_08_10.xlsx,4
CS2_35,369,1.0,0.98003882,86.158695,2010-11-02 03:05:36,CS2_35_11_08_10.xlsx,5
CS2_35,370,1.0,0.97998997,86.154401,2010-11-02 06:18:11,CS2_35_11_08_10.xlsx,6
CS2_35,371,1.0,0.98290426,86.410606,2010-11-02 09:30:16,CS2_35_11_08_10.xlsx,7
CS2_35,372,1.0,0.98495364,86.590774,2010-11-02 12:42:23,CS2_35_11_08_10.xlsx,8
CS2_35,373,1.0,0.98476362,86.574069,2010-11-02 15:54:27,CS2_35_11_08_10.xlsx,9
CS2_35,374,1.0,0.98918708,86.962952,2010-11-02 19:06:20,CS2_35_11_08_10.xlsx,10
CS2_35,375,1.0,0.99001158,87.035436,2010-11-02 22:18:04,CS2_35_11_08_10.xlsx,11
CS2_35,376,1.0,0.98515371,86.608364,2010-11-03 01:30:07,CS2_35_11_08_10.xlsx,12
CS2_35,377,1.0,0.98149709,86.286897,2010-11-03 04:41:51,CS2_35_11_08_10.xlsx,13
CS2_35,378,1.0,0.98131139,86.270572,2010-11-03 07:53:55,CS2_35_11_08_10.xlsx,14
CS2_35,379,1.0,0.98392241,86.500116,2010-11-03 11:05:52,CS2_35_11_08_10.xlsx,15
CS2_35,380,1.0,0.9838474,86.493521,2010-11-03 14:17:29,CS2_35_11_08_10.xlsx,16
CS2_35,381,1.0,0.98530854,86.621975,2010-11-03 17:29:24,CS2_35_11_08_10.xlsx,17
CS2_35,382,1.0,0.98763383,86.8264,2010-11-03 20:41:27,CS2_35_11_08_10.xlsx,18
CS2_35,383,1.0,0.98797731,86.856596,2010-11-03 23:53:21,CS2_35_11_08_10.xlsx,19
CS2_35,384,1.0,0.97972631,86.131221,2010-11-04 03:05:14,CS2_35_11_08_10.xlsx,20
CS2_35,385,1.0,0.97952571,86.113586,2010-11-04 06:17:32,CS2_35_11_08_10.xlsx,21
CS2_35,386,1.0,0.97904486,86.071312,2010-11-04 09:29:24,CS2_35_11_08_10.xlsx,22
CS2_35,387,1.0,0.978091,85.987455,2010-11-04 12:40:59,CS2_35_11_08_10.xlsx,23
CS2_35,388,1.0,0.97605046,85.808064,2010-11-04 15:52:41,CS2_35_11_08_10.xlsx,24
CS2_35,389,1.0,0.98258958,86.382942,2010-11-04 19:04:16,CS2_35_11_08_10.xlsx,25
CS2_35,390,1.0,0.98405969,86.512184,2010-11-04 22:15:42,CS2_35_11_08_10.xlsx,26
CS2_35,391,1.0,0.97977244,86.135277,2010-11-05 01:27:23,CS2_35_11_08_10.xlsx,27
CS2_35,392,1.0,0.97538738,85.749771,2010-11-05 04:38:43,CS2_35_11_08_10.xlsx,28
CS2_35,393,1.0,0.97630341,85.830302,2010-11-05 07:50:27,CS2_35_11_08_10.xlsx,29
CS2_35,394,1.0,0.97717536,85.906958,2010-11-05 11:01:54,CS2_35_11_08_10.xlsx,30
CS2_35,395,1.0,0.97880015,86.0498,2010-11-05 14:13:17,CS2_35_11_08_10.xlsx,31
CS2_35,396,1.0,0.97961751,86.121656,2010-11-05 17:24:38,CS2_35_11_08_10.xlsx,32
CS2_35,397,1.0,0.98309747,86.427592,2010-11-05 20:36:27,CS2_35_11_08_10.xlsx,33
CS2_35,398,1.0,0.98373736,86.483847,2010-11-05 23:47:47,CS2_35_11_08_10.xlsx,34
CS2_35,399,1.0,0.98398734,86.505824,2010-11-06 02:59:13,CS2_35_11_08_10.xlsx,35
CS2_35,400,1.0,0.98413592,86.518886,2010-11-06 06:10:30,CS2_35_11_08_10.xlsx,36
CS2_35,401,1.0,0.98412992,86.518358,2010-11-06 09:21:51,CS2_35_11_08_10.xlsx,37
CS2_35,402,1.0,0.9851883,86.611404,2010-11-06 12:33:08,CS2_35_11_08_10.xlsx,38
CS2_35,403,1.0,0.98553505,86.641888,2010-11-06 15:44:27,CS2_35_11_08_10.xlsx,39
CS2_35,404,1.0,0.98569033,86.655539,2010-11-06 18:55:42,CS2_35_11_08_10.xlsx,40
CS2_35,405,1.0,0.98568775,86.655313,2010-11-06 22:06:53,CS2_35_11_08_10.xlsx,41
CS2_35,406,1.0,0.98568034,86.654661,2010-11-07 01:18:00,CS2_35_11_08_10.xlsx,42
CS2_35,407,1.0,0.98536989,86.627369,2010-11-07 04:29:04,CS2_35_11_08_10.xlsx,43
CS2_35,408,1.0,0.98545422,86.634782,2010-11-07 07:39:54,CS2_35_11_08_10.xlsx,44
CS2_35,409,1.0,0.98529762,86.621015,2010-11-07 10:50:55,CS2_35_11_08_10.xlsx,45
CS2_35,410,1.0,0.98533355,86.624174,2010-11-07 14:01:55,CS2_35_11_08_10.xlsx,46
CS2_35,411,1.0,0.98533777,86.624545,2010-11-07 17:12:53,CS2_35_11_08_10.xlsx,47
CS2_35,412,1.0,0.98529322,86.620628,2010-11-07 20:23:47,CS2_35_11_08_10.xlsx,48
CS2_35,413,1.0,0.98500155,86.594986,2010-11-07 23:34:40,CS2_35_11_08_10.xlsx,49
CS2_35,414,1.0,0.9773805,85.924993,2010-11-08 02:45:30,CS2_35_11_08_10.xlsx,50
CS2_35,415,1.0,0.99571988,87.537272,2010-11-16 11:45:27,CS2_35_11_23_10.xlsx,1
CS2_35,416,1.0,0.99355558,87.347002,2010-11-16 14:55:49,CS2_35_11_23_10.xlsx,2
CS2_35,417,1.0,0.99489358,87.46463,2010-11-16 18:08:45,CS2_35_11_23_10.xlsx,3
CS2_35,418,1.0,1.00126574,88.024829,2010-11-16 21:21:23,CS2_35_11_23_10.xlsx,4
CS2_35,419,1.0,1.0026383,88.145496,2010-11-17 00:33:46,CS2_35_11_23_10.xlsx,5
CS2_35,420,1.0,0.99485944,87.461629,2010-11-17 03:46:39,CS2_35_11_23_10.xlsx,6
CS2_35,421,1.0,0.99344147,87.33697,2010-11-17 06:59:50,CS2_35_11_23_10.xlsx,7
CS2_35,422,1.0,0.99398797,87.385015,2010-11-17 10:12:49,CS2_35_11_23_10.xlsx,8
CS2_35,423,1.0,0.99344594,87.337363,2010-11-17 13:25:29,CS2_35_11_23_10.xlsx,9
CS2_35,424,1.0,0.99131472,87.149999,2010-11-17 16:38:14,CS2_35_11_23_10.xlsx,10
CS2_35,425,1.0,0.99762509,87.704766,2010-11-17 19:51:04,CS2_35_11_23_10.xlsx,11
CS2_35,426,1.0,0.99870192,87.799435,2010-11-17 23:03:34,CS2_35_11_23_10.xlsx,12
CS2_35,427,1.0,0.99555531,87.522805,2010-11-18 02:16:16,CS2_35_11_23_10.xlsx,13
CS2_35,428,1.0,0.98810695,86.867994,2010-11-18 05:28:42,CS2_35_11_23_10.xlsx,14
CS2_35,429,1.0,0.98894959,86.942073,2010-11-18 08:41:33,CS2_35_11_23_10.xlsx,15
CS2_35,430,1.0,0.98881682,86.930401,2010-11-18 11:54:00,CS2_35_11_23_10.xlsx,16
CS2_35,431,1.0,0.98095718,86.239432,2010-11-18 15:06:15,CS2_35_11_23_10.xlsx,17
CS2_35,432,1.0,0.9816789,86.30288,2010-11-18 18:18:56,CS2_35_11_23_10.xlsx,18
CS2_35,433,1.0,0.98926553,86.969848,2010-11-18 21:32:00,CS2_35_11_23_10.xlsx,19
CS2_35,434,1.0,0.99032647,87.063119,2010-11-19 00:43:40,CS2_35_11_23_10.xlsx,20
CS2_35,435,1.0,0.97922079,86.086779,2010-11-19 03:55:41,CS2_35_11_23_10.xlsx,21
CS2_35,436,1.0,0.9732388,85.560881,2010-11-19 07:08:05,CS2_35_11_23_10.xlsx,22
CS2_35,437,1.0,0.97209776,85.460568,2010-11-19 10:20:42,CS2_35_11_23_10.xlsx,23
CS2_35,438,1.0,0.97008583,85.283693,2010-11-19 13:32:54,CS2_35_11_23_10.xlsx,24
CS2_35,439,1.0,0.96815953,85.114345,2010-11-19 16:45:11,CS2_35_11_23_10.xlsx,25
CS2_35,440,1.0,0.97887817,86.056658,2010-11-19 19:57:25,CS2_35_11_23_10.xlsx,26
CS2_35,441,1.0,0.98137871,86.276489,2010-11-19 23:08:48,CS2_35_11_23_10.xlsx,27
CS2_35,442,1.0,0.98230751,86.358144,2010-11-20 02:20:06,CS2_35_11_23_10.xlsx,28
CS2_35,443,1.0,0.86117749,75.709173,2010-11-20 05:31:18,CS2_35_11_23_10.xlsx,29
CS2_35,444,1.0,0.98249131,86.374302,2010-11-20 07:57:52,CS2_35_11_23_10.xlsx,30
CS2_35,445,1.0,0.9831633,86.433379,2010-11-20 11:09:43,CS2_35_11_23_10.xlsx,31
CS2_35,446,1.0,0.98368593,86.479326,2010-11-20 14:20:45,CS2_35_11_23_10.xlsx,32
CS2_35,447,1.0,0.98370763,86.481233,2010-11-20 17:31:35,CS2_35_11_23_10.xlsx,33
CS2_35,448,1.0,0.98324802,86.440828,2010-11-20 20:42:18,CS2_35_11_23_10.xlsx,34
CS2_35,449,1.0,0.98174051,86.308297,2010-11-20 23:52:57,CS2_35_11_23_10.xlsx,35
CS2_35,450,1.0,0.981143,86.255768,2010-11-21 03:03:37,CS2_35_11_23_10.xlsx,36
CS2_35,451,1.0,0.98056093,86.204596,2010-11-21 06:14:12,CS2_35_11_23_10.xlsx,37
CS2_35,452,1.0,0.97995913,86.151689,2010-11-21 09:24:41,CS2_35_11_23_10.xlsx,38
CS2_35,453,1.0,0.97981446,86.138971,2010-11-21 12:35:03,CS2_35_11_23_10.xlsx,39
CS2_35,454,1.0,0.97955031,86.115749,2010-11-21 15:45:17,CS2_35_11_23_10.xlsx,40
CS2_35,455,1.0,0.97923259,86.087816,2010-11-21 18:55:28,CS2_35_11_23_10.xlsx,41
CS2_35,456,1.0,0.97881484,86.051091,2010-11-21 22:05:33,CS2_35_11_23_10.xlsx,42
CS2_35,457,1.0,0.9784545,86.019412,2010-11-22 01:15:34,CS2_35_11_23_10.xlsx,43
CS2_35,458,1.0,0.9607773,84.465347,2010-11-22 04:25:32,CS2_35_11_23_10.xlsx,44
CS2_35,459,1.0,0.95877135,84.288996,2010-11-22 07:36:30,CS2_35_11_23_10.xlsx,45
CS2_35,460,1.0,0.95231172,83.721107,2010-11-22 10:46:56,CS2_35_11_23_10.xlsx,46
CS2_35,461,1.0,0.95134588,83.636197,2010-11-22 13:57:19,CS2_35_11_23_10.xlsx,47
CS2_35,462,1.0,0.94873599,83.406752,2010-11-22 17:06:47,CS2_35_11_23_10.xlsx,48
CS2_35,463,1.0,0.96334202,84.69082,2010-11-22 20:16:17,CS2_35_11_23_10.xlsx,49
CS2_35,464,1.0,0.96609693,84.933014,2010-11-22 23:25:03,CS2_35_11_23_10.xlsx,50
CS2_35,465,1.0,0.95926869,84.33272,2010-11-23 12:25:25,CS2_35_11_24_10.xlsx,1
CS2_35,466,1.0,0.95604701,84.04949,2010-11-23 15:38:42,CS2_35_11_24_10.xlsx,2
CS2_35,467,1.0,0.96086331,84.472908,2010-11-23 18:49:49,CS2_35_11_24_10.xlsx,3
CS2_35,468,1.0,0.96630648,84.951437,2010-11-23 22:01:30,CS2_35_11_24_10.xlsx,4
CS2_35,469,1.0,0.96697514,85.010221,2010-11-24 01:11:26,CS2_35_11_24_10.xlsx,5
CS2_35,470,1.0,0.95265309,83.751119,2010-11-24 04:21:24,CS2_35_11_24_10.xlsx,6
CS2_35,471,1.0,0.94752788,83.300543,2010-11-24 07:32:07,CS2_35_11_24_10.xlsx,7
CS2_35,472,1.0,0.9457342,83.142854,2010-11-24 10:42:23,CS2_35_11_24_10.xlsx,8
CS2_35,473,1.0,0.94543917,83.116917,2010-11-29 10:34:08,CS2_35_12_06_10.xlsx,1
CS2_35,474,1.0,0.93932609,82.579494,2010-11-29 12:29:45,CS2_35_12_06_10.xlsx,2
CS2_35,475,1.0,0.94201891,82.81623,2010-11-29 15:37:10,CS2_35_12_06_10.xlsx,3
CS2_35,476,1.0,0.94785913,83.329664,2010-11-29 18:44:25,CS2_35_12_06_10.xlsx,4
CS2_35,477,1.0,0.95570471,84.019397,2010-11-29 21:53:01,CS2_35_12_06_10.xlsx,5
CS2_35,478,1.0,0.95803737,84.22447,2010-11-30 01:00:53,CS2_35_12_06_10.xlsx,6
CS2_35,479,1.0,0.94705251,83.258751,2010-11-30 04:09:05,CS2_35_12_06_10.xlsx,7
CS2_35,480,1.0,0.94428088,83.015088,2010-11-30 07:18:28,CS2_35_12_06_10.xlsx,8
CS2_35,481,1.0,0.94395184,82.98616,2010-11-30 10:28:05,CS2_35_12_06_10.xlsx,9
CS2_35,482,1.0,0.94165966,82.784647,2010-11-30 13:37:12,CS2_35_12_06_10.xlsx,10
CS2_35,483,1.0,0.94029551,82.66472,2010-11-30 16:46:32,CS2_35_12_06_10.xlsx,11
CS2_35,484,1.0,0.94957845,83.480816,2010-11-30 19:55:30,CS2_35_12_06_10.xlsx,12
CS2_35,485,1.0,0.95285553,83.768915,2010-11-30 23:04:36,CS2_35_12_06_10.xlsx,13
CS2_35,486,1.0,0.95077445,83.585961,2010-12-01 02:13:17,CS2_35_12_06_10.xlsx,14
CS2_35,487,1.0,0.93992804,82.632414,2010-12-01 05:21:43,CS2_35_12_06_10.xlsx,15
CS2_35,488,1.0,0.93956378,82.60039,2010-12-01 08:30:51,CS2_35_12_06_10.xlsx,16
CS2_35,489,1.0,0.93679155,82.356674,2010-12-01 11:40:20,CS2_35_12_06_10.xlsx,17
CS2_35,490,1.0,0.9354543,82.239111,2010-12-01 14:49:24,CS2_35_12_06_10.xlsx,18
CS2_35,491,1.0,0.93508741,82.206857,2010-12-01 17:58:31,CS2_35_12_06_10.xlsx,19
CS2_35,492,1.0,0.9445379,83.037683,2010-12-01 21:07:57,CS2_35_12_06_10.xlsx,20
CS2_35,493,1.0,0.94632175,83.194507,2010-12-02 00:16:11,CS2_35_12_06_10.xlsx,21
CS2_35,494,1.0,0.93611716,82.297386,2010-12-02 03:24:42,CS2_35_12_06_10.xlsx,22
CS2_35,495,1.0,0.93385188,82.098237,2010-12-02 06:32:01,CS2_35_12_06_10.xlsx,23
CS2_35,496,1.0,0.93529513,82.225119,2010-12-02 09:40:48,CS2_35_12_06_10.xlsx,24
CS2_35,497,1.0,0.93441806,82.148012,2010-12-02 12:49:01,CS2_35_12_06_10.xlsx,25
CS2_35,498,1.0,0.93374725,82.089038,2010-12-02 15:57:11,CS2_35_12_06_10.xlsx,26
CS2_35,499,1.0,0.93899692,82.550556,2010-12-02 19:05:29,CS2_35_12_06_10.xlsx,27
CS2_35,500,1.0,0.94254483,82.862465,2010-12-02 22:14:28,CS2_35_12_06_10.xlsx,28
CS2_35,501,1.0,0.94336521,82.934588,2010-12-03 01:22:24,CS2_35_12_06_10.xlsx,29
CS2_35,502,1.0,0.932123,81.946245,2010-12-03 04:30:14,CS2_35_12_06_10.xlsx,30
CS2_35,503,1.0,0.9316413,81.903897,2010-12-03 07:38:32,CS2_35_12_06_10.xlsx,31
CS2_35,504,1.0,0.93157778,81.898313,2010-12-03 10:46:18,CS2_35_12_06_10.xlsx,32
CS2_35,505,1.0,0.93084624,81.834,2010-12-03 13:53:48,CS2_35_12_06_10.xlsx,33
CS2_35,506,1.0,0.9282781,81.608226,2010-12-03 17:01:23,CS2_35_12_06_10.xlsx,34
CS2_35,507,1.0,0.93682971,82.360029,2010-12-03 20:08:43,CS2_35_12_06_10.xlsx,35
CS2_35,508,1.0,0.93827403,82.487004,2010-12-03 23:15:39,CS2_35_12_06_10.xlsx,36
CS2_35,509,1.0,0.93876202,82.529905,2010-12-04 02:22:56,CS2_35_12_06_10.xlsx,37
CS2_35,510,1.0,0.93870608,82.524988,2010-12-04 05:30:09,CS2_35_12_06_10.xlsx,38
CS2_35,511,1.0,0.93860475,82.516079,2010-12-04 08:37:20,CS2_35_12_06_10.xlsx,39
CS2_35,512,1.0,0.93842497,82.500274,2010-12-04 11:44:33,CS2_35_12_06_10.xlsx,40
CS2_35,513,1.0,0.9382936,82.488724,2010-12-04 14:51:30,CS2_35_12_06_10.xlsx,41
CS2_35,514,1.0,0.80948362,71.164581,2010-12-04 17:58:31,CS2_35_12_06_10.xlsx,42
CS2_35,515,1.0,0.93776566,82.442312,2010-12-04 20:16:25,CS2_35_12_06_10.xlsx,43
CS2_35,516,1.0,0.93789048,82.453284,2010-12-04 23:24:15,CS2_35_12_06_10.xlsx,44
CS2_35,517,1.0,0.80910093,71.130938,2010-12-05 02:30:59,CS2_35_12_06_10.xlsx,45
CS2_35,518,1.0,0.9370349,82.378068,2010-12-05 04:48:51,CS2_35_12_06_10.xlsx,46
CS2_35,519,1.0,0.93683219,82.360246,2010-12-05 07:56:37,CS2_35_12_06_10.xlsx,47
CS2_35,520,1.0,0.93641918,82.323937,2010-12-05 11:03:11,CS2_35_12_06_10.xlsx,48
CS2_35,521,1.0,0.93504221,82.202883,2010-12-05 14:09:38,CS2_35_12_06_10.xlsx,49
CS2_35,522,1.0,0.93457104,82.161461,2010-12-05 17:15:58,CS2_35_12_06_10.xlsx,50
CS2_35,523,1.0,0.93200205,81.935612,2010-12-06 12:33:56,CS2_35_12_13_10.xlsx,1
CS2_35,524,1.0,0.92911632,81.681917,2010-12-06 15:42:01,CS2_35_12_13_10.xlsx,2
CS2_35,525,1.0,0.93127469,81.871668,2010-12-06 18:48:51,CS2_35_12_13_10.xlsx,3
CS2_35,526,1.0,0.93529983,82.225532,2010-12-06 21:55:53,CS2_35_12_13_10.xlsx,4
CS2_35,527,1.0,0.9353481,82.229775,2010-12-07 01:02:07,CS2_35_12_13_10.xlsx,5
CS2_35,528,1.0,0.92494686,81.315365,2010-12-07 04:08:16,CS2_35_12_13_10.xlsx,6
CS2_35,529,1.0,0.92238382,81.090039,2010-12-07 07:14:40,CS2_35_12_13_10.xlsx,7
CS2_35,530,1.0,0.92203359,81.059249,2010-12-07 10:20:51,CS2_35_12_13_10.xlsx,8
CS2_35,531,1.0,0.92004939,80.884811,2010-12-07 13:26:42,CS2_35_12_13_10.xlsx,9
CS2_35,532,1.0,0.91840373,80.740136,2010-12-07 16:32:13,CS2_35_12_13_10.xlsx,10
CS2_35,533,1.0,0.92443289,81.27018,2010-12-07 19:37:50,CS2_35_12_13_10.xlsx,11
CS2_35,534,1.0,0.92626139,81.43093,2010-12-07 22:43:36,CS2_35_12_13_10.xlsx,12
CS2_35,535,1.0,0.92682057,81.48009,2010-12-08 01:49:10,CS2_35_12_13_10.xlsx,13
CS2_35,536,1.0,0.91520782,80.459171,2010-12-08 04:54:58,CS2_35_12_13_10.xlsx,14
CS2_35,537,1.0,0.91336548,80.297205,2010-12-08 08:01:11,CS2_35_12_13_10.xlsx,15
CS2_35,538,1.0,0.91307924,80.272041,2010-12-08 11:06:44,CS2_35_12_13_10.xlsx,16
CS2_35,539,1.0,0.9111961,80.106487,2010-12-08 14:11:52,CS2_35_12_13_10.xlsx,17
CS2_35,540,1.0,0.91176029,80.156087,2010-12-08 17:17:01,CS2_35_12_13_10.xlsx,18
CS2_35,541,1.0,0.91867618,80.764088,2010-12-08 20:22:03,CS2_35_12_13_10.xlsx,19
CS2_35,542,1.0,0.91932169,80.820836,2010-12-08 23:27:05,CS2_35_12_13_10.xlsx,20
CS2_35,543,1.0,0.91546936,80.482165,2010-12-09 02:32:14,CS2_35_12_13_10.xlsx,21
CS2_35,544,1.0,0.90820541,79.843565,2010-12-09 05:37:06,CS2_35_12_13_10.xlsx,22
CS2_35,545,1.0,0.90516522,79.576291,2010-12-09 08:42:11,CS2_35_12_13_10.xlsx,23
CS2_35,546,1.0,0.90800988,79.826375,2010-12-09 11:47:12,CS2_35_12_13_10.xlsx,24
CS2_35,547,1.0,0.90431657,79.501683,2010-12-09 14:51:33,CS2_35_12_13_10.xlsx,25
CS2_35,548,1.0,0.90171563,79.273026,2010-12-09 17:56:11,CS2_35_12_13_10.xlsx,26
CS2_35,549,1.0,0.91193045,80.171047,2010-12-09 21:00:35,CS2_35_12_13_10.xlsx,27
CS2_35,550,1.0,0.91320212,80.282843,2010-12-10 00:04:31,CS2_35_12_13_10.xlsx,28
CS2_35,551,1.0,0.90503166,79.564549,2010-12-10 03:09:05,CS2_35_12_13_10.xlsx,29
CS2_35,552,1.0,0.89985505,79.109455,2010-12-10 06:12:15,CS2_35_12_13_10.xlsx,30
CS2_35,553,1.0,0.9022944,79.323907,2010-12-10 09:16:33,CS2_35_12_13_10.xlsx,31
CS2_35,554,1.0,0.90206062,79.303355,2010-12-10 12:20:24,CS2_35_12_13_10.xlsx,32
CS2_35,555,1.0,0.90049104,79.165367,2010-12-10 15:24:31,CS2_35_12_13_10.xlsx,33
CS2_35,556,1.0,0.90229586,79.324035,2010-12-10 18:28:27,CS2_35_12_13_10.xlsx,34
CS2_35,557,1.0,0.90699698,79.737327,2010-12-10 21:32:37,CS2_35_12_13_10.xlsx,35
CS2_35,558,1.0,0.90732507,79.766171,2010-12-11 00:36:19,CS2_35_12_13_10.xlsx,36
CS2_35,559,1.0,0.9077096,79.799976,2010-12-11 03:40:07,CS2_35_12_13_10.xlsx,37
CS2_35,560,1.0,0.90780658,79.808502,2010-12-11 06:43:52,CS2_35_12_13_10.xlsx,38
CS2_35,561,1.0,0.77501738,68.134532,2010-12-11 09:47:26,CS2_35_12_13_10.xlsx,39
CS2_35,562,1.0,0.90752441,79.783695,2010-12-11 11:59:31,CS2_35_12_13_10.xlsx,40
CS2_35,563,1.0,0.90821904,79.844763,2010-12-11 15:04:40,CS2_35_12_13_10.xlsx,41
CS2_35,564,1.0,0.90852036,79.871254,2010-12-11 18:08:15,CS2_35_12_13_10.xlsx,42
CS2_35,565,1.0,0.90859964,79.878223,2010-12-11 21:11:44,CS2_35_12_13_10.xlsx,43
CS2_35,566,1.0,0.90856545,79.875217,2010-12-12 00:15:05,CS2_35_12_13_10.xlsx,44
CS2_35,567,1.0,0.90870595,79.887569,2010-12-12 03:18:22,CS2_35_12_13_10.xlsx,45
CS2_35,568,1.0,0.90896941,79.910731,2010-12-12 06:21:34,CS2_35_12_13_10.xlsx,46
CS2_35,569,1.0,0.90832645,79.854206,2010-12-12 09:24:46,CS2_35_12_13_10.xlsx,47
CS2_35,570,1.0,0.90828829,79.850851,2010-12-12 12:27:43,CS2_35_12_13_10.xlsx,48
CS2_35,571,1.0,0.90829371,79.851327,2010-12-12 15:30:36,CS2_35_12_13_10.xlsx,49
CS2_35,572,1.0,0.90838394,79.85926,2010-12-12 18:33:23,CS2_35_12_13_10.xlsx,50
CS2_35,573,1.0,0.89516943,78.697526,2010-12-13 12:36:53,CS2_35_12_20_10.xlsx,1
CS2_35,574,1.0,0.89094693,78.32631,2010-12-13 15:42:39,CS2_35_12_20_10.xlsx,2
CS2_35,575,1.0,0.89230926,78.446078,2010-12-13 18:46:12,CS2_35_12_20_10.xlsx,3
CS2_35,576,1.0,0.89845963,78.986778,2010-12-13 21:49:13,CS2_35_12_20_10.xlsx,4
CS2_35,577,1.0,0.89916435,79.048733,2010-12-14 00:51:47,CS2_35_12_20_10.xlsx,5
CS2_35,578,1.0,0.89036142,78.274836,2010-12-14 03:54:23,CS2_35_12_20_10.xlsx,6
CS2_35,579,1.0,0.8881075,78.076686,2010-12-14 06:56:55,CS2_35_12_20_10.xlsx,7
CS2_35,580,1.0,0.88743687,78.017729,2010-12-14 09:59:22,CS2_35_12_20_10.xlsx,8
CS2_35,581,1.0,0.88844817,78.106635,2010-12-14 13:01:25,CS2_35_12_20_10.xlsx,9
CS2_35,582,1.0,0.8876312,78.034813,2010-12-14 16:03:28,CS2_35_12_20_10.xlsx,10
CS2_35,583,1.0,0.89135027,78.36177,2010-12-14 19:05:29,CS2_35_12_20_10.xlsx,11
CS2_35,584,1.0,0.89401445,78.595987,2010-12-14 22:08:01,CS2_35_12_20_10.xlsx,12
CS2_35,585,1.0,0.89429631,78.620767,2010-12-15 01:10:00,CS2_35_12_20_10.xlsx,13
CS2_35,586,1.0,0.88450389,77.75988,2010-12-15 04:12:03,CS2_35_12_20_10.xlsx,14
CS2_35,587,1.0,0.88162154,77.506482,2010-12-15 07:14:26,CS2_35_12_20_10.xlsx,15
CS2_35,588,1.0,0.88292891,77.621418,2010-12-15 10:15:56,CS2_35_12_20_10.xlsx,16
CS2_35,589,1.0,0.88251719,77.585223,2010-12-15 13:17:19,CS2_35_12_20_10.xlsx,17
CS2_35,590,1.0,0.88104045,77.455397,2010-12-15 16:18:36,CS2_35_12_20_10.xlsx,18
CS2_35,591,1.0,0.88568636,77.863835,2010-12-15 19:19:58,CS2_35_12_20_10.xlsx,19
CS2_35,592,1.0,0.88685174,77.966288,2010-12-15 22:21:40,CS2_35_12_20_10.xlsx,20
CS2_35,593,1.0,0.88699447,77.978835,2010-12-16 01:22:50,CS2_35_12_20_10.xlsx,21
CS2_35,594,1.0,0.87629533,77.038237,2010-12-16 04:23:58,CS2_35_12_20_10.xlsx,22
CS2_35,595,1.0,0.87343773,76.787015,2010-12-16 07:25:28,CS2_35_12_20_10.xlsx,23
CS2_35,596,1.0,0.87350682,76.793089,2010-12-16 10:26:15,CS2_35_12_20_10.xlsx,24
CS2_35,597,1.0,0.87172803,76.636709,2010-12-16 13:26:33,CS2_35_12_20_10.xlsx,25
CS2_35,598,1.0,0.87006658,76.490645,2010-12-16 16:26:53,CS2_35_12_20_10.xlsx,26
CS2_35,599,1.0,0.88033535,77.393409,2010-12-16 19:27:06,CS2_35_12_20_10.xlsx,27
CS2_35,600,1.0,0.88283642,77.613287,2010-12-16 22:27:50,CS2_35_12_20_10.xlsx,28
CS2_35,601,1.0,0.8836841,77.687809,2010-12-17 01:28:10,CS2_35_12_20_10.xlsx,29
CS2_35,602,1.0,0.73763249,64.847893,2010-12-17 04:28:32,CS2_35_12_20_10.xlsx,30
CS2_35,603,1.0,0.87159979,76.625435,2010-12-17 06:35:00,CS2_35_12_20_10.xlsx,31
CS2_35,604,1.0,0.87331342,76.776086,2010-12-17 09:36:57,CS2_35_12_20_10.xlsx,32
CS2_35,605,1.0,0.87477753,76.904801,2010-12-17 12:37:01,CS2_35_12_20_10.xlsx,33
CS2_35,606,1.0,0.8744655,76.877369,2010-12-17 15:36:34,CS2_35_12_20_10.xlsx,34
CS2_35,607,1.0,0.87922156,77.295492,2010-12-17 18:36:05,CS2_35_12_20_10.xlsx,35
CS2_35,608,1.0,0.88330569,77.654542,2010-12-17 21:35:49,CS2_35_12_20_10.xlsx,36
CS2_35,609,1.0,0.88448084,77.757854,2010-12-18 00:35:22,CS2_35_12_20_10.xlsx,37
CS2_35,610,1.0,0.88489747,77.794481,2010-12-18 03:35:00,CS2_35_12_20_10.xlsx,38
CS2_35,611,1.0,0.88491092,77.795663,2010-12-18 06:34:37,CS2_35_12_20_10.xlsx,39
CS2_35,612,1.0,0.88516018,77.817577,2010-12-18 09:33:59,CS2_35_12_20_10.xlsx,40
CS2_35,613,1.0,0.88524402,77.824947,2010-12-18 12:33:28,CS2_35_12_20_10.xlsx,41
CS2_35,614,1.0,0.88499666,77.803201,2010-12-18 15:32:52,CS2_35_12_20_10.xlsx,42
CS2_35,615,1.0,0.88484117,77.789532,2010-12-18 18:32:08,CS2_35_12_20_10.xlsx,43
CS2_35,616,1.0,0.88469673,77.776833,2010-12-18 21:31:17,CS2_35_12_20_10.xlsx,44
CS2_35,617,1.0,0.8845502,77.763951,2010-12-19 00:30:09,CS2_35_12_20_10.xlsx,45
CS2_35,618,1.0,0.88424934,77.737502,2010-12-19 03:29:08,CS2_35_12_20_10.xlsx,46
CS2_35,619,1.0,0.8838382,77.701357,2010-12-19 06:28:05,CS2_35_12_20_10.xlsx,47
CS2_35,620,1.0,0.88334791,77.658254,2010-12-19 09:26:49,CS2_35_12_20_10.xlsx,48
CS2_35,621,1.0,0.75756655,66.600367,2010-12-19 12:25:31,CS2_35_12_20_10.xlsx,49
CS2_35,622,1.0,0.88256647,77.589554,2010-12-19 14:34:35,CS2_35_12_20_10.xlsx,50
CS2_35,623,1.0,0.88381786,77.699569,2010-12-20 12:10:10,CS2_35_12_23_10.xlsx,1
CS2_35,624,1.0,0.87914114,77.288422,2010-12-20 15:10:03,CS2_35_12_23_10.xlsx,2
CS2_35,625,1.0,0.87677748,77.080624,2010-12-20 18:09:04,CS2_35_12_23_10.xlsx,3
CS2_35,626,1.0,0.88403029,77.718245,2010-12-20 21:07:22,CS2_35_12_23_10.xlsx,4
CS2_35,627,1.0,0.88396027,77.712089,2010-12-21 00:04:57,CS2_35_12_23_10.xlsx,5
CS2_35,628,1.0,0.87524072,76.945522,2010-12-21 03:03:05,CS2_35_12_23_10.xlsx,6
CS2_35,629,1.0,0.86806878,76.315011,2010-12-21 06:00:17,CS2_35_12_23_10.xlsx,7
CS2_35,630,1.0,0.8679197,76.301905,2010-12-21 08:57:27,CS2_35_12_23_10.xlsx,8
CS2_35,631,1.0,0.86817146,76.324038,2010-12-21 11:54:13,CS2_35_12_23_10.xlsx,9
CS2_35,632,1.0,0.86596188,76.129786,2010-12-21 14:50:52,CS2_35_12_23_10.xlsx,10
CS2_35,633,1.0,0.86522611,76.065102,2010-12-21 17:47:19,CS2_35_12_23_10.xlsx,11
CS2_35,634,1.0,0.8775409,77.147738,2010-12-21 20:43:43,CS2_35_12_23_10.xlsx,12
CS2_35,635,1.0,0.87823065,77.208377,2010-12-21 23:39:40,CS2_35_12_23_10.xlsx,13
CS2_35,636,1.0,0.87235656,76.691965,2010-12-22 02:36:35,CS2_35_12_23_10.xlsx,14
CS2_35,637,1.0,0.86476818,76.024843,2010-12-22 05:33:00,CS2_35_12_23_10.xlsx,15
CS2_35,638,1.0,0.86324025,75.890518,2010-12-22 08:29:09,CS2_35_12_23_10.xlsx,16
CS2_35,639,1.0,0.86493649,76.03964,2010-12-22 11:25:05,CS2_35_12_23_10.xlsx,17
CS2_35,640,1.0,0.86292365,75.862685,2010-12-22 14:20:38,CS2_35_12_23_10.xlsx,18
CS2_35,641,1.0,0.86207642,75.788202,2010-12-22 17:16:24,CS2_35_12_23_10.xlsx,19
CS2_35,642,1.0,0.87171326,76.63541,2010-12-22 20:12:06,CS2_35_12_23_10.xlsx,20
CS2_35,643,1.0,0.87339785,76.783508,2010-12-22 23:07:32,CS2_35_12_23_10.xlsx,21
CS2_35,644,1.0,0.87148233,76.615108,2010-12-23 02:03:21,CS2_35_12_23_10.xlsx,22
CS2_35,645,1.0,0.85731505,75.369613,2010-12-23 04:59:09,CS2_35_12_23_10.xlsx,23
CS2_35,646,1.0,0.85332285,75.018644,2010-12-23 07:54:45,CS2_35_12_23_10.xlsx,24
CS2_35,647,1.0,0.88405812,77.720691,2011-01-03 10:38:25,CS2_35_1_10_11.xlsx,1
CS2_35,648,1.0,0.86995262,76.480626,2011-01-03 11:53:26,CS2_35_1_10_11.xlsx,2
CS2_35,649,1.0,0.84425435,74.2214,2011-01-03 14:47:08,CS2_35_1_10_11.xlsx,3
CS2_35,650,1.0,0.83042815,73.00589,2011-01-03 17:40:36,CS2_35_1_10_11.xlsx,4
CS2_35,651,1.0,0.84162944,73.990635,2011-01-03 20:32:52,CS2_35_1_10_11.xlsx,5
CS2_35,652,1.0,0.84233816,74.052941,2011-01-03 23:23:43,CS2_35_1_10_11.xlsx,6
CS2_35,653,1.0,0.84035084,73.878229,2011-01-04 02:14:49,CS2_35_1_10_11.xlsx,7
CS2_35,654,1.0,0.81607295,71.743873,2011-01-04 05:05:44,CS2_35_1_10_11.xlsx,8
CS2_35,655,1.0,0.67127305,59.013999,2011-01-04 07:57:09,CS2_35_1_10_11.xlsx,9
CS2_35,656,1.0,0.80227409,70.530767,2011-01-04 09:51:50,CS2_35_1_10_11.xlsx,10
CS2_35,657,1.0,0.79745902,70.107456,2011-01-04 12:44:51,CS2_35_1_10_11.xlsx,11
CS2_35,658,1.0,0.7940751,69.809963,2011-01-04 15:34:32,CS2_35_1_10_11.xlsx,12
CS2_35,659,1.0,0.79066288,69.509983,2011-01-04 18:23:10,CS2_35_1_10_11.xlsx,13
CS2_35,660,1.0,0.8039334,70.676642,2011-01-04 21:11:51,CS2_35_1_10_11.xlsx,14
CS2_35,661,1.0,0.80720209,70.964004,2011-01-04 23:59:19,CS2_35_1_10_11.xlsx,15
CS2_35,662,1.0,0.80026775,70.354381,2011-01-05 02:47:22,CS2_35_1_10_11.xlsx,16
CS2_35,663,1.0,0.78328519,68.861385,2011-01-05 05:35:00,CS2_35_1_10_11.xlsx,17
CS2_35,664,1.0,0.78045101,68.612221,2011-01-05 08:22:55,CS2_35_1_10_11.xlsx,18
CS2_35,665,1.0,0.77631154,68.248306,2011-01-05 11:10:08,CS2_35_1_10_11.xlsx,19
CS2_35,666,1.0,0.77383569,68.030645,2011-01-05 13:56:53,CS2_35_1_10_11.xlsx,20
CS2_35,667,1.0,0.76331891,67.106078,2011-01-05 16:43:19,CS2_35_1_10_11.xlsx,21
CS2_35,668,1.0,0.7766231,68.275696,2011-01-05 19:28:54,CS2_35_1_10_11.xlsx,22
CS2_35,669,1.0,0.78333943,68.866153,2011-01-05 22:15:54,CS2_35_1_10_11.xlsx,23
CS2_35,670,1.0,0.78673719,69.164862,2011-01-06 01:01:37,CS2_35_1_10_11.xlsx,24
CS2_35,671,1.0,0.76681628,67.413544,2011-01-06 03:47:29,CS2_35_1_10_11.xlsx,25
CS2_35,672,1.0,0.75675478,66.529002,2011-01-06 06:32:02,CS2_35_1_10_11.xlsx,26
CS2_35,673,1.0,0.75732875,66.579462,2011-01-06 09:17:02,CS2_35_1_10_11.xlsx,27
CS2_35,674,1.0,0.75446766,66.327933,2011-01-06 12:01:19,CS2_35_1_10_11.xlsx,28
CS2_35,675,1.0,0.75199595,66.110636,2011-01-06 14:45:31,CS2_35_1_10_11.xlsx,29
CS2_35,676,1.0,0.74943164,65.885199,2011-01-06 17:29:01,CS2_35_1_10_11.xlsx,30
CS2_35,677,1.0,0.74399098,65.406891,2011-01-06 20:12:38,CS2_35_1_10_11.xlsx,31
CS2_35,678,1.0,0.74188482,65.22173,2011-01-06 22:56:08,CS2_35_1_10_11.xlsx,32
CS2_35,679,1.0,0.74316139,65.333959,2011-01-07 01:39:08,CS2_35_1_10_11.xlsx,33
CS2_35,680,1.0,0.73856357,64.929748,2011-01-07 04:22:01,CS2_35_1_10_11.xlsx,34
CS2_35,681,1.0,0.73768232,64.852274,2011-01-07 07:04:55,CS2_35_1_10_11.xlsx,35
CS2_35,682,1.0,0.74363179,65.375313,2011-01-07 09:47:15,CS2_35_1_10_11.xlsx,36
CS2_35,683,1.0,0.75241157,66.147175,2011-01-07 12:29:28,CS2_35_1_10_11.xlsx,37
CS2_35,684,1.0,0.75568347,66.434819,2011-01-07 15:12:07,CS2_35_1_10_11.xlsx,38
CS2_35,685,1.0,0.75039451,65.969848,2011-01-07 17:54:39,CS2_35_1_10_11.xlsx,39
CS2_35,686,1.0,0.75310537,66.208169,2011-01-07 20:37:04,CS2_35_1_10_11.xlsx,40
CS2_35,687,1.0,0.75043903,65.973761,2011-01-07 23:18:58,CS2_35_1_10_11.xlsx,41
CS2_35,688,1.0,0.75457011,66.336939,2011-01-08 02:00:47,CS2_35_1_10_11.xlsx,42
CS2_35,689,1.0,0.75575268,66.440903,2011-01-08 04:42:29,CS2_35_1_10_11.xlsx,43
CS2_35,690,1.0,0.75300257,66.199132,2011-01-08 07:24:30,CS2_35_1_10_11.xlsx,44
CS2_35,691,1.0,0.7568442,66.536863,2011-01-08 10:06:19,CS2_35_1_10_11.xlsx,45
CS2_35,692,1.0,0.75387458,66.275794,2011-01-08 12:48:00,CS2_35_1_10_11.xlsx,46
CS2_35,693,1.0,0.75335685,66.230278,2011-01-08 15:29:35,CS2_35_1_10_11.xlsx,47
CS2_35,694,1.0,0.75226792,66.134546,2011-01-08 18:10:53,CS2_35_1_10_11.xlsx,48
CS2_35,695,1.0,0.75094549,66.018287,2011-01-08 20:52:05,CS2_35_1_10_11.xlsx,49
CS2_35,696,1.0,0.74901817,65.848849,2011-01-08 23:33:06,CS2_35_1_10_11.xlsx,50
CS2_35,697,1.0,0.78281459,68.820013,2011-01-10 11:47:49,CS2_35_1_18_11.xlsx,1
CS2_35,698,1.0,0.7734861,67.999912,2011-01-10 14:29:55,CS2_35_1_18_11.xlsx,2
CS2_35,699,1.0,0.63912075,56.187376,2011-01-10 17:14:08,CS2_35_1_18_11.xlsx,3
CS2_35,700,1.0,0.75947169,66.767855,2011-01-10 19:03:06,CS2_35_1_18_11.xlsx,4
CS2_35,701,1.0,0.756065,66.468361,2011-01-10 21:49:04,CS2_35_1_18_11.xlsx,5
CS2_35,702,1.0,0.75297852,66.197017,2011-01-11 00:30:41,CS2_35_1_18_11.xlsx,6
CS2_35,703,1.0,0.75101527,66.024421,2011-01-11 03:11:42,CS2_35_1_18_11.xlsx,7
CS2_35,704,1.0,0.74955402,65.895957,2011-01-11 05:52:19,CS2_35_1_18_11.xlsx,8
CS2_35,705,1.0,0.62180555,54.665136,2011-01-11 08:32:35,CS2_35_1_18_11.xlsx,9
CS2_35,706,1.0,0.74864762,65.816273,2011-01-11 10:17:48,CS2_35_1_18_11.xlsx,10
CS2_35,707,1.0,0.74718343,65.68755,2011-01-11 13:02:04,CS2_35_1_18_11.xlsx,11
CS2_35,708,1.0,0.74184752,65.218452,2011-01-11 15:42:00,CS2_35_1_18_11.xlsx,12
CS2_35,709,1.0,0.73788219,64.869845,2011-01-11 18:20:58,CS2_35_1_18_11.xlsx,13
CS2_35,710,1.0,0.73503161,64.619241,2011-01-11 20:59:17,CS2_35_1_18_11.xlsx,14
CS2_35,711,1.0,0.73299586,64.440271,2011-01-11 23:37:21,CS2_35_1_18_11.xlsx,15
CS2_35,712,1.0,0.7314553,64.304835,2011-01-12 02:14:58,CS2_35_1_18_11.xlsx,16
CS2_35,713,1.0,0.59646776,52.437601,2011-01-12 04:52:21,CS2_35_1_18_11.xlsx,17
CS2_35,714,1.0,0.72762835,63.968394,2011-01-12 06:33:54,CS2_35_1_18_11.xlsx,18
CS2_35,715,1.0,0.7335194,64.486297,2011-01-12 09:14:57,CS2_35_1_18_11.xlsx,19
CS2_35,716,1.0,0.73945936,65.0085,2011-01-12 11:52:16,CS2_35_1_18_11.xlsx,20
CS2_35,717,1.0,0.72623953,63.846298,2011-01-12 14:26:49,CS2_35_1_18_11.xlsx,21
CS2_35,718,1.0,0.72168832,63.446185,2011-01-12 17:04:21,CS2_35_1_18_11.xlsx,22
CS2_35,719,1.0,0.71795136,63.117655,2011-01-12 19:40:42,CS2_35_1_18_11.xlsx,23
CS2_35,720,1.0,0.71522972,62.878386,2011-01-12 22:16:54,CS2_35_1_18_11.xlsx,24
CS2_35,721,1.0,0.71272562,62.658242,2011-01-13 00:52:53,CS2_35_1_18_11.xlsx,25
CS2_35,722,1.0,0.71037898,62.451941,2011-01-13 03:28:34,CS2_35_1_18_11.xlsx,26
CS2_35,723,1.0,0.56690848,49.838939,2011-01-13 06:03:56,CS2_35_1_18_11.xlsx,27
CS2_35,724,1.0,0.70683571,62.140439,2011-01-13 07:40:41,CS2_35_1_18_11.xlsx,28
CS2_35,725,1.0,0.70803173,62.245586,2011-01-13 10:20:03,CS2_35_1_18_11.xlsx,29
CS2_35,726,1.0,0.70918081,62.346605,2011-01-13 12:55:08,CS2_35_1_18_11.xlsx,30
CS2_35,727,1.0,0.70661665,62.121181,2011-01-13 15:30:00,CS2_35_1_18_11.xlsx,31
CS2_35,728,1.0,0.70204041,61.718867,2011-01-13 18:04:34,CS2_35_1_18_11.xlsx,32
CS2_35,729,1.0,0.69929443,61.477459,2011-01-13 20:38:55,CS2_35_1_18_11.xlsx,33
CS2_35,730,1.0,0.6920261,60.838474,2011-01-13 23:12:48,CS2_35_1_18_11.xlsx,34
CS2_35,731,1.0,0.68856983,60.53462,2011-01-14 01:45:59,CS2_35_1_18_11.xlsx,35
CS2_35,732,1.0,0.68600657,60.309275,2011-01-14 04:18:57,CS2_35_1_18_11.xlsx,36
CS2_35,733,1.0,0.68543693,60.259196,2011-01-14 06:51:41,CS2_35_1_18_11.xlsx,37
CS2_35,734,1.0,0.68679655,60.378725,2011-01-14 09:24:09,CS2_35_1_18_11.xlsx,38
CS2_35,735,1.0,0.5416685,47.620003,2011-01-14 11:56:30,CS2_35_1_18_11.xlsx,39
CS2_35,736,1.0,0.68475643,60.199371,2011-01-14 13:28:54,CS2_35_1_18_11.xlsx,40
CS2_35,737,1.0,0.6826889,60.017607,2011-01-14 16:05:44,CS2_35_1_18_11.xlsx,41
CS2_35,738,1.0,0.67929292,59.719054,2011-01-14 18:38:03,CS2_35_1_18_11.xlsx,42
CS2_35,739,1.0,0.6777881,59.586761,2011-01-14 21:09:56,CS2_35_1_18_11.xlsx,43
CS2_35,740,1.0,0.67579813,59.411815,2011-01-14 23:41:23,CS2_35_1_18_11.xlsx,44
CS2_35,741,1.0,0.6745705,59.30389,2011-01-15 02:12:42,CS2_35_1_18_11.xlsx,45
CS2_35,742,1.0,0.67333911,59.195634,2011-01-15 04:43:53,CS2_35_1_18_11.xlsx,46
CS2_35,743,1.0,0.67186048,59.065642,2011-01-15 07:14:49,CS2_35_1_18_11.xlsx,47
CS2_35,744,1.0,0.67326395,59.189026,2011-01-15 09:45:42,CS2_35_1_18_11.xlsx,48
CS2_35,745,1.0,0.67332894,59.19474,2011-01-15 12:16:29,CS2_35_1_18_11.xlsx,49
CS2_35,746,1.0,0.67410841,59.263266,2011-01-15 14:47:09,CS2_35_1_18_11.xlsx,50
CS2_35,747,1.0,0.70629181,62.092623,2011-01-18 13:17:53,CS2_35_1_24_11.xlsx,1
CS2_35,748,1.0,0.6929371,60.918563,2011-01-18 15:50:46,CS2_35_1_24_11.xlsx,2
CS2_35,749,1.0,0.68371878,60.108148,2011-01-18 18:25:19,CS2_35_1_24_11.xlsx,3
CS2_35,750,1.0,0.67792835,59.59909,2011-01-18 20:57:56,CS2_35_1_24_11.xlsx,4
CS2_35,751,1.0,0.67321696,59.184895,2011-01-18 23:29:40,CS2_35_1_24_11.xlsx,5
CS2_35,752,1.0,0.67045793,58.942339,2011-01-19 02:00:33,CS2_35_1_24_11.xlsx,6
CS2_35,753,1.0,0.666789,58.61979,2011-01-19 04:31:00,CS2_35_1_24_11.xlsx,7
CS2_35,754,1.0,0.66591518,58.542969,2011-01-19 07:01:00,CS2_35_1_24_11.xlsx,8
CS2_35,755,1.0,0.66668371,58.610534,2011-01-19 09:30:36,CS2_35_1_24_11.xlsx,9
CS2_35,756,1.0,0.6678929,58.716838,2011-01-19 11:59:53,CS2_35_1_24_11.xlsx,10
CS2_35,757,1.0,0.66034172,58.052987,2011-01-19 14:27:56,CS2_35_1_24_11.xlsx,11
CS2_35,758,1.0,0.65423271,57.515922,2011-01-19 16:56:40,CS2_35_1_24_11.xlsx,12
CS2_35,759,1.0,0.6487461,57.033575,2011-01-19 19:24:17,CS2_35_1_24_11.xlsx,13
CS2_35,760,1.0,0.6430595,56.533646,2011-01-19 21:51:34,CS2_35_1_24_11.xlsx,14
CS2_35,761,1.0,0.63877473,56.156956,2011-01-20 00:18:32,CS2_35_1_24_11.xlsx,15
CS2_35,762,1.0,0.63624787,55.934811,2011-01-20 02:44:55,CS2_35_1_24_11.xlsx,16
CS2_35,763,1.0,0.63375221,55.715409,2011-01-20 05:10:50,CS2_35_1_24_11.xlsx,17
CS2_35,764,1.0,0.63444443,55.776264,2011-01-20 07:36:25,CS2_35_1_24_11.xlsx,18
CS2_35,765,1.0,0.636264,55.936229,2011-01-20 10:01:58,CS2_35_1_24_11.xlsx,19
CS2_35,766,1.0,0.63555591,55.873978,2011-01-20 12:27:13,CS2_35_1_24_11.xlsx,20
CS2_35,767,1.0,0.63756705,56.050785,2011-01-20 14:52:24,CS2_35_1_24_11.xlsx,21
CS2_35,768,1.0,0.6284737,55.251356,2011-01-20 17:17:33,CS2_35_1_24_11.xlsx,22
CS2_35,769,1.0,0.62292248,54.763329,2011-01-20 19:42:10,CS2_35_1_24_11.xlsx,23
CS2_35,770,1.0,0.62098669,54.593146,2011-01-20 22:06:15,CS2_35_1_24_11.xlsx,24
CS2_35,771,1.0,0.61852845,54.377034,2011-01-21 00:29:54,CS2_35_1_24_11.xlsx,25
CS2_35,772,1.0,0.61665086,54.211968,2011-01-21 02:53:13,CS2_35_1_24_11.xlsx,26
CS2_35,773,1.0,0.61503984,54.070338,2011-01-21 05:16:18,CS2_35_1_24_11.xlsx,27
CS2_35,774,1.0,0.61711682,54.252933,2011-01-21 07:39:13,CS2_35_1_24_11.xlsx,28
CS2_35,775,1.0,0.6188145,54.402182,2011-01-21 10:02:14,CS2_35_1_24_11.xlsx,29
CS2_35,776,1.0,0.61637458,54.18768,2011-01-21 12:24:55,CS2_35_1_24_11.xlsx,30
CS2_35,777,1.0,0.6129891,53.89005,2011-01-21 14:47:25,CS2_35_1_24_11.xlsx,31
CS2_35,778,1.0,0.60539115,53.222087,2011-01-21 17:09:28,CS2_35_1_24_11.xlsx,32
CS2_35,779,1.0,0.60304647,53.015958,2011-01-21 19:31:09,CS2_35_1_24_11.xlsx,33
CS2_35,780,1.0,0.59855725,52.621294,2011-01-21 21:52:14,CS2_35_1_24_11.xlsx,34
CS2_35,781,1.0,0.59644121,52.435266,2011-01-22 00:13:00,CS2_35_1_24_11.xlsx,35
CS2_35,782,1.0,0.59419146,52.237482,2011-01-22 02:33:15,CS2_35_1_24_11.xlsx,36
CS2_35,783,1.0,0.59218032,52.060676,2011-01-22 04:53:16,CS2_35_1_24_11.xlsx,37
CS2_35,784,1.0,0.58981955,51.853133,2011-01-22 07:13:01,CS2_35_1_24_11.xlsx,38
CS2_35,785,1.0,0.58767655,51.664734,2011-01-22 09:32:28,CS2_35_1_24_11.xlsx,39
CS2_35,786,1.0,0.5854586,51.469746,2011-01-22 11:51:38,CS2_35_1_24_11.xlsx,40
CS2_35,787,1.0,0.60438317,53.133472,2011-01-22 15:23:26,CS2_35_1_24_11.xlsx,42
CS2_35,788,1.0,0.61048,53.669466,2011-01-22 17:47:49,CS2_35_1_24_11.xlsx,43
CS2_35,789,1.0,0.6124333,53.841187,2011-01-22 20:08:22,CS2_35_1_24_11.xlsx,44
CS2_35,790,1.0,0.61351679,53.936441,2011-01-22 22:28:58,CS2_35_1_24_11.xlsx,45
CS2_35,791,1.0,0.61322826,53.911075,2011-01-23 00:49:35,CS2_35_1_24_11.xlsx,46
CS2_35,792,1.0,0.61315142,53.90432,2011-01-23 03:10:10,CS2_35_1_24_11.xlsx,47
CS2_35,793,1.0,0.61265915,53.861043,2011-01-23 05:30:42,CS2_35_1_24_11.xlsx,48
CS2_35,794,1.0,0.61211564,53.813261,2011-01-23 07:51:06,CS2_35_1_24_11.xlsx,49
CS2_35,795,1.0,0.61121723,53.734279,2011-01-23 10:11:25,CS2_35_1_24_11.xlsx,50
CS2_35,796,1.0,0.60647143,53.317058,2011-01-24 10:54:44,CS2_35_1_28_11.xlsx,1
CS2_35,797,1.0,0.59286179,52.120587,2011-01-24 13:19:56,CS2_35_1_28_11.xlsx,2
CS2_35,798,1.0,0.58331329,51.281144,2011-01-24 15:41:28,CS2_35_1_28_11.xlsx,3
CS2_35,799,1.0,0.57623751,50.659087,2011-01-24 18:00:09,CS2_35_1_28_11.xlsx,4
CS2_35,800,1.0,0.57066661,50.16933,2011-01-24 20:17:47,CS2_35_1_28_11.xlsx,5
CS2_35,801,1.0,0.56574328,49.736502,2011-01-24 22:34:37,CS2_35_1_28_11.xlsx,6
CS2_35,802,1.0,0.56088643,49.309519,2011-01-25 00:50:46,CS2_35_1_28_11.xlsx,7
CS2_35,803,1.0,0.55868189,49.115711,2011-01-25 03:06:01,CS2_35_1_28_11.xlsx,8
CS2_35,804,1.0,0.55509809,48.800645,2011-01-25 05:20:49,CS2_35_1_28_11.xlsx,9
CS2_35,805,1.0,0.55723096,48.988153,2011-01-25 07:35:13,CS2_35_1_28_11.xlsx,10
CS2_35,806,1.0,0.55496239,48.788716,2011-01-25 09:49:24,CS2_35_1_28_11.xlsx,11
CS2_35,807,1.0,0.54891163,48.256772,2011-01-25 12:03:04,CS2_35_1_28_11.xlsx,12
CS2_35,808,1.0,0.55131715,48.46825,2011-01-25 14:16:15,CS2_35_1_28_11.xlsx,13
CS2_35,809,1.0,0.55036058,48.384155,2011-01-25 16:29:21,CS2_35_1_28_11.xlsx,14
CS2_35,810,1.0,0.53752076,47.25536,2011-01-25 18:41:38,CS2_35_1_28_11.xlsx,15
CS2_35,811,1.0,0.53414644,46.958712,2011-01-25 20:53:19,CS2_35_1_28_11.xlsx,16
CS2_35,812,1.0,0.53414841,46.958885,2011-01-25 23:04:29,CS2_35_1_28_11.xlsx,17
CS2_35,813,1.0,0.53952685,47.431723,2011-01-26 01:15:28,CS2_35_1_28_11.xlsx,18
CS2_35,814,1.0,0.54117746,47.576834,2011-01-26 03:26:10,CS2_35_1_28_11.xlsx,19
CS2_35,815,1.0,0.54085269,47.548282,2011-01-26 05:37:10,CS2_35_1_28_11.xlsx,20
CS2_35,816,1.0,0.54116678,47.575894,2011-01-26 07:48:07,CS2_35_1_28_11.xlsx,21
CS2_35,817,1.0,0.5471615,48.102912,2011-01-26 09:58:53,CS2_35_1_28_11.xlsx,22
CS2_35,818,1.0,0.5435079,47.781711,2011-01-26 12:09:48,CS2_35_1_28_11.xlsx,23
CS2_35,819,1.0,0.53838251,47.33112,2011-01-26 14:20:31,CS2_35_1_28_11.xlsx,24
CS2_35,820,1.0,0.53336758,46.89024,2011-01-26 16:30:32,CS2_35_1_28_11.xlsx,25
CS2_35,821,1.0,0.53099506,46.681663,2011-01-26 18:39:44,CS2_35_1_28_11.xlsx,26
CS2_35,822,1.0,0.52777745,46.398791,2011-01-26 20:48:35,CS2_35_1_28_11.xlsx,27
CS2_35,823,1.0,0.52067597,45.774474,2011-01-26 22:57:00,CS2_35_1_28_11.xlsx,28
CS2_35,824,1.0,0.51098302,44.922333,2011-01-27 01:04:41,CS2_35_1_28_11.xlsx,29
CS2_35,825,1.0,0.50708531,44.579672,2011-01-27 03:11:26,CS2_35_1_28_11.xlsx,30
CS2_35,826,1.0,0.50717759,44.587784,2011-01-27 05:17:19,CS2_35_1_28_11.xlsx,31
CS2_35,827,1.0,0.50473704,44.373227,2011-01-27 07:22:52,CS2_35_1_28_11.xlsx,32
CS2_35,828,1.0,0.50040571,43.992444,2011-01-31 10:51:35,CS2_35_2_10_11.xlsx,1
CS2_35,829,1.0,0.50040571,43.992444,2011-01-31 10:51:35,CS2_35_2_4_11.xlsx,1
CS2_36,1,1.0,1.14481445,100.14713,2010-08-16 13:45:06,CS2_36_8_17_10.xlsx,1
CS2_36,2,1.0,1.14360623,100.041437,2010-08-17 14:31:07,CS2_36_8_18_10.xlsx,1
CS2_36,3,1.0,1.14313255,100.0,2010-08-18 10:59:32,CS2_36_8_19_10.xlsx,1
CS2_36,4,1.0,1.1420405,99.904469,2010-08-19 14:21:52,CS2_36_8_30_10.xlsx,1
CS2_36,5,1.0,1.13913944,99.650687,2010-08-19 17:58:35,CS2_36_8_30_10.xlsx,2
CS2_36,6,1.0,1.13881327,99.622154,2010-08-19 21:35:26,CS2_36_8_30_10.xlsx,3
CS2_36,7,1.0,1.13461286,99.254707,2010-08-20 01:10:01,CS2_36_8_30_10.xlsx,4
CS2_36,8,1.0,1.12494919,98.409339,2010-08-20 04:43:46,CS2_36_8_30_10.xlsx,5
CS2_36,9,1.0,1.12167903,98.123269,2010-08-20 08:17:33,CS2_36_8_30_10.xlsx,6
CS2_36,10,1.0,1.11921673,97.90787,2010-08-20 11:50:26,CS2_36_8_30_10.xlsx,7
CS2_36,11,1.0,1.11564828,97.595706,2010-08-20 15:22:42,CS2_36_8_30_10.xlsx,8
CS2_36,12,1.0,1.12085426,98.051119,2010-08-20 18:54:23,CS2_36_8_30_10.xlsx,9
CS2_36,13,1.0,1.12226671,98.174678,2010-08-20 22:25:33,CS2_36_8_30_10.xlsx,10
CS2_36,14,1.0,1.12237883,98.184487,2010-08-21 01:56:28,CS2_36_8_30_10.xlsx,11
CS2_36,15,1.0,1.12220337,98.169137,2010-08-21 05:27:07,CS2_36_8_30_10.xlsx,12
CS2_36,16,1.0,1.12178125,98.132211,2010-08-21 08:57:31,CS2_36_8_30_10.xlsx,13
CS2_36,17,1.0,1.12147757,98.105645,2010-08-21 12:27:41,CS2_36_8_30_10.xlsx,14
CS2_36,18,1.0,1.12126628,98.087162,2010-08-21 15:57:37,CS2_36_8_30_10.xlsx,15
CS2_36,19,1.0,1.12061335,98.030045,2010-08-21 19:27:20,CS2_36_8_30_10.xlsx,16
CS2_36,20,1.0,1.11985504,97.963708,2010-08-21 22:56:52,CS2_36_8_30_10.xlsx,17
CS2_36,21,1.0,1.11920537,97.906876,2010-08-22 02:26:15,CS2_36_8_30_10.xlsx,18
CS2_36,22,1.0,1.11855721,97.850176,2010-08-22 05:55:26,CS2_36_8_30_10.xlsx,19
CS2_36,23,1.0,1.11814138,97.813799,2010-08-22 09:24:25,CS2_36_8_30_10.xlsx,20
CS2_36,24,1.0,1.11785674,97.788899,2010-08-22 12:53:14,CS2_36_8_30_10.xlsx,21
CS2_36,25,1.0,1.11702503,97.716142,2010-08-22 16:21:56,CS2_36_8_30_10.xlsx,22
CS2_36,26,1.0,1.11635318,97.65737,2010-08-22 19:50:27,CS2_36_8_30_10.xlsx,23
CS2_36,27,1.0,1.11576564,97.605972,2010-08-22 23:18:50,CS2_36_8_30_10.xlsx,24
CS2_36,28,1.0,1.10537919,96.697377,2010-08-23 02:47:03,CS2_36_8_30_10.xlsx,25
CS2_36,29,1.0,1.10139443,96.348794,2010-08-23 06:15:30,CS2_36_8_30_10.xlsx,26
CS2_36,30,1.0,1.0990854,96.146803,2010-08-23 09:43:30,CS2_36_8_30_10.xlsx,27
CS2_36,31,1.0,1.09743765,96.00266,2010-08-23 13:11:10,CS2_36_8_30_10.xlsx,28
CS2_36,32,1.0,1.09534617,95.819699,2010-08-23 16:38:39,CS2_36_8_30_10.xlsx,29
CS2_36,33,1.0,1.10343489,96.527291,2010-08-23 20:06:01,CS2_36_8_30_10.xlsx,30
CS2_36,34,1.0,1.10475754,96.642996,2010-08-23 23:32:34,CS2_36_8_30_10.xlsx,31
CS2_36,35,1.0,1.09518843,95.8059,2010-08-24 02:59:26,CS2_36_8_30_10.xlsx,32
CS2_36,36,1.0,1.09136248,95.47121,2010-08-24 06:26:39,CS2_36_8_30_10.xlsx,33
CS2_36,37,1.0,1.09089704,95.430494,2010-08-24 09:53:14,CS2_36_8_30_10.xlsx,34
CS2_36,38,1.0,1.08939579,95.299166,2010-08-24 13:19:43,CS2_36_8_30_10.xlsx,35
CS2_36,39,1.0,1.09001458,95.353297,2010-08-24 16:46:01,CS2_36_8_30_10.xlsx,36
CS2_36,40,1.0,1.09698528,95.963087,2010-08-24 20:12:23,CS2_36_8_30_10.xlsx,37
CS2_36,41,1.0,1.09797323,96.049511,2010-08-24 23:38:03,CS2_36_8_30_10.xlsx,38
CS2_36,42,1.0,1.08790595,95.168837,2010-08-25 03:04:07,CS2_36_8_30_10.xlsx,39
CS2_36,43,1.0,1.08622535,95.02182,2010-08-25 06:30:36,CS2_36_8_30_10.xlsx,40
CS2_36,44,1.0,1.0858257,94.986859,2010-08-25 09:56:32,CS2_36_8_30_10.xlsx,41
CS2_36,45,1.0,1.08515736,94.928393,2010-08-25 13:22:15,CS2_36_8_30_10.xlsx,42
CS2_36,46,1.0,1.08385454,94.814424,2010-08-25 16:47:52,CS2_36_8_30_10.xlsx,43
CS2_36,47,1.0,1.09165678,95.496955,2010-08-25 20:13:34,CS2_36_8_30_10.xlsx,44
CS2_36,48,1.0,1.0930265,95.616777,2010-08-25 23:38:31,CS2_36_8_30_10.xlsx,45
CS2_36,49,1.0,1.08463478,94.882679,2010-08-26 03:03:48,CS2_36_8_30_10.xlsx,46
CS2_36,50,1.0,1.08322549,94.759395,2010-08-26 06:29:31,CS2_36_8_30_10.xlsx,47
CS2_36,51,1.0,1.08214855,94.665185,2010-08-26 09:54:49,CS2_36_8_30_10.xlsx,48
CS2_36,52,1.0,1.08107173,94.570986,2010-08-26 13:19:54,CS2_36_8_30_10.xlsx,49
CS2_36,53,1.0,1.07890128,94.381118,2010-08-26 16:44:48,CS2_36_8_30_10.xlsx,50
CS2_36,54,1.0,1.11426775,97.474939,2010-08-31 13:30:15,CS2_36_9_7_10.xlsx,1
CS2_36,55,1.0,1.1117473,97.254452,2010-08-31 16:57:30,CS2_36_9_7_10.xlsx,2
CS2_36,56,1.0,1.1150721,97.545302,2010-08-31 20:28:29,CS2_36_9_7_10.xlsx,3
CS2_36,57,1.0,1.11470904,97.513541,2010-08-31 23:58:09,CS2_36_9_7_10.xlsx,4
CS2_36,58,1.0,1.10634128,96.781539,2010-09-01 03:27:36,CS2_36_9_7_10.xlsx,5
CS2_36,59,1.0,0.9900237,86.606203,2010-09-01 06:57:16,CS2_36_9_7_10.xlsx,6
CS2_36,60,1.0,1.10235912,96.433185,2010-09-01 09:45:37,CS2_36_9_7_10.xlsx,7
CS2_36,61,1.0,1.1002012,96.244412,2010-09-01 13:14:38,CS2_36_9_7_10.xlsx,8
CS2_36,62,1.0,1.09335572,95.645577,2010-09-01 16:43:10,CS2_36_9_7_10.xlsx,9
CS2_36,63,1.0,1.09541035,95.825314,2010-09-01 20:12:00,CS2_36_9_7_10.xlsx,10
CS2_36,64,1.0,1.09361112,95.667919,2010-09-01 23:39:38,CS2_36_9_7_10.xlsx,11
CS2_36,65,1.0,1.08741608,95.125983,2010-09-02 03:07:21,CS2_36_9_7_10.xlsx,12
CS2_36,66,1.0,1.08605822,95.007199,2010-09-02 06:35:07,CS2_36_9_7_10.xlsx,13
CS2_36,67,1.0,1.08449791,94.870705,2010-09-02 10:02:20,CS2_36_9_7_10.xlsx,14
CS2_36,68,1.0,1.08346717,94.780537,2010-09-02 13:29:10,CS2_36_9_7_10.xlsx,15
CS2_36,69,1.0,1.0801289,94.488508,2010-09-02 16:55:44,CS2_36_9_7_10.xlsx,16
CS2_36,70,1.0,1.08172573,94.628198,2010-09-02 20:22:26,CS2_36_9_7_10.xlsx,17
CS2_36,71,1.0,1.08114104,94.577049,2010-09-02 23:48:34,CS2_36_9_7_10.xlsx,18
CS2_36,72,1.0,1.07663503,94.182868,2010-09-03 03:14:36,CS2_36_9_7_10.xlsx,19
CS2_36,73,1.0,1.0759174,94.120091,2010-09-03 06:40:38,CS2_36_9_7_10.xlsx,20
CS2_36,74,1.0,1.07522257,94.059308,2010-09-03 10:06:20,CS2_36_9_7_10.xlsx,21
CS2_36,75,1.0,1.07439658,93.987052,2010-09-03 13:31:49,CS2_36_9_7_10.xlsx,22
CS2_36,76,1.0,1.07274439,93.842519,2010-09-03 16:57:07,CS2_36_9_7_10.xlsx,23
CS2_36,77,1.0,1.07505248,94.044429,2010-09-03 20:22:30,CS2_36_9_7_10.xlsx,24
CS2_36,78,1.0,1.07437079,93.984795,2010-09-03 23:47:23,CS2_36_9_7_10.xlsx,25
CS2_36,79,1.0,1.07360019,93.917384,2010-09-04 03:12:20,CS2_36_9_7_10.xlsx,26
CS2_36,80,1.0,1.07308676,93.872469,2010-09-04 06:37:05,CS2_36_9_7_10.xlsx,27
CS2_36,81,1.0,1.07268456,93.837286,2010-09-04 10:01:52,CS2_36_9_7_10.xlsx,28
CS2_36,82,1.0,0.95668331,83.689622,2010-09-04 13:26:32,CS2_36_9_7_10.xlsx,29
CS2_36,83,1.0,0.95596763,83.627015,2010-09-04 16:09:06,CS2_36_9_7_10.xlsx,30
CS2_36,84,1.0,1.07092569,93.683422,2010-09-04 18:51:51,CS2_36_9_7_10.xlsx,31
CS2_36,85,1.0,1.07011765,93.612736,2010-09-04 22:16:41,CS2_36_9_7_10.xlsx,32
CS2_36,86,1.0,1.06956059,93.564004,2010-09-05 01:41:02,CS2_36_9_7_10.xlsx,33
CS2_36,87,1.0,1.06896655,93.512038,2010-09-05 05:05:22,CS2_36_9_7_10.xlsx,34
CS2_36,88,1.0,0.95125643,83.214884,2010-09-05 08:29:35,CS2_36_9_7_10.xlsx,35
CS2_36,89,1.0,1.06786159,93.415378,2010-09-05 11:11:17,CS2_36_9_7_10.xlsx,36
CS2_36,90,1.0,1.06810342,93.436533,2010-09-05 14:35:42,CS2_36_9_7_10.xlsx,37
CS2_36,91,1.0,1.06679203,93.321813,2010-09-05 17:59:35,CS2_36_9_7_10.xlsx,38
CS2_36,92,1.0,1.06611243,93.262363,2010-09-05 21:23:30,CS2_36_9_7_10.xlsx,39
CS2_36,93,1.0,1.06498887,93.164075,2010-09-06 00:47:17,CS2_36_9_7_10.xlsx,40
CS2_36,94,1.0,1.05860055,92.605232,2010-09-06 04:11:01,CS2_36_9_7_10.xlsx,41
CS2_36,95,1.0,1.05714493,92.477895,2010-09-06 07:34:54,CS2_36_9_7_10.xlsx,42
CS2_36,96,1.0,1.05595997,92.374237,2010-09-06 10:58:37,CS2_36_9_7_10.xlsx,43
CS2_36,97,1.0,1.06384335,93.063866,2010-09-07 10:44:17,CS2_36_9_14_10.xlsx,1
CS2_36,98,1.0,1.06360328,93.042865,2010-09-07 12:19:38,CS2_36_9_14_10.xlsx,2
CS2_36,99,1.0,1.06293138,92.984088,2010-09-07 15:43:17,CS2_36_9_14_10.xlsx,3
CS2_36,100,1.0,1.06831776,93.455283,2010-09-07 19:06:37,CS2_36_9_14_10.xlsx,4
CS2_36,101,1.0,1.06943163,93.552723,2010-09-07 22:29:35,CS2_36_9_14_10.xlsx,5
CS2_36,102,1.0,1.06426514,93.100764,2010-09-08 01:52:35,CS2_36_9_14_10.xlsx,6
CS2_36,103,1.0,1.06129356,92.840814,2010-09-08 05:14:51,CS2_36_9_14_10.xlsx,7
CS2_36,104,1.0,1.06116706,92.829748,2010-09-08 08:38:03,CS2_36_9_14_10.xlsx,8
CS2_36,105,1.0,1.06073535,92.791982,2010-09-08 12:00:57,CS2_36_9_14_10.xlsx,9
CS2_36,106,1.0,1.05802698,92.555057,2010-09-08 15:23:18,CS2_36_9_14_10.xlsx,10
CS2_36,107,1.0,1.06468298,93.137316,2010-09-08 18:45:47,CS2_36_9_14_10.xlsx,11
CS2_36,108,1.0,1.06620731,93.270663,2010-09-08 22:08:08,CS2_36_9_14_10.xlsx,12
CS2_36,109,1.0,0.95393841,83.449501,2010-09-09 01:30:25,CS2_36_9_14_10.xlsx,13
CS2_36,110,1.0,1.05632907,92.406525,2010-09-09 04:12:35,CS2_36_9_14_10.xlsx,14
CS2_36,111,1.0,1.05627646,92.401923,2010-09-09 07:35:49,CS2_36_9_14_10.xlsx,15
CS2_36,112,1.0,1.05607003,92.383864,2010-09-09 10:58:09,CS2_36_9_14_10.xlsx,16
CS2_36,113,1.0,1.05342898,92.152829,2010-09-09 14:20:31,CS2_36_9_14_10.xlsx,17
CS2_36,114,1.0,1.05678092,92.446052,2010-09-09 17:42:50,CS2_36_9_14_10.xlsx,18
CS2_36,115,1.0,1.06144711,92.854246,2010-09-09 21:05:40,CS2_36_9_14_10.xlsx,19
CS2_36,116,1.0,0.94940086,83.052561,2010-09-10 00:27:28,CS2_36_9_14_10.xlsx,20
CS2_36,117,1.0,1.0525038,92.071895,2010-09-10 03:08:43,CS2_36_9_14_10.xlsx,21
CS2_36,118,1.0,1.0512486,91.962091,2010-09-10 06:31:27,CS2_36_9_14_10.xlsx,22
CS2_36,119,1.0,1.05153669,91.987293,2010-09-10 09:53:23,CS2_36_9_14_10.xlsx,23
CS2_36,120,1.0,1.04965061,91.8223,2010-09-10 13:15:17,CS2_36_9_14_10.xlsx,24
CS2_36,121,1.0,1.04767595,91.64956,2010-09-10 16:36:51,CS2_36_9_14_10.xlsx,25
CS2_36,122,1.0,1.05636597,92.409753,2010-09-10 19:58:47,CS2_36_9_14_10.xlsx,26
CS2_36,123,1.0,1.05736039,92.496744,2010-09-10 23:19:45,CS2_36_9_14_10.xlsx,27
CS2_36,124,1.0,1.05911554,92.650283,2010-09-11 02:41:11,CS2_36_9_14_10.xlsx,28
CS2_36,125,1.0,1.0603845,92.76129,2010-09-11 06:02:37,CS2_36_9_14_10.xlsx,29
CS2_36,126,1.0,1.06122862,92.835133,2010-09-11 09:23:56,CS2_36_9_14_10.xlsx,30
CS2_36,127,1.0,1.06181822,92.88671,2010-09-11 12:45:17,CS2_36_9_14_10.xlsx,31
CS2_36,128,1.0,1.06235591,92.933746,2010-09-11 16:06:32,CS2_36_9_14_10.xlsx,32
CS2_36,129,1.0,1.06315097,93.003298,2010-09-11 19:27:47,CS2_36_9_14_10.xlsx,33
CS2_36,130,1.0,1.06321464,93.008867,2010-09-11 22:48:58,CS2_36_9_14_10.xlsx,34
CS2_36,131,1.0,1.06344131,93.028696,2010-09-12 02:10:12,CS2_36_9_14_10.xlsx,35
CS2_36,132,1.0,1.06367217,93.048892,2010-09-12 05:31:21,CS2_36_9_14_10.xlsx,36
CS2_36,133,1.0,1.06381215,93.061137,2010-09-12 08:52:31,CS2_36_9_14_10.xlsx,37
CS2_36,134,1.0,1.06391407,93.070053,2010-09-12 12:13:40,CS2_36_9_14_10.xlsx,38
CS2_36,135,1.0,1.06405532,93.082409,2010-09-12 15:34:46,CS2_36_9_14_10.xlsx,39
CS2_36,136,1.0,1.06405961,93.082785,2010-09-12 18:55:52,CS2_36_9_14_10.xlsx,40
CS2_36,137,1.0,1.06405206,93.082124,2010-09-12 22:16:58,CS2_36_9_14_10.xlsx,41
CS2_36,138,1.0,1.057066,92.470991,2010-09-13 01:38:01,CS2_36_9_14_10.xlsx,42
CS2_36,139,1.0,1.04950447,91.809516,2010-09-13 04:58:37,CS2_36_9_14_10.xlsx,43
CS2_36,140,1.0,1.04901702,91.766875,2010-09-13 08:20:16,CS2_36_9_14_10.xlsx,44
CS2_36,141,1.0,1.04833372,91.7071,2010-09-13 11:41:21,CS2_36_9_14_10.xlsx,45
CS2_36,142,1.0,1.04615314,91.516346,2010-09-13 15:02:25,CS2_36_9_14_10.xlsx,46
CS2_36,143,1.0,1.05383216,92.188098,2010-09-13 18:23:09,CS2_36_9_14_10.xlsx,47
CS2_36,144,1.0,1.05663299,92.433112,2010-09-13 21:44:23,CS2_36_9_14_10.xlsx,48
CS2_36,145,1.0,1.05444118,92.241375,2010-09-14 01:05:02,CS2_36_9_14_10.xlsx,49
CS2_36,146,1.0,1.04468636,91.388034,2010-09-14 04:25:30,CS2_36_9_14_10.xlsx,50
CS2_36,147,1.0,1.0532313,92.135536,2010-09-14 13:57:43,CS2_36_9_21_10.xlsx,1
CS2_36,148,1.0,1.05486196,92.278184,2010-09-14 17:19:26,CS2_36_9_21_10.xlsx,2
CS2_36,149,1.0,1.06049795,92.771214,2010-09-14 20:42:29,CS2_36_9_21_10.xlsx,3
CS2_36,150,1.0,1.06124368,92.83645,2010-09-15 00:04:16,CS2_36_9_21_10.xlsx,4
CS2_36,151,1.0,1.048652,91.734944,2010-09-15 03:26:05,CS2_36_9_21_10.xlsx,5
CS2_36,152,1.0,1.04864156,91.73403,2010-09-15 06:48:35,CS2_36_9_21_10.xlsx,6
CS2_36,153,1.0,1.04901883,91.767033,2010-09-15 10:10:21,CS2_36_9_21_10.xlsx,7
CS2_36,154,1.0,1.04781881,91.662057,2010-09-15 13:31:20,CS2_36_9_21_10.xlsx,8
CS2_36,155,1.0,1.04745026,91.629816,2010-09-15 16:52:05,CS2_36_9_21_10.xlsx,9
CS2_36,156,1.0,1.05546988,92.331364,2010-09-15 20:13:00,CS2_36_9_21_10.xlsx,10
CS2_36,157,1.0,1.05676518,92.444675,2010-09-15 23:33:04,CS2_36_9_21_10.xlsx,11
CS2_36,158,1.0,1.04723132,91.610664,2010-09-16 02:53:25,CS2_36_9_21_10.xlsx,12
CS2_36,159,1.0,1.04533775,91.445016,2010-09-16 06:14:14,CS2_36_9_21_10.xlsx,13
CS2_36,160,1.0,1.04521361,91.434157,2010-09-16 09:34:44,CS2_36_9_21_10.xlsx,14
CS2_36,161,1.0,1.04492087,91.408548,2010-09-16 12:55:06,CS2_36_9_21_10.xlsx,15
CS2_36,162,1.0,1.04196519,91.149989,2010-09-16 16:15:19,CS2_36_9_21_10.xlsx,16
CS2_36,163,1.0,1.05143689,91.978563,2010-09-16 19:35:38,CS2_36_9_21_10.xlsx,17
CS2_36,164,1.0,1.05342149,92.152173,2010-09-16 22:55:09,CS2_36_9_21_10.xlsx,18
CS2_36,165,1.0,1.04524665,91.437047,2010-09-17 02:14:59,CS2_36_9_21_10.xlsx,19
CS2_36,166,1.0,1.04157706,91.116036,2010-09-17 05:34:09,CS2_36_9_21_10.xlsx,20
CS2_36,167,1.0,1.04278659,91.221844,2010-09-17 08:54:35,CS2_36_9_21_10.xlsx,21
CS2_36,168,1.0,1.04185571,91.140411,2010-09-17 12:14:33,CS2_36_9_21_10.xlsx,22
CS2_36,169,1.0,1.03942751,90.927995,2010-09-17 15:34:29,CS2_36_9_21_10.xlsx,23
CS2_36,170,1.0,1.04784182,91.66407,2010-09-17 18:54:07,CS2_36_9_21_10.xlsx,24
CS2_36,171,1.0,1.0500733,91.859277,2010-09-17 22:13:33,CS2_36_9_21_10.xlsx,25
CS2_36,172,1.0,0.93728192,81.992409,2010-09-18 01:33:07,CS2_36_9_21_10.xlsx,26
CS2_36,173,1.0,1.05118018,91.956106,2010-09-18 04:12:04,CS2_36_9_21_10.xlsx,27
CS2_36,174,1.0,1.05163738,91.996101,2010-09-18 07:31:56,CS2_36_9_21_10.xlsx,28
CS2_36,175,1.0,1.05221546,92.046671,2010-09-18 10:51:29,CS2_36_9_21_10.xlsx,29
CS2_36,176,1.0,1.05272856,92.091556,2010-09-18 14:11:00,CS2_36_9_21_10.xlsx,30
CS2_36,177,1.0,1.05308694,92.122907,2010-09-18 17:30:28,CS2_36_9_21_10.xlsx,31
CS2_36,178,1.0,1.05310781,92.124733,2010-09-18 20:49:54,CS2_36_9_21_10.xlsx,32
CS2_36,179,1.0,1.05305936,92.120495,2010-09-19 00:09:20,CS2_36_9_21_10.xlsx,33
CS2_36,180,1.0,1.05299227,92.114625,2010-09-19 03:28:43,CS2_36_9_21_10.xlsx,34
CS2_36,181,1.0,1.05303305,92.118193,2010-09-19 06:48:00,CS2_36_9_21_10.xlsx,35
CS2_36,182,1.0,1.05315449,92.128816,2010-09-19 10:07:20,CS2_36_9_21_10.xlsx,36
CS2_36,183,1.0,1.05330535,92.142013,2010-09-19 13:26:39,CS2_36_9_21_10.xlsx,37
CS2_36,184,1.0,1.05341615,92.151706,2010-09-19 16:45:54,CS2_36_9_21_10.xlsx,38
CS2_36,185,1.0,1.05449508,92.24609,2010-09-19 20:05:09,CS2_36_9_21_10.xlsx,39
CS2_36,186,1.0,1.05466183,92.260677,2010-09-19 23:24:17,CS2_36_9_21_10.xlsx,40
CS2_36,187,1.0,1.04424801,91.349687,2010-09-20 02:43:25,CS2_36_9_21_10.xlsx,41
CS2_36,188,1.0,1.04178504,91.13423,2010-09-20 06:02:53,CS2_36_9_21_10.xlsx,42
CS2_36,189,1.0,1.04130169,91.091946,2010-09-20 09:22:26,CS2_36_9_21_10.xlsx,43
CS2_36,190,1.0,1.04036522,91.010025,2010-09-20 12:41:45,CS2_36_9_21_10.xlsx,44
CS2_36,191,1.0,1.03735311,90.746528,2010-09-20 16:01:00,CS2_36_9_21_10.xlsx,45
CS2_36,192,1.0,1.04590153,91.494335,2010-09-20 19:20:20,CS2_36_9_21_10.xlsx,46
CS2_36,193,1.0,1.04753268,91.637026,2010-09-20 22:39:06,CS2_36_9_21_10.xlsx,47
CS2_36,194,1.0,1.04064515,91.034513,2010-09-21 01:57:58,CS2_36_9_21_10.xlsx,48
CS2_36,195,1.0,1.03648238,90.670359,2010-09-21 05:15:42,CS2_36_9_21_10.xlsx,49
CS2_36,196,1.0,1.03714495,90.728319,2010-09-21 08:35:20,CS2_36_9_21_10.xlsx,50
CS2_36,197,1.0,1.04051418,91.023055,2010-09-21 15:48:03,CS2_36_9_30_10.xlsx,1
CS2_36,198,1.0,1.04826768,91.701323,2010-09-21 19:08:16,CS2_36_9_30_10.xlsx,2
CS2_36,199,1.0,1.04992583,91.846376,2010-09-21 22:28:16,CS2_36_9_30_10.xlsx,3
CS2_36,200,1.0,1.04412709,91.339109,2010-09-22 01:48:07,CS2_36_9_30_10.xlsx,4
CS2_36,201,1.0,1.03940703,90.926203,2010-09-22 05:07:09,CS2_36_9_30_10.xlsx,5
CS2_36,202,1.0,1.04083927,91.051494,2010-09-22 08:27:24,CS2_36_9_30_10.xlsx,6
CS2_36,203,1.0,1.04021364,90.996765,2010-09-22 11:47:04,CS2_36_9_30_10.xlsx,7
CS2_36,204,1.0,0.91897279,80.390747,2010-09-22 15:06:37,CS2_36_9_30_10.xlsx,8
CS2_36,205,1.0,1.04172767,91.129211,2010-09-22 17:42:40,CS2_36_9_30_10.xlsx,9
CS2_36,206,1.0,1.04590889,91.49498,2010-09-22 21:02:51,CS2_36_9_30_10.xlsx,10
CS2_36,207,1.0,1.04706681,91.596273,2010-09-23 00:21:54,CS2_36_9_30_10.xlsx,11
CS2_36,208,1.0,1.03742455,90.752778,2010-09-23 03:40:54,CS2_36_9_30_10.xlsx,12
CS2_36,209,1.0,1.03753265,90.762235,2010-09-23 07:00:41,CS2_36_9_30_10.xlsx,13
CS2_36,210,1.0,1.03698823,90.714609,2010-09-23 10:19:53,CS2_36_9_30_10.xlsx,14
CS2_36,211,1.0,1.03678398,90.696742,2010-09-23 13:38:46,CS2_36_9_30_10.xlsx,15
CS2_36,212,1.0,1.03697431,90.713391,2010-09-23 16:57:38,CS2_36_9_30_10.xlsx,16
CS2_36,213,1.0,1.04450021,91.371749,2010-09-23 20:16:26,CS2_36_9_30_10.xlsx,17
CS2_36,214,1.0,1.04572355,91.478766,2010-09-23 23:34:32,CS2_36_9_30_10.xlsx,18
CS2_36,215,1.0,1.03726865,90.73914,2010-09-24 02:52:52,CS2_36_9_30_10.xlsx,19
CS2_36,216,1.0,1.03680306,90.698411,2010-09-24 06:11:46,CS2_36_9_30_10.xlsx,20
CS2_36,217,1.0,1.03733578,90.745013,2010-09-24 09:30:40,CS2_36_9_30_10.xlsx,21
CS2_36,218,1.0,1.04495295,91.411355,2010-09-24 12:49:06,CS2_36_9_30_10.xlsx,22
CS2_36,219,1.0,1.04605394,91.507668,2010-09-24 16:06:58,CS2_36_9_30_10.xlsx,23
CS2_36,220,1.0,1.04603371,91.505898,2010-09-24 19:25:02,CS2_36_9_30_10.xlsx,24
CS2_36,221,1.0,1.04619642,91.520132,2010-09-24 22:43:14,CS2_36_9_30_10.xlsx,25
CS2_36,222,1.0,1.04634347,91.532996,2010-09-25 02:01:25,CS2_36_9_30_10.xlsx,26
CS2_36,223,1.0,1.04644843,91.542178,2010-09-25 05:19:34,CS2_36_9_30_10.xlsx,27
CS2_36,224,1.0,1.04666722,91.561317,2010-09-25 08:37:39,CS2_36_9_30_10.xlsx,28
CS2_36,225,1.0,1.04756789,91.640107,2010-09-25 11:55:49,CS2_36_9_30_10.xlsx,29
CS2_36,226,1.0,1.0474103,91.626321,2010-09-25 15:13:59,CS2_36_9_30_10.xlsx,30
CS2_36,227,1.0,1.04747312,91.631816,2010-09-25 18:32:04,CS2_36_9_30_10.xlsx,31
CS2_36,228,1.0,0.93762626,82.022532,2010-09-25 21:50:08,CS2_36_9_30_10.xlsx,32
CS2_36,229,1.0,1.04717582,91.605809,2010-09-26 00:29:12,CS2_36_9_30_10.xlsx,33
CS2_36,230,1.0,1.04718179,91.606331,2010-09-26 03:47:34,CS2_36_9_30_10.xlsx,34
CS2_36,231,1.0,1.04722153,91.609807,2010-09-26 07:05:36,CS2_36_9_30_10.xlsx,35
CS2_36,232,1.0,1.04711142,91.600175,2010-09-26 10:23:37,CS2_36_9_30_10.xlsx,36
CS2_36,233,1.0,1.04718787,91.606863,2010-09-26 13:41:34,CS2_36_9_30_10.xlsx,37
CS2_36,234,1.0,1.04719889,91.607827,2010-09-26 16:59:26,CS2_36_9_30_10.xlsx,38
CS2_36,235,1.0,1.04709147,91.59843,2010-09-26 20:17:20,CS2_36_9_30_10.xlsx,39
CS2_36,236,1.0,1.04699109,91.589649,2010-09-26 23:35:11,CS2_36_9_30_10.xlsx,40
CS2_36,237,1.0,1.03817072,90.818052,2010-09-27 02:53:00,CS2_36_9_30_10.xlsx,41
CS2_36,238,1.0,1.03738449,90.749273,2010-09-27 06:11:06,CS2_36_9_30_10.xlsx,42
CS2_36,239,1.0,1.03643105,90.665868,2010-09-27 09:29:41,CS2_36_9_30_10.xlsx,43
CS2_36,240,1.0,1.03374204,90.430636,2010-09-27 12:48:02,CS2_36_9_30_10.xlsx,44
CS2_36,241,1.0,1.0314577,90.230805,2010-09-27 16:06:21,CS2_36_9_30_10.xlsx,45
CS2_36,242,1.0,1.03924863,90.912347,2010-09-27 19:24:31,CS2_36_9_30_10.xlsx,46
CS2_36,243,1.0,1.04118133,91.081417,2010-09-27 22:42:05,CS2_36_9_30_10.xlsx,47
CS2_36,244,1.0,1.03591528,90.620749,2010-09-28 01:59:51,CS2_36_9_30_10.xlsx,48
CS2_36,245,1.0,1.03125765,90.213305,2010-09-28 05:16:45,CS2_36_9_30_10.xlsx,49
CS2_36,246,1.0,1.03157229,90.240829,2010-09-28 08:35:05,CS2_36_9_30_10.xlsx,50
CS2_36,247,1.0,1.04642448,91.540082,2010-09-30 15:15:22,CS2_36_10_04_10.xlsx,1
CS2_36,248,1.0,1.05144861,91.979588,2010-09-30 18:36:10,CS2_36_10_04_10.xlsx,2
CS2_36,249,1.0,1.05399369,92.202229,2010-09-30 21:58:15,CS2_36_10_04_10.xlsx,3
CS2_36,250,1.0,1.04969973,91.826597,2010-10-01 01:19:32,CS2_36_10_04_10.xlsx,4
CS2_36,251,1.0,1.04199897,91.152944,2010-10-01 04:40:39,CS2_36_10_04_10.xlsx,5
CS2_36,252,1.0,1.04162922,91.120598,2010-10-01 08:02:33,CS2_36_10_04_10.xlsx,6
CS2_36,253,1.0,1.04087977,91.055037,2010-10-01 11:23:55,CS2_36_10_04_10.xlsx,7
CS2_36,254,1.0,1.0335712,90.415691,2010-10-04 14:14:51,CS2_36_10_05_10.xlsx,1
CS2_36,255,1.0,1.03078362,90.171837,2010-10-04 15:55:28,CS2_36_10_05_10.xlsx,2
CS2_36,256,1.0,1.03970702,90.952446,2010-10-04 19:15:35,CS2_36_10_05_10.xlsx,3
CS2_36,257,1.0,1.04151543,91.110644,2010-10-04 22:35:08,CS2_36_10_05_10.xlsx,4
CS2_36,258,1.0,1.03657563,90.678515,2010-10-05 01:54:54,CS2_36_10_05_10.xlsx,5
CS2_36,259,1.0,1.03070246,90.164737,2010-10-05 05:13:48,CS2_36_10_05_10.xlsx,6
CS2_36,260,1.0,1.03098307,90.189285,2010-10-05 08:34:34,CS2_36_10_05_10.xlsx,7
CS2_36,261,1.0,1.03163822,90.246597,2010-10-05 11:55:06,CS2_36_10_05_10.xlsx,8
CS2_36,262,1.0,1.03093593,90.185161,2010-10-06 09:37:03,CS2_36_10_14_10.xlsx,1
CS2_36,263,1.0,1.02931733,90.043567,2010-10-06 11:38:23,CS2_36_10_14_10.xlsx,2
CS2_36,264,1.0,1.02960932,90.06911,2010-10-06 14:58:31,CS2_36_10_14_10.xlsx,3
CS2_36,265,1.0,1.03668431,90.688023,2010-10-06 18:18:45,CS2_36_10_14_10.xlsx,4
CS2_36,266,1.0,1.03979025,90.959727,2010-10-06 21:39:21,CS2_36_10_14_10.xlsx,5
CS2_36,267,1.0,1.03938424,90.92421,2010-10-07 00:59:02,CS2_36_10_14_10.xlsx,6
CS2_36,268,1.0,1.02955314,90.064195,2010-10-07 04:18:35,CS2_36_10_14_10.xlsx,7
CS2_36,269,1.0,1.03050269,90.147262,2010-10-07 07:39:04,CS2_36_10_14_10.xlsx,8
CS2_36,270,1.0,1.02852896,89.974602,2010-10-07 10:59:25,CS2_36_10_14_10.xlsx,9
CS2_36,271,1.0,1.02722194,89.860265,2010-10-07 14:19:47,CS2_36_10_14_10.xlsx,10
CS2_36,272,1.0,1.02971874,90.078683,2010-10-07 17:39:33,CS2_36_10_14_10.xlsx,11
CS2_36,273,1.0,1.03469609,90.514096,2010-10-07 21:00:05,CS2_36_10_14_10.xlsx,12
CS2_36,274,1.0,1.03570416,90.60228,2010-10-08 00:19:37,CS2_36_10_14_10.xlsx,13
CS2_36,275,1.0,1.02473184,89.642434,2010-10-08 03:39:02,CS2_36_10_14_10.xlsx,14
CS2_36,276,1.0,1.02496628,89.662942,2010-10-08 06:59:22,CS2_36_10_14_10.xlsx,15
CS2_36,277,1.0,1.02460935,89.631718,2010-10-08 10:19:28,CS2_36_10_14_10.xlsx,16
CS2_36,278,1.0,1.02462107,89.632744,2010-10-08 13:39:17,CS2_36_10_14_10.xlsx,17
CS2_36,279,1.0,1.02427656,89.602606,2010-10-08 16:58:55,CS2_36_10_14_10.xlsx,18
CS2_36,280,1.0,1.03027745,90.127558,2010-10-08 20:18:51,CS2_36_10_14_10.xlsx,19
CS2_36,281,1.0,1.03149546,90.234108,2010-10-08 23:37:40,CS2_36_10_14_10.xlsx,20
CS2_36,282,1.0,1.03206362,90.28381,2010-10-09 02:56:32,CS2_36_10_14_10.xlsx,21
CS2_36,283,1.0,1.03242924,90.315794,2010-10-09 06:15:16,CS2_36_10_14_10.xlsx,22
CS2_36,284,1.0,1.03285244,90.352815,2010-10-09 09:33:56,CS2_36_10_14_10.xlsx,23
CS2_36,285,1.0,1.03323464,90.38625,2010-10-09 12:52:32,CS2_36_10_14_10.xlsx,24
CS2_36,286,1.0,1.03392261,90.446433,2010-10-09 16:10:59,CS2_36_10_14_10.xlsx,25
CS2_36,287,1.0,1.03385433,90.440459,2010-10-09 19:29:22,CS2_36_10_14_10.xlsx,26
CS2_36,288,1.0,1.03422351,90.472755,2010-10-09 22:47:41,CS2_36_10_14_10.xlsx,27
CS2_36,289,1.0,1.03365715,90.42321,2010-10-10 02:05:54,CS2_36_10_14_10.xlsx,28
CS2_36,290,1.0,1.03329986,90.391955,2010-10-10 05:24:06,CS2_36_10_14_10.xlsx,29
CS2_36,291,1.0,1.03442682,90.49054,2010-10-10 08:42:15,CS2_36_10_14_10.xlsx,30
CS2_36,292,1.0,1.03387776,90.442509,2010-10-10 12:00:10,CS2_36_10_14_10.xlsx,31
CS2_36,293,1.0,1.03423428,90.473697,2010-10-10 15:18:12,CS2_36_10_14_10.xlsx,32
CS2_36,294,1.0,1.03434998,90.483818,2010-10-10 18:36:12,CS2_36_10_14_10.xlsx,33
CS2_36,295,1.0,1.03485654,90.528132,2010-10-10 21:54:06,CS2_36_10_14_10.xlsx,34
CS2_36,296,1.0,1.03113583,90.202648,2010-10-11 01:11:53,CS2_36_10_14_10.xlsx,35
CS2_36,297,1.0,1.02001415,89.229736,2010-10-11 04:29:30,CS2_36_10_14_10.xlsx,36
CS2_36,298,1.0,1.02145842,89.356079,2010-10-11 07:48:07,CS2_36_10_14_10.xlsx,37
CS2_36,299,1.0,1.01943521,89.17909,2010-10-11 11:06:29,CS2_36_10_14_10.xlsx,38
CS2_36,300,1.0,1.01757307,89.016192,2010-10-11 14:24:28,CS2_36_10_14_10.xlsx,39
CS2_36,301,1.0,1.02168452,89.375857,2010-10-11 17:42:30,CS2_36_10_14_10.xlsx,40
CS2_36,302,1.0,1.02663301,89.808746,2010-10-11 21:00:53,CS2_36_10_14_10.xlsx,41
CS2_36,303,1.0,1.02745166,89.88036,2010-10-12 00:18:11,CS2_36_10_14_10.xlsx,42
CS2_36,304,1.0,1.01576728,88.858223,2010-10-12 03:35:33,CS2_36_10_14_10.xlsx,43
CS2_36,305,1.0,1.01517057,88.806024,2010-10-12 06:53:47,CS2_36_10_14_10.xlsx,44
CS2_36,306,1.0,1.01539321,88.8255,2010-10-12 10:11:43,CS2_36_10_14_10.xlsx,45
CS2_36,307,1.0,1.0150734,88.797524,2010-10-12 13:29:09,CS2_36_10_14_10.xlsx,46
CS2_36,308,1.0,1.01235287,88.559535,2010-10-12 16:46:45,CS2_36_10_14_10.xlsx,47
CS2_36,309,1.0,1.02070121,89.289838,2010-10-12 20:04:25,CS2_36_10_14_10.xlsx,48
CS2_36,310,1.0,1.02210175,89.412357,2010-10-12 23:21:00,CS2_36_10_14_10.xlsx,49
CS2_36,311,1.0,0.89328437,78.143551,2010-10-13 02:37:52,CS2_36_10_14_10.xlsx,50
CS2_36,312,1.0,1.02385262,89.56552,2010-10-14 11:21:51,CS2_36_10_21_10.xlsx,1
CS2_36,313,1.0,1.02284683,89.477535,2010-10-14 14:42:18,CS2_36_10_21_10.xlsx,2
CS2_36,314,1.0,1.02800844,89.929067,2010-10-14 18:02:49,CS2_36_10_21_10.xlsx,3
CS2_36,315,1.0,1.03037672,90.136242,2010-10-14 21:23:56,CS2_36_10_21_10.xlsx,4
CS2_36,316,1.0,1.03078718,90.172148,2010-10-15 00:43:32,CS2_36_10_21_10.xlsx,5
CS2_36,317,1.0,1.01815996,89.067533,2010-10-15 04:02:55,CS2_36_10_21_10.xlsx,6
CS2_36,318,1.0,1.01803876,89.05693,2010-10-15 07:23:02,CS2_36_10_21_10.xlsx,7
CS2_36,319,1.0,1.01693008,88.959944,2010-10-15 10:42:37,CS2_36_10_21_10.xlsx,8
CS2_36,320,1.0,1.01621575,88.897455,2010-10-15 14:01:55,CS2_36_10_21_10.xlsx,9
CS2_36,321,1.0,1.01717358,88.981246,2010-10-15 17:21:02,CS2_36_10_21_10.xlsx,10
CS2_36,322,1.0,1.02250232,89.447398,2010-10-15 20:40:30,CS2_36_10_21_10.xlsx,11
CS2_36,323,1.0,1.02346127,89.531286,2010-10-15 23:58:42,CS2_36_10_21_10.xlsx,12
CS2_36,324,1.0,1.0237692,89.558223,2010-10-16 03:16:53,CS2_36_10_21_10.xlsx,13
CS2_36,325,1.0,1.02395098,89.574124,2010-10-16 06:34:54,CS2_36_10_21_10.xlsx,14
CS2_36,326,1.0,1.02461883,89.632547,2010-10-16 09:52:45,CS2_36_10_21_10.xlsx,15
CS2_36,327,1.0,1.02458007,89.629157,2010-10-16 13:10:33,CS2_36_10_21_10.xlsx,16
CS2_36,328,1.0,1.02444302,89.617168,2010-10-16 16:28:07,CS2_36_10_21_10.xlsx,17
CS2_36,329,1.0,1.02410132,89.587276,2010-10-16 19:45:37,CS2_36_10_21_10.xlsx,18
CS2_36,330,1.0,1.02387746,89.567693,2010-10-16 23:03:03,CS2_36_10_21_10.xlsx,19
CS2_36,331,1.0,1.02354665,89.538755,2010-10-17 02:20:24,CS2_36_10_21_10.xlsx,20
CS2_36,332,1.0,0.90356422,79.042821,2010-10-17 05:37:39,CS2_36_10_21_10.xlsx,21
CS2_36,333,1.0,1.02303298,89.493819,2010-10-17 08:11:23,CS2_36_10_21_10.xlsx,22
CS2_36,334,1.0,1.02305401,89.495659,2010-10-17 11:29:02,CS2_36_10_21_10.xlsx,23
CS2_36,335,1.0,1.02298864,89.489941,2010-10-17 14:46:04,CS2_36_10_21_10.xlsx,24
CS2_36,336,1.0,0.90415819,79.094781,2010-10-17 18:02:56,CS2_36_10_21_10.xlsx,25
CS2_36,337,1.0,1.02267969,89.462914,2010-10-17 20:36:45,CS2_36_10_21_10.xlsx,26
CS2_36,338,1.0,1.02241694,89.439929,2010-10-17 23:54:03,CS2_36_10_21_10.xlsx,27
CS2_36,339,1.0,1.01018382,88.369789,2010-10-18 03:10:49,CS2_36_10_21_10.xlsx,28
CS2_36,340,1.0,1.00722474,88.110932,2010-10-18 06:28:08,CS2_36_10_21_10.xlsx,29
CS2_36,341,1.0,1.0062546,88.026065,2010-10-18 09:45:16,CS2_36_10_21_10.xlsx,30
CS2_36,342,1.0,1.00440045,87.863866,2010-10-18 13:02:00,CS2_36_10_21_10.xlsx,31
CS2_36,343,1.0,1.00182633,87.638685,2010-10-18 16:18:42,CS2_36_10_21_10.xlsx,32
CS2_36,344,1.0,1.0121192,88.539094,2010-10-18 19:35:26,CS2_36_10_21_10.xlsx,33
CS2_36,345,1.0,1.01370713,88.678004,2010-10-18 22:51:13,CS2_36_10_21_10.xlsx,34
CS2_36,346,1.0,1.00647061,88.044961,2010-10-19 02:07:15,CS2_36_10_21_10.xlsx,35
CS2_36,347,1.0,1.00100003,87.566401,2010-10-19 05:22:13,CS2_36_10_21_10.xlsx,36
CS2_36,348,1.0,1.00120561,87.584384,2010-10-19 08:38:50,CS2_36_10_21_10.xlsx,37
CS2_36,349,1.0,0.99938586,87.425194,2010-10-19 11:55:13,CS2_36_10_21_10.xlsx,38
CS2_36,350,1.0,0.99975872,87.457812,2010-10-19 15:11:31,CS2_36_10_21_10.xlsx,39
CS2_36,351,1.0,1.00539837,87.951163,2010-10-19 18:27:36,CS2_36_10_21_10.xlsx,40
CS2_36,352,1.0,1.00713942,88.103467,2010-10-19 21:44:10,CS2_36_10_21_10.xlsx,41
CS2_36,353,1.0,1.00782863,88.163759,2010-10-20 00:59:24,CS2_36_10_21_10.xlsx,42
CS2_36,354,1.0,0.99666747,87.187393,2010-10-20 04:14:46,CS2_36_10_21_10.xlsx,43
CS2_36,355,1.0,0.99612475,87.139917,2010-10-20 07:30:57,CS2_36_10_21_10.xlsx,44
CS2_36,356,1.0,0.99416383,86.968378,2010-10-20 10:46:49,CS2_36_10_21_10.xlsx,45
CS2_36,357,1.0,0.99469501,87.014844,2010-10-20 14:02:15,CS2_36_10_21_10.xlsx,46
CS2_36,358,1.0,0.99633959,87.158711,2010-10-20 17:17:54,CS2_36_10_21_10.xlsx,47
CS2_36,359,1.0,1.00288187,87.731021,2010-10-20 20:33:42,CS2_36_10_21_10.xlsx,48
CS2_36,360,1.0,1.00386695,87.817196,2010-10-20 23:48:28,CS2_36_10_21_10.xlsx,49
CS2_36,361,1.0,0.99421261,86.972644,2010-10-21 03:03:21,CS2_36_10_21_10.xlsx,50
CS2_36,362,1.0,0.99796378,87.300792,2010-10-21 10:03:20,CS2_36_10_28_10.xlsx,1
CS2_36,363,1.0,0.99633628,87.158421,2010-10-21 13:20:04,CS2_36_10_28_10.xlsx,2
CS2_36,364,1.0,0.99228171,86.803731,2010-10-21 16:36:41,CS2_36_10_28_10.xlsx,3
CS2_36,365,1.0,1.00152568,87.612384,2010-10-21 19:52:55,CS2_36_10_28_10.xlsx,4
CS2_36,366,1.0,1.00298581,87.740114,2010-10-21 23:07:58,CS2_36_10_28_10.xlsx,5
CS2_36,367,1.0,0.99411799,86.964367,2010-10-22 02:23:11,CS2_36_10_28_10.xlsx,6
CS2_36,368,1.0,0.98977389,86.58435,2010-10-22 05:37:41,CS2_36_10_28_10.xlsx,7
CS2_36,369,1.0,0.99001893,86.605786,2010-10-22 08:53:29,CS2_36_10_28_10.xlsx,8
CS2_36,370,1.0,0.98905263,86.521255,2010-10-22 12:08:37,CS2_36_10_28_10.xlsx,9
CS2_36,371,1.0,0.98678771,86.323122,2010-10-22 15:23:46,CS2_36_10_28_10.xlsx,10
CS2_36,372,1.0,0.99424215,86.975229,2010-10-22 18:38:34,CS2_36_10_28_10.xlsx,11
CS2_36,373,1.0,0.9964896,87.171833,2010-10-22 21:53:28,CS2_36_10_28_10.xlsx,12
CS2_36,374,1.0,0.99708563,87.223973,2010-10-23 01:07:55,CS2_36_10_28_10.xlsx,13
CS2_36,375,1.0,0.99725432,87.238729,2010-10-23 04:22:16,CS2_36_10_28_10.xlsx,14
CS2_36,376,1.0,0.99755961,87.265437,2010-10-23 07:36:27,CS2_36_10_28_10.xlsx,15
CS2_36,377,1.0,0.99907959,87.398402,2010-10-23 10:50:41,CS2_36_10_28_10.xlsx,16
CS2_36,378,1.0,0.99957075,87.441369,2010-10-23 14:04:49,CS2_36_10_28_10.xlsx,17
CS2_36,379,1.0,0.99991378,87.471377,2010-10-23 17:18:48,CS2_36_10_28_10.xlsx,18
CS2_36,380,1.0,1.00015769,87.492713,2010-10-23 20:32:42,CS2_36_10_28_10.xlsx,19
CS2_36,381,1.0,1.0002519,87.500955,2010-10-23 23:46:35,CS2_36_10_28_10.xlsx,20
CS2_36,382,1.0,1.0002463,87.500465,2010-10-24 03:00:24,CS2_36_10_28_10.xlsx,21
CS2_36,383,1.0,1.00022712,87.498787,2010-10-24 06:14:09,CS2_36_10_28_10.xlsx,22
CS2_36,384,1.0,1.00024841,87.50065,2010-10-24 09:27:50,CS2_36_10_28_10.xlsx,23
CS2_36,385,1.0,1.00036073,87.510475,2010-10-24 12:41:27,CS2_36_10_28_10.xlsx,24
CS2_36,386,1.0,1.00084004,87.552405,2010-10-24 15:55:00,CS2_36_10_28_10.xlsx,25
CS2_36,387,1.0,0.88099475,77.068468,2010-10-24 19:08:33,CS2_36_10_28_10.xlsx,26
CS2_36,388,1.0,1.00027316,87.502815,2010-10-24 21:38:32,CS2_36_10_28_10.xlsx,27
CS2_36,389,1.0,0.99971132,87.453666,2010-10-25 00:52:35,CS2_36_10_28_10.xlsx,28
CS2_36,390,1.0,0.9847551,86.145311,2010-10-25 04:05:57,CS2_36_10_28_10.xlsx,29
CS2_36,391,1.0,0.9830429,85.99553,2010-10-25 07:20:36,CS2_36_10_28_10.xlsx,30
CS2_36,392,1.0,0.98226869,85.927803,2010-10-25 10:34:25,CS2_36_10_28_10.xlsx,31
CS2_36,393,1.0,0.98110996,85.826439,2010-10-25 13:48:02,CS2_36_10_28_10.xlsx,32
CS2_36,394,1.0,0.98020831,85.747563,2010-10-25 17:01:39,CS2_36_10_28_10.xlsx,33
CS2_36,395,1.0,0.9890863,86.5242,2010-10-25 20:15:26,CS2_36_10_28_10.xlsx,34
CS2_36,396,1.0,0.99086455,86.67976,2010-10-25 23:27:58,CS2_36_10_28_10.xlsx,35
CS2_36,397,1.0,0.98109495,85.825125,2010-10-26 02:40:52,CS2_36_10_28_10.xlsx,36
CS2_36,398,1.0,0.97759265,85.518748,2010-10-26 05:53:43,CS2_36_10_28_10.xlsx,37
CS2_36,399,1.0,0.97867849,85.613736,2010-10-26 09:07:20,CS2_36_10_28_10.xlsx,38
CS2_36,400,1.0,0.97600833,85.380154,2010-10-26 12:20:15,CS2_36_10_28_10.xlsx,39
CS2_36,401,1.0,0.97312825,85.128207,2010-10-26 15:33:10,CS2_36_10_28_10.xlsx,40
CS2_36,402,1.0,0.98319999,86.009272,2010-10-26 18:45:41,CS2_36_10_28_10.xlsx,41
CS2_36,403,1.0,0.98657161,86.304218,2010-10-26 21:58:16,CS2_36_10_28_10.xlsx,42
CS2_36,404,1.0,0.98433794,86.108819,2010-10-27 01:10:42,CS2_36_10_28_10.xlsx,43
CS2_36,405,1.0,0.97310651,85.126306,2010-10-27 04:22:52,CS2_36_10_28_10.xlsx,44
CS2_36,406,1.0,0.97356646,85.166542,2010-10-27 07:35:34,CS2_36_10_28_10.xlsx,45
CS2_36,407,1.0,0.97510647,85.30126,2010-10-27 10:47:47,CS2_36_10_28_10.xlsx,46
CS2_36,408,1.0,0.97342344,85.15403,2010-10-27 14:00:00,CS2_36_10_28_10.xlsx,47
CS2_36,409,1.0,0.97494175,85.28685,2010-10-27 17:12:21,CS2_36_10_28_10.xlsx,48
CS2_36,410,1.0,0.98331425,86.019268,2010-10-27 20:24:43,CS2_36_10_28_10.xlsx,49
CS2_36,411,1.0,0.98467809,86.138575,2010-10-27 23:36:14,CS2_36_10_28_10.xlsx,50
CS2_36,412,1.0,0.97943602,85.680004,2010-10-28 13:50:11,CS2_36_11_01_10.xlsx,1
CS2_36,413,1.0,0.97933778,85.671411,2010-10-28 17:05:59,CS2_36_11_01_10.xlsx,2
CS2_36,414,1.0,0.9763549,85.410472,2010-10-28 20:20:45,CS2_36_11_01_10.xlsx,3
CS2_36,415,1.0,0.9724986,85.073127,2010-10-28 23:32:57,CS2_36_11_01_10.xlsx,4
CS2_36,416,1.0,0.97009729,84.863063,2010-10-29 02:46:45,CS2_36_11_01_10.xlsx,5
CS2_36,417,1.0,0.97031585,84.882182,2010-10-29 06:00:15,CS2_36_11_01_10.xlsx,6
CS2_36,418,1.0,0.96995429,84.850553,2010-10-29 09:13:24,CS2_36_11_01_10.xlsx,7
CS2_36,419,1.0,0.96880323,84.749859,2010-10-29 12:26:17,CS2_36_11_01_10.xlsx,8
CS2_36,420,1.0,0.96630988,84.531744,2010-10-29 15:39:01,CS2_36_11_01_10.xlsx,9
CS2_36,421,1.0,0.97535113,85.322662,2010-10-29 18:51:30,CS2_36_11_01_10.xlsx,10
CS2_36,422,1.0,0.97757716,85.517393,2010-10-29 22:03:53,CS2_36_11_01_10.xlsx,11
CS2_36,423,1.0,0.97838826,85.588347,2010-10-30 01:16:03,CS2_36_11_01_10.xlsx,12
CS2_36,424,1.0,0.97878618,85.623157,2010-10-30 04:28:09,CS2_36_11_01_10.xlsx,13
CS2_36,425,1.0,0.97896965,85.639206,2010-10-30 07:40:10,CS2_36_11_01_10.xlsx,14
CS2_36,426,1.0,0.97918334,85.6579,2010-10-30 10:52:00,CS2_36_11_01_10.xlsx,15
CS2_36,427,1.0,0.97938833,85.675833,2010-10-30 14:03:48,CS2_36_11_01_10.xlsx,16
CS2_36,428,1.0,0.96482839,84.402145,2010-11-08 12:42:15,CS2_36_11_15_10.xlsx,1
CS2_36,429,1.0,0.96215405,84.168197,2010-11-08 15:54:08,CS2_36_11_15_10.xlsx,2
CS2_36,430,1.0,0.96718041,84.607897,2010-11-08 19:04:08,CS2_36_11_15_10.xlsx,3
CS2_36,431,1.0,0.96893949,84.761779,2010-11-08 22:14:34,CS2_36_11_15_10.xlsx,4
CS2_36,432,1.0,0.96900975,84.767925,2010-11-09 01:24:15,CS2_36_11_15_10.xlsx,5
CS2_36,433,1.0,0.95495306,83.538261,2010-11-09 04:33:45,CS2_36_11_15_10.xlsx,6
CS2_36,434,1.0,0.95395504,83.450956,2010-11-09 07:43:29,CS2_36_11_15_10.xlsx,7
CS2_36,435,1.0,0.95564147,83.598483,2010-11-09 10:51:55,CS2_36_11_15_10.xlsx,8
CS2_36,436,1.0,0.95418864,83.471391,2010-11-09 14:00:25,CS2_36_11_15_10.xlsx,9
CS2_36,437,1.0,0.95184937,83.266754,2010-11-09 17:08:33,CS2_36_11_15_10.xlsx,10
CS2_36,438,1.0,0.9605797,84.030474,2010-11-09 20:16:32,CS2_36_11_15_10.xlsx,11
CS2_36,439,1.0,0.96131466,84.094767,2010-11-09 23:24:20,CS2_36_11_15_10.xlsx,12
CS2_36,440,1.0,0.95450237,83.498835,2010-11-10 02:32:40,CS2_36_11_15_10.xlsx,13
CS2_36,441,1.0,0.94760646,82.895588,2010-11-10 05:40:26,CS2_36_11_15_10.xlsx,14
CS2_36,442,1.0,0.94691039,82.834697,2010-11-10 08:48:13,CS2_36_11_15_10.xlsx,15
CS2_36,443,1.0,0.94837622,82.962926,2010-11-10 11:55:29,CS2_36_11_15_10.xlsx,16
CS2_36,444,1.0,0.9484798,82.971987,2010-11-10 15:02:27,CS2_36_11_15_10.xlsx,17
CS2_36,445,1.0,0.94815683,82.943735,2010-11-10 18:09:25,CS2_36_11_15_10.xlsx,18
CS2_36,446,1.0,0.95664867,83.686592,2010-11-10 21:16:58,CS2_36_11_15_10.xlsx,19
CS2_36,447,1.0,0.95770061,83.778614,2010-11-11 00:24:04,CS2_36_11_15_10.xlsx,20
CS2_36,448,1.0,0.94522501,82.687262,2010-11-11 03:31:49,CS2_36_11_15_10.xlsx,21
CS2_36,449,1.0,0.93780929,82.038543,2010-11-11 06:38:49,CS2_36_11_15_10.xlsx,22
CS2_36,450,1.0,0.94091303,82.310055,2010-11-11 09:45:50,CS2_36_11_15_10.xlsx,23
CS2_36,451,1.0,0.94264382,82.461462,2010-11-11 12:52:09,CS2_36_11_15_10.xlsx,24
CS2_36,452,1.0,0.93843853,82.093589,2010-11-11 15:58:45,CS2_36_11_15_10.xlsx,25
CS2_36,453,1.0,0.94722121,82.861888,2010-11-11 19:05:22,CS2_36_11_15_10.xlsx,26
CS2_36,454,1.0,0.95074255,83.16993,2010-11-11 22:12:53,CS2_36_11_15_10.xlsx,27
CS2_36,455,1.0,0.95162511,83.247136,2010-11-12 01:19:53,CS2_36_11_15_10.xlsx,28
CS2_36,456,1.0,0.93622934,81.900331,2010-11-12 04:26:59,CS2_36_11_15_10.xlsx,29
CS2_36,457,1.0,0.93283614,81.603497,2010-11-12 07:34:20,CS2_36_11_15_10.xlsx,30
CS2_36,458,1.0,0.93501974,81.794516,2010-11-12 10:40:37,CS2_36_11_15_10.xlsx,31
CS2_36,459,1.0,0.93839282,82.08959,2010-11-12 13:46:22,CS2_36_11_15_10.xlsx,32
CS2_36,460,1.0,0.93460429,81.758173,2010-11-12 16:52:15,CS2_36_11_15_10.xlsx,33
CS2_36,461,1.0,0.94484429,82.653957,2010-11-12 19:58:22,CS2_36_11_15_10.xlsx,34
CS2_36,462,1.0,0.94689867,82.833672,2010-11-12 23:04:36,CS2_36_11_15_10.xlsx,35
CS2_36,463,1.0,0.94762071,82.896835,2010-11-13 02:11:17,CS2_36_11_15_10.xlsx,36
CS2_36,464,1.0,0.94805733,82.93503,2010-11-13 05:17:56,CS2_36_11_15_10.xlsx,37
CS2_36,465,1.0,0.94813336,82.941681,2010-11-13 08:24:36,CS2_36_11_15_10.xlsx,38
CS2_36,466,1.0,0.94850929,82.974568,2010-11-13 11:31:16,CS2_36_11_15_10.xlsx,39
CS2_36,467,1.0,0.94939583,83.052121,2010-11-13 14:37:47,CS2_36_11_15_10.xlsx,40
CS2_36,468,1.0,0.94912488,83.028419,2010-11-13 17:44:19,CS2_36_11_15_10.xlsx,41
CS2_36,469,1.0,0.94877233,82.997578,2010-11-13 20:50:48,CS2_36_11_15_10.xlsx,42
CS2_36,470,1.0,0.9486074,82.98315,2010-11-13 23:57:17,CS2_36_11_15_10.xlsx,43
CS2_36,471,1.0,0.94807583,82.936648,2010-11-14 03:03:41,CS2_36_11_15_10.xlsx,44
CS2_36,472,1.0,0.94771702,82.905261,2010-11-14 06:10:03,CS2_36_11_15_10.xlsx,45
CS2_36,473,1.0,0.94721475,82.861323,2010-11-14 09:16:19,CS2_36_11_15_10.xlsx,46
CS2_36,474,1.0,0.94708982,82.850394,2010-11-14 12:22:32,CS2_36_11_15_10.xlsx,47
CS2_36,475,1.0,0.94695502,82.838602,2010-11-14 15:28:43,CS2_36_11_15_10.xlsx,48
CS2_36,476,1.0,0.94670576,82.816797,2010-11-14 18:34:52,CS2_36_11_15_10.xlsx,49
CS2_36,477,1.0,0.94634719,82.785429,2010-11-14 21:40:58,CS2_36_11_15_10.xlsx,50
CS2_36,478,1.0,0.93993344,82.224361,2010-11-15 12:55:15,CS2_36_11_22_10.xlsx,1
CS2_36,479,1.0,0.93587619,81.869437,2010-11-15 16:03:48,CS2_36_11_22_10.xlsx,2
CS2_36,480,1.0,0.94419136,82.596839,2010-11-15 19:10:21,CS2_36_11_22_10.xlsx,3
CS2_36,481,1.0,0.94650498,82.799232,2010-11-15 22:17:50,CS2_36_11_22_10.xlsx,4
CS2_36,482,1.0,0.94663164,82.810313,2010-11-16 01:24:16,CS2_36_11_22_10.xlsx,5
CS2_36,483,1.0,0.92856895,81.230208,2010-11-16 04:30:44,CS2_36_11_22_10.xlsx,6
CS2_36,484,1.0,0.92697196,81.090505,2010-11-16 07:37:26,CS2_36_11_22_10.xlsx,7
CS2_36,485,1.0,0.92727427,81.116951,2010-11-16 10:42:49,CS2_36_11_22_10.xlsx,8
CS2_36,486,1.0,0.92698184,81.091369,2010-11-16 13:47:51,CS2_36_11_22_10.xlsx,9
CS2_36,487,1.0,0.92355871,80.791918,2010-11-16 16:52:44,CS2_36_11_22_10.xlsx,10
CS2_36,488,1.0,0.9347394,81.769992,2010-11-16 19:57:24,CS2_36_11_22_10.xlsx,11
CS2_36,489,1.0,0.93755524,82.016319,2010-11-16 23:01:52,CS2_36_11_22_10.xlsx,12
CS2_36,490,1.0,0.93418847,81.721797,2010-11-17 02:07:03,CS2_36_11_22_10.xlsx,13
CS2_36,491,1.0,0.92117324,80.583239,2010-11-17 05:12:05,CS2_36_11_22_10.xlsx,14
CS2_36,492,1.0,0.92264946,80.712377,2010-11-17 08:16:56,CS2_36_11_22_10.xlsx,15
CS2_36,493,1.0,0.92132782,80.596762,2010-11-17 11:21:06,CS2_36_11_22_10.xlsx,16
CS2_36,494,1.0,0.91945919,80.433296,2010-11-17 14:25:15,CS2_36_11_22_10.xlsx,17
CS2_36,495,1.0,0.9160728,80.137058,2010-11-17 17:29:04,CS2_36_11_22_10.xlsx,18
CS2_36,496,1.0,0.92943601,81.306057,2010-11-17 20:32:52,CS2_36_11_22_10.xlsx,19
CS2_36,497,1.0,0.93128506,81.46781,2010-11-17 23:36:13,CS2_36_11_22_10.xlsx,20
CS2_36,498,1.0,0.92258938,80.707122,2010-11-18 02:40:39,CS2_36_11_22_10.xlsx,21
CS2_36,499,1.0,0.91200292,79.781029,2010-11-18 05:44:30,CS2_36_11_22_10.xlsx,22
CS2_36,500,1.0,0.91346456,79.908892,2010-11-18 08:48:09,CS2_36_11_22_10.xlsx,23
CS2_36,501,1.0,0.91361241,79.921826,2010-11-18 11:51:28,CS2_36_11_22_10.xlsx,24
CS2_36,502,1.0,0.89852718,78.602187,2010-11-18 14:54:33,CS2_36_11_22_10.xlsx,25
CS2_36,503,1.0,0.89225651,78.053635,2010-11-18 17:57:35,CS2_36_11_22_10.xlsx,26
CS2_36,504,1.0,0.91475884,80.022115,2010-11-18 21:00:25,CS2_36_11_22_10.xlsx,27
CS2_36,505,1.0,0.91786184,80.293561,2010-11-19 00:02:09,CS2_36_11_22_10.xlsx,28
CS2_36,506,1.0,0.9029355,78.987821,2010-11-19 03:05:24,CS2_36_11_22_10.xlsx,29
CS2_36,507,1.0,0.88707031,77.599952,2010-11-19 06:06:40,CS2_36_11_22_10.xlsx,30
CS2_36,508,1.0,0.88726343,77.616846,2010-11-19 09:09:29,CS2_36_11_22_10.xlsx,31
CS2_36,509,1.0,0.88408333,77.338654,2010-11-19 12:11:25,CS2_36_11_22_10.xlsx,32
CS2_36,510,1.0,0.88247412,77.197882,2010-11-19 15:13:15,CS2_36_11_22_10.xlsx,33
CS2_36,511,1.0,0.88608429,77.513696,2010-11-19 18:15:00,CS2_36_11_22_10.xlsx,34
CS2_36,512,1.0,0.90372094,79.056531,2010-11-19 21:17:07,CS2_36_11_22_10.xlsx,35
CS2_36,513,1.0,0.90767187,79.402154,2010-11-20 00:18:41,CS2_36_11_22_10.xlsx,36
CS2_36,514,1.0,0.90974155,79.583207,2010-11-20 03:21:14,CS2_36_11_22_10.xlsx,37
CS2_36,515,1.0,0.91096959,79.690635,2010-11-20 06:23:48,CS2_36_11_22_10.xlsx,38
CS2_36,516,1.0,0.91185547,79.768131,2010-11-20 09:26:25,CS2_36_11_22_10.xlsx,39
CS2_36,517,1.0,0.91436824,79.987946,2010-11-20 12:28:56,CS2_36_11_22_10.xlsx,40
CS2_36,518,1.0,0.91486507,80.031407,2010-11-20 15:31:26,CS2_36_11_22_10.xlsx,41
CS2_36,519,1.0,0.91536198,80.074876,2010-11-20 18:33:54,CS2_36_11_22_10.xlsx,42
CS2_36,520,1.0,0.91404861,79.959984,2010-11-20 21:36:19,CS2_36_11_22_10.xlsx,43
CS2_36,521,1.0,0.91303644,79.871441,2010-11-21 00:38:30,CS2_36_11_22_10.xlsx,44
CS2_36,522,1.0,0.91254573,79.828514,2010-11-21 03:40:53,CS2_36_11_22_10.xlsx,45
CS2_36,523,1.0,0.91207396,79.787244,2010-11-21 06:43:10,CS2_36_11_22_10.xlsx,46
CS2_36,524,1.0,0.91143968,79.731758,2010-11-21 09:45:19,CS2_36_11_22_10.xlsx,47
CS2_36,525,1.0,0.9116017,79.745931,2010-11-21 12:47:23,CS2_36_11_22_10.xlsx,48
CS2_36,526,1.0,0.91165689,79.750759,2010-11-21 15:49:20,CS2_36_11_22_10.xlsx,49
CS2_36,527,1.0,0.91150147,79.737164,2010-11-21 18:51:20,CS2_36_11_22_10.xlsx,50
CS2_36,528,1.0,0.89210284,78.040192,2010-11-22 13:15:42,CS2_36_11_24_10.xlsx,1
CS2_36,529,1.0,0.88427856,77.355732,2010-11-22 16:21:30,CS2_36_11_24_10.xlsx,2
CS2_36,530,1.0,0.89942871,78.681051,2010-11-22 19:23:52,CS2_36_11_24_10.xlsx,3
CS2_36,531,1.0,0.77458756,67.760083,2010-11-22 22:26:44,CS2_36_11_24_10.xlsx,4
CS2_36,532,1.0,0.9058925,79.246497,2010-11-23 00:38:26,CS2_36_11_24_10.xlsx,5
CS2_36,533,1.0,0.88547529,77.460421,2010-11-23 03:41:54,CS2_36_11_24_10.xlsx,6
CS2_36,534,1.0,0.87377096,76.436539,2010-11-23 06:42:53,CS2_36_11_24_10.xlsx,7
CS2_36,535,1.0,0.87349755,76.412621,2010-11-23 09:43:51,CS2_36_11_24_10.xlsx,8
CS2_36,536,1.0,0.87218005,76.297368,2010-11-23 12:43:15,CS2_36_11_24_10.xlsx,9
CS2_36,537,1.0,0.86985677,76.09413,2010-11-23 15:43:02,CS2_36_11_24_10.xlsx,10
CS2_36,538,1.0,0.8757986,76.613915,2010-11-23 18:42:24,CS2_36_11_24_10.xlsx,11
CS2_36,539,1.0,0.88789571,77.672157,2010-11-23 21:42:48,CS2_36_11_24_10.xlsx,12
CS2_36,540,1.0,0.89084654,77.930292,2010-11-24 00:42:34,CS2_36_11_24_10.xlsx,13
CS2_36,541,1.0,0.87267348,76.340533,2010-11-24 03:42:47,CS2_36_11_24_10.xlsx,14
CS2_36,542,1.0,0.86224079,75.427892,2010-11-24 06:41:58,CS2_36_11_24_10.xlsx,15
CS2_36,543,1.0,0.85860709,75.11002,2010-11-24 09:41:50,CS2_36_11_24_10.xlsx,16
CS2_36,544,1.0,0.88949546,77.812101,2010-11-29 10:34:08,CS2_36_12_06_10.xlsx,1
CS2_36,545,1.0,0.8766213,76.685884,2010-11-29 12:27:28,CS2_36_12_06_10.xlsx,2
CS2_36,546,1.0,0.87584005,76.617541,2010-11-29 15:28:14,CS2_36_12_06_10.xlsx,3
CS2_36,547,1.0,0.87918564,76.91021,2010-11-29 18:28:20,CS2_36_12_06_10.xlsx,4
CS2_36,548,1.0,0.89142052,77.980504,2010-11-29 21:29:18,CS2_36_12_06_10.xlsx,5
CS2_36,549,1.0,0.89338772,78.152592,2010-11-30 00:29:55,CS2_36_12_06_10.xlsx,6
CS2_36,550,1.0,0.87542552,76.581278,2010-11-30 03:31:07,CS2_36_12_06_10.xlsx,7
CS2_36,551,1.0,0.86498412,75.667876,2010-11-30 06:30:27,CS2_36_12_06_10.xlsx,8
CS2_36,552,1.0,0.86535035,75.699913,2010-11-30 09:30:43,CS2_36_12_06_10.xlsx,9
CS2_36,553,1.0,0.85999137,75.231116,2010-11-30 12:30:12,CS2_36_12_06_10.xlsx,10
CS2_36,554,1.0,0.85860286,75.10965,2010-11-30 15:29:17,CS2_36_12_06_10.xlsx,11
CS2_36,555,1.0,0.86200545,75.407305,2010-11-30 18:28:23,CS2_36_12_06_10.xlsx,12
CS2_36,556,1.0,0.87543185,76.581832,2010-11-30 21:27:42,CS2_36_12_06_10.xlsx,13
CS2_36,557,1.0,0.87875673,76.872689,2010-12-01 00:26:31,CS2_36_12_06_10.xlsx,14
CS2_36,558,1.0,0.86339569,75.528922,2010-12-01 03:25:53,CS2_36_12_06_10.xlsx,15
CS2_36,559,1.0,0.85249923,74.575711,2010-12-01 06:23:08,CS2_36_12_06_10.xlsx,16
CS2_36,560,1.0,0.85214577,74.544791,2010-12-01 09:21:42,CS2_36_12_06_10.xlsx,17
CS2_36,561,1.0,0.8474767,74.136346,2010-12-01 12:19:05,CS2_36_12_06_10.xlsx,18
CS2_36,562,1.0,0.84520277,73.937425,2010-12-01 15:16:25,CS2_36_12_06_10.xlsx,19
CS2_36,563,1.0,0.84585055,73.994092,2010-12-01 18:13:21,CS2_36_12_06_10.xlsx,20
CS2_36,564,1.0,0.862243,75.428086,2010-12-01 21:10:15,CS2_36_12_06_10.xlsx,21
CS2_36,565,1.0,0.86590201,75.748171,2010-12-02 00:06:47,CS2_36_12_06_10.xlsx,22
CS2_36,566,1.0,0.85171243,74.506883,2010-12-02 03:04:13,CS2_36_12_06_10.xlsx,23
CS2_36,567,1.0,0.84422236,73.851659,2010-12-02 05:59:51,CS2_36_12_06_10.xlsx,24
CS2_36,568,1.0,0.84822268,74.201603,2010-12-02 08:56:52,CS2_36_12_06_10.xlsx,25
CS2_36,569,1.0,0.84543218,73.957493,2010-12-02 11:53:03,CS2_36_12_06_10.xlsx,26
CS2_36,570,1.0,0.84390396,73.823806,2010-12-02 14:48:58,CS2_36_12_06_10.xlsx,27
CS2_36,571,1.0,0.84104014,73.573283,2010-12-02 17:44:19,CS2_36_12_06_10.xlsx,28
CS2_36,572,1.0,0.85905198,75.148938,2010-12-02 20:38:56,CS2_36_12_06_10.xlsx,29
CS2_36,573,1.0,0.86151682,75.36456,2010-12-02 23:33:53,CS2_36_12_06_10.xlsx,30
CS2_36,574,1.0,0.85513292,74.806103,2010-12-03 02:30:08,CS2_36_12_06_10.xlsx,31
CS2_36,575,1.0,0.84207878,73.664141,2010-12-03 05:26:04,CS2_36_12_06_10.xlsx,32
CS2_36,576,1.0,0.84355692,73.793447,2010-12-03 08:21:26,CS2_36_12_06_10.xlsx,33
CS2_36,577,1.0,0.84182711,73.642125,2010-12-03 11:16:03,CS2_36_12_06_10.xlsx,34
CS2_36,578,1.0,0.84133354,73.598948,2010-12-03 14:10:35,CS2_36_12_06_10.xlsx,35
CS2_36,579,1.0,0.83787613,73.296498,2010-12-03 17:04:50,CS2_36_12_06_10.xlsx,36
CS2_36,580,1.0,0.85245838,74.572137,2010-12-03 19:58:39,CS2_36_12_06_10.xlsx,37
CS2_36,581,1.0,0.85561477,74.848255,2010-12-03 22:52:53,CS2_36_12_06_10.xlsx,38
CS2_36,582,1.0,0.85752885,75.015697,2010-12-04 01:47:46,CS2_36_12_06_10.xlsx,39
CS2_36,583,1.0,0.85817604,75.072312,2010-12-04 04:42:51,CS2_36_12_06_10.xlsx,40
CS2_36,584,1.0,0.85848766,75.099573,2010-12-04 07:37:59,CS2_36_12_06_10.xlsx,41
CS2_36,585,1.0,0.85849864,75.100533,2010-12-04 10:33:06,CS2_36_12_06_10.xlsx,42
CS2_36,586,1.0,0.85817386,75.072121,2010-12-04 13:28:11,CS2_36_12_06_10.xlsx,43
CS2_36,587,1.0,0.85901541,75.145739,2010-12-04 16:23:06,CS2_36_12_06_10.xlsx,44
CS2_36,588,1.0,0.85908399,75.151739,2010-12-04 19:17:58,CS2_36_12_06_10.xlsx,45
CS2_36,589,1.0,0.8589066,75.136221,2010-12-04 22:12:43,CS2_36_12_06_10.xlsx,46
CS2_36,590,1.0,0.858678,75.116223,2010-12-05 01:07:20,CS2_36_12_06_10.xlsx,47
CS2_36,591,1.0,0.85889196,75.13494,2010-12-05 04:01:47,CS2_36_12_06_10.xlsx,48
CS2_36,592,1.0,0.85922114,75.163736,2010-12-05 06:56:09,CS2_36_12_06_10.xlsx,49
CS2_36,593,1.0,0.85863259,75.112251,2010-12-05 09:50:33,CS2_36_12_06_10.xlsx,50
CS2_36,594,1.0,0.85253465,74.578809,2010-12-06 12:33:56,CS2_36_12_13_10.xlsx,1
CS2_36,595,1.0,0.84338487,73.778397,2010-12-06 15:31:07,CS2_36_12_13_10.xlsx,2
CS2_36,596,1.0,0.84274117,73.722087,2010-12-06 18:25:38,CS2_36_12_13_10.xlsx,3
CS2_36,597,1.0,0.85319621,74.636683,2010-12-06 21:19:21,CS2_36_12_13_10.xlsx,4
CS2_36,598,1.0,0.85332257,74.647736,2010-12-07 00:12:20,CS2_36_12_13_10.xlsx,5
CS2_36,599,1.0,0.83594284,73.127376,2010-12-07 03:05:57,CS2_36_12_13_10.xlsx,6
CS2_36,600,1.0,0.82813937,72.444737,2010-12-07 05:57:50,CS2_36_12_13_10.xlsx,7
CS2_36,601,1.0,0.82768976,72.405405,2010-12-07 08:49:28,CS2_36_12_13_10.xlsx,8
CS2_36,602,1.0,0.82550435,72.214228,2010-12-07 11:40:51,CS2_36_12_13_10.xlsx,9
CS2_36,603,1.0,0.82214293,71.920175,2010-12-07 14:32:03,CS2_36_12_13_10.xlsx,10
CS2_36,604,1.0,0.81949601,71.688625,2010-12-07 17:22:41,CS2_36_12_13_10.xlsx,11
CS2_36,605,1.0,0.83311768,72.880234,2010-12-07 20:13:06,CS2_36_12_13_10.xlsx,12
CS2_36,606,1.0,0.83611404,73.142352,2010-12-07 23:03:25,CS2_36_12_13_10.xlsx,13
CS2_36,607,1.0,0.83693111,73.213828,2010-12-08 01:54:53,CS2_36_12_13_10.xlsx,14
CS2_36,608,1.0,0.81665119,71.439764,2010-12-08 04:46:32,CS2_36_12_13_10.xlsx,15
CS2_36,609,1.0,0.81469247,71.268417,2010-12-08 07:38:16,CS2_36_12_13_10.xlsx,16
CS2_36,610,1.0,0.81530825,71.322285,2010-12-08 10:28:23,CS2_36_12_13_10.xlsx,17
CS2_36,611,1.0,0.8113718,70.977928,2010-12-08 13:18:01,CS2_36_12_13_10.xlsx,18
CS2_36,612,1.0,0.81160644,70.998454,2010-12-08 16:07:34,CS2_36_12_13_10.xlsx,19
CS2_36,613,1.0,0.81883921,71.631169,2010-12-08 18:56:57,CS2_36_12_13_10.xlsx,20
CS2_36,614,1.0,0.69737371,61.005499,2010-12-08 21:46:52,CS2_36_12_13_10.xlsx,21
CS2_36,615,1.0,0.82592093,72.25067,2010-12-08 23:45:29,CS2_36_12_13_10.xlsx,22
CS2_36,616,1.0,0.81790699,71.54962,2010-12-09 02:38:30,CS2_36_12_13_10.xlsx,23
CS2_36,617,1.0,0.80674024,70.572764,2010-12-09 05:28:56,CS2_36_12_13_10.xlsx,24
CS2_36,618,1.0,0.80095027,70.066264,2010-12-09 08:18:40,CS2_36_12_13_10.xlsx,25
CS2_36,619,1.0,0.80752248,70.641194,2010-12-09 11:07:36,CS2_36_12_13_10.xlsx,26
CS2_36,620,1.0,0.80416767,70.347718,2010-12-09 13:55:53,CS2_36_12_13_10.xlsx,27
CS2_36,621,1.0,0.66728015,58.372946,2010-12-09 16:44:18,CS2_36_12_13_10.xlsx,28
CS2_36,622,1.0,0.8042302,70.353189,2010-12-09 18:38:38,CS2_36_12_13_10.xlsx,29
CS2_36,623,1.0,0.81434853,71.238329,2010-12-09 21:30:13,CS2_36_12_13_10.xlsx,30
CS2_36,624,1.0,0.82209311,71.915816,2010-12-10 00:19:19,CS2_36_12_13_10.xlsx,31
CS2_36,625,1.0,0.69191565,60.528033,2010-12-10 03:09:02,CS2_36_12_13_10.xlsx,32
CS2_36,626,1.0,0.80268706,70.218196,2010-12-10 05:07:24,CS2_36_12_13_10.xlsx,33
CS2_36,627,1.0,0.80597964,70.506227,2010-12-10 08:00:16,CS2_36_12_13_10.xlsx,34
CS2_36,628,1.0,0.80558904,70.472059,2010-12-10 10:50:02,CS2_36_12_13_10.xlsx,35
CS2_36,629,1.0,0.80583025,70.493159,2010-12-10 13:39:36,CS2_36_12_13_10.xlsx,36
CS2_36,630,1.0,0.80280278,70.22832,2010-12-10 16:29:00,CS2_36_12_13_10.xlsx,37
CS2_36,631,1.0,0.81246421,71.073491,2010-12-10 19:18:03,CS2_36_12_13_10.xlsx,38
CS2_36,632,1.0,0.81664969,71.439633,2010-12-10 22:08:23,CS2_36_12_13_10.xlsx,39
CS2_36,633,1.0,0.81756227,71.519464,2010-12-11 00:58:12,CS2_36_12_13_10.xlsx,40
CS2_36,634,1.0,0.81880782,71.628423,2010-12-11 03:48:03,CS2_36_12_13_10.xlsx,41
CS2_36,635,1.0,0.81884204,71.631417,2010-12-11 06:37:59,CS2_36_12_13_10.xlsx,42
CS2_36,636,1.0,0.82018171,71.748609,2010-12-11 09:27:45,CS2_36_12_13_10.xlsx,43
CS2_36,637,1.0,0.8207648,71.799617,2010-12-11 12:17:32,CS2_36_12_13_10.xlsx,44
CS2_36,638,1.0,0.82182725,71.89256,2010-12-11 15:07:15,CS2_36_12_13_10.xlsx,45
CS2_36,639,1.0,0.82128379,71.845019,2010-12-11 17:56:59,CS2_36_12_13_10.xlsx,46
CS2_36,640,1.0,0.82125104,71.842153,2010-12-11 20:46:41,CS2_36_12_13_10.xlsx,47
CS2_36,641,1.0,0.82158225,71.871127,2010-12-11 23:36:07,CS2_36_12_13_10.xlsx,48
CS2_36,642,1.0,0.82238865,71.94167,2010-12-12 02:25:31,CS2_36_12_13_10.xlsx,49
CS2_36,643,1.0,0.82287766,71.984448,2010-12-12 05:14:54,CS2_36_12_13_10.xlsx,50
CS2_36,644,1.0,0.80490176,70.411936,2010-12-13 12:36:53,CS2_36_12_20_10.xlsx,1
CS2_36,645,1.0,0.79405771,69.46331,2010-12-13 15:30:04,CS2_36_12_20_10.xlsx,2
CS2_36,646,1.0,0.7884684,68.974363,2010-12-13 18:19:31,CS2_36_12_20_10.xlsx,3
CS2_36,647,1.0,0.80326104,70.268407,2010-12-13 21:07:02,CS2_36_12_20_10.xlsx,4
CS2_36,648,1.0,0.80468283,70.392784,2010-12-13 23:53:47,CS2_36_12_20_10.xlsx,5
CS2_36,649,1.0,0.79650553,69.677443,2010-12-14 02:41:37,CS2_36_12_20_10.xlsx,6
CS2_36,650,1.0,0.78387379,68.572432,2010-12-14 05:28:54,CS2_36_12_20_10.xlsx,7
CS2_36,651,1.0,0.78490674,68.662793,2010-12-14 08:15:24,CS2_36_12_20_10.xlsx,8
CS2_36,652,1.0,0.7835948,68.548026,2010-12-14 11:01:03,CS2_36_12_20_10.xlsx,9
CS2_36,653,1.0,0.78359897,68.548391,2010-12-14 13:47:02,CS2_36_12_20_10.xlsx,10
CS2_36,654,1.0,0.78252597,68.454526,2010-12-14 16:32:36,CS2_36_12_20_10.xlsx,11
CS2_36,655,1.0,0.79103531,69.198914,2010-12-14 19:18:05,CS2_36_12_20_10.xlsx,12
CS2_36,656,1.0,0.79501845,69.547355,2010-12-14 22:04:33,CS2_36_12_20_10.xlsx,13
CS2_36,657,1.0,0.79605815,69.638307,2010-12-15 00:50:55,CS2_36_12_20_10.xlsx,14
CS2_36,658,1.0,0.77988503,68.223499,2010-12-15 03:37:34,CS2_36_12_20_10.xlsx,15
CS2_36,659,1.0,0.77616952,67.89847,2010-12-15 06:22:54,CS2_36_12_20_10.xlsx,16
CS2_36,660,1.0,0.77660635,67.936684,2010-12-15 09:08:00,CS2_36_12_20_10.xlsx,17
CS2_36,661,1.0,0.77798726,68.057484,2010-12-15 11:52:49,CS2_36_12_20_10.xlsx,18
CS2_36,662,1.0,0.77616332,67.897928,2010-12-15 14:37:28,CS2_36_12_20_10.xlsx,19
CS2_36,663,1.0,0.77556327,67.845437,2010-12-15 17:21:55,CS2_36_12_20_10.xlsx,20
CS2_36,664,1.0,0.78482683,68.655803,2010-12-15 20:06:15,CS2_36_12_20_10.xlsx,21
CS2_36,665,1.0,0.7870162,68.847326,2010-12-15 22:50:58,CS2_36_12_20_10.xlsx,22
CS2_36,666,1.0,0.78756406,68.895252,2010-12-16 01:36:18,CS2_36_12_20_10.xlsx,23
CS2_36,667,1.0,0.76880954,67.254627,2010-12-16 04:21:43,CS2_36_12_20_10.xlsx,24
CS2_36,668,1.0,0.76604796,67.013048,2010-12-16 07:06:59,CS2_36_12_20_10.xlsx,25
CS2_36,669,1.0,0.76842018,67.220566,2010-12-16 09:50:38,CS2_36_12_20_10.xlsx,26
CS2_36,670,1.0,0.76728205,67.121005,2010-12-16 12:33:57,CS2_36_12_20_10.xlsx,27
CS2_36,671,1.0,0.76452056,66.879432,2010-12-16 15:17:36,CS2_36_12_20_10.xlsx,28
CS2_36,672,1.0,0.76533315,66.950516,2010-12-16 18:01:00,CS2_36_12_20_10.xlsx,29
CS2_36,673,1.0,0.78074539,68.298763,2010-12-16 20:44:20,CS2_36_12_20_10.xlsx,30
CS2_36,674,1.0,0.6541895,57.22779,2010-12-16 23:27:20,CS2_36_12_20_10.xlsx,31
CS2_36,675,1.0,0.6519737,57.033954,2010-12-17 01:18:49,CS2_36_12_20_10.xlsx,32
CS2_36,676,1.0,0.77189763,67.52477,2010-12-17 03:11:26,CS2_36_12_20_10.xlsx,33
CS2_36,677,1.0,0.76971498,67.333834,2010-12-17 05:58:04,CS2_36_12_20_10.xlsx,34
CS2_36,678,1.0,0.77071966,67.421723,2010-12-17 08:41:28,CS2_36_12_20_10.xlsx,35
CS2_36,679,1.0,0.77401058,67.709608,2010-12-17 11:24:43,CS2_36_12_20_10.xlsx,36
CS2_36,680,1.0,0.7747657,67.775666,2010-12-17 14:07:55,CS2_36_12_20_10.xlsx,37
CS2_36,681,1.0,0.77343966,67.659665,2010-12-17 16:51:04,CS2_36_12_20_10.xlsx,38
CS2_36,682,1.0,0.78436173,68.615116,2010-12-17 19:34:05,CS2_36_12_20_10.xlsx,39
CS2_36,683,1.0,0.78775243,68.911731,2010-12-17 22:17:47,CS2_36_12_20_10.xlsx,40
CS2_36,684,1.0,0.78926376,69.043941,2010-12-18 01:01:44,CS2_36_12_20_10.xlsx,41
CS2_36,685,1.0,0.79044418,69.147203,2010-12-18 03:45:48,CS2_36_12_20_10.xlsx,42
CS2_36,686,1.0,0.79078182,69.176739,2010-12-18 06:29:53,CS2_36_12_20_10.xlsx,43
CS2_36,687,1.0,0.79088337,69.185623,2010-12-18 09:13:57,CS2_36_12_20_10.xlsx,44
CS2_36,688,1.0,0.79145057,69.23524,2010-12-18 11:57:49,CS2_36_12_20_10.xlsx,45
CS2_36,689,1.0,0.79183886,69.269207,2010-12-18 14:41:42,CS2_36_12_20_10.xlsx,46
CS2_36,690,1.0,0.79208029,69.290328,2010-12-18 17:25:34,CS2_36_12_20_10.xlsx,47
CS2_36,691,1.0,0.79213119,69.29478,2010-12-18 20:09:22,CS2_36_12_20_10.xlsx,48
CS2_36,692,1.0,0.79187297,69.272191,2010-12-18 22:53:10,CS2_36_12_20_10.xlsx,49
CS2_36,693,1.0,0.79162674,69.250652,2010-12-19 01:36:47,CS2_36_12_20_10.xlsx,50
CS2_36,694,1.0,0.79513008,69.557119,2010-12-20 12:10:10,CS2_36_12_23_10.xlsx,1
CS2_36,695,1.0,0.78570917,68.732989,2010-12-20 14:56:13,CS2_36_12_23_10.xlsx,2
CS2_36,696,1.0,0.77862564,68.113329,2010-12-20 17:40:55,CS2_36_12_23_10.xlsx,3
CS2_36,697,1.0,0.79198247,69.281771,2010-12-20 20:23:57,CS2_36_12_23_10.xlsx,4
CS2_36,698,1.0,0.79242881,69.320816,2010-12-20 23:06:34,CS2_36_12_23_10.xlsx,5
CS2_36,699,1.0,0.79187186,69.272094,2010-12-21 01:50:21,CS2_36_12_23_10.xlsx,6
CS2_36,700,1.0,0.77505341,67.800834,2010-12-21 04:33:57,CS2_36_12_23_10.xlsx,7
CS2_36,701,1.0,0.76681712,67.080333,2010-12-21 07:17:27,CS2_36_12_23_10.xlsx,8
CS2_36,702,1.0,0.76810551,67.19304,2010-12-21 09:59:14,CS2_36_12_23_10.xlsx,9
CS2_36,703,1.0,0.7637267,66.809986,2010-12-21 12:40:18,CS2_36_12_23_10.xlsx,10
CS2_36,704,1.0,0.76281017,66.729809,2010-12-21 15:21:10,CS2_36_12_23_10.xlsx,11
CS2_36,705,1.0,0.76105652,66.576402,2010-12-21 18:01:26,CS2_36_12_23_10.xlsx,12
CS2_36,706,1.0,0.77816762,68.073262,2010-12-21 20:41:50,CS2_36_12_23_10.xlsx,13
CS2_36,707,1.0,0.77950937,68.190637,2010-12-21 23:22:01,CS2_36_12_23_10.xlsx,14
CS2_36,708,1.0,0.77971041,68.208224,2010-12-22 02:03:49,CS2_36_12_23_10.xlsx,15
CS2_36,709,1.0,0.76137904,66.604615,2010-12-22 04:45:38,CS2_36_12_23_10.xlsx,16
CS2_36,710,1.0,0.75501097,66.047543,2010-12-22 07:27:26,CS2_36_12_23_10.xlsx,17
CS2_36,711,1.0,0.75501839,66.048193,2010-12-22 10:07:18,CS2_36_12_23_10.xlsx,18
CS2_36,712,1.0,0.75071098,65.671385,2010-12-22 12:46:33,CS2_36_12_23_10.xlsx,19
CS2_36,713,1.0,0.74825096,65.456185,2010-12-22 15:25:34,CS2_36_12_23_10.xlsx,20
CS2_36,714,1.0,0.74750423,65.390862,2010-12-22 18:04:09,CS2_36_12_23_10.xlsx,21
CS2_36,715,1.0,0.76476267,66.900612,2010-12-22 20:42:40,CS2_36_12_23_10.xlsx,22
CS2_36,716,1.0,0.76630582,67.035605,2010-12-22 23:21:00,CS2_36_12_23_10.xlsx,23
CS2_36,717,1.0,0.76626386,67.031935,2010-12-23 02:00:50,CS2_36_12_23_10.xlsx,24
CS2_36,718,1.0,0.74704412,65.350612,2010-12-23 04:40:53,CS2_36_12_23_10.xlsx,25
CS2_36,719,1.0,0.7396249,64.701587,2010-12-23 07:20:45,CS2_36_12_23_10.xlsx,26
CS2_36,720,1.0,0.73628534,64.409445,2010-12-23 09:58:33,CS2_36_12_23_10.xlsx,27
CS2_36,721,1.0,0.75832741,66.337662,2011-01-03 10:38:25,CS2_36_1_10_11.xlsx,1
CS2_36,722,1.0,0.7423692,64.941655,2011-01-03 13:14:02,CS2_36_1_10_11.xlsx,2
CS2_36,723,1.0,0.70436837,61.617384,2011-01-03 15:52:56,CS2_36_1_10_11.xlsx,3
CS2_36,724,1.0,0.69169079,60.508363,2011-01-03 18:29:35,CS2_36_1_10_11.xlsx,4
CS2_36,725,1.0,0.71667729,62.694155,2011-01-03 21:03:04,CS2_36_1_10_11.xlsx,5
CS2_36,726,1.0,0.71959314,62.94923,2011-01-03 23:34:53,CS2_36_1_10_11.xlsx,6
CS2_36,727,1.0,0.71961997,62.951577,2011-01-04 02:08:42,CS2_36_1_10_11.xlsx,7
CS2_36,728,1.0,0.68125483,59.595436,2011-01-04 04:42:43,CS2_36_1_10_11.xlsx,8
CS2_36,729,1.0,0.66585438,58.248221,2011-01-04 07:16:32,CS2_36_1_10_11.xlsx,9
CS2_36,730,1.0,0.65789825,57.552227,2011-01-04 09:46:47,CS2_36_1_10_11.xlsx,10
CS2_36,731,1.0,0.64839987,56.72132,2011-01-04 12:15:40,CS2_36_1_10_11.xlsx,11
CS2_36,732,1.0,0.50745836,44.391909,2011-01-04 14:43:56,CS2_36_1_10_11.xlsx,12
CS2_36,733,1.0,0.64190244,56.152932,2011-01-04 16:10:34,CS2_36_1_10_11.xlsx,13
CS2_36,734,1.0,0.64060651,56.039565,2011-01-04 18:42:40,CS2_36_1_10_11.xlsx,14
CS2_36,735,1.0,0.66446371,58.126567,2011-01-04 21:09:57,CS2_36_1_10_11.xlsx,15
CS2_36,736,1.0,0.67130273,58.724837,2011-01-04 23:36:32,CS2_36_1_10_11.xlsx,16
CS2_36,737,1.0,0.67509564,59.056637,2011-01-05 02:04:57,CS2_36_1_10_11.xlsx,17
CS2_36,738,1.0,0.63995927,55.982945,2011-01-05 04:33:58,CS2_36_1_10_11.xlsx,18
CS2_36,739,1.0,0.63068364,55.171523,2011-01-05 07:02:50,CS2_36_1_10_11.xlsx,19
CS2_36,740,1.0,0.62928044,55.048772,2011-01-05 09:28:57,CS2_36_1_10_11.xlsx,20
CS2_36,741,1.0,0.62261263,54.46548,2011-01-05 11:53:57,CS2_36_1_10_11.xlsx,21
CS2_36,742,1.0,0.61994819,54.232398,2011-01-05 14:18:35,CS2_36_1_10_11.xlsx,22
CS2_36,743,1.0,0.6120472,53.541227,2011-01-05 16:42:34,CS2_36_1_10_11.xlsx,23
CS2_36,744,1.0,0.62420528,54.604803,2011-01-05 19:05:40,CS2_36_1_10_11.xlsx,24
CS2_36,745,1.0,0.6416817,56.133621,2011-01-05 21:29:14,CS2_36_1_10_11.xlsx,25
CS2_36,746,1.0,0.64678728,56.580252,2011-01-05 23:53:34,CS2_36_1_10_11.xlsx,26
CS2_36,747,1.0,0.65055181,56.909569,2011-01-06 02:19:14,CS2_36_1_10_11.xlsx,27
CS2_36,748,1.0,0.61693696,53.968978,2011-01-06 04:45:12,CS2_36_1_10_11.xlsx,28
CS2_36,749,1.0,0.60484256,52.910973,2011-01-06 07:11:23,CS2_36_1_10_11.xlsx,29
CS2_36,750,1.0,0.60871759,53.249957,2011-01-06 09:34:23,CS2_36_1_10_11.xlsx,30
CS2_36,751,1.0,0.60532715,52.953365,2011-01-06 11:56:10,CS2_36_1_10_11.xlsx,31
CS2_36,752,1.0,0.60367516,52.80885,2011-01-06 14:18:07,CS2_36_1_10_11.xlsx,32
CS2_36,753,1.0,0.59648851,52.180171,2011-01-06 16:39:40,CS2_36_1_10_11.xlsx,33
CS2_36,754,1.0,0.59094336,51.695087,2011-01-06 19:00:22,CS2_36_1_10_11.xlsx,34
CS2_36,755,1.0,0.58818785,51.454037,2011-01-06 21:20:51,CS2_36_1_10_11.xlsx,35
CS2_36,756,1.0,0.58131458,50.852771,2011-01-07 00:55:29,CS2_36_1_10_11.xlsx,37
CS2_36,757,1.0,0.57898669,50.64913,2011-01-07 03:20:18,CS2_36_1_10_11.xlsx,38
CS2_36,758,1.0,0.57396797,50.210097,2011-01-07 05:39:26,CS2_36_1_10_11.xlsx,39
CS2_36,759,1.0,0.57502921,50.302934,2011-01-07 07:57:39,CS2_36_1_10_11.xlsx,40
CS2_36,760,1.0,0.57667721,50.447099,2011-01-07 10:15:20,CS2_36_1_10_11.xlsx,41
CS2_36,761,1.0,0.59557283,52.100068,2011-01-07 12:32:28,CS2_36_1_10_11.xlsx,42
CS2_36,762,1.0,0.59616999,52.152306,2011-01-07 14:50:30,CS2_36_1_10_11.xlsx,43
CS2_36,763,1.0,0.59470474,52.024128,2011-01-07 17:09:07,CS2_36_1_10_11.xlsx,44
CS2_36,764,1.0,0.59401035,51.963383,2011-01-07 19:27:23,CS2_36_1_10_11.xlsx,45
CS2_36,765,1.0,0.59323863,51.895874,2011-01-07 21:45:31,CS2_36_1_10_11.xlsx,46
CS2_36,766,1.0,0.59268325,51.84729,2011-01-08 00:03:23,CS2_36_1_10_11.xlsx,47
CS2_36,767,1.0,0.59386554,51.950715,2011-01-08 02:20:58,CS2_36_1_10_11.xlsx,48
CS2_36,768,1.0,0.59402662,51.964807,2011-01-08 04:38:24,CS2_36_1_10_11.xlsx,49
CS2_36,769,1.0,0.59358259,51.925963,2011-01-08 06:55:48,CS2_36_1_10_11.xlsx,50
CS2_36,770,1.0,0.63312068,55.384713,2011-01-10 11:47:49,CS2_36_1_18_11.xlsx,1
CS2_36,771,1.0,0.61976644,54.216499,2011-01-10 14:10:15,CS2_36_1_18_11.xlsx,2
CS2_36,772,1.0,0.60764292,53.155946,2011-01-10 16:32:41,CS2_36_1_18_11.xlsx,3
CS2_36,773,1.0,0.59796635,52.30945,2011-01-10 18:52:12,CS2_36_1_18_11.xlsx,4
CS2_36,774,1.0,0.59030939,51.639627,2011-01-10 21:10:12,CS2_36_1_18_11.xlsx,5
CS2_36,775,1.0,0.58525591,51.197555,2011-01-10 23:26:50,CS2_36_1_18_11.xlsx,6
CS2_36,776,1.0,0.58098234,50.823707,2011-01-11 01:42:30,CS2_36_1_18_11.xlsx,7
CS2_36,777,1.0,0.57921365,50.668984,2011-01-11 03:57:31,CS2_36_1_18_11.xlsx,8
CS2_36,778,1.0,0.57632975,50.416703,2011-01-11 06:11:59,CS2_36_1_18_11.xlsx,9
CS2_36,779,1.0,0.59226037,51.810297,2011-01-11 08:26:02,CS2_36_1_18_11.xlsx,10
CS2_36,780,1.0,0.58558066,51.225963,2011-01-11 10:39:55,CS2_36_1_18_11.xlsx,11
CS2_36,781,1.0,0.58469187,51.148213,2011-01-11 12:55:39,CS2_36_1_18_11.xlsx,12
CS2_36,782,1.0,0.58080466,50.808164,2011-01-11 15:10:15,CS2_36_1_18_11.xlsx,13
CS2_36,783,1.0,0.57412676,50.223989,2011-01-11 17:24:05,CS2_36_1_18_11.xlsx,14
CS2_36,784,1.0,0.56697489,49.59835,2011-01-11 19:37:37,CS2_36_1_18_11.xlsx,15
CS2_36,785,1.0,0.56357697,49.301104,2011-01-11 21:50:10,CS2_36_1_18_11.xlsx,16
CS2_36,786,1.0,0.56086822,49.064146,2011-01-12 00:01:52,CS2_36_1_18_11.xlsx,17
CS2_36,787,1.0,0.55959046,48.952368,2011-01-12 02:12:57,CS2_36_1_18_11.xlsx,18
CS2_36,788,1.0,0.55707712,48.732504,2011-01-12 04:23:40,CS2_36_1_18_11.xlsx,19
CS2_36,789,1.0,0.55478935,48.532372,2011-01-12 06:33:58,CS2_36_1_18_11.xlsx,20
CS2_36,790,1.0,0.55902313,48.90274,2011-01-12 08:43:55,CS2_36_1_18_11.xlsx,21
CS2_36,791,1.0,0.59297411,51.872734,2011-01-12 10:53:45,CS2_36_1_18_11.xlsx,22
CS2_36,792,1.0,0.56364302,49.306882,2011-01-12 13:06:06,CS2_36_1_18_11.xlsx,23
CS2_36,793,1.0,0.55544286,48.589541,2011-01-12 15:19:16,CS2_36_1_18_11.xlsx,24
CS2_36,794,1.0,0.54707404,47.857446,2011-01-12 17:30:04,CS2_36_1_18_11.xlsx,25
CS2_36,795,1.0,0.54112266,47.336825,2011-01-12 19:39:27,CS2_36_1_18_11.xlsx,26
CS2_36,796,1.0,0.53626528,46.911907,2011-01-12 21:48:00,CS2_36_1_18_11.xlsx,27
CS2_36,797,1.0,0.53072138,46.426933,2011-01-13 01:04:57,CS2_36_1_18_11.xlsx,29
CS2_36,798,1.0,0.52842188,46.225775,2011-01-13 03:18:13,CS2_36_1_18_11.xlsx,30
CS2_36,799,1.0,0.52454107,45.886286,2011-01-13 05:25:18,CS2_36_1_18_11.xlsx,31
CS2_36,800,1.0,0.52203223,45.666816,2011-01-13 07:31:42,CS2_36_1_18_11.xlsx,32
CS2_36,801,1.0,0.5266131,46.067544,2011-01-13 09:37:28,CS2_36_1_18_11.xlsx,33
CS2_36,802,1.0,0.52382514,45.823657,2011-01-13 11:42:53,CS2_36_1_18_11.xlsx,34
CS2_36,803,1.0,0.52616475,46.028323,2011-01-13 13:48:14,CS2_36_1_18_11.xlsx,35
CS2_36,804,1.0,0.52301051,45.752394,2011-01-13 15:53:39,CS2_36_1_18_11.xlsx,36
CS2_36,805,1.0,0.51495956,45.048106,2011-01-13 17:58:56,CS2_36_1_18_11.xlsx,37
CS2_36,806,1.0,0.512514,44.834171,2011-01-13 20:03:42,CS2_36_1_18_11.xlsx,38
CS2_36,807,1.0,0.50910439,44.535901,2011-01-13 22:07:33,CS2_36_1_18_11.xlsx,39
CS2_36,808,1.0,0.50202109,43.916262,2011-01-18 13:17:53,CS2_36_1_24_11.xlsx,1
