cell_id,cell_type,ambient_temp_c,charge_rate_c,discharge_rate_c,depth_of_discharge,cycle_index,capacity_ah,capacity_percent
B001,LFP_graphite,45.1,2.105,2.413,0.901,0,2.0823,100.225
B001,LFP_graphite,45.1,2.105,2.413,0.901,10,2.049,98.62
B001,LFP_graphite,45.1,2.105,2.413,0.901,20,2.0423,98.3
B001,LFP_graphite,45.1,2.105,2.413,0.901,30,2.0209,97.267
B001,LFP_graphite,45.1,2.105,2.413,0.901,40,1.9968,96.107
B001,LFP_graphite,45.1,2.105,2.413,0.901,50,1.9576,94.222
B001,LFP_graphite,45.1,2.105,2.413,0.901,60,1.9204,92.433
B001,LFP_graphite,45.1,2.105,2.413,0.901,70,1.9136,92.106
B001,LFP_graphite,45.1,2.105,2.413,0.901,80,1.8791,90.443
B001,LFP_graphite,45.1,2.105,2.413,0.901,90,1.8249,87.836
B001,LFP_graphite,45.1,2.105,2.413,0.901,100,1.8101,87.122
B001,LFP_graphite,45.1,2.105,2.413,0.901,110,1.7719,85.282
B001,LFP_graphite,45.1,2.105,2.413,0.901,120,1.7482,84.144
B001,LFP_graphite,45.1,2.105,2.413,0.901,130,1.714,82.498
B001,LFP_graphite,45.1,2.105,2.413,0.901,140,1.6636,80.072
B001,LFP_graphite,45.1,2.105,2.413,0.901,150,1.6451,79.183
B001,LFP_graphite,45.1,2.105,2.413,0.901,160,1.6029,77.152
B001,LFP_graphite,45.1,2.105,2.413,0.901,170,1.5676,75.45
B001,LFP_graphite,45.1,2.105,2.413,0.901,180,1.5302,73.651
B001,LFP_graphite,45.1,2.105,2.413,0.901,190,1.5149,72.914
B001,LFP_graphite,45.1,2.105,2.413,0.901,200,1.4577,70.163
B001,LFP_graphite,45.1,2.105,2.413,0.901,210,1.4256,68.618
B001,LFP_graphite,45.1,2.105,2.413,0.901,220,1.3911,66.956
B001,LFP_graphite,45.1,2.105,2.413,0.901,230,1.3574,65.334
B001,LFP_graphite,45.1,2.105,2.413,0.901,240,1.3486,64.91
B001,LFP_graphite,45.1,2.105,2.413,0.901,250,1.2994,62.541
B001,LFP_graphite,45.1,2.105,2.413,0.901,260,1.2504,60.184
B001,LFP_graphite,45.1,2.105,2.413,0.901,270,1.198,57.661
B001,LFP_graphite,45.1,2.105,2.413,0.901,280,1.1665,56.143
B001,LFP_graphite,45.1,2.105,2.413,0.901,290,1.129,54.342
B001,LFP_graphite,45.1,2.105,2.413,0.901,300,1.0922,52.571
B001,LFP_graphite,45.1,2.105,2.413,0.901,310,1.0744,51.713
B001,LFP_graphite,45.1,2.105,2.413,0.901,320,1.0209,49.136
B001,LFP_graphite,45.1,2.105,2.413,0.901,330,0.9798,47.157
B001,LFP_graphite,45.1,2.105,2.413,0.901,340,0.9449,45.481
B001,LFP_graphite,45.1,2.105,2.413,0.901,350,0.8983,45.0
B001,LFP_graphite,45.1,2.105,2.413,0.901,360,0.8731,45.0
B001,LFP_graphite,45.1,2.105,2.413,0.901,370,0.8253,45.0
B001,LFP_graphite,45.1,2.105,2.413,0.901,380,0.7842,45.0
B001,LFP_graphite,45.1,2.105,2.413,0.901,390,0.7566,45.0
B001,LFP_graphite,45.1,2.105,2.413,0.901,400,0.6907,45.0
B001,LFP_graphite,45.1,2.105,2.413,0.901,410,0.6569,45.0
B001,LFP_graphite,45.1,2.105,2.413,0.901,420,0.6168,45.0
B001,LFP_graphite,45.1,2.105,2.413,0.901,430,0.588,45.0
B001,LFP_graphite,45.1,2.105,2.413,0.901,440,0.5363,45.0
B001,LFP_graphite,45.1,2.105,2.413,0.901,450,0.4961,45.0
B001,LFP_graphite,45.1,2.105,2.413,0.901,460,0.4651,45.0
B001,LFP_graphite,45.1,2.105,2.413,0.901,470,0.4379,45.0
B001,LFP_graphite,45.1,2.105,2.413,0.901,480,0.3763,45.0
B001,LFP_graphite,45.1,2.105,2.413,0.901,490,0.3296,45.0
B001,LFP_graphite,45.1,2.105,2.413,0.901,500,0.2894,45.0
B001,LFP_graphite,45.1,2.105,2.413,0.901,510,0.2474,45.0
B001,LFP_graphite,45.1,2.105,2.413,0.901,520,0.1983,45.0
B001,LFP_graphite,45.1,2.105,2.413,0.901,530,0.1597,45.0
B001,LFP_graphite,45.1,2.105,2.413,0.901,540,0.1196,45.0
B001,LFP_graphite,45.1,2.105,2.413,0.901,550,0.0844,45.0
B001,LFP_graphite,45.1,2.105,2.413,0.901,560,0.0283,45.0
B001,LFP_graphite,45.1,2.105,2.413,0.901,570,-0.0185,45.0
B001,LFP_graphite,45.1,2.105,2.413,0.901,580,-0.056,45.0
B001,LFP_graphite,45.1,2.105,2.413,0.901,590,-0.1027,45.0
B001,LFP_graphite,45.1,2.105,2.413,0.901,600,-0.1397,45.0
B001,LFP_graphite,45.1,2.105,2.413,0.901,610,-0.184,45.0
B001,LFP_graphite,45.1,2.105,2.413,0.901,620,-0.2262,45.0
B001,LFP_graphite,45.1,2.105,2.413,0.901,630,-0.2506,45.0
B001,LFP_graphite,45.1,2.105,2.413,0.901,640,-0.3078,45.0
B001,LFP_graphite,45.1,2.105,2.413,0.901,650,-0.3679,45.0
B001,LFP_graphite,45.1,2.105,2.413,0.901,660,-0.4007,45.0
B001,LFP_graphite,45.1,2.105,2.413,0.901,670,-0.4426,45.0
B001,LFP_graphite,45.1,2.105,2.413,0.901,680,-0.5045,45.0
B001,LFP_graphite,45.1,2.105,2.413,0.901,690,-0.5424,45.0
B001,LFP_graphite,45.1,2.105,2.413,0.901,700,-0.5811,45.0
B001,LFP_graphite,45.1,2.105,2.413,0.901,710,-0.6347,45.0
B001,LFP_graphite,45.1,2.105,2.413,0.901,720,-0.6631,45.0
B001,LFP_graphite,45.1,2.105,2.413,0.901,730,-0.728,45.0
B001,LFP_graphite,45.1,2.105,2.413,0.901,740,-0.7682,45.0
B001,LFP_graphite,45.1,2.105,2.413,0.901,750,-0.8079,45.0
B001,LFP_graphite,45.1,2.105,2.413,0.901,760,-0.8488,45.0
B001,LFP_graphite,45.1,2.105,2.413,0.901,770,-0.9009,45.0
B001,LFP_graphite,45.1,2.105,2.413,0.901,780,-0.9494,45.0
B001,LFP_graphite,45.1,2.105,2.413,0.901,790,-0.9981,45.0
B001,LFP_graphite,45.1,2.105,2.413,0.901,800,-1.0279,45.0
B001,LFP_graphite,45.1,2.105,2.413,0.901,810,-1.0839,45.0
B001,LFP_graphite,45.1,2.105,2.413,0.901,820,-1.1265,45.0
B001,LFP_graphite,45.1,2.105,2.413,0.901,830,-1.1852,45.0
B001,LFP_graphite,45.1,2.105,2.413,0.901,840,-1.2344,45.0
B001,LFP_graphite,45.1,2.105,2.413,0.901,850,-1.2677,45.0
B001,LFP_graphite,45.1,2.105,2.413,0.901,860,-1.3258,45.0
B001,LFP_graphite,45.1,2.105,2.413,0.901,870,-1.3478,45.0
B001,LFP_graphite,45.1,2.105,2.413,0.901,880,-1.3997,45.0
B001,LFP_graphite,45.1,2.105,2.413,0.901,890,-1.4601,45.0
B001,LFP_graphite,45.1,2.105,2.413,0.901,900,-1.4862,45.0
B001,LFP_graphite,45.1,2.105,2.413,0.901,910,-1.5587,45.0
B001,LFP_graphite,45.1,2.105,2.413,0.901,920,-1.5956,45.0
B001,LFP_graphite,45.1,2.105,2.413,0.901,930,-1.6323,45.0
B001,LFP_graphite,45.1,2.105,2.413,0.901,940,-1.6915,45.0
B001,LFP_graphite,45.1,2.105,2.413,0.901,950,-1.7366,45.0
B001,LFP_graphite,45.1,2.105,2.413,0.901,960,-1.7836,45.0
B001,LFP_graphite,45.1,2.105,2.413,0.901,970,-1.8269,45.0
B001,LFP_graphite,45.1,2.105,2.413,0.901,980,-1.8841,45.0
B001,LFP_graphite,45.1,2.105,2.413,0.901,990,-1.9072,45.0
B001,LFP_graphite,45.1,2.105,2.413,0.901,1000,-1.9616,45.0
B002,LFP_graphite,15.47,0.951,1.733,0.711,0,1.9685,100.23
B002,LFP_graphite,15.47,0.951,1.733,0.711,10,1.9706,100.335
B002,LFP_graphite,15.47,0.951,1.733,0.711,20,1.9762,100.62
B002,LFP_graphite,15.47,0.951,1.733,0.711,30,1.9521,99.396
B002,LFP_graphite,15.47,0.951,1.733,0.711,40,1.9327,98.408
B002,LFP_graphite,15.47,0.951,1.733,0.711,50,1.9267,98.1
B002,LFP_graphite,15.47,0.951,1.733,0.711,60,1.9096,97.23
B002,LFP_graphite,15.47,0.951,1.733,0.711,70,1.9086,97.177
B002,LFP_graphite,15.47,0.951,1.733,0.711,80,1.8987,96.677
B002,LFP_graphite,15.47,0.951,1.733,0.711,90,1.8852,95.987
B002,LFP_graphite,15.47,0.951,1.733,0.711,100,1.877,95.569
B002,LFP_graphite,15.47,0.951,1.733,0.711,110,1.8694,95.185
B002,LFP_graphite,15.47,0.951,1.733,0.711,120,1.8504,94.214
B002,LFP_graphite,15.47,0.951,1.733,0.711,130,1.8345,93.406
B002,LFP_graphite,15.47,0.951,1.733,0.711,140,1.7995,91.623
B002,LFP_graphite,15.47,0.951,1.733,0.711,150,1.8004,91.669
B002,LFP_graphite,15.47,0.951,1.733,0.711,160,1.7765,90.455
B002,LFP_graphite,15.47,0.951,1.733,0.711,170,1.7595,89.589
B002,LFP_graphite,15.47,0.951,1.733,0.711,180,1.7337,88.272
B002,LFP_graphite,15.47,0.951,1.733,0.711,190,1.7393,88.559
B002,LFP_graphite,15.47,0.951,1.733,0.711,200,1.708,86.965
B002,LFP_graphite,15.47,0.951,1.733,0.711,210,1.6874,85.916
B002,LFP_graphite,15.47,0.951,1.733,0.711,220,1.6808,85.58
B002,LFP_graphite,15.47,0.951,1.733,0.711,230,1.6354,83.271
B002,LFP_graphite,15.47,0.951,1.733,0.711,240,1.6424,83.624
B002,LFP_graphite,15.47,0.951,1.733,0.711,250,1.6059,81.764
B002,LFP_graphite,15.47,0.951,1.733,0.711,260,1.583,80.602
B002,LFP_graphite,15.47,0.951,1.733,0.711,270,1.577,80.296
B002,LFP_graphite,15.47,0.951,1.733,0.711,280,1.5524,79.044
B002,LFP_graphite,15.47,0.951,1.733,0.711,290,1.5421,78.517
B002,LFP_graphite,15.47,0.951,1.733,0.711,300,1.5034,76.549
B002,LFP_graphite,15.47,0.951,1.733,0.711,310,1.4706,74.878
B002,LFP_graphite,15.47,0.951,1.733,0.711,320,1.4542,74.044
B002,LFP_graphite,15.47,0.951,1.733,0.711,330,1.4198,72.289
B002,LFP_graphite,15.47,0.951,1.733,0.711,340,1.4072,71.651
B002,LFP_graphite,15.47,0.951,1.733,0.711,350,1.3932,70.937
B002,LFP_graphite,15.47,0.951,1.733,0.711,360,1.3631,69.403
B002,LFP_graphite,15.47,0.951,1.733,0.711,370,1.3153,66.969
B002,LFP_graphite,15.47,0.951,1.733,0.711,380,1.3152,66.966
B002,LFP_graphite,15.47,0.951,1.733,0.711,390,1.2765,64.996
B002,LFP_graphite,15.47,0.951,1.733,0.711,400,1.2639,64.353
B002,LFP_graphite,15.47,0.951,1.733,0.711,410,1.2287,62.562
B002,LFP_graphite,15.47,0.951,1.733,0.711,420,1.2133,61.776
B002,LFP_graphite,15.47,0.951,1.733,0.711,430,1.1821,60.187
B002,LFP_graphite,15.47,0.951,1.733,0.711,440,1.1507,58.588
B002,LFP_graphite,15.47,0.951,1.733,0.711,450,1.121,57.078
B002,LFP_graphite,15.47,0.951,1.733,0.711,460,1.0911,55.554
B002,LFP_graphite,15.47,0.951,1.733,0.711,470,1.0751,54.741
B002,LFP_graphite,15.47,0.951,1.733,0.711,480,1.0409,52.998
B002,LFP_graphite,15.47,0.951,1.733,0.711,490,1.0057,51.206
B002,LFP_graphite,15.47,0.951,1.733,0.711,500,0.988,50.306
B002,LFP_graphite,15.47,0.951,1.733,0.711,510,0.9492,48.332
B002,LFP_graphite,15.47,0.951,1.733,0.711,520,0.9158,46.63
B002,LFP_graphite,15.47,0.951,1.733,0.711,530,0.9011,45.881
B002,LFP_graphite,15.47,0.951,1.733,0.711,540,0.856,45.0
B002,LFP_graphite,15.47,0.951,1.733,0.711,550,0.8293,45.0
B002,LFP_graphite,15.47,0.951,1.733,0.711,560,0.8034,45.0
B002,LFP_graphite,15.47,0.951,1.733,0.711,570,0.7624,45.0
B002,LFP_graphite,15.47,0.951,1.733,0.711,580,0.7341,45.0
B002,LFP_graphite,15.47,0.951,1.733,0.711,590,0.6979,45.0
B002,LFP_graphite,15.47,0.951,1.733,0.711,600,0.6794,45.0
B002,LFP_graphite,15.47,0.951,1.733,0.711,610,0.6442,45.0
B002,LFP_graphite,15.47,0.951,1.733,0.711,620,0.6156,45.0
B002,LFP_graphite,15.47,0.951,1.733,0.711,630,0.5903,45.0
B002,LFP_graphite,15.47,0.951,1.733,0.711,640,0.5508,45.0
B002,LFP_graphite,15.47,0.951,1.733,0.711,650,0.5326,45.0
B002,LFP_graphite,15.47,0.951,1.733,0.711,660,0.4695,45.0
B002,LFP_graphite,15.47,0.951,1.733,0.711,670,0.4331,45.0
B002,LFP_graphite,15.47,0.951,1.733,0.711,680,0.4125,45.0
B002,LFP_graphite,15.47,0.951,1.733,0.711,690,0.3752,45.0
B002,LFP_graphite,15.47,0.951,1.733,0.711,700,0.3399,45.0
B002,LFP_graphite,15.47,0.951,1.733,0.711,710,0.2855,45.0
B002,LFP_graphite,15.47,0.951,1.733,0.711,720,0.2677,45.0
B002,LFP_graphite,15.47,0.951,1.733,0.711,730,0.2361,45.0
B002,LFP_graphite,15.47,0.951,1.733,0.711,740,0.1933,45.0
B002,LFP_graphite,15.47,0.951,1.733,0.711,750,0.1791,45.0
B002,LFP_graphite,15.47,0.951,1.733,0.711,760,0.1323,45.0
B002,LFP_graphite,15.47,0.951,1.733,0.711,770,0.0947,45.0
B002,LFP_graphite,15.47,0.951,1.733,0.711,780,0.0635,45.0
B002,LFP_graphite,15.47,0.951,1.733,0.711,790,0.0157,45.0
B002,LFP_graphite,15.47,0.951,1.733,0.711,800,-0.0071,45.0
B002,LFP_graphite,15.47,0.951,1.733,0.711,810,-0.0655,45.0
B002,LFP_graphite,15.47,0.951,1.733,0.711,820,-0.0911,45.0
B002,LFP_graphite,15.47,0.951,1.733,0.711,830,-0.1321,45.0
B002,LFP_graphite,15.47,0.951,1.733,0.711,840,-0.1731,45.0
B002,LFP_graphite,15.47,0.951,1.733,0.711,850,-0.2056,45.0
B002,LFP_graphite,15.47,0.951,1.733,0.711,860,-0.2326,45.0
B002,LFP_graphite,15.47,0.951,1.733,0.711,870,-0.2674,45.0
B002,LFP_graphite,15.47,0.951,1.733,0.711,880,-0.3216,45.0
B002,LFP_graphite,15.47,0.951,1.733,0.711,890,-0.3534,45.0
B002,LFP_graphite,15.47,0.951,1.733,0.711,900,-0.3815,45.0
B002,LFP_graphite,15.47,0.951,1.733,0.711,910,-0.4349,45.0
B002,LFP_graphite,15.47,0.951,1.733,0.711,920,-0.4554,45.0
B002,LFP_graphite,15.47,0.951,1.733,0.711,930,-0.5039,45.0
B002,LFP_graphite,15.47,0.951,1.733,0.711,940,-0.5469,45.0
B002,LFP_graphite,15.47,0.951,1.733,0.711,950,-0.5856,45.0
B002,LFP_graphite,15.47,0.951,1.733,0.711,960,-0.6439,45.0
B002,LFP_graphite,15.47,0.951,1.733,0.711,970,-0.6657,45.0
B002,LFP_graphite,15.47,0.951,1.733,0.711,980,-0.7155,45.0
B002,LFP_graphite,15.47,0.951,1.733,0.711,990,-0.7467,45.0
B002,LFP_graphite,15.47,0.951,1.733,0.711,1000,-0.7933,45.0
B003,NMC_graphite,16.39,0.972,2.672,0.53,0,2.0229,99.941
B003,NMC_graphite,16.39,0.972,2.672,0.53,10,2.0255,100.069
B003,NMC_graphite,16.39,0.972,2.672,0.53,20,2.0178,99.688
B003,NMC_graphite,16.39,0.972,2.672,0.53,30,2.0159,99.595
B003,NMC_graphite,16.39,0.972,2.672,0.53,40,2.0068,99.144
B003,NMC_graphite,16.39,0.972,2.672,0.53,50,1.9907,98.349
B003,NMC_graphite,16.39,0.972,2.672,0.53,60,1.9971,98.667
B003,NMC_graphite,16.39,0.972,2.672,0.53,70,2.005,99.057
B003,NMC_graphite,16.39,0.972,2.672,0.53,80,2.0174,99.671
B003,NMC_graphite,16.39,0.972,2.672,0.53,90,2.0075,99.181
B003,NMC_graphite,16.39,0.972,2.672,0.53,100,1.9912,98.373
B003,NMC_graphite,16.39,0.972,2.672,0.53,110,1.9866,98.147
B003,NMC_graphite,16.39,0.972,2.672,0.53,120,1.9915,98.392
B003,NMC_graphite,16.39,0.972,2.672,0.53,130,1.9724,97.446
B003,NMC_graphite,16.39,0.972,2.672,0.53,140,1.9832,97.982
B003,NMC_graphite,16.39,0.972,2.672,0.53,150,1.983,97.97
B003,NMC_graphite,16.39,0.972,2.672,0.53,160,1.9723,97.441
B003,NMC_graphite,16.39,0.972,2.672,0.53,170,1.9764,97.643
B003,NMC_graphite,16.39,0.972,2.672,0.53,180,1.9717,97.411
B003,NMC_graphite,16.39,0.972,2.672,0.53,190,1.9577,96.719
B003,NMC_graphite,16.39,0.972,2.672,0.53,200,1.9564,96.656
B003,NMC_graphite,16.39,0.972,2.672,0.53,210,1.9619,96.926
B003,NMC_graphite,16.39,0.972,2.672,0.53,220,1.9489,96.284
B003,NMC_graphite,16.39,0.972,2.672,0.53,230,1.943,95.993
B003,NMC_graphite,16.39,0.972,2.672,0.53,240,1.9363,95.664
B003,NMC_graphite,16.39,0.972,2.672,0.53,250,1.9395,95.823
B003,NMC_graphite,16.39,0.972,2.672,0.53,260,1.9392,95.808
B003,NMC_graphite,16.39,0.972,2.672,0.53,270,1.9325,95.473
B003,NMC_graphite,16.39,0.972,2.672,0.53,280,1.9386,95.777
B003,NMC_graphite,16.39,0.972,2.672,0.53,290,1.9235,95.031
B003,NMC_graphite,16.39,0.972,2.672,0.53,300,1.9168,94.701
B003,NMC_graphite,16.39,0.972,2.672,0.53,310,1.927,95.203
B003,NMC_graphite,16.39,0.972,2.672,0.53,320,1.9175,94.733
B003,NMC_graphite,16.39,0.972,2.672,0.53,330,1.9087,94.297
B003,NMC_graphite,16.39,0.972,2.672,0.53,340,1.904,94.07
B003,NMC_graphite,16.39,0.972,2.672,0.53,350,1.9107,94.398
B003,NMC_graphite,16.39,0.972,2.672,0.53,360,1.8972,93.733
B003,NMC_graphite,16.39,0.972,2.672,0.53,370,1.8826,93.012
B003,NMC_graphite,16.39,0.972,2.672,0.53,380,1.8959,93.669
B003,NMC_graphite,16.39,0.972,2.672,0.53,390,1.8845,93.104
B003,NMC_graphite,16.39,0.972,2.672,0.53,400,1.8833,93.047
B003,NMC_graphite,16.39,0.972,2.672,0.53,410,1.87,92.387
B003,NMC_graphite,16.39,0.972,2.672,0.53,420,1.8698,92.378
B003,NMC_graphite,16.39,0.972,2.672,0.53,430,1.8706,92.416
B003,NMC_graphite,16.39,0.972,2.672,0.53,440,1.8551,91.652
B003,NMC_graphite,16.39,0.972,2.672,0.53,450,1.8571,91.752
B003,NMC_graphite,16.39,0.972,2.672,0.53,460,1.8557,91.683
B003,NMC_graphite,16.39,0.972,2.672,0.53,470,1.8572,91.754
B003,NMC_graphite,16.39,0.972,2.672,0.53,480,1.8398,90.897
B003,NMC_graphite,16.39,0.972,2.672,0.53,490,1.8428,91.042
B003,NMC_graphite,16.39,0.972,2.672,0.53,500,1.842,91.004
B003,NMC_graphite,16.39,0.972,2.672,0.53,510,1.8451,91.157
B003,NMC_graphite,16.39,0.972,2.672,0.53,520,1.8216,89.995
B003,NMC_graphite,16.39,0.972,2.672,0.53,530,1.8245,90.139
B003,NMC_graphite,16.39,0.972,2.672,0.53,540,1.8304,90.43
B003,NMC_graphite,16.39,0.972,2.672,0.53,550,1.818,89.818
B003,NMC_graphite,16.39,0.972,2.672,0.53,560,1.8011,88.984
B003,NMC_graphite,16.39,0.972,2.672,0.53,570,1.7978,88.823
B003,NMC_graphite,16.39,0.972,2.672,0.53,580,1.7966,88.76
B003,NMC_graphite,16.39,0.972,2.672,0.53,590,1.7993,88.896
B003,NMC_graphite,16.39,0.972,2.672,0.53,600,1.7849,88.185
B003,NMC_graphite,16.39,0.972,2.672,0.53,610,1.7883,88.351
B003,NMC_graphite,16.39,0.972,2.672,0.53,620,1.7802,87.949
B003,NMC_graphite,16.39,0.972,2.672,0.53,630,1.7805,87.967
B003,NMC_graphite,16.39,0.972,2.672,0.53,640,1.7642,87.159
B003,NMC_graphite,16.39,0.972,2.672,0.53,650,1.7828,88.078
B003,NMC_graphite,16.39,0.972,2.672,0.53,660,1.7564,86.777
B003,NMC_graphite,16.39,0.972,2.672,0.53,670,1.7484,86.379
B003,NMC_graphite,16.39,0.972,2.672,0.53,680,1.7472,86.322
B003,NMC_graphite,16.39,0.972,2.672,0.53,690,1.7441,86.169
B003,NMC_graphite,16.39,0.972,2.672,0.53,700,1.7472,86.322
B003,NMC_graphite,16.39,0.972,2.672,0.53,710,1.7573,86.821
B003,NMC_graphite,16.39,0.972,2.672,0.53,720,1.7325,85.595
B003,NMC_graphite,16.39,0.972,2.672,0.53,730,1.7181,84.885
B003,NMC_graphite,16.39,0.972,2.672,0.53,740,1.7122,84.592
B003,NMC_graphite,16.39,0.972,2.672,0.53,750,1.728,85.373
B003,NMC_graphite,16.39,0.972,2.672,0.53,760,1.7034,84.157
B003,NMC_graphite,16.39,0.972,2.672,0.53,770,1.7074,84.353
B003,NMC_graphite,16.39,0.972,2.672,0.53,780,1.6846,83.226
B003,NMC_graphite,16.39,0.972,2.672,0.53,790,1.6901,83.501
B003,NMC_graphite,16.39,0.972,2.672,0.53,800,1.6976,83.871
B003,NMC_graphite,16.39,0.972,2.672,0.53,810,1.6905,83.52
B003,NMC_graphite,16.39,0.972,2.672,0.53,820,1.6797,82.986
B003,NMC_graphite,16.39,0.972,2.672,0.53,830,1.6778,82.889
B003,NMC_graphite,16.39,0.972,2.672,0.53,840,1.6838,83.189
B003,NMC_graphite,16.39,0.972,2.672,0.53,850,1.6867,83.333
B003,NMC_graphite,16.39,0.972,2.672,0.53,860,1.6622,82.119
B003,NMC_graphite,16.39,0.972,2.672,0.53,870,1.6712,82.564
B003,NMC_graphite,16.39,0.972,2.672,0.53,880,1.6494,81.491
B003,NMC_graphite,16.39,0.972,2.672,0.53,890,1.6488,81.461
B003,NMC_graphite,16.39,0.972,2.672,0.53,900,1.6546,81.746
B003,NMC_graphite,16.39,0.972,2.672,0.53,910,1.6433,81.189
B003,NMC_graphite,16.39,0.972,2.672,0.53,920,1.6456,81.3
B003,NMC_graphite,16.39,0.972,2.672,0.53,930,1.6365,80.85
B003,NMC_graphite,16.39,0.972,2.672,0.53,940,1.6349,80.77
B003,NMC_graphite,16.39,0.972,2.672,0.53,950,1.6522,81.627
B003,NMC_graphite,16.39,0.972,2.672,0.53,960,1.6266,80.363
B003,NMC_graphite,16.39,0.972,2.672,0.53,970,1.6064,79.364
B003,NMC_graphite,16.39,0.972,2.672,0.53,980,1.6132,79.699
B003,NMC_graphite,16.39,0.972,2.672,0.53,990,1.6003,79.063
B003,NMC_graphite,16.39,0.972,2.672,0.53,1000,1.5762,77.873
B004,NMC_graphite,25.1,2.341,1.643,0.772,0,2.0604,100.261
B004,NMC_graphite,25.1,2.341,1.643,0.772,10,2.0482,99.666
B004,NMC_graphite,25.1,2.341,1.643,0.772,20,2.0263,98.6
B004,NMC_graphite,25.1,2.341,1.643,0.772,30,2.0155,98.075
B004,NMC_graphite,25.1,2.341,1.643,0.772,40,2.0063,97.63
B004,NMC_graphite,25.1,2.341,1.643,0.772,50,1.9982,97.232
B004,NMC_graphite,25.1,2.341,1.643,0.772,60,1.9662,95.678
B004,NMC_graphite,25.1,2.341,1.643,0.772,70,1.9596,95.353
B004,NMC_graphite,25.1,2.341,1.643,0.772,80,1.9477,94.776
B004,NMC_graphite,25.1,2.341,1.643,0.772,90,1.9352,94.17
B004,NMC_graphite,25.1,2.341,1.643,0.772,100,1.91,92.942
B004,NMC_graphite,25.1,2.341,1.643,0.772,110,1.8782,91.393
B004,NMC_graphite,25.1,2.341,1.643,0.772,120,1.8716,91.071
B004,NMC_graphite,25.1,2.341,1.643,0.772,130,1.8442,89.741
B004,NMC_graphite,25.1,2.341,1.643,0.772,140,1.8289,88.995
B004,NMC_graphite,25.1,2.341,1.643,0.772,150,1.8196,88.541
B004,NMC_graphite,25.1,2.341,1.643,0.772,160,1.8027,87.723
B004,NMC_graphite,25.1,2.341,1.643,0.772,170,1.7723,86.239
B004,NMC_graphite,25.1,2.341,1.643,0.772,180,1.7585,85.569
B004,NMC_graphite,25.1,2.341,1.643,0.772,190,1.7331,84.334
B004,NMC_graphite,25.1,2.341,1.643,0.772,200,1.72,83.697
B004,NMC_graphite,25.1,2.341,1.643,0.772,210,1.7012,82.782
B004,NMC_graphite,25.1,2.341,1.643,0.772,220,1.6607,80.813
B004,NMC_graphite,25.1,2.341,1.643,0.772,230,1.6424,79.921
B004,NMC_graphite,25.1,2.341,1.643,0.772,240,1.6339,79.505
B004,NMC_graphite,25.1,2.341,1.643,0.772,250,1.6124,78.463
B004,NMC_graphite,25.1,2.341,1.643,0.772,260,1.5975,77.735
B004,NMC_graphite,25.1,2.341,1.643,0.772,270,1.5716,76.476
B004,NMC_graphite,25.1,2.341,1.643,0.772,280,1.5487,75.361
B004,NMC_graphite,25.1,2.341,1.643,0.772,290,1.5177,73.85
B004,NMC_graphite,25.1,2.341,1.643,0.772,300,1.4839,72.208
B004,NMC_graphite,25.1,2.341,1.643,0.772,310,1.4925,72.626
B004,NMC_graphite,25.1,2.341,1.643,0.772,320,1.452,70.657
B004,NMC_graphite,25.1,2.341,1.643,0.772,330,1.4336,69.759
B004,NMC_graphite,25.1,2.341,1.643,0.772,340,1.4035,68.296
B004,NMC_graphite,25.1,2.341,1.643,0.772,350,1.3823,67.265
B004,NMC_graphite,25.1,2.341,1.643,0.772,360,1.3579,66.076
B004,NMC_graphite,25.1,2.341,1.643,0.772,370,1.3466,65.528
B004,NMC_graphite,25.1,2.341,1.643,0.772,380,1.3171,64.09
B004,NMC_graphite,25.1,2.341,1.643,0.772,390,1.2828,62.42
B004,NMC_graphite,25.1,2.341,1.643,0.772,400,1.2715,61.87
B004,NMC_graphite,25.1,2.341,1.643,0.772,410,1.239,60.291
B004,NMC_graphite,25.1,2.341,1.643,0.772,420,1.2236,59.541
B004,NMC_graphite,25.1,2.341,1.643,0.772,430,1.2119,58.971
B004,NMC_graphite,25.1,2.341,1.643,0.772,440,1.1806,57.451
B004,NMC_graphite,25.1,2.341,1.643,0.772,450,1.1503,55.976
B004,NMC_graphite,25.1,2.341,1.643,0.772,460,1.1278,54.878
B004,NMC_graphite,25.1,2.341,1.643,0.772,470,1.1081,53.922
B004,NMC_graphite,25.1,2.341,1.643,0.772,480,1.072,52.163
B004,NMC_graphite,25.1,2.341,1.643,0.772,490,1.0529,51.235
B004,NMC_graphite,25.1,2.341,1.643,0.772,500,1.0436,50.782
B004,NMC_graphite,25.1,2.341,1.643,0.772,510,1.0065,48.977
B004,NMC_graphite,25.1,2.341,1.643,0.772,520,0.9787,47.624
B004,NMC_graphite,25.1,2.341,1.643,0.772,530,0.9568,46.559
B004,NMC_graphite,25.1,2.341,1.643,0.772,540,0.9374,45.613
B004,NMC_graphite,25.1,2.341,1.643,0.772,550,0.9051,45.0
B004,NMC_graphite,25.1,2.341,1.643,0.772,560,0.8853,45.0
B004,NMC_graphite,25.1,2.341,1.643,0.772,570,0.851,45.0
B004,NMC_graphite,25.1,2.341,1.643,0.772,580,0.8399,45.0
B004,NMC_graphite,25.1,2.341,1.643,0.772,590,0.8178,45.0
B004,NMC_graphite,25.1,2.341,1.643,0.772,600,0.7887,45.0
B004,NMC_graphite,25.1,2.341,1.643,0.772,610,0.7593,45.0
B004,NMC_graphite,25.1,2.341,1.643,0.772,620,0.7368,45.0
B004,NMC_graphite,25.1,2.341,1.643,0.772,630,0.713,45.0
B004,NMC_graphite,25.1,2.341,1.643,0.772,640,0.6896,45.0
B004,NMC_graphite,25.1,2.341,1.643,0.772,650,0.6545,45.0
B004,NMC_graphite,25.1,2.341,1.643,0.772,660,0.6378,45.0
B004,NMC_graphite,25.1,2.341,1.643,0.772,670,0.6142,45.0
B004,NMC_graphite,25.1,2.341,1.643,0.772,680,0.5712,45.0
B004,NMC_graphite,25.1,2.341,1.643,0.772,690,0.5467,45.0
B004,NMC_graphite,25.1,2.341,1.643,0.772,700,0.5206,45.0
B004,NMC_graphite,25.1,2.341,1.643,0.772,710,0.5014,45.0
B004,NMC_graphite,25.1,2.341,1.643,0.772,720,0.4875,45.0
B004,NMC_graphite,25.1,2.341,1.643,0.772,730,0.4523,45.0
B004,NMC_graphite,25.1,2.341,1.643,0.772,740,0.4205,45.0
B004,NMC_graphite,25.1,2.341,1.643,0.772,750,0.4002,45.0
B004,NMC_graphite,25.1,2.341,1.643,0.772,760,0.3673,45.0
B004,NMC_graphite,25.1,2.341,1.643,0.772,770,0.345,45.0
B004,NMC_graphite,25.1,2.341,1.643,0.772,780,0.3317,45.0
B004,NMC_graphite,25.1,2.341,1.643,0.772,790,0.2901,45.0
B004,NMC_graphite,25.1,2.341,1.643,0.772,800,0.2621,45.0
B004,NMC_graphite,25.1,2.341,1.643,0.772,810,0.2356,45.0
B004,NMC_graphite,25.1,2.341,1.643,0.772,820,0.1931,45.0
B004,NMC_graphite,25.1,2.341,1.643,0.772,830,0.1916,45.0
B004,NMC_graphite,25.1,2.341,1.643,0.772,840,0.1406,45.0
B004,NMC_graphite,25.1,2.341,1.643,0.772,850,0.1303,45.0
B004,NMC_graphite,25.1,2.341,1.643,0.772,860,0.0813,45.0
B004,NMC_graphite,25.1,2.341,1.643,0.772,870,0.0748,45.0
B004,NMC_graphite,25.1,2.341,1.643,0.772,880,0.0316,45.0
B004,NMC_graphite,25.1,2.341,1.643,0.772,890,0.0121,45.0
B004,NMC_graphite,25.1,2.341,1.643,0.772,900,0.0115,45.0
B004,NMC_graphite,25.1,2.341,1.643,0.772,910,-0.0357,45.0
B004,NMC_graphite,25.1,2.341,1.643,0.772,920,-0.0756,45.0
B004,NMC_graphite,25.1,2.341,1.643,0.772,930,-0.0958,45.0
B004,NMC_graphite,25.1,2.341,1.643,0.772,940,-0.1252,45.0
B004,NMC_graphite,25.1,2.341,1.643,0.772,950,-0.1557,45.0
B004,NMC_graphite,25.1,2.341,1.643,0.772,960,-0.1731,45.0
B004,NMC_graphite,25.1,2.341,1.643,0.772,970,-0.2055,45.0
B004,NMC_graphite,25.1,2.341,1.643,0.772,980,-0.2275,45.0
B004,NMC_graphite,25.1,2.341,1.643,0.772,990,-0.2558,45.0
B004,NMC_graphite,25.1,2.341,1.643,0.772,1000,-0.2933,45.0
B005,NCA_graphite,42.87,2.066,0.673,0.798,0,1.9682,99.804
B005,NCA_graphite,42.87,2.066,0.673,0.798,10,1.9544,99.102
B005,NCA_graphite,42.87,2.066,0.673,0.798,20,1.895,96.089
B005,NCA_graphite,42.87,2.066,0.673,0.798,30,1.8721,94.932
B005,NCA_graphite,42.87,2.066,0.673,0.798,40,1.7994,91.243
B005,NCA_graphite,42.87,2.066,0.673,0.798,50,1.7358,88.02
B005,NCA_graphite,42.87,2.066,0.673,0.798,60,1.6501,83.674
B005,NCA_graphite,42.87,2.066,0.673,0.798,70,1.5821,80.226
B005,NCA_graphite,42.87,2.066,0.673,0.798,80,1.4913,75.619
B005,NCA_graphite,42.87,2.066,0.673,0.798,90,1.3993,70.955
B005,NCA_graphite,42.87,2.066,0.673,0.798,100,1.3073,66.292
B005,NCA_graphite,42.87,2.066,0.673,0.798,110,1.2124,61.48
B005,NCA_graphite,42.87,2.066,0.673,0.798,120,1.1075,56.159
B005,NCA_graphite,42.87,2.066,0.673,0.798,130,1.0075,51.089
B005,NCA_graphite,42.87,2.066,0.673,0.798,140,0.9002,45.647
B005,NCA_graphite,42.87,2.066,0.673,0.798,150,0.7869,45.0
B005,NCA_graphite,42.87,2.066,0.673,0.798,160,0.6834,45.0
B005,NCA_graphite,42.87,2.066,0.673,0.798,170,0.5416,45.0
B005,NCA_graphite,42.87,2.066,0.673,0.798,180,0.4288,45.0
B005,NCA_graphite,42.87,2.066,0.673,0.798,190,0.2964,45.0
B005,NCA_graphite,42.87,2.066,0.673,0.798,200,0.1791,45.0
B005,NCA_graphite,42.87,2.066,0.673,0.798,210,0.0477,45.0
B005,NCA_graphite,42.87,2.066,0.673,0.798,220,-0.0734,45.0
B005,NCA_graphite,42.87,2.066,0.673,0.798,230,-0.2138,45.0
B005,NCA_graphite,42.87,2.066,0.673,0.798,240,-0.3523,45.0
B005,NCA_graphite,42.87,2.066,0.673,0.798,250,-0.5037,45.0
B005,NCA_graphite,42.87,2.066,0.673,0.798,260,-0.6437,45.0
B005,NCA_graphite,42.87,2.066,0.673,0.798,270,-0.7992,45.0
B005,NCA_graphite,42.87,2.066,0.673,0.798,280,-0.9468,45.0
B005,NCA_graphite,42.87,2.066,0.673,0.798,290,-1.088,45.0
B005,NCA_graphite,42.87,2.066,0.673,0.798,300,-1.2561,45.0
B005,NCA_graphite,42.87,2.066,0.673,0.798,310,-1.4124,45.0
B005,NCA_graphite,42.87,2.066,0.673,0.798,320,-1.5547,45.0
B005,NCA_graphite,42.87,2.066,0.673,0.798,330,-1.7147,45.0
B005,NCA_graphite,42.87,2.066,0.673,0.798,340,-1.8806,45.0
B005,NCA_graphite,42.87,2.066,0.673,0.798,350,-2.0412,45.0
B005,NCA_graphite,42.87,2.066,0.673,0.798,360,-2.2022,45.0
B005,NCA_graphite,42.87,2.066,0.673,0.798,370,-2.3986,45.0
B005,NCA_graphite,42.87,2.066,0.673,0.798,380,-2.557,45.0
B005,NCA_graphite,42.87,2.066,0.673,0.798,390,-2.7239,45.0
B005,NCA_graphite,42.87,2.066,0.673,0.798,400,-2.8952,45.0
B005,NCA_graphite,42.87,2.066,0.673,0.798,410,-3.0564,45.0
B005,NCA_graphite,42.87,2.066,0.673,0.798,420,-3.2491,45.0
B005,NCA_graphite,42.87,2.066,0.673,0.798,430,-3.4276,45.0
B005,NCA_graphite,42.87,2.066,0.673,0.798,440,-3.6077,45.0
B005,NCA_graphite,42.87,2.066,0.673,0.798,450,-3.7948,45.0
B005,NCA_graphite,42.87,2.066,0.673,0.798,460,-3.9713,45.0
B005,NCA_graphite,42.87,2.066,0.673,0.798,470,-4.1657,45.0
B005,NCA_graphite,42.87,2.066,0.673,0.798,480,-4.3653,45.0
B005,NCA_graphite,42.87,2.066,0.673,0.798,490,-4.5416,45.0
B005,NCA_graphite,42.87,2.066,0.673,0.798,500,-4.7431,45.0
B005,NCA_graphite,42.87,2.066,0.673,0.798,510,-4.9195,45.0
B005,NCA_graphite,42.87,2.066,0.673,0.798,520,-5.1365,45.0
B005,NCA_graphite,42.87,2.066,0.673,0.798,530,-5.3277,45.0
B005,NCA_graphite,42.87,2.066,0.673,0.798,540,-5.5325,45.0
B005,NCA_graphite,42.87,2.066,0.673,0.798,550,-5.7157,45.0
B005,NCA_graphite,42.87,2.066,0.673,0.798,560,-5.9328,45.0
B005,NCA_graphite,42.87,2.066,0.673,0.798,570,-6.1238,45.0
B005,NCA_graphite,42.87,2.066,0.673,0.798,580,-6.3334,45.0
B005,NCA_graphite,42.87,2.066,0.673,0.798,590,-6.5338,45.0
B005,NCA_graphite,42.87,2.066,0.673,0.798,600,-6.7536,45.0
B005,NCA_graphite,42.87,2.066,0.673,0.798,610,-6.9642,45.0
B005,NCA_graphite,42.87,2.066,0.673,0.798,620,-7.1796,45.0
B005,NCA_graphite,42.87,2.066,0.673,0.798,630,-7.3805,45.0
B005,NCA_graphite,42.87,2.066,0.673,0.798,640,-7.5985,45.0
B005,NCA_graphite,42.87,2.066,0.673,0.798,650,-7.8281,45.0
B005,NCA_graphite,42.87,2.066,0.673,0.798,660,-8.0339,45.0
B005,NCA_graphite,42.87,2.066,0.673,0.798,670,-8.2691,45.0
B005,NCA_graphite,42.87,2.066,0.673,0.798,680,-8.4561,45.0
B005,NCA_graphite,42.87,2.066,0.673,0.798,690,-8.7068,45.0
B005,NCA_graphite,42.87,2.066,0.673,0.798,700,-8.9217,45.0
B005,NCA_graphite,42.87,2.066,0.673,0.798,710,-9.1443,45.0
B005,NCA_graphite,42.87,2.066,0.673,0.798,720,-9.3679,45.0
B005,NCA_graphite,42.87,2.066,0.673,0.798,730,-9.5916,45.0
B005,NCA_graphite,42.87,2.066,0.673,0.798,740,-9.8205,45.0
B005,NCA_graphite,42.87,2.066,0.673,0.798,750,-10.0581,45.0
B005,NCA_graphite,42.87,2.066,0.673,0.798,760,-10.2791,45.0
B005,NCA_graphite,42.87,2.066,0.673,0.798,770,-10.5215,45.0
B005,NCA_graphite,42.87,2.066,0.673,0.798,780,-10.7535,45.0
B005,NCA_graphite,42.87,2.066,0.673,0.798,790,-10.9987,45.0
B005,NCA_graphite,42.87,2.066,0.673,0.798,800,-11.2258,45.0
B005,NCA_graphite,42.87,2.066,0.673,0.798,810,-11.4658,45.0
B005,NCA_graphite,42.87,2.066,0.673,0.798,820,-11.7179,45.0
B005,NCA_graphite,42.87,2.066,0.673,0.798,830,-11.9465,45.0
B005,NCA_graphite,42.87,2.066,0.673,0.798,840,-12.2035,45.0
B005,NCA_graphite,42.87,2.066,0.673,0.798,850,-12.4249,45.0
B005,NCA_graphite,42.87,2.066,0.673,0.798,860,-12.6704,45.0
B005,NCA_graphite,42.87,2.066,0.673,0.798,870,-12.9168,45.0
B005,NCA_graphite,42.87,2.066,0.673,0.798,880,-13.1631,45.0
B005,NCA_graphite,42.87,2.066,0.673,0.798,890,-13.42,45.0
B005,NCA_graphite,42.87,2.066,0.673,0.798,900,-13.6663,45.0
B005,NCA_graphite,42.87,2.066,0.673,0.798,910,-13.9129,45.0
B005,NCA_graphite,42.87,2.066,0.673,0.798,920,-14.1737,45.0
B005,NCA_graphite,42.87,2.066,0.673,0.798,930,-14.409,45.0
B005,NCA_graphite,42.87,2.066,0.673,0.798,940,-14.6744,45.0
B005,NCA_graphite,42.87,2.066,0.673,0.798,950,-14.9264,45.0
B005,NCA_graphite,42.87,2.066,0.673,0.798,960,-15.188,45.0
B005,NCA_graphite,42.87,2.066,0.673,0.798,970,-15.443,45.0
B005,NCA_graphite,42.87,2.066,0.673,0.798,980,-15.7062,45.0
B005,NCA_graphite,42.87,2.066,0.673,0.798,990,-15.9617,45.0
B005,NCA_graphite,42.87,2.066,0.673,0.798,1000,-16.2304,45.0
B006,NMC_graphite,35.87,0.818,2.399,0.896,0,1.9805,100.111
B006,NMC_graphite,35.87,0.818,2.399,0.896,10,1.9616,99.159
B006,NMC_graphite,35.87,0.818,2.399,0.896,20,1.9291,97.517
B006,NMC_graphite,35.87,0.818,2.399,0.896,30,1.9203,97.071
B006,NMC_graphite,35.87,0.818,2.399,0.896,40,1.8879,95.432
B006,NMC_graphite,35.87,0.818,2.399,0.896,50,1.8588,93.959
B006,NMC_graphite,35.87,0.818,2.399,0.896,60,1.8077,91.38
B006,NMC_graphite,35.87,0.818,2.399,0.896,70,1.7757,89.761
B006,NMC_graphite,35.87,0.818,2.399,0.896,80,1.7241,87.153
B006,NMC_graphite,35.87,0.818,2.399,0.896,90,1.6969,85.774
B006,NMC_graphite,35.87,0.818,2.399,0.896,100,1.6458,83.194
B006,NMC_graphite,35.87,0.818,2.399,0.896,110,1.6169,81.731
B006,NMC_graphite,35.87,0.818,2.399,0.896,120,1.5574,78.724
B006,NMC_graphite,35.87,0.818,2.399,0.896,130,1.5113,76.393
B006,NMC_graphite,35.87,0.818,2.399,0.896,140,1.4627,73.936
B006,NMC_graphite,35.87,0.818,2.399,0.896,150,1.4298,72.277
B006,NMC_graphite,35.87,0.818,2.399,0.896,160,1.3766,69.585
B006,NMC_graphite,35.87,0.818,2.399,0.896,170,1.3255,67.005
B006,NMC_graphite,35.87,0.818,2.399,0.896,180,1.2619,63.789
B006,NMC_graphite,35.87,0.818,2.399,0.896,190,1.2131,61.322
B006,NMC_graphite,35.87,0.818,2.399,0.896,200,1.1525,58.257
B006,NMC_graphite,35.87,0.818,2.399,0.896,210,1.1074,55.98
B006,NMC_graphite,35.87,0.818,2.399,0.896,220,1.0461,52.881
B006,NMC_graphite,35.87,0.818,2.399,0.896,230,0.9753,49.3
B006,NMC_graphite,35.87,0.818,2.399,0.896,240,0.9267,46.846
B006,NMC_graphite,35.87,0.818,2.399,0.896,250,0.8685,45.0
B006,NMC_graphite,35.87,0.818,2.399,0.896,260,0.7984,45.0
B006,NMC_graphite,35.87,0.818,2.399,0.896,270,0.7422,45.0
B006,NMC_graphite,35.87,0.818,2.399,0.896,280,0.6686,45.0
B006,NMC_graphite,35.87,0.818,2.399,0.896,290,0.606,45.0
B006,NMC_graphite,35.87,0.818,2.399,0.896,300,0.5491,45.0
B006,NMC_graphite,35.87,0.818,2.399,0.896,310,0.4871,45.0
B006,NMC_graphite,35.87,0.818,2.399,0.896,320,0.4192,45.0
B006,NMC_graphite,35.87,0.818,2.399,0.896,330,0.3598,45.0
B006,NMC_graphite,35.87,0.818,2.399,0.896,340,0.3014,45.0
B006,NMC_graphite,35.87,0.818,2.399,0.896,350,0.2341,45.0
B006,NMC_graphite,35.87,0.818,2.399,0.896,360,0.1487,45.0
B006,NMC_graphite,35.87,0.818,2.399,0.896,370,0.0936,45.0
B006,NMC_graphite,35.87,0.818,2.399,0.896,380,0.009,45.0
B006,NMC_graphite,35.87,0.818,2.399,0.896,390,-0.0504,45.0
B006,NMC_graphite,35.87,0.818,2.399,0.896,400,-0.1325,45.0
B006,NMC_graphite,35.87,0.818,2.399,0.896,410,-0.1968,45.0
B006,NMC_graphite,35.87,0.818,2.399,0.896,420,-0.2687,45.0
B006,NMC_graphite,35.87,0.818,2.399,0.896,430,-0.3492,45.0
B006,NMC_graphite,35.87,0.818,2.399,0.896,440,-0.4323,45.0
B006,NMC_graphite,35.87,0.818,2.399,0.896,450,-0.5036,45.0
B006,NMC_graphite,35.87,0.818,2.399,0.896,460,-0.5801,45.0
B006,NMC_graphite,35.87,0.818,2.399,0.896,470,-0.6527,45.0
B006,NMC_graphite,35.87,0.818,2.399,0.896,480,-0.7182,45.0
B006,NMC_graphite,35.87,0.818,2.399,0.896,490,-0.7933,45.0
B006,NMC_graphite,35.87,0.818,2.399,0.896,500,-0.8801,45.0
B006,NMC_graphite,35.87,0.818,2.399,0.896,510,-0.9597,45.0
B006,NMC_graphite,35.87,0.818,2.399,0.896,520,-1.0362,45.0
B006,NMC_graphite,35.87,0.818,2.399,0.896,530,-1.125,45.0
B006,NMC_graphite,35.87,0.818,2.399,0.896,540,-1.1966,45.0
B006,NMC_graphite,35.87,0.818,2.399,0.896,550,-1.2829,45.0
B006,NMC_graphite,35.87,0.818,2.399,0.896,560,-1.3586,45.0
B006,NMC_graphite,35.87,0.818,2.399,0.896,570,-1.4314,45.0
B006,NMC_graphite,35.87,0.818,2.399,0.896,580,-1.5197,45.0
B006,NMC_graphite,35.87,0.818,2.399,0.896,590,-1.602,45.0
B006,NMC_graphite,35.87,0.818,2.399,0.896,600,-1.6793,45.0
B006,NMC_graphite,35.87,0.818,2.399,0.896,610,-1.756,45.0
B006,NMC_graphite,35.87,0.818,2.399,0.896,620,-1.8468,45.0
B006,NMC_graphite,35.87,0.818,2.399,0.896,630,-1.9186,45.0
B006,NMC_graphite,35.87,0.818,2.399,0.896,640,-2.0021,45.0
B006,NMC_graphite,35.87,0.818,2.399,0.896,650,-2.094,45.0
B006,NMC_graphite,35.87,0.818,2.399,0.896,660,-2.1819,45.0
B006,NMC_graphite,35.87,0.818,2.399,0.896,670,-2.2699,45.0
B006,NMC_graphite,35.87,0.818,2.399,0.896,680,-2.3653,45.0
B006,NMC_graphite,35.87,0.818,2.399,0.896,690,-2.4352,45.0
B006,NMC_graphite,35.87,0.818,2.399,0.896,700,-2.5234,45.0
B006,NMC_graphite,35.87,0.818,2.399,0.896,710,-2.6172,45.0
B006,NMC_graphite,35.87,0.818,2.399,0.896,720,-2.7107,45.0
B006,NMC_graphite,35.87,0.818,2.399,0.896,730,-2.7923,45.0
B006,NMC_graphite,35.87,0.818,2.399,0.896,740,-2.8879,45.0
B006,NMC_graphite,35.87,0.818,2.399,0.896,750,-2.9896,45.0
B006,NMC_graphite,35.87,0.818,2.399,0.896,760,-3.0604,45.0
B006,NMC_graphite,35.87,0.818,2.399,0.896,770,-3.1733,45.0
B006,NMC_graphite,35.87,0.818,2.399,0.896,780,-3.2515,45.0
B006,NMC_graphite,35.87,0.818,2.399,0.896,790,-3.3385,45.0
B006,NMC_graphite,35.87,0.818,2.399,0.896,800,-3.4213,45.0
B006,NMC_graphite,35.87,0.818,2.399,0.896,810,-3.5138,45.0
B006,NMC_graphite,35.87,0.818,2.399,0.896,820,-3.619,45.0
B006,NMC_graphite,35.87,0.818,2.399,0.896,830,-3.7167,45.0
B006,NMC_graphite,35.87,0.818,2.399,0.896,840,-3.8039,45.0
B006,NMC_graphite,35.87,0.818,2.399,0.896,850,-3.8862,45.0
B006,NMC_graphite,35.87,0.818,2.399,0.896,860,-3.9945,45.0
B006,NMC_graphite,35.87,0.818,2.399,0.896,870,-4.0875,45.0
B006,NMC_graphite,35.87,0.818,2.399,0.896,880,-4.1809,45.0
B006,NMC_graphite,35.87,0.818,2.399,0.896,890,-4.282,45.0
B006,NMC_graphite,35.87,0.818,2.399,0.896,900,-4.3748,45.0
B006,NMC_graphite,35.87,0.818,2.399,0.896,910,-4.4552,45.0
B006,NMC_graphite,35.87,0.818,2.399,0.896,920,-4.5523,45.0
B006,NMC_graphite,35.87,0.818,2.399,0.896,930,-4.6782,45.0
B006,NMC_graphite,35.87,0.818,2.399,0.896,940,-4.7639,45.0
B006,NMC_graphite,35.87,0.818,2.399,0.896,950,-4.8573,45.0
B006,NMC_graphite,35.87,0.818,2.399,0.896,960,-4.9617,45.0
B006,NMC_graphite,35.87,0.818,2.399,0.896,970,-5.0563,45.0
B006,NMC_graphite,35.87,0.818,2.399,0.896,980,-5.1509,45.0
B006,NMC_graphite,35.87,0.818,2.399,0.896,990,-5.2421,45.0
B006,NMC_graphite,35.87,0.818,2.399,0.896,1000,-5.3472,45.0
B007,NMC_graphite,13.53,1.255,2.319,0.743,0,2.037,100.468
B007,NMC_graphite,13.53,1.255,2.319,0.743,10,2.008,99.037
B007,NMC_graphite,13.53,1.255,2.319,0.743,20,2.0142,99.342
B007,NMC_graphite,13.53,1.255,2.319,0.743,30,2.0019,98.737
B007,NMC_graphite,13.53,1.255,2.319,0.743,40,1.9686,97.096
B007,NMC_graphite,13.53,1.255,2.319,0.743,50,1.965,96.918
B007,NMC_graphite,13.53,1.255,2.319,0.743,60,1.9406,95.713
B007,NMC_graphite,13.53,1.255,2.319,0.743,70,1.9172,94.559
B007,NMC_graphite,13.53,1.255,2.319,0.743,80,1.8636,91.915
B007,NMC_graphite,13.53,1.255,2.319,0.743,90,1.8619,91.831
B007,NMC_graphite,13.53,1.255,2.319,0.743,100,1.8353,90.522
B007,NMC_graphite,13.53,1.255,2.319,0.743,110,1.7906,88.315
B007,NMC_graphite,13.53,1.255,2.319,0.743,120,1.7585,86.73
B007,NMC_graphite,13.53,1.255,2.319,0.743,130,1.72,84.832
B007,NMC_graphite,13.53,1.255,2.319,0.743,140,1.6693,82.334
B007,NMC_graphite,13.53,1.255,2.319,0.743,150,1.6568,81.714
B007,NMC_graphite,13.53,1.255,2.319,0.743,160,1.5945,78.641
B007,NMC_graphite,13.53,1.255,2.319,0.743,170,1.5645,77.165
B007,NMC_graphite,13.53,1.255,2.319,0.743,180,1.5048,74.22
B007,NMC_graphite,13.53,1.255,2.319,0.743,190,1.4653,72.269
B007,NMC_graphite,13.53,1.255,2.319,0.743,200,1.4299,70.525
B007,NMC_graphite,13.53,1.255,2.319,0.743,210,1.3785,67.992
B007,NMC_graphite,13.53,1.255,2.319,0.743,220,1.3126,64.738
B007,NMC_graphite,13.53,1.255,2.319,0.743,230,1.2707,62.671
B007,NMC_graphite,13.53,1.255,2.319,0.743,240,1.2129,59.822
B007,NMC_graphite,13.53,1.255,2.319,0.743,250,1.1651,57.463
B007,NMC_graphite,13.53,1.255,2.319,0.743,260,1.1243,55.45
B007,NMC_graphite,13.53,1.255,2.319,0.743,270,1.0605,52.304
B007,NMC_graphite,13.53,1.255,2.319,0.743,280,0.9952,49.086
B007,NMC_graphite,13.53,1.255,2.319,0.743,290,0.9373,46.23
B007,NMC_graphite,13.53,1.255,2.319,0.743,300,0.8875,45.0
B007,NMC_graphite,13.53,1.255,2.319,0.743,310,0.8187,45.0
B007,NMC_graphite,13.53,1.255,2.319,0.743,320,0.7823,45.0
B007,NMC_graphite,13.53,1.255,2.319,0.743,330,0.7104,45.0
B007,NMC_graphite,13.53,1.255,2.319,0.743,340,0.6209,45.0
B007,NMC_graphite,13.53,1.255,2.319,0.743,350,0.5743,45.0
B007,NMC_graphite,13.53,1.255,2.319,0.743,360,0.512,45.0
B007,NMC_graphite,13.53,1.255,2.319,0.743,370,0.4233,45.0
B007,NMC_graphite,13.53,1.255,2.319,0.743,380,0.36,45.0
B007,NMC_graphite,13.53,1.255,2.319,0.743,390,0.3071,45.0
B007,NMC_graphite,13.53,1.255,2.319,0.743,400,0.2272,45.0
B007,NMC_graphite,13.53,1.255,2.319,0.743,410,0.1564,45.0
B007,NMC_graphite,13.53,1.255,2.319,0.743,420,0.097,45.0
B007,NMC_graphite,13.53,1.255,2.319,0.743,430,0.0244,45.0
B007,NMC_graphite,13.53,1.255,2.319,0.743,440,-0.0628,45.0
B007,NMC_graphite,13.53,1.255,2.319,0.743,450,-0.1236,45.0
B007,NMC_graphite,13.53,1.255,2.319,0.743,460,-0.2046,45.0
B007,NMC_graphite,13.53,1.255,2.319,0.743,470,-0.2943,45.0
B007,NMC_graphite,13.53,1.255,2.319,0.743,480,-0.3547,45.0
B007,NMC_graphite,13.53,1.255,2.319,0.743,490,-0.4374,45.0
B007,NMC_graphite,13.53,1.255,2.319,0.743,500,-0.5159,45.0
B007,NMC_graphite,13.53,1.255,2.319,0.743,510,-0.5868,45.0
B007,NMC_graphite,13.53,1.255,2.319,0.743,520,-0.6777,45.0
B007,NMC_graphite,13.53,1.255,2.319,0.743,530,-0.7655,45.0
B007,NMC_graphite,13.53,1.255,2.319,0.743,540,-0.8435,45.0
B007,NMC_graphite,13.53,1.255,2.319,0.743,550,-0.928,45.0
B007,NMC_graphite,13.53,1.255,2.319,0.743,560,-1.0055,45.0
B007,NMC_graphite,13.53,1.255,2.319,0.743,570,-1.0975,45.0
B007,NMC_graphite,13.53,1.255,2.319,0.743,580,-1.1918,45.0
B007,NMC_graphite,13.53,1.255,2.319,0.743,590,-1.2675,45.0
B007,NMC_graphite,13.53,1.255,2.319,0.743,600,-1.3607,45.0
B007,NMC_graphite,13.53,1.255,2.319,0.743,610,-1.4409,45.0
B007,NMC_graphite,13.53,1.255,2.319,0.743,620,-1.5235,45.0
B007,NMC_graphite,13.53,1.255,2.319,0.743,630,-1.6084,45.0
B007,NMC_graphite,13.53,1.255,2.319,0.743,640,-1.7063,45.0
B007,NMC_graphite,13.53,1.255,2.319,0.743,650,-1.7997,45.0
B007,NMC_graphite,13.53,1.255,2.319,0.743,660,-1.9033,45.0
B007,NMC_graphite,13.53,1.255,2.319,0.743,670,-1.9883,45.0
B007,NMC_graphite,13.53,1.255,2.319,0.743,680,-2.0851,45.0
B007,NMC_graphite,13.53,1.255,2.319,0.743,690,-2.1747,45.0
B007,NMC_graphite,13.53,1.255,2.319,0.743,700,-2.2851,45.0
B007,NMC_graphite,13.53,1.255,2.319,0.743,710,-2.3587,45.0
B007,NMC_graphite,13.53,1.255,2.319,0.743,720,-2.4769,45.0
B007,NMC_graphite,13.53,1.255,2.319,0.743,730,-2.5696,45.0
B007,NMC_graphite,13.53,1.255,2.319,0.743,740,-2.6754,45.0
B007,NMC_graphite,13.53,1.255,2.319,0.743,750,-2.7728,45.0
B007,NMC_graphite,13.53,1.255,2.319,0.743,760,-2.8704,45.0
B007,NMC_graphite,13.53,1.255,2.319,0.743,770,-2.9804,45.0
B007,NMC_graphite,13.53,1.255,2.319,0.743,780,-3.074,45.0
B007,NMC_graphite,13.53,1.255,2.319,0.743,790,-3.1748,45.0
B007,NMC_graphite,13.53,1.255,2.319,0.743,800,-3.2819,45.0
B007,NMC_graphite,13.53,1.255,2.319,0.743,810,-3.3722,45.0
B007,NMC_graphite,13.53,1.255,2.319,0.743,820,-3.5038,45.0
B007,NMC_graphite,13.53,1.255,2.319,0.743,830,-3.5949,45.0
B007,NMC_graphite,13.53,1.255,2.319,0.743,840,-3.6997,45.0
B007,NMC_graphite,13.53,1.255,2.319,0.743,850,-3.8018,45.0
B007,NMC_graphite,13.53,1.255,2.319,0.743,860,-3.8958,45.0
B007,NMC_graphite,13.53,1.255,2.319,0.743,870,-4.0076,45.0
B007,NMC_graphite,13.53,1.255,2.319,0.743,880,-4.1274,45.0
B007,NMC_graphite,13.53,1.255,2.319,0.743,890,-4.2422,45.0
B007,NMC_graphite,13.53,1.255,2.319,0.743,900,-4.3417,45.0
B007,NMC_graphite,13.53,1.255,2.319,0.743,910,-4.4592,45.0
B007,NMC_graphite,13.53,1.255,2.319,0.743,920,-4.5739,45.0
B007,NMC_graphite,13.53,1.255,2.319,0.743,930,-4.6954,45.0
B007,NMC_graphite,13.53,1.255,2.319,0.743,940,-4.7879,45.0
B007,NMC_graphite,13.53,1.255,2.319,0.743,950,-4.8934,45.0
B007,NMC_graphite,13.53,1.255,2.319,0.743,960,-5.025,45.0
B007,NMC_graphite,13.53,1.255,2.319,0.743,970,-5.1293,45.0
B007,NMC_graphite,13.53,1.255,2.319,0.743,980,-5.2644,45.0
B007,NMC_graphite,13.53,1.255,2.319,0.743,990,-5.3682,45.0
B007,NMC_graphite,13.53,1.255,2.319,0.743,1000,-5.4825,45.0
B008,NCA_graphite,16.05,0.896,1.413,0.876,0,2.0568,99.774
B008,NCA_graphite,16.05,0.896,1.413,0.876,10,2.0546,99.669
B008,NCA_graphite,16.05,0.896,1.413,0.876,20,2.0438,99.144
B008,NCA_graphite,16.05,0.896,1.413,0.876,30,2.0093,97.47
B008,NCA_graphite,16.05,0.896,1.413,0.876,40,1.9944,96.751
B008,NCA_graphite,16.05,0.896,1.413,0.876,50,1.9831,96.199
B008,NCA_graphite,16.05,0.896,1.413,0.876,60,1.9694,95.536
B008,NCA_graphite,16.05,0.896,1.413,0.876,70,1.9362,93.925
B008,NCA_graphite,16.05,0.896,1.413,0.876,80,1.9038,92.354
B008,NCA_graphite,16.05,0.896,1.413,0.876,90,1.853,89.888
B008,NCA_graphite,16.05,0.896,1.413,0.876,100,1.8211,88.34
B008,NCA_graphite,16.05,0.896,1.413,0.876,110,1.7782,86.261
B008,NCA_graphite,16.05,0.896,1.413,0.876,120,1.7356,84.197
B008,NCA_graphite,16.05,0.896,1.413,0.876,130,1.6776,81.382
B008,NCA_graphite,16.05,0.896,1.413,0.876,140,1.631,79.121
B008,NCA_graphite,16.05,0.896,1.413,0.876,150,1.586,76.936
B008,NCA_graphite,16.05,0.896,1.413,0.876,160,1.5408,74.745
B008,NCA_graphite,16.05,0.896,1.413,0.876,170,1.4867,72.119
B008,NCA_graphite,16.05,0.896,1.413,0.876,180,1.4469,70.192
B008,NCA_graphite,16.05,0.896,1.413,0.876,190,1.4013,67.978
B008,NCA_graphite,16.05,0.896,1.413,0.876,200,1.3492,65.45
B008,NCA_graphite,16.05,0.896,1.413,0.876,210,1.2836,62.266
B008,NCA_graphite,16.05,0.896,1.413,0.876,220,1.2252,59.435
B008,NCA_graphite,16.05,0.896,1.413,0.876,230,1.1532,55.943
B008,NCA_graphite,16.05,0.896,1.413,0.876,240,1.0974,53.234
B008,NCA_graphite,16.05,0.896,1.413,0.876,250,1.0435,50.621
B008,NCA_graphite,16.05,0.896,1.413,0.876,260,0.9839,47.732
B008,NCA_graphite,16.05,0.896,1.413,0.876,270,0.9167,45.0
B008,NCA_graphite,16.05,0.896,1.413,0.876,280,0.8544,45.0
B008,NCA_graphite,16.05,0.896,1.413,0.876,290,0.7853,45.0
B008,NCA_graphite,16.05,0.896,1.413,0.876,300,0.7113,45.0
B008,NCA_graphite,16.05,0.896,1.413,0.876,310,0.6435,45.0
B008,NCA_graphite,16.05,0.896,1.413,0.876,320,0.5658,45.0
B008,NCA_graphite,16.05,0.896,1.413,0.876,330,0.4923,45.0
B008,NCA_graphite,16.05,0.896,1.413,0.876,340,0.4356,45.0
B008,NCA_graphite,16.05,0.896,1.413,0.876,350,0.35,45.0
B008,NCA_graphite,16.05,0.896,1.413,0.876,360,0.2559,45.0
B008,NCA_graphite,16.05,0.896,1.413,0.876,370,0.1918,45.0
B008,NCA_graphite,16.05,0.896,1.413,0.876,380,0.1088,45.0
B008,NCA_graphite,16.05,0.896,1.413,0.876,390,0.028,45.0
B008,NCA_graphite,16.05,0.896,1.413,0.876,400,-0.0518,45.0
B008,NCA_graphite,16.05,0.896,1.413,0.876,410,-0.1322,45.0
B008,NCA_graphite,16.05,0.896,1.413,0.876,420,-0.2236,45.0
B008,NCA_graphite,16.05,0.896,1.413,0.876,430,-0.2941,45.0
B008,NCA_graphite,16.05,0.896,1.413,0.876,440,-0.3839,45.0
B008,NCA_graphite,16.05,0.896,1.413,0.876,450,-0.4725,45.0
B008,NCA_graphite,16.05,0.896,1.413,0.876,460,-0.5528,45.0
B008,NCA_graphite,16.05,0.896,1.413,0.876,470,-0.6588,45.0
B008,NCA_graphite,16.05,0.896,1.413,0.876,480,-0.7384,45.0
B008,NCA_graphite,16.05,0.896,1.413,0.876,490,-0.8401,45.0
B008,NCA_graphite,16.05,0.896,1.413,0.876,500,-0.9093,45.0
B008,NCA_graphite,16.05,0.896,1.413,0.876,510,-1.0146,45.0
B008,NCA_graphite,16.05,0.896,1.413,0.876,520,-1.1099,45.0
B008,NCA_graphite,16.05,0.896,1.413,0.876,530,-1.1896,45.0
B008,NCA_graphite,16.05,0.896,1.413,0.876,540,-1.2862,45.0
B008,NCA_graphite,16.05,0.896,1.413,0.876,550,-1.4128,45.0
B008,NCA_graphite,16.05,0.896,1.413,0.876,560,-1.4758,45.0
B008,NCA_graphite,16.05,0.896,1.413,0.876,570,-1.5883,45.0
B008,NCA_graphite,16.05,0.896,1.413,0.876,580,-1.6916,45.0
B008,NCA_graphite,16.05,0.896,1.413,0.876,590,-1.7899,45.0
B008,NCA_graphite,16.05,0.896,1.413,0.876,600,-1.8956,45.0
B008,NCA_graphite,16.05,0.896,1.413,0.876,610,-2.0139,45.0
B008,NCA_graphite,16.05,0.896,1.413,0.876,620,-2.0735,45.0
B008,NCA_graphite,16.05,0.896,1.413,0.876,630,-2.1894,45.0
B008,NCA_graphite,16.05,0.896,1.413,0.876,640,-2.2959,45.0
B008,NCA_graphite,16.05,0.896,1.413,0.876,650,-2.4048,45.0
B008,NCA_graphite,16.05,0.896,1.413,0.876,660,-2.533,45.0
B008,NCA_graphite,16.05,0.896,1.413,0.876,670,-2.6211,45.0
B008,NCA_graphite,16.05,0.896,1.413,0.876,680,-2.7482,45.0
B008,NCA_graphite,16.05,0.896,1.413,0.876,690,-2.8482,45.0
B008,NCA_graphite,16.05,0.896,1.413,0.876,700,-2.9414,45.0
B008,NCA_graphite,16.05,0.896,1.413,0.876,710,-3.0606,45.0
B008,NCA_graphite,16.05,0.896,1.413,0.876,720,-3.1815,45.0
B008,NCA_graphite,16.05,0.896,1.413,0.876,730,-3.2935,45.0
B008,NCA_graphite,16.05,0.896,1.413,0.876,740,-3.3949,45.0
B008,NCA_graphite,16.05,0.896,1.413,0.876,750,-3.5256,45.0
B008,NCA_graphite,16.05,0.896,1.413,0.876,760,-3.6371,45.0
B008,NCA_graphite,16.05,0.896,1.413,0.876,770,-3.7495,45.0
B008,NCA_graphite,16.05,0.896,1.413,0.876,780,-3.8558,45.0
B008,NCA_graphite,16.05,0.896,1.413,0.876,790,-3.9883,45.0
B008,NCA_graphite,16.05,0.896,1.413,0.876,800,-4.1201,45.0
B008,NCA_graphite,16.05,0.896,1.413,0.876,810,-4.2232,45.0
B008,NCA_graphite,16.05,0.896,1.413,0.876,820,-4.3615,45.0
B008,NCA_graphite,16.05,0.896,1.413,0.876,830,-4.4649,45.0
B008,NCA_graphite,16.05,0.896,1.413,0.876,840,-4.5889,45.0
B008,NCA_graphite,16.05,0.896,1.413,0.876,850,-4.7251,45.0
B008,NCA_graphite,16.05,0.896,1.413,0.876,860,-4.8397,45.0
B008,NCA_graphite,16.05,0.896,1.413,0.876,870,-4.9631,45.0
B008,NCA_graphite,16.05,0.896,1.413,0.876,880,-5.1021,45.0
B008,NCA_graphite,16.05,0.896,1.413,0.876,890,-5.2187,45.0
B008,NCA_graphite,16.05,0.896,1.413,0.876,900,-5.3468,45.0
B008,NCA_graphite,16.05,0.896,1.413,0.876,910,-5.48,45.0
B008,NCA_graphite,16.05,0.896,1.413,0.876,920,-5.5975,45.0
B008,NCA_graphite,16.05,0.896,1.413,0.876,930,-5.7407,45.0
B008,NCA_graphite,16.05,0.896,1.413,0.876,940,-5.8564,45.0
B008,NCA_graphite,16.05,0.896,1.413,0.876,950,-6.0003,45.0
B008,NCA_graphite,16.05,0.896,1.413,0.876,960,-6.1329,45.0
B008,NCA_graphite,16.05,0.896,1.413,0.876,970,-6.2631,45.0
B008,NCA_graphite,16.05,0.896,1.413,0.876,980,-6.3947,45.0
B008,NCA_graphite,16.05,0.896,1.413,0.876,990,-6.5259,45.0
B008,NCA_graphite,16.05,0.896,1.413,0.876,1000,-6.6554,45.0
B009,NCA_graphite,25.57,1.949,1.487,0.904,0,2.0195,99.844
B009,NCA_graphite,25.57,1.949,1.487,0.904,10,1.9982,98.789
B009,NCA_graphite,25.57,1.949,1.487,0.904,20,1.9437,96.096
B009,NCA_graphite,25.57,1.949,1.487,0.904,30,1.8984,93.857
B009,NCA_graphite,25.57,1.949,1.487,0.904,40,1.8259,90.271
B009,NCA_graphite,25.57,1.949,1.487,0.904,50,1.773,87.657
B009,NCA_graphite,25.57,1.949,1.487,0.904,60,1.6964,83.867
B009,NCA_graphite,25.57,1.949,1.487,0.904,70,1.6034,79.27
B009,NCA_graphite,25.57,1.949,1.487,0.904,80,1.5105,74.676
B009,NCA_graphite,25.57,1.949,1.487,0.904,90,1.409,69.662
B009,NCA_graphite,25.57,1.949,1.487,0.904,100,1.3132,64.922
B009,NCA_graphite,25.57,1.949,1.487,0.904,110,1.1919,58.925
B009,NCA_graphite,25.57,1.949,1.487,0.904,120,1.0857,53.678
B009,NCA_graphite,25.57,1.949,1.487,0.904,130,0.97,47.957
B009,NCA_graphite,25.57,1.949,1.487,0.904,140,0.8259,45.0
B009,NCA_graphite,25.57,1.949,1.487,0.904,150,0.693,45.0
B009,NCA_graphite,25.57,1.949,1.487,0.904,160,0.5696,45.0
B009,NCA_graphite,25.57,1.949,1.487,0.904,170,0.4257,45.0
B009,NCA_graphite,25.57,1.949,1.487,0.904,180,0.2988,45.0
B009,NCA_graphite,25.57,1.949,1.487,0.904,190,0.1413,45.0
B009,NCA_graphite,25.57,1.949,1.487,0.904,200,-0.0046,45.0
B009,NCA_graphite,25.57,1.949,1.487,0.904,210,-0.1487,45.0
B009,NCA_graphite,25.57,1.949,1.487,0.904,220,-0.3158,45.0
B009,NCA_graphite,25.57,1.949,1.487,0.904,230,-0.478,45.0
B009,NCA_graphite,25.57,1.949,1.487,0.904,240,-0.6457,45.0
B009,NCA_graphite,25.57,1.949,1.487,0.904,250,-0.8221,45.0
B009,NCA_graphite,25.57,1.949,1.487,0.904,260,-0.9967,45.0
B009,NCA_graphite,25.57,1.949,1.487,0.904,270,-1.1611,45.0
B009,NCA_graphite,25.57,1.949,1.487,0.904,280,-1.3421,45.0
B009,NCA_graphite,25.57,1.949,1.487,0.904,290,-1.5287,45.0
B009,NCA_graphite,25.57,1.949,1.487,0.904,300,-1.727,45.0
B009,NCA_graphite,25.57,1.949,1.487,0.904,310,-1.9012,45.0
B009,NCA_graphite,25.57,1.949,1.487,0.904,320,-2.0973,45.0
B009,NCA_graphite,25.57,1.949,1.487,0.904,330,-2.2881,45.0
B009,NCA_graphite,25.57,1.949,1.487,0.904,340,-2.4699,45.0
B009,NCA_graphite,25.57,1.949,1.487,0.904,350,-2.6827,45.0
B009,NCA_graphite,25.57,1.949,1.487,0.904,360,-2.8966,45.0
B009,NCA_graphite,25.57,1.949,1.487,0.904,370,-3.0952,45.0
B009,NCA_graphite,25.57,1.949,1.487,0.904,380,-3.2984,45.0
B009,NCA_graphite,25.57,1.949,1.487,0.904,390,-3.5028,45.0
B009,NCA_graphite,25.57,1.949,1.487,0.904,400,-3.7238,45.0
B009,NCA_graphite,25.57,1.949,1.487,0.904,410,-3.9408,45.0
B009,NCA_graphite,25.57,1.949,1.487,0.904,420,-4.1618,45.0
B009,NCA_graphite,25.57,1.949,1.487,0.904,430,-4.3916,45.0
B009,NCA_graphite,25.57,1.949,1.487,0.904,440,-4.6256,45.0
B009,NCA_graphite,25.57,1.949,1.487,0.904,450,-4.834,45.0
B009,NCA_graphite,25.57,1.949,1.487,0.904,460,-5.0793,45.0
B009,NCA_graphite,25.57,1.949,1.487,0.904,470,-5.2963,45.0
B009,NCA_graphite,25.57,1.949,1.487,0.904,480,-5.5411,45.0
B009,NCA_graphite,25.57,1.949,1.487,0.904,490,-5.7726,45.0
B009,NCA_graphite,25.57,1.949,1.487,0.904,500,-6.0215,45.0
B009,NCA_graphite,25.57,1.949,1.487,0.904,510,-6.2704,45.0
B009,NCA_graphite,25.57,1.949,1.487,0.904,520,-6.4965,45.0
B009,NCA_graphite,25.57,1.949,1.487,0.904,530,-6.7374,45.0
B009,NCA_graphite,25.57,1.949,1.487,0.904,540,-7.0004,45.0
B009,NCA_graphite,25.57,1.949,1.487,0.904,550,-7.2351,45.0
B009,NCA_graphite,25.57,1.949,1.487,0.904,560,-7.5027,45.0
B009,NCA_graphite,25.57,1.949,1.487,0.904,570,-7.7766,45.0
B009,NCA_graphite,25.57,1.949,1.487,0.904,580,-8.0139,45.0
B009,NCA_graphite,25.57,1.949,1.487,0.904,590,-8.2851,45.0
B009,NCA_graphite,25.57,1.949,1.487,0.904,600,-8.5459,45.0
B009,NCA_graphite,25.57,1.949,1.487,0.904,610,-8.8038,45.0
B009,NCA_graphite,25.57,1.949,1.487,0.904,620,-9.0807,45.0
B009,NCA_graphite,25.57,1.949,1.487,0.904,630,-9.3487,45.0
B009,NCA_graphite,25.57,1.949,1.487,0.904,640,-9.6121,45.0
B009,NCA_graphite,25.57,1.949,1.487,0.904,650,-9.8916,45.0
B009,NCA_graphite,25.57,1.949,1.487,0.904,660,-10.1555,45.0
B009,NCA_graphite,25.57,1.949,1.487,0.904,670,-10.454,45.0
B009,NCA_graphite,25.57,1.949,1.487,0.904,680,-10.7302,45.0
B009,NCA_graphite,25.57,1.949,1.487,0.904,690,-10.9989,45.0
B009,NCA_graphite,25.57,1.949,1.487,0.904,700,-11.2891,45.0
B009,NCA_graphite,25.57,1.949,1.487,0.904,710,-11.5791,45.0
B009,NCA_graphite,25.57,1.949,1.487,0.904,720,-11.8543,45.0
B009,NCA_graphite,25.57,1.949,1.487,0.904,730,-12.164,45.0
B009,NCA_graphite,25.57,1.949,1.487,0.904,740,-12.4417,45.0
B009,NCA_graphite,25.57,1.949,1.487,0.904,750,-12.7457,45.0
B009,NCA_graphite,25.57,1.949,1.487,0.904,760,-13.0358,45.0
B009,NCA_graphite,25.57,1.949,1.487,0.904,770,-13.341,45.0
B009,NCA_graphite,25.57,1.949,1.487,0.904,780,-13.6446,45.0
B009,NCA_graphite,25.57,1.949,1.487,0.904,790,-13.9374,45.0
B009,NCA_graphite,25.57,1.949,1.487,0.904,800,-14.2387,45.0
B009,NCA_graphite,25.57,1.949,1.487,0.904,810,-14.5599,45.0
B009,NCA_graphite,25.57,1.949,1.487,0.904,820,-14.8526,45.0
B009,NCA_graphite,25.57,1.949,1.487,0.904,830,-15.1771,45.0
B009,NCA_graphite,25.57,1.949,1.487,0.904,840,-15.4675,45.0
B009,NCA_graphite,25.57,1.949,1.487,0.904,850,-15.7982,45.0
B009,NCA_graphite,25.57,1.949,1.487,0.904,860,-16.1254,45.0
B009,NCA_graphite,25.57,1.949,1.487,0.904,870,-16.4138,45.0
B009,NCA_graphite,25.57,1.949,1.487,0.904,880,-16.7374,45.0
B009,NCA_graphite,25.57,1.949,1.487,0.904,890,-17.0738,45.0
B009,NCA_graphite,25.57,1.949,1.487,0.904,900,-17.3976,45.0
B009,NCA_graphite,25.57,1.949,1.487,0.904,910,-17.7205,45.0
B009,NCA_graphite,25.57,1.949,1.487,0.904,920,-18.0443,45.0
B009,NCA_graphite,25.57,1.949,1.487,0.904,930,-18.3734,45.0
B009,NCA_graphite,25.57,1.949,1.487,0.904,940,-18.692,45.0
B009,NCA_graphite,25.57,1.949,1.487,0.904,950,-19.0441,45.0
B009,NCA_graphite,25.57,1.949,1.487,0.904,960,-19.3582,45.0
B009,NCA_graphite,25.57,1.949,1.487,0.904,970,-19.6924,45.0
B009,NCA_graphite,25.57,1.949,1.487,0.904,980,-20.0452,45.0
B009,NCA_graphite,25.57,1.949,1.487,0.904,990,-20.3704,45.0
B009,NCA_graphite,25.57,1.949,1.487,0.904,1000,-20.7241,45.0
B010,NMC_graphite,36.62,1.837,2.525,0.687,0,2.037,100.911
B010,NMC_graphite,36.62,1.837,2.525,0.687,10,2.0023,99.192
B010,NMC_graphite,36.62,1.837,2.525,0.687,20,1.9919,98.677
B010,NMC_graphite,36.62,1.837,2.525,0.687,30,1.9486,96.528
B010,NMC_graphite,36.62,1.837,2.525,0.687,40,1.914,94.819
B010,NMC_graphite,36.62,1.837,2.525,0.687,50,1.8822,93.242
B010,NMC_graphite,36.62,1.837,2.525,0.687,60,1.8479,91.542
B010,NMC_graphite,36.62,1.837,2.525,0.687,70,1.8243,90.374
B010,NMC_graphite,36.62,1.837,2.525,0.687,80,1.7867,88.51
B010,NMC_graphite,36.62,1.837,2.525,0.687,90,1.7376,86.078
B010,NMC_graphite,36.62,1.837,2.525,0.687,100,1.6879,83.618
B010,NMC_graphite,36.62,1.837,2.525,0.687,110,1.6484,81.657
B010,NMC_graphite,36.62,1.837,2.525,0.687,120,1.6133,79.919
B010,NMC_graphite,36.62,1.837,2.525,0.687,130,1.5711,77.831
B010,NMC_graphite,36.62,1.837,2.525,0.687,140,1.5233,75.459
B010,NMC_graphite,36.62,1.837,2.525,0.687,150,1.471,72.87
B010,NMC_graphite,36.62,1.837,2.525,0.687,160,1.4269,70.687
B010,NMC_graphite,36.62,1.837,2.525,0.687,170,1.3925,68.981
B010,NMC_graphite,36.62,1.837,2.525,0.687,180,1.3134,65.064
B010,NMC_graphite,36.62,1.837,2.525,0.687,190,1.2796,63.39
B010,NMC_graphite,36.62,1.837,2.525,0.687,200,1.222,60.534
B010,NMC_graphite,36.62,1.837,2.525,0.687,210,1.1648,57.702
B010,NMC_graphite,36.62,1.837,2.525,0.687,220,1.1184,55.404
B010,NMC_graphite,36.62,1.837,2.525,0.687,230,1.0677,52.894
B010,NMC_graphite,36.62,1.837,2.525,0.687,240,1.0052,49.794
B010,NMC_graphite,36.62,1.837,2.525,0.687,250,0.9611,47.611
B010,NMC_graphite,36.62,1.837,2.525,0.687,260,0.9016,45.0
B010,NMC_graphite,36.62,1.837,2.525,0.687,270,0.8456,45.0
B010,NMC_graphite,36.62,1.837,2.525,0.687,280,0.8024,45.0
B010,NMC_graphite,36.62,1.837,2.525,0.687,290,0.7375,45.0
B010,NMC_graphite,36.62,1.837,2.525,0.687,300,0.6692,45.0
B010,NMC_graphite,36.62,1.837,2.525,0.687,310,0.6182,45.0
B010,NMC_graphite,36.62,1.837,2.525,0.687,320,0.5615,45.0
B010,NMC_graphite,36.62,1.837,2.525,0.687,330,0.5023,45.0
B010,NMC_graphite,36.62,1.837,2.525,0.687,340,0.4452,45.0
B010,NMC_graphite,36.62,1.837,2.525,0.687,350,0.383,45.0
B010,NMC_graphite,36.62,1.837,2.525,0.687,360,0.3145,45.0
B010,NMC_graphite,36.62,1.837,2.525,0.687,370,0.2649,45.0
B010,NMC_graphite,36.62,1.837,2.525,0.687,380,0.1919,45.0
B010,NMC_graphite,36.62,1.837,2.525,0.687,390,0.125,45.0
B010,NMC_graphite,36.62,1.837,2.525,0.687,400,0.065,45.0
B010,NMC_graphite,36.62,1.837,2.525,0.687,410,0.0014,45.0
B010,NMC_graphite,36.62,1.837,2.525,0.687,420,-0.062,45.0
B010,NMC_graphite,36.62,1.837,2.525,0.687,430,-0.1217,45.0
B010,NMC_graphite,36.62,1.837,2.525,0.687,440,-0.1905,45.0
B010,NMC_graphite,36.62,1.837,2.525,0.687,450,-0.2516,45.0
B010,NMC_graphite,36.62,1.837,2.525,0.687,460,-0.3238,45.0
B010,NMC_graphite,36.62,1.837,2.525,0.687,470,-0.3868,45.0
B010,NMC_graphite,36.62,1.837,2.525,0.687,480,-0.4409,45.0
B010,NMC_graphite,36.62,1.837,2.525,0.687,490,-0.5008,45.0
B010,NMC_graphite,36.62,1.837,2.525,0.687,500,-0.5728,45.0
B010,NMC_graphite,36.62,1.837,2.525,0.687,510,-0.6573,45.0
B010,NMC_graphite,36.62,1.837,2.525,0.687,520,-0.7327,45.0
B010,NMC_graphite,36.62,1.837,2.525,0.687,530,-0.7853,45.0
B010,NMC_graphite,36.62,1.837,2.525,0.687,540,-0.847,45.0
B010,NMC_graphite,36.62,1.837,2.525,0.687,550,-0.9214,45.0
B010,NMC_graphite,36.62,1.837,2.525,0.687,560,-0.9945,45.0
B010,NMC_graphite,36.62,1.837,2.525,0.687,570,-1.0721,45.0
B010,NMC_graphite,36.62,1.837,2.525,0.687,580,-1.1215,45.0
B010,NMC_graphite,36.62,1.837,2.525,0.687,590,-1.201,45.0
B010,NMC_graphite,36.62,1.837,2.525,0.687,600,-1.2696,45.0
B010,NMC_graphite,36.62,1.837,2.525,0.687,610,-1.3464,45.0
B010,NMC_graphite,36.62,1.837,2.525,0.687,620,-1.4204,45.0
B010,NMC_graphite,36.62,1.837,2.525,0.687,630,-1.4859,45.0
B010,NMC_graphite,36.62,1.837,2.525,0.687,640,-1.5576,45.0
B010,NMC_graphite,36.62,1.837,2.525,0.687,650,-1.6404,45.0
B010,NMC_graphite,36.62,1.837,2.525,0.687,660,-1.7068,45.0
B010,NMC_graphite,36.62,1.837,2.525,0.687,670,-1.7853,45.0
B010,NMC_graphite,36.62,1.837,2.525,0.687,680,-1.8439,45.0
B010,NMC_graphite,36.62,1.837,2.525,0.687,690,-1.9334,45.0
B010,NMC_graphite,36.62,1.837,2.525,0.687,700,-2.0048,45.0
B010,NMC_graphite,36.62,1.837,2.525,0.687,710,-2.0837,45.0
B010,NMC_graphite,36.62,1.837,2.525,0.687,720,-2.1473,45.0
B010,NMC_graphite,36.62,1.837,2.525,0.687,730,-2.2205,45.0
B010,NMC_graphite,36.62,1.837,2.525,0.687,740,-2.297,45.0
B010,NMC_graphite,36.62,1.837,2.525,0.687,750,-2.3722,45.0
B010,NMC_graphite,36.62,1.837,2.525,0.687,760,-2.4563,45.0
B010,NMC_graphite,36.62,1.837,2.525,0.687,770,-2.5256,45.0
B010,NMC_graphite,36.62,1.837,2.525,0.687,780,-2.618,45.0
B010,NMC_graphite,36.62,1.837,2.525,0.687,790,-2.6757,45.0
B010,NMC_graphite,36.62,1.837,2.525,0.687,800,-2.7498,45.0
B010,NMC_graphite,36.62,1.837,2.525,0.687,810,-2.8367,45.0
B010,NMC_graphite,36.62,1.837,2.525,0.687,820,-2.9095,45.0
B010,NMC_graphite,36.62,1.837,2.525,0.687,830,-2.9835,45.0
B010,NMC_graphite,36.62,1.837,2.525,0.687,840,-3.0692,45.0
B010,NMC_graphite,36.62,1.837,2.525,0.687,850,-3.1488,45.0
B010,NMC_graphite,36.62,1.837,2.525,0.687,860,-3.2282,45.0
B010,NMC_graphite,36.62,1.837,2.525,0.687,870,-3.3028,45.0
B010,NMC_graphite,36.62,1.837,2.525,0.687,880,-3.3993,45.0
B010,NMC_graphite,36.62,1.837,2.525,0.687,890,-3.4638,45.0
B010,NMC_graphite,36.62,1.837,2.525,0.687,900,-3.5447,45.0
B010,NMC_graphite,36.62,1.837,2.525,0.687,910,-3.6269,45.0
B010,NMC_graphite,36.62,1.837,2.525,0.687,920,-3.7013,45.0
B010,NMC_graphite,36.62,1.837,2.525,0.687,930,-3.786,45.0
B010,NMC_graphite,36.62,1.837,2.525,0.687,940,-3.8708,45.0
B010,NMC_graphite,36.62,1.837,2.525,0.687,950,-3.9344,45.0
B010,NMC_graphite,36.62,1.837,2.525,0.687,960,-4.0173,45.0
B010,NMC_graphite,36.62,1.837,2.525,0.687,970,-4.0943,45.0
B010,NMC_graphite,36.62,1.837,2.525,0.687,980,-4.1867,45.0
B010,NMC_graphite,36.62,1.837,2.525,0.687,990,-4.2765,45.0
B010,NMC_graphite,36.62,1.837,2.525,0.687,1000,-4.3526,45.0
B011,LFP_graphite,24.87,1.704,0.875,0.838,0,2.0375,100.032
B011,LFP_graphite,24.87,1.704,0.875,0.838,10,2.0442,100.357
B011,LFP_graphite,24.87,1.704,0.875,0.838,20,2.0314,99.733
B011,LFP_graphite,24.87,1.704,0.875,0.838,30,2.0184,99.093
B011,LFP_graphite,24.87,1.704,0.875,0.838,40,1.9995,98.164
B011,LFP_graphite,24.87,1.704,0.875,0.838,50,1.9988,98.129
B011,LFP_graphite,24.87,1.704,0.875,0.838,60,1.9738,96.904
B011,LFP_graphite,24.87,1.704,0.875,0.838,70,1.9696,96.698
B011,LFP_graphite,24.87,1.704,0.875,0.838,80,1.9661,96.524
B011,LFP_graphite,24.87,1.704,0.875,0.838,90,1.9451,95.494
B011,LFP_graphite,24.87,1.704,0.875,0.838,100,1.9437,95.426
B011,LFP_graphite,24.87,1.704,0.875,0.838,110,1.9277,94.642
B011,LFP_graphite,24.87,1.704,0.875,0.838,120,1.9171,94.118
B011,LFP_graphite,24.87,1.704,0.875,0.838,130,1.9089,93.718
B011,LFP_graphite,24.87,1.704,0.875,0.838,140,1.8991,93.237
B011,LFP_graphite,24.87,1.704,0.875,0.838,150,1.8793,92.263
B011,LFP_graphite,24.87,1.704,0.875,0.838,160,1.8517,90.911
B011,LFP_graphite,24.87,1.704,0.875,0.838,170,1.8523,90.938
B011,LFP_graphite,24.87,1.704,0.875,0.838,180,1.832,89.94
B011,LFP_graphite,24.87,1.704,0.875,0.838,190,1.822,89.451
B011,LFP_graphite,24.87,1.704,0.875,0.838,200,1.8049,88.613
B011,LFP_graphite,24.87,1.704,0.875,0.838,210,1.7964,88.192
B011,LFP_graphite,24.87,1.704,0.875,0.838,220,1.7923,87.993
B011,LFP_graphite,24.87,1.704,0.875,0.838,230,1.7643,86.619
B011,LFP_graphite,24.87,1.704,0.875,0.838,240,1.7329,85.076
B011,LFP_graphite,24.87,1.704,0.875,0.838,250,1.7205,84.467
B011,LFP_graphite,24.87,1.704,0.875,0.838,260,1.7215,84.518
B011,LFP_graphite,24.87,1.704,0.875,0.838,270,1.6906,83.001
B011,LFP_graphite,24.87,1.704,0.875,0.838,280,1.6773,82.347
B011,LFP_graphite,24.87,1.704,0.875,0.838,290,1.6468,80.851
B011,LFP_graphite,24.87,1.704,0.875,0.838,300,1.644,80.713
B011,LFP_graphite,24.87,1.704,0.875,0.838,310,1.6257,79.813
B011,LFP_graphite,24.87,1.704,0.875,0.838,320,1.6124,79.161
B011,LFP_graphite,24.87,1.704,0.875,0.838,330,1.6003,78.568
B011,LFP_graphite,24.87,1.704,0.875,0.838,340,1.5818,77.657
B011,LFP_graphite,24.87,1.704,0.875,0.838,350,1.5556,76.371
B011,LFP_graphite,24.87,1.704,0.875,0.838,360,1.5407,75.642
B011,LFP_graphite,24.87,1.704,0.875,0.838,370,1.5322,75.223
B011,LFP_graphite,24.87,1.704,0.875,0.838,380,1.5071,73.99
B011,LFP_graphite,24.87,1.704,0.875,0.838,390,1.4869,72.999
B011,LFP_graphite,24.87,1.704,0.875,0.838,400,1.4586,71.611
B011,LFP_graphite,24.87,1.704,0.875,0.838,410,1.4585,71.602
B011,LFP_graphite,24.87,1.704,0.875,0.838,420,1.44,70.695
B011,LFP_graphite,24.87,1.704,0.875,0.838,430,1.4137,69.407
B011,LFP_graphite,24.87,1.704,0.875,0.838,440,1.4131,69.376
B011,LFP_graphite,24.87,1.704,0.875,0.838,450,1.3896,68.22
B011,LFP_graphite,24.87,1.704,0.875,0.838,460,1.3602,66.777
B011,LFP_graphite,24.87,1.704,0.875,0.838,470,1.3428,65.926
B011,LFP_graphite,24.87,1.704,0.875,0.838,480,1.3237,64.988
B011,LFP_graphite,24.87,1.704,0.875,0.838,490,1.3121,64.415
B011,LFP_graphite,24.87,1.704,0.875,0.838,500,1.2914,63.401
B011,LFP_graphite,24.87,1.704,0.875,0.838,510,1.2868,63.174
B011,LFP_graphite,24.87,1.704,0.875,0.838,520,1.2568,61.702
B011,LFP_graphite,24.87,1.704,0.875,0.838,530,1.236,60.683
B011,LFP_graphite,24.87,1.704,0.875,0.838,540,1.2176,59.776
B011,LFP_graphite,24.87,1.704,0.875,0.838,550,1.1974,58.785
B011,LFP_graphite,24.87,1.704,0.875,0.838,560,1.163,57.097
B011,LFP_graphite,24.87,1.704,0.875,0.838,570,1.1665,57.267
B011,LFP_graphite,24.87,1.704,0.875,0.838,580,1.1241,55.187
B011,LFP_graphite,24.87,1.704,0.875,0.838,590,1.1247,55.217
B011,LFP_graphite,24.87,1.704,0.875,0.838,600,1.0878,53.404
B011,LFP_graphite,24.87,1.704,0.875,0.838,610,1.0767,52.859
B011,LFP_graphite,24.87,1.704,0.875,0.838,620,1.0557,51.828
B011,LFP_graphite,24.87,1.704,0.875,0.838,630,1.0477,51.434
B011,LFP_graphite,24.87,1.704,0.875,0.838,640,1.0061,49.392
B011,LFP_graphite,24.87,1.704,0.875,0.838,650,1.0054,49.362
B011,LFP_graphite,24.87,1.704,0.875,0.838,660,0.981,48.16
B011,LFP_graphite,24.87,1.704,0.875,0.838,670,0.9534,46.808
B011,LFP_graphite,24.87,1.704,0.875,0.838,680,0.9287,45.594
B011,LFP_graphite,24.87,1.704,0.875,0.838,690,0.9204,45.186
B011,LFP_graphite,24.87,1.704,0.875,0.838,700,0.906,45.0
B011,LFP_graphite,24.87,1.704,0.875,0.838,710,0.8628,45.0
B011,LFP_graphite,24.87,1.704,0.875,0.838,720,0.856,45.0
B011,LFP_graphite,24.87,1.704,0.875,0.838,730,0.8238,45.0
B011,LFP_graphite,24.87,1.704,0.875,0.838,740,0.8098,45.0
B011,LFP_graphite,24.87,1.704,0.875,0.838,750,0.794,45.0
B011,LFP_graphite,24.87,1.704,0.875,0.838,760,0.7827,45.0
B011,LFP_graphite,24.87,1.704,0.875,0.838,770,0.7512,45.0
B011,LFP_graphite,24.87,1.704,0.875,0.838,780,0.7353,45.0
B011,LFP_graphite,24.87,1.704,0.875,0.838,790,0.7222,45.0
B011,LFP_graphite,24.87,1.704,0.875,0.838,800,0.6944,45.0
B011,LFP_graphite,24.87,1.704,0.875,0.838,810,0.6704,45.0
B011,LFP_graphite,24.87,1.704,0.875,0.838,820,0.6503,45.0
B011,LFP_graphite,24.87,1.704,0.875,0.838,830,0.6196,45.0
B011,LFP_graphite,24.87,1.704,0.875,0.838,840,0.5979,45.0
B011,LFP_graphite,24.87,1.704,0.875,0.838,850,0.5659,45.0
B011,LFP_graphite,24.87,1.704,0.875,0.838,860,0.5542,45.0
B011,LFP_graphite,24.87,1.704,0.875,0.838,870,0.5328,45.0
B011,LFP_graphite,24.87,1.704,0.875,0.838,880,0.5162,45.0
B011,LFP_graphite,24.87,1.704,0.875,0.838,890,0.501,45.0
B011,LFP_graphite,24.87,1.704,0.875,0.838,900,0.4833,45.0
B011,LFP_graphite,24.87,1.704,0.875,0.838,910,0.4559,45.0
B011,LFP_graphite,24.87,1.704,0.875,0.838,920,0.4357,45.0
B011,LFP_graphite,24.87,1.704,0.875,0.838,930,0.4071,45.0
B011,LFP_graphite,24.87,1.704,0.875,0.838,940,0.3765,45.0
B011,LFP_graphite,24.87,1.704,0.875,0.838,950,0.3534,45.0
B011,LFP_graphite,24.87,1.704,0.875,0.838,960,0.3198,45.0
B011,LFP_graphite,24.87,1.704,0.875,0.838,970,0.3186,45.0
B011,LFP_graphite,24.87,1.704,0.875,0.838,980,0.2882,45.0
B011,LFP_graphite,24.87,1.704,0.875,0.838,990,0.2763,45.0
B011,LFP_graphite,24.87,1.704,0.875,0.838,1000,0.2489,45.0
B012,LFP_graphite,24.68,2.118,0.945,0.627,0,1.9867,99.987
B012,LFP_graphite,24.68,2.118,0.945,0.627,10,1.9825,99.774
B012,LFP_graphite,24.68,2.118,0.945,0.627,20,1.9673,99.008
B012,LFP_graphite,24.68,2.118,0.945,0.627,30,1.9336,97.315
B012,LFP_graphite,24.68,2.118,0.945,0.627,40,1.9125,96.25
B012,LFP_graphite,24.68,2.118,0.945,0.627,50,1.8825,94.743
B012,LFP_graphite,24.68,2.118,0.945,0.627,60,1.8508,93.148
B012,LFP_graphite,24.68,2.118,0.945,0.627,70,1.7984,90.509
B012,LFP_graphite,24.68,2.118,0.945,0.627,80,1.7475,87.95
B012,LFP_graphite,24.68,2.118,0.945,0.627,90,1.7218,86.656
B012,LFP_graphite,24.68,2.118,0.945,0.627,100,1.6733,84.214
B012,LFP_graphite,24.68,2.118,0.945,0.627,110,1.6162,81.34
B012,LFP_graphite,24.68,2.118,0.945,0.627,120,1.568,78.913
B012,LFP_graphite,24.68,2.118,0.945,0.627,130,1.5048,75.733
B012,LFP_graphite,24.68,2.118,0.945,0.627,140,1.4651,73.737
B012,LFP_graphite,24.68,2.118,0.945,0.627,150,1.3781,69.356
B012,LFP_graphite,24.68,2.118,0.945,0.627,160,1.3331,67.092
B012,LFP_graphite,24.68,2.118,0.945,0.627,170,1.2606,63.441
B012,LFP_graphite,24.68,2.118,0.945,0.627,180,1.1948,60.132
B012,LFP_graphite,24.68,2.118,0.945,0.627,190,1.1355,57.147
B012,LFP_graphite,24.68,2.118,0.945,0.627,200,1.0652,53.611
B012,LFP_graphite,24.68,2.118,0.945,0.627,210,0.9981,50.233
B012,LFP_graphite,24.68,2.118,0.945,0.627,220,0.9024,45.414
B012,LFP_graphite,24.68,2.118,0.945,0.627,230,0.8288,45.0
B012,LFP_graphite,24.68,2.118,0.945,0.627,240,0.7455,45.0
B012,LFP_graphite,24.68,2.118,0.945,0.627,250,0.6485,45.0
B012,LFP_graphite,24.68,2.118,0.945,0.627,260,0.5844,45.0
B012,LFP_graphite,24.68,2.118,0.945,0.627,270,0.5106,45.0
B012,LFP_graphite,24.68,2.118,0.945,0.627,280,0.4329,45.0
B012,LFP_graphite,24.68,2.118,0.945,0.627,290,0.3257,45.0
B012,LFP_graphite,24.68,2.118,0.945,0.627,300,0.2379,45.0
B012,LFP_graphite,24.68,2.118,0.945,0.627,310,0.1651,45.0
B012,LFP_graphite,24.68,2.118,0.945,0.627,320,0.0591,45.0
B012,LFP_graphite,24.68,2.118,0.945,0.627,330,-0.0366,45.0
B012,LFP_graphite,24.68,2.118,0.945,0.627,340,-0.1274,45.0
B012,LFP_graphite,24.68,2.118,0.945,0.627,350,-0.241,45.0
B012,LFP_graphite,24.68,2.118,0.945,0.627,360,-0.3371,45.0
B012,LFP_graphite,24.68,2.118,0.945,0.627,370,-0.4456,45.0
B012,LFP_graphite,24.68,2.118,0.945,0.627,380,-0.5345,45.0
B012,LFP_graphite,24.68,2.118,0.945,0.627,390,-0.6413,45.0
B012,LFP_graphite,24.68,2.118,0.945,0.627,400,-0.742,45.0
B012,LFP_graphite,24.68,2.118,0.945,0.627,410,-0.859,45.0
B012,LFP_graphite,24.68,2.118,0.945,0.627,420,-0.9572,45.0
B012,LFP_graphite,24.68,2.118,0.945,0.627,430,-1.0708,45.0
B012,LFP_graphite,24.68,2.118,0.945,0.627,440,-1.1909,45.0
B012,LFP_graphite,24.68,2.118,0.945,0.627,450,-1.2926,45.0
B012,LFP_graphite,24.68,2.118,0.945,0.627,460,-1.4214,45.0
B012,LFP_graphite,24.68,2.118,0.945,0.627,470,-1.5336,45.0
B012,LFP_graphite,24.68,2.118,0.945,0.627,480,-1.6464,45.0
B012,LFP_graphite,24.68,2.118,0.945,0.627,490,-1.7713,45.0
B012,LFP_graphite,24.68,2.118,0.945,0.627,500,-1.8864,45.0
B012,LFP_graphite,24.68,2.118,0.945,0.627,510,-2.013,45.0
B012,LFP_graphite,24.68,2.118,0.945,0.627,520,-2.1452,45.0
B012,LFP_graphite,24.68,2.118,0.945,0.627,530,-2.2636,45.0
B012,LFP_graphite,24.68,2.118,0.945,0.627,540,-2.3743,45.0
B012,LFP_graphite,24.68,2.118,0.945,0.627,550,-2.5047,45.0
B012,LFP_graphite,24.68,2.118,0.945,0.627,560,-2.6464,45.0
B012,LFP_graphite,24.68,2.118,0.945,0.627,570,-2.7632,45.0
B012,LFP_graphite,24.68,2.118,0.945,0.627,580,-2.8874,45.0
B012,LFP_graphite,24.68,2.118,0.945,0.627,590,-3.0275,45.0
B012,LFP_graphite,24.68,2.118,0.945,0.627,600,-3.1711,45.0
B012,LFP_graphite,24.68,2.118,0.945,0.627,610,-3.3096,45.0
B012,LFP_graphite,24.68,2.118,0.945,0.627,620,-3.4471,45.0
B012,LFP_graphite,24.68,2.118,0.945,0.627,630,-3.5582,45.0
B012,LFP_graphite,24.68,2.118,0.945,0.627,640,-3.7056,45.0
B012,LFP_graphite,24.68,2.118,0.945,0.627,650,-3.8479,45.0
B012,LFP_graphite,24.68,2.118,0.945,0.627,660,-3.9897,45.0
B012,LFP_graphite,24.68,2.118,0.945,0.627,670,-4.1385,45.0
B012,LFP_graphite,24.68,2.118,0.945,0.627,680,-4.2793,45.0
B012,LFP_graphite,24.68,2.118,0.945,0.627,690,-4.4075,45.0
B012,LFP_graphite,24.68,2.118,0.945,0.627,700,-4.5836,45.0
B012,LFP_graphite,24.68,2.118,0.945,0.627,710,-4.7103,45.0
B012,LFP_graphite,24.68,2.118,0.945,0.627,720,-4.8722,45.0
B012,LFP_graphite,24.68,2.118,0.945,0.627,730,-5.0183,45.0
B012,LFP_graphite,24.68,2.118,0.945,0.627,740,-5.1568,45.0
B012,LFP_graphite,24.68,2.118,0.945,0.627,750,-5.3019,45.0
B012,LFP_graphite,24.68,2.118,0.945,0.627,760,-5.4542,45.0
B012,LFP_graphite,24.68,2.118,0.945,0.627,770,-5.5991,45.0
B012,LFP_graphite,24.68,2.118,0.945,0.627,780,-5.78,45.0
B012,LFP_graphite,24.68,2.118,0.945,0.627,790,-5.9205,45.0
B012,LFP_graphite,24.68,2.118,0.945,0.627,800,-6.063,45.0
B012,LFP_graphite,24.68,2.118,0.945,0.627,810,-6.2509,45.0
B012,LFP_graphite,24.68,2.118,0.945,0.627,820,-6.4005,45.0
B012,LFP_graphite,24.68,2.118,0.945,0.627,830,-6.5417,45.0
B012,LFP_graphite,24.68,2.118,0.945,0.627,840,-6.7229,45.0
B012,LFP_graphite,24.68,2.118,0.945,0.627,850,-6.8808,45.0
B012,LFP_graphite,24.68,2.118,0.945,0.627,860,-7.0402,45.0
B012,LFP_graphite,24.68,2.118,0.945,0.627,870,-7.2014,45.0
B012,LFP_graphite,24.68,2.118,0.945,0.627,880,-7.3717,45.0
B012,LFP_graphite,24.68,2.118,0.945,0.627,890,-7.5337,45.0
B012,LFP_graphite,24.68,2.118,0.945,0.627,900,-7.7006,45.0
B012,LFP_graphite,24.68,2.118,0.945,0.627,910,-7.8743,45.0
B012,LFP_graphite,24.68,2.118,0.945,0.627,920,-8.0509,45.0
B012,LFP_graphite,24.68,2.118,0.945,0.627,930,-8.2231,45.0
B012,LFP_graphite,24.68,2.118,0.945,0.627,940,-8.3931,45.0
B012,LFP_graphite,24.68,2.118,0.945,0.627,950,-8.5692,45.0
B012,LFP_graphite,24.68,2.118,0.945,0.627,960,-8.7323,45.0
B012,LFP_graphite,24.68,2.118,0.945,0.627,970,-8.9168,45.0
B012,LFP_graphite,24.68,2.118,0.945,0.627,980,-9.0886,45.0
B012,LFP_graphite,24.68,2.118,0.945,0.627,990,-9.2701,45.0
B012,LFP_graphite,24.68,2.118,0.945,0.627,1000,-9.4418,45.0
B013,NCA_graphite,36.64,1.57,0.969,0.888,0,1.9778,100.466
B013,NCA_graphite,36.64,1.57,0.969,0.888,10,1.942,98.646
B013,NCA_graphite,36.64,1.57,0.969,0.888,20,1.9221,97.637
B013,NCA_graphite,36.64,1.57,0.969,0.888,30,1.8801,95.501
B013,NCA_graphite,36.64,1.57,0.969,0.888,40,1.8337,93.145
B013,NCA_graphite,36.64,1.57,0.969,0.888,50,1.7923,91.042
B013,NCA_graphite,36.64,1.57,0.969,0.888,60,1.7536,89.079
B013,NCA_graphite,36.64,1.57,0.969,0.888,70,1.6987,86.287
B013,NCA_graphite,36.64,1.57,0.969,0.888,80,1.6299,82.795
B013,NCA_graphite,36.64,1.57,0.969,0.888,90,1.5855,80.535
B013,NCA_graphite,36.64,1.57,0.969,0.888,100,1.5059,76.495
B013,NCA_graphite,36.64,1.57,0.969,0.888,110,1.4485,73.578
B013,NCA_graphite,36.64,1.57,0.969,0.888,120,1.3828,70.24
B013,NCA_graphite,36.64,1.57,0.969,0.888,130,1.307,66.388
B013,NCA_graphite,36.64,1.57,0.969,0.888,140,1.2389,62.933
B013,NCA_graphite,36.64,1.57,0.969,0.888,150,1.1661,59.233
B013,NCA_graphite,36.64,1.57,0.969,0.888,160,1.1018,55.969
B013,NCA_graphite,36.64,1.57,0.969,0.888,170,1.0149,51.551
B013,NCA_graphite,36.64,1.57,0.969,0.888,180,0.9409,47.796
B013,NCA_graphite,36.64,1.57,0.969,0.888,190,0.8548,45.0
B013,NCA_graphite,36.64,1.57,0.969,0.888,200,0.7754,45.0
B013,NCA_graphite,36.64,1.57,0.969,0.888,210,0.7047,45.0
B013,NCA_graphite,36.64,1.57,0.969,0.888,220,0.6142,45.0
B013,NCA_graphite,36.64,1.57,0.969,0.888,230,0.537,45.0
B013,NCA_graphite,36.64,1.57,0.969,0.888,240,0.4415,45.0
B013,NCA_graphite,36.64,1.57,0.969,0.888,250,0.3528,45.0
B013,NCA_graphite,36.64,1.57,0.969,0.888,260,0.257,45.0
B013,NCA_graphite,36.64,1.57,0.969,0.888,270,0.1624,45.0
B013,NCA_graphite,36.64,1.57,0.969,0.888,280,0.0765,45.0
B013,NCA_graphite,36.64,1.57,0.969,0.888,290,-0.0127,45.0
B013,NCA_graphite,36.64,1.57,0.969,0.888,300,-0.1046,45.0
B013,NCA_graphite,36.64,1.57,0.969,0.888,310,-0.202,45.0
B013,NCA_graphite,36.64,1.57,0.969,0.888,320,-0.2877,45.0
B013,NCA_graphite,36.64,1.57,0.969,0.888,330,-0.4087,45.0
B013,NCA_graphite,36.64,1.57,0.969,0.888,340,-0.5035,45.0
B013,NCA_graphite,36.64,1.57,0.969,0.888,350,-0.5927,45.0
B013,NCA_graphite,36.64,1.57,0.969,0.888,360,-0.6974,45.0
B013,NCA_graphite,36.64,1.57,0.969,0.888,370,-0.8198,45.0
B013,NCA_graphite,36.64,1.57,0.969,0.888,380,-0.9177,45.0
B013,NCA_graphite,36.64,1.57,0.969,0.888,390,-1.0269,45.0
B013,NCA_graphite,36.64,1.57,0.969,0.888,400,-1.1269,45.0
B013,NCA_graphite,36.64,1.57,0.969,0.888,410,-1.227,45.0
B013,NCA_graphite,36.64,1.57,0.969,0.888,420,-1.3343,45.0
B013,NCA_graphite,36.64,1.57,0.969,0.888,430,-1.4478,45.0
B013,NCA_graphite,36.64,1.57,0.969,0.888,440,-1.5455,45.0
B013,NCA_graphite,36.64,1.57,0.969,0.888,450,-1.6678,45.0
B013,NCA_graphite,36.64,1.57,0.969,0.888,460,-1.7833,45.0
B013,NCA_graphite,36.64,1.57,0.969,0.888,470,-1.8957,45.0
B013,NCA_graphite,36.64,1.57,0.969,0.888,480,-2.012,45.0
B013,NCA_graphite,36.64,1.57,0.969,0.888,490,-2.1178,45.0
B013,NCA_graphite,36.64,1.57,0.969,0.888,500,-2.2316,45.0
B013,NCA_graphite,36.64,1.57,0.969,0.888,510,-2.3558,45.0
B013,NCA_graphite,36.64,1.57,0.969,0.888,520,-2.4882,45.0
B013,NCA_graphite,36.64,1.57,0.969,0.888,530,-2.5888,45.0
B013,NCA_graphite,36.64,1.57,0.969,0.888,540,-2.7097,45.0
B013,NCA_graphite,36.64,1.57,0.969,0.888,550,-2.8459,45.0
B013,NCA_graphite,36.64,1.57,0.969,0.888,560,-2.9518,45.0
B013,NCA_graphite,36.64,1.57,0.969,0.888,570,-3.0616,45.0
B013,NCA_graphite,36.64,1.57,0.969,0.888,580,-3.1974,45.0
B013,NCA_graphite,36.64,1.57,0.969,0.888,590,-3.3152,45.0
B013,NCA_graphite,36.64,1.57,0.969,0.888,600,-3.4492,45.0
B013,NCA_graphite,36.64,1.57,0.969,0.888,610,-3.5748,45.0
B013,NCA_graphite,36.64,1.57,0.969,0.888,620,-3.6985,45.0
B013,NCA_graphite,36.64,1.57,0.969,0.888,630,-3.8201,45.0
B013,NCA_graphite,36.64,1.57,0.969,0.888,640,-3.9678,45.0
B013,NCA_graphite,36.64,1.57,0.969,0.888,650,-4.0759,45.0
B013,NCA_graphite,36.64,1.57,0.969,0.888,660,-4.227,45.0
B013,NCA_graphite,36.64,1.57,0.969,0.888,670,-4.3447,45.0
B013,NCA_graphite,36.64,1.57,0.969,0.888,680,-4.4674,45.0
B013,NCA_graphite,36.64,1.57,0.969,0.888,690,-4.5974,45.0
B013,NCA_graphite,36.64,1.57,0.969,0.888,700,-4.747,45.0
B013,NCA_graphite,36.64,1.57,0.969,0.888,710,-4.859,45.0
B013,NCA_graphite,36.64,1.57,0.969,0.888,720,-4.9999,45.0
B013,NCA_graphite,36.64,1.57,0.969,0.888,730,-5.1406,45.0
B013,NCA_graphite,36.64,1.57,0.969,0.888,740,-5.2626,45.0
B013,NCA_graphite,36.64,1.57,0.969,0.888,750,-5.4052,45.0
B013,NCA_graphite,36.64,1.57,0.969,0.888,760,-5.5328,45.0
B013,NCA_graphite,36.64,1.57,0.969,0.888,770,-5.6746,45.0
B013,NCA_graphite,36.64,1.57,0.969,0.888,780,-5.8167,45.0
B013,NCA_graphite,36.64,1.57,0.969,0.888,790,-5.9594,45.0
B013,NCA_graphite,36.64,1.57,0.969,0.888,800,-6.0793,45.0
B013,NCA_graphite,36.64,1.57,0.969,0.888,810,-6.233,45.0
B013,NCA_graphite,36.64,1.57,0.969,0.888,820,-6.3738,45.0
B013,NCA_graphite,36.64,1.57,0.969,0.888,830,-6.5031,45.0
B013,NCA_graphite,36.64,1.57,0.969,0.888,840,-6.6501,45.0
B013,NCA_graphite,36.64,1.57,0.969,0.888,850,-6.8034,45.0
B013,NCA_graphite,36.64,1.57,0.969,0.888,860,-6.9305,45.0
B013,NCA_graphite,36.64,1.57,0.969,0.888,870,-7.0797,45.0
B013,NCA_graphite,36.64,1.57,0.969,0.888,880,-7.2094,45.0
B013,NCA_graphite,36.64,1.57,0.969,0.888,890,-7.3617,45.0
B013,NCA_graphite,36.64,1.57,0.969,0.888,900,-7.5156,45.0
B013,NCA_graphite,36.64,1.57,0.969,0.888,910,-7.6785,45.0
B013,NCA_graphite,36.64,1.57,0.969,0.888,920,-7.812,45.0
B013,NCA_graphite,36.64,1.57,0.969,0.888,930,-7.9656,45.0
B013,NCA_graphite,36.64,1.57,0.969,0.888,940,-8.0968,45.0
B013,NCA_graphite,36.64,1.57,0.969,0.888,950,-8.2574,45.0
B013,NCA_graphite,36.64,1.57,0.969,0.888,960,-8.4024,45.0
B013,NCA_graphite,36.64,1.57,0.969,0.888,970,-8.5367,45.0
B013,NCA_graphite,36.64,1.57,0.969,0.888,980,-8.6992,45.0
B013,NCA_graphite,36.64,1.57,0.969,0.888,990,-8.8371,45.0
B013,NCA_graphite,36.64,1.57,0.969,0.888,1000,-9.0068,45.0
B014,NCA_graphite,24.99,1.86,1.709,0.802,0,2.1585,100.211
B014,NCA_graphite,24.99,1.86,1.709,0.802,10,2.1351,99.124
B014,NCA_graphite,24.99,1.86,1.709,0.802,20,2.0876,96.918
B014,NCA_graphite,24.99,1.86,1.709,0.802,30,2.025,94.014
B014,NCA_graphite,24.99,1.86,1.709,0.802,40,1.9473,90.404
B014,NCA_graphite,24.99,1.86,1.709,0.802,50,1.8625,86.466
B014,NCA_graphite,24.99,1.86,1.709,0.802,60,1.7632,81.856
B014,NCA_graphite,24.99,1.86,1.709,0.802,70,1.6539,76.783
B014,NCA_graphite,24.99,1.86,1.709,0.802,80,1.5164,70.401
B014,NCA_graphite,24.99,1.86,1.709,0.802,90,1.4183,65.847
B014,NCA_graphite,24.99,1.86,1.709,0.802,100,1.2708,59.0
B014,NCA_graphite,24.99,1.86,1.709,0.802,110,1.1412,52.98
B014,NCA_graphite,24.99,1.86,1.709,0.802,120,0.9972,46.297
B014,NCA_graphite,24.99,1.86,1.709,0.802,130,0.8384,45.0
B014,NCA_graphite,24.99,1.86,1.709,0.802,140,0.6718,45.0
B014,NCA_graphite,24.99,1.86,1.709,0.802,150,0.5196,45.0
B014,NCA_graphite,24.99,1.86,1.709,0.802,160,0.3374,45.0
B014,NCA_graphite,24.99,1.86,1.709,0.802,170,0.1745,45.0
B014,NCA_graphite,24.99,1.86,1.709,0.802,180,-0.0161,45.0
B014,NCA_graphite,24.99,1.86,1.709,0.802,190,-0.2181,45.0
B014,NCA_graphite,24.99,1.86,1.709,0.802,200,-0.4056,45.0
B014,NCA_graphite,24.99,1.86,1.709,0.802,210,-0.5994,45.0
B014,NCA_graphite,24.99,1.86,1.709,0.802,220,-0.8282,45.0
B014,NCA_graphite,24.99,1.86,1.709,0.802,230,-1.0203,45.0
B014,NCA_graphite,24.99,1.86,1.709,0.802,240,-1.2506,45.0
B014,NCA_graphite,24.99,1.86,1.709,0.802,250,-1.4722,45.0
B014,NCA_graphite,24.99,1.86,1.709,0.802,260,-1.7036,45.0
B014,NCA_graphite,24.99,1.86,1.709,0.802,270,-1.9401,45.0
B014,NCA_graphite,24.99,1.86,1.709,0.802,280,-2.1709,45.0
B014,NCA_graphite,24.99,1.86,1.709,0.802,290,-2.4224,45.0
B014,NCA_graphite,24.99,1.86,1.709,0.802,300,-2.673,45.0
B014,NCA_graphite,24.99,1.86,1.709,0.802,310,-2.9277,45.0
B014,NCA_graphite,24.99,1.86,1.709,0.802,320,-3.1809,45.0
B014,NCA_graphite,24.99,1.86,1.709,0.802,330,-3.4406,45.0
B014,NCA_graphite,24.99,1.86,1.709,0.802,340,-3.7157,45.0
B014,NCA_graphite,24.99,1.86,1.709,0.802,350,-3.9799,45.0
B014,NCA_graphite,24.99,1.86,1.709,0.802,360,-4.2758,45.0
B014,NCA_graphite,24.99,1.86,1.709,0.802,370,-4.5442,45.0
B014,NCA_graphite,24.99,1.86,1.709,0.802,380,-4.8142,45.0
B014,NCA_graphite,24.99,1.86,1.709,0.802,390,-5.1039,45.0
B014,NCA_graphite,24.99,1.86,1.709,0.802,400,-5.4088,45.0
B014,NCA_graphite,24.99,1.86,1.709,0.802,410,-5.6999,45.0
B014,NCA_graphite,24.99,1.86,1.709,0.802,420,-6.0072,45.0
B014,NCA_graphite,24.99,1.86,1.709,0.802,430,-6.2963,45.0
B014,NCA_graphite,24.99,1.86,1.709,0.802,440,-6.6105,45.0
B014,NCA_graphite,24.99,1.86,1.709,0.802,450,-6.9218,45.0
B014,NCA_graphite,24.99,1.86,1.709,0.802,460,-7.2403,45.0
B014,NCA_graphite,24.99,1.86,1.709,0.802,470,-7.5702,45.0
B014,NCA_graphite,24.99,1.86,1.709,0.802,480,-7.8766,45.0
B014,NCA_graphite,24.99,1.86,1.709,0.802,490,-8.2031,45.0
B014,NCA_graphite,24.99,1.86,1.709,0.802,500,-8.5527,45.0
B014,NCA_graphite,24.99,1.86,1.709,0.802,510,-8.8891,45.0
B014,NCA_graphite,24.99,1.86,1.709,0.802,520,-9.2263,45.0
B014,NCA_graphite,24.99,1.86,1.709,0.802,530,-9.5691,45.0
B014,NCA_graphite,24.99,1.86,1.709,0.802,540,-9.8998,45.0
B014,NCA_graphite,24.99,1.86,1.709,0.802,550,-10.2623,45.0
B014,NCA_graphite,24.99,1.86,1.709,0.802,560,-10.6216,45.0
B014,NCA_graphite,24.99,1.86,1.709,0.802,570,-10.9865,45.0
B014,NCA_graphite,24.99,1.86,1.709,0.802,580,-11.3449,45.0
B014,NCA_graphite,24.99,1.86,1.709,0.802,590,-11.7029,45.0
B014,NCA_graphite,24.99,1.86,1.709,0.802,600,-12.0723,45.0
B014,NCA_graphite,24.99,1.86,1.709,0.802,610,-12.4418,45.0
B014,NCA_graphite,24.99,1.86,1.709,0.802,620,-12.822,45.0
B014,NCA_graphite,24.99,1.86,1.709,0.802,630,-13.1878,45.0
B014,NCA_graphite,24.99,1.86,1.709,0.802,640,-13.5836,45.0
B014,NCA_graphite,24.99,1.86,1.709,0.802,650,-13.9742,45.0
B014,NCA_graphite,24.99,1.86,1.709,0.802,660,-14.3534,45.0
B014,NCA_graphite,24.99,1.86,1.709,0.802,670,-14.7409,45.0
B014,NCA_graphite,24.99,1.86,1.709,0.802,680,-15.1352,45.0
B014,NCA_graphite,24.99,1.86,1.709,0.802,690,-15.5476,45.0
B014,NCA_graphite,24.99,1.86,1.709,0.802,700,-15.9513,45.0
B014,NCA_graphite,24.99,1.86,1.709,0.802,710,-16.3544,45.0
B014,NCA_graphite,24.99,1.86,1.709,0.802,720,-16.7512,45.0
B014,NCA_graphite,24.99,1.86,1.709,0.802,730,-17.1707,45.0
B014,NCA_graphite,24.99,1.86,1.709,0.802,740,-17.5841,45.0
B014,NCA_graphite,24.99,1.86,1.709,0.802,750,-17.9943,45.0
B014,NCA_graphite,24.99,1.86,1.709,0.802,760,-18.4159,45.0
B014,NCA_graphite,24.99,1.86,1.709,0.802,770,-18.8686,45.0
B014,NCA_graphite,24.99,1.86,1.709,0.802,780,-19.2722,45.0
B014,NCA_graphite,24.99,1.86,1.709,0.802,790,-19.7067,45.0
B014,NCA_graphite,24.99,1.86,1.709,0.802,800,-20.1401,45.0
B014,NCA_graphite,24.99,1.86,1.709,0.802,810,-20.5679,45.0
B014,NCA_graphite,24.99,1.86,1.709,0.802,820,-21.027,45.0
B014,NCA_graphite,24.99,1.86,1.709,0.802,830,-21.465,45.0
B014,NCA_graphite,24.99,1.86,1.709,0.802,840,-21.9062,45.0
B014,NCA_graphite,24.99,1.86,1.709,0.802,850,-22.3521,45.0
B014,NCA_graphite,24.99,1.86,1.709,0.802,860,-22.7997,45.0
B014,NCA_graphite,24.99,1.86,1.709,0.802,870,-23.2545,45.0
B014,NCA_graphite,24.99,1.86,1.709,0.802,880,-23.7146,45.0
B014,NCA_graphite,24.99,1.86,1.709,0.802,890,-24.1762,45.0
B014,NCA_graphite,24.99,1.86,1.709,0.802,900,-24.6467,45.0
B014,NCA_graphite,24.99,1.86,1.709,0.802,910,-25.1129,45.0
B014,NCA_graphite,24.99,1.86,1.709,0.802,920,-25.564,45.0
B014,NCA_graphite,24.99,1.86,1.709,0.802,930,-26.0569,45.0
B014,NCA_graphite,24.99,1.86,1.709,0.802,940,-26.5179,45.0
B014,NCA_graphite,24.99,1.86,1.709,0.802,950,-26.9966,45.0
B014,NCA_graphite,24.99,1.86,1.709,0.802,960,-27.48,45.0
B014,NCA_graphite,24.99,1.86,1.709,0.802,970,-27.9649,45.0
B014,NCA_graphite,24.99,1.86,1.709,0.802,980,-28.4506,45.0
B014,NCA_graphite,24.99,1.86,1.709,0.802,990,-28.9402,45.0
B014,NCA_graphite,24.99,1.86,1.709,0.802,1000,-29.4318,45.0
B015,NCA_graphite,13.61,1.324,2.348,0.836,0,2.1884,99.988
B015,NCA_graphite,13.61,1.324,2.348,0.836,10,2.185,99.832
B015,NCA_graphite,13.61,1.324,2.348,0.836,20,2.1676,99.036
B015,NCA_graphite,13.61,1.324,2.348,0.836,30,2.1672,99.018
B015,NCA_graphite,13.61,1.324,2.348,0.836,40,2.1437,97.944
B015,NCA_graphite,13.61,1.324,2.348,0.836,50,2.147,98.096
B015,NCA_graphite,13.61,1.324,2.348,0.836,60,2.117,96.728
B015,NCA_graphite,13.61,1.324,2.348,0.836,70,2.114,96.59
B015,NCA_graphite,13.61,1.324,2.348,0.836,80,2.0882,95.408
B015,NCA_graphite,13.61,1.324,2.348,0.836,90,2.0681,94.492
B015,NCA_graphite,13.61,1.324,2.348,0.836,100,2.0599,94.119
B015,NCA_graphite,13.61,1.324,2.348,0.836,110,2.0425,93.324
B015,NCA_graphite,13.61,1.324,2.348,0.836,120,2.0283,92.672
B015,NCA_graphite,13.61,1.324,2.348,0.836,130,2.0124,91.946
B015,NCA_graphite,13.61,1.324,2.348,0.836,140,1.9875,90.811
B015,NCA_graphite,13.61,1.324,2.348,0.836,150,1.9544,89.298
B015,NCA_graphite,13.61,1.324,2.348,0.836,160,1.9445,88.843
B015,NCA_graphite,13.61,1.324,2.348,0.836,170,1.9296,88.165
B015,NCA_graphite,13.61,1.324,2.348,0.836,180,1.8951,86.587
B015,NCA_graphite,13.61,1.324,2.348,0.836,190,1.8931,86.495
B015,NCA_graphite,13.61,1.324,2.348,0.836,200,1.8573,84.861
B015,NCA_graphite,13.61,1.324,2.348,0.836,210,1.84,84.069
B015,NCA_graphite,13.61,1.324,2.348,0.836,220,1.8237,83.326
B015,NCA_graphite,13.61,1.324,2.348,0.836,230,1.7957,82.045
B015,NCA_graphite,13.61,1.324,2.348,0.836,240,1.7604,80.434
B015,NCA_graphite,13.61,1.324,2.348,0.836,250,1.735,79.271
B015,NCA_graphite,13.61,1.324,2.348,0.836,260,1.7243,78.785
B015,NCA_graphite,13.61,1.324,2.348,0.836,270,1.6808,76.798
B015,NCA_graphite,13.61,1.324,2.348,0.836,280,1.6651,76.081
B015,NCA_graphite,13.61,1.324,2.348,0.836,290,1.6475,75.273
B015,NCA_graphite,13.61,1.324,2.348,0.836,300,1.6191,73.976
B015,NCA_graphite,13.61,1.324,2.348,0.836,310,1.592,72.74
B015,NCA_graphite,13.61,1.324,2.348,0.836,320,1.5614,71.341
B015,NCA_graphite,13.61,1.324,2.348,0.836,330,1.526,69.721
B015,NCA_graphite,13.61,1.324,2.348,0.836,340,1.515,69.222
B015,NCA_graphite,13.61,1.324,2.348,0.836,350,1.4717,67.24
B015,NCA_graphite,13.61,1.324,2.348,0.836,360,1.4303,65.349
B015,NCA_graphite,13.61,1.324,2.348,0.836,370,1.425,65.107
B015,NCA_graphite,13.61,1.324,2.348,0.836,380,1.3902,63.521
B015,NCA_graphite,13.61,1.324,2.348,0.836,390,1.3614,62.203
B015,NCA_graphite,13.61,1.324,2.348,0.836,400,1.3312,60.821
B015,NCA_graphite,13.61,1.324,2.348,0.836,410,1.3036,59.563
B015,NCA_graphite,13.61,1.324,2.348,0.836,420,1.2813,58.543
B015,NCA_graphite,13.61,1.324,2.348,0.836,430,1.251,57.16
B015,NCA_graphite,13.61,1.324,2.348,0.836,440,1.2161,55.565
B015,NCA_graphite,13.61,1.324,2.348,0.836,450,1.1933,54.524
B015,NCA_graphite,13.61,1.324,2.348,0.836,460,1.1612,53.054
B015,NCA_graphite,13.61,1.324,2.348,0.836,470,1.128,51.537
B015,NCA_graphite,13.61,1.324,2.348,0.836,480,1.0804,49.363
B015,NCA_graphite,13.61,1.324,2.348,0.836,490,1.0592,48.393
B015,NCA_graphite,13.61,1.324,2.348,0.836,500,1.0372,47.389
B015,NCA_graphite,13.61,1.324,2.348,0.836,510,0.9999,45.688
B015,NCA_graphite,13.61,1.324,2.348,0.836,520,0.9667,45.0
B015,NCA_graphite,13.61,1.324,2.348,0.836,530,0.9325,45.0
B015,NCA_graphite,13.61,1.324,2.348,0.836,540,0.9083,45.0
B015,NCA_graphite,13.61,1.324,2.348,0.836,550,0.8634,45.0
B015,NCA_graphite,13.61,1.324,2.348,0.836,560,0.8549,45.0
B015,NCA_graphite,13.61,1.324,2.348,0.836,570,0.8051,45.0
B015,NCA_graphite,13.61,1.324,2.348,0.836,580,0.7761,45.0
B015,NCA_graphite,13.61,1.324,2.348,0.836,590,0.7333,45.0
B015,NCA_graphite,13.61,1.324,2.348,0.836,600,0.7019,45.0
B015,NCA_graphite,13.61,1.324,2.348,0.836,610,0.6625,45.0
B015,NCA_graphite,13.61,1.324,2.348,0.836,620,0.6459,45.0
B015,NCA_graphite,13.61,1.324,2.348,0.836,630,0.5901,45.0
B015,NCA_graphite,13.61,1.324,2.348,0.836,640,0.569,45.0
B015,NCA_graphite,13.61,1.324,2.348,0.836,650,0.5084,45.0
B015,NCA_graphite,13.61,1.324,2.348,0.836,660,0.4841,45.0
B015,NCA_graphite,13.61,1.324,2.348,0.836,670,0.4599,45.0
B015,NCA_graphite,13.61,1.324,2.348,0.836,680,0.4151,45.0
B015,NCA_graphite,13.61,1.324,2.348,0.836,690,0.3869,45.0
B015,NCA_graphite,13.61,1.324,2.348,0.836,700,0.3451,45.0
B015,NCA_graphite,13.61,1.324,2.348,0.836,710,0.2982,45.0
B015,NCA_graphite,13.61,1.324,2.348,0.836,720,0.2826,45.0
B015,NCA_graphite,13.61,1.324,2.348,0.836,730,0.2494,45.0
B015,NCA_graphite,13.61,1.324,2.348,0.836,740,0.2027,45.0
B015,NCA_graphite,13.61,1.324,2.348,0.836,750,0.1645,45.0
B015,NCA_graphite,13.61,1.324,2.348,0.836,760,0.1295,45.0
B015,NCA_graphite,13.61,1.324,2.348,0.836,770,0.086,45.0
B015,NCA_graphite,13.61,1.324,2.348,0.836,780,0.0649,45.0
B015,NCA_graphite,13.61,1.324,2.348,0.836,790,0.0169,45.0
B015,NCA_graphite,13.61,1.324,2.348,0.836,800,-0.0187,45.0
B015,NCA_graphite,13.61,1.324,2.348,0.836,810,-0.0629,45.0
B015,NCA_graphite,13.61,1.324,2.348,0.836,820,-0.1008,45.0
B015,NCA_graphite,13.61,1.324,2.348,0.836,830,-0.1423,45.0
B015,NCA_graphite,13.61,1.324,2.348,0.836,840,-0.1651,45.0
B015,NCA_graphite,13.61,1.324,2.348,0.836,850,-0.2143,45.0
B015,NCA_graphite,13.61,1.324,2.348,0.836,860,-0.2464,45.0
B015,NCA_graphite,13.61,1.324,2.348,0.836,870,-0.29,45.0
B015,NCA_graphite,13.61,1.324,2.348,0.836,880,-0.3303,45.0
B015,NCA_graphite,13.61,1.324,2.348,0.836,890,-0.3729,45.0
B015,NCA_graphite,13.61,1.324,2.348,0.836,900,-0.4101,45.0
B015,NCA_graphite,13.61,1.324,2.348,0.836,910,-0.4435,45.0
B015,NCA_graphite,13.61,1.324,2.348,0.836,920,-0.4819,45.0
B015,NCA_graphite,13.61,1.324,2.348,0.836,930,-0.5319,45.0
B015,NCA_graphite,13.61,1.324,2.348,0.836,940,-0.554,45.0
B015,NCA_graphite,13.61,1.324,2.348,0.836,950,-0.6019,45.0
B015,NCA_graphite,13.61,1.324,2.348,0.836,960,-0.6469,45.0
B015,NCA_graphite,13.61,1.324,2.348,0.836,970,-0.6918,45.0
B015,NCA_graphite,13.61,1.324,2.348,0.836,980,-0.7484,45.0
B015,NCA_graphite,13.61,1.324,2.348,0.836,990,-0.7805,45.0
B015,NCA_graphite,13.61,1.324,2.348,0.836,1000,-0.8019,45.0
B016,NMC_graphite,16.65,1.237,2.348,0.863,0,1.9794,100.245
B016,NMC_graphite,16.65,1.237,2.348,0.863,10,1.9559,99.055
B016,NMC_graphite,16.65,1.237,2.348,0.863,20,1.949,98.705
B016,NMC_graphite,16.65,1.237,2.348,0.863,30,1.9434,98.421
B016,NMC_graphite,16.65,1.237,2.348,0.863,40,1.9249,97.486
B016,NMC_graphite,16.65,1.237,2.348,0.863,50,1.8881,95.621
B016,NMC_graphite,16.65,1.237,2.348,0.863,60,1.8935,95.894
B016,NMC_graphite,16.65,1.237,2.348,0.863,70,1.8564,94.013
B016,NMC_graphite,16.65,1.237,2.348,0.863,80,1.8275,92.553
B016,NMC_graphite,16.65,1.237,2.348,0.863,90,1.8027,91.298
B016,NMC_graphite,16.65,1.237,2.348,0.863,100,1.7645,89.363
B016,NMC_graphite,16.65,1.237,2.348,0.863,110,1.737,87.97
B016,NMC_graphite,16.65,1.237,2.348,0.863,120,1.7119,86.698
B016,NMC_graphite,16.65,1.237,2.348,0.863,130,1.6749,84.825
B016,NMC_graphite,16.65,1.237,2.348,0.863,140,1.6428,83.199
B016,NMC_graphite,16.65,1.237,2.348,0.863,150,1.6044,81.252
B016,NMC_graphite,16.65,1.237,2.348,0.863,160,1.563,79.156
B016,NMC_graphite,16.65,1.237,2.348,0.863,170,1.5207,77.013
B016,NMC_graphite,16.65,1.237,2.348,0.863,180,1.5023,76.083
B016,NMC_graphite,16.65,1.237,2.348,0.863,190,1.4751,74.707
B016,NMC_graphite,16.65,1.237,2.348,0.863,200,1.4014,70.972
B016,NMC_graphite,16.65,1.237,2.348,0.863,210,1.3857,70.178
B016,NMC_graphite,16.65,1.237,2.348,0.863,220,1.3367,67.695
B016,NMC_graphite,16.65,1.237,2.348,0.863,230,1.2944,65.551
B016,NMC_graphite,16.65,1.237,2.348,0.863,240,1.2328,62.432
B016,NMC_graphite,16.65,1.237,2.348,0.863,250,1.2178,61.676
B016,NMC_graphite,16.65,1.237,2.348,0.863,260,1.1675,59.127
B016,NMC_graphite,16.65,1.237,2.348,0.863,270,1.1145,56.443
B016,NMC_graphite,16.65,1.237,2.348,0.863,280,1.0726,54.322
B016,NMC_graphite,16.65,1.237,2.348,0.863,290,1.0106,51.183
B016,NMC_graphite,16.65,1.237,2.348,0.863,300,0.9675,48.997
B016,NMC_graphite,16.65,1.237,2.348,0.863,310,0.9324,47.222
B016,NMC_graphite,16.65,1.237,2.348,0.863,320,0.8857,45.0
B016,NMC_graphite,16.65,1.237,2.348,0.863,330,0.82,45.0
B016,NMC_graphite,16.65,1.237,2.348,0.863,340,0.7728,45.0
B016,NMC_graphite,16.65,1.237,2.348,0.863,350,0.7286,45.0
B016,NMC_graphite,16.65,1.237,2.348,0.863,360,0.6705,45.0
B016,NMC_graphite,16.65,1.237,2.348,0.863,370,0.6102,45.0
B016,NMC_graphite,16.65,1.237,2.348,0.863,380,0.5671,45.0
B016,NMC_graphite,16.65,1.237,2.348,0.863,390,0.5247,45.0
B016,NMC_graphite,16.65,1.237,2.348,0.863,400,0.4685,45.0
B016,NMC_graphite,16.65,1.237,2.348,0.863,410,0.3929,45.0
B016,NMC_graphite,16.65,1.237,2.348,0.863,420,0.3513,45.0
B016,NMC_graphite,16.65,1.237,2.348,0.863,430,0.3004,45.0
B016,NMC_graphite,16.65,1.237,2.348,0.863,440,0.2262,45.0
B016,NMC_graphite,16.65,1.237,2.348,0.863,450,0.1772,45.0
B016,NMC_graphite,16.65,1.237,2.348,0.863,460,0.1157,45.0
B016,NMC_graphite,16.65,1.237,2.348,0.863,470,0.0558,45.0
B016,NMC_graphite,16.65,1.237,2.348,0.863,480,0.002,45.0
B016,NMC_graphite,16.65,1.237,2.348,0.863,490,-0.0608,45.0
B016,NMC_graphite,16.65,1.237,2.348,0.863,500,-0.1033,45.0
B016,NMC_graphite,16.65,1.237,2.348,0.863,510,-0.1745,45.0
B016,NMC_graphite,16.65,1.237,2.348,0.863,520,-0.2464,45.0
B016,NMC_graphite,16.65,1.237,2.348,0.863,530,-0.3271,45.0
B016,NMC_graphite,16.65,1.237,2.348,0.863,540,-0.3854,45.0
B016,NMC_graphite,16.65,1.237,2.348,0.863,550,-0.4297,45.0
B016,NMC_graphite,16.65,1.237,2.348,0.863,560,-0.4886,45.0
B016,NMC_graphite,16.65,1.237,2.348,0.863,570,-0.5517,45.0
B016,NMC_graphite,16.65,1.237,2.348,0.863,580,-0.6074,45.0
B016,NMC_graphite,16.65,1.237,2.348,0.863,590,-0.6833,45.0
B016,NMC_graphite,16.65,1.237,2.348,0.863,600,-0.7566,45.0
B016,NMC_graphite,16.65,1.237,2.348,0.863,610,-0.8173,45.0
B016,NMC_graphite,16.65,1.237,2.348,0.863,620,-0.8942,45.0
B016,NMC_graphite,16.65,1.237,2.348,0.863,630,-0.9431,45.0
B016,NMC_graphite,16.65,1.237,2.348,0.863,640,-1.0072,45.0
B016,NMC_graphite,16.65,1.237,2.348,0.863,650,-1.0863,45.0
B016,NMC_graphite,16.65,1.237,2.348,0.863,660,-1.1584,45.0
B016,NMC_graphite,16.65,1.237,2.348,0.863,670,-1.2245,45.0
B016,NMC_graphite,16.65,1.237,2.348,0.863,680,-1.294,45.0
B016,NMC_graphite,16.65,1.237,2.348,0.863,690,-1.3719,45.0
B016,NMC_graphite,16.65,1.237,2.348,0.863,700,-1.4386,45.0
B016,NMC_graphite,16.65,1.237,2.348,0.863,710,-1.4922,45.0
B016,NMC_graphite,16.65,1.237,2.348,0.863,720,-1.574,45.0
B016,NMC_graphite,16.65,1.237,2.348,0.863,730,-1.6432,45.0
B016,NMC_graphite,16.65,1.237,2.348,0.863,740,-1.7242,45.0
B016,NMC_graphite,16.65,1.237,2.348,0.863,750,-1.8127,45.0
B016,NMC_graphite,16.65,1.237,2.348,0.863,760,-1.843,45.0
B016,NMC_graphite,16.65,1.237,2.348,0.863,770,-1.9451,45.0
B016,NMC_graphite,16.65,1.237,2.348,0.863,780,-2.0022,45.0
B016,NMC_graphite,16.65,1.237,2.348,0.863,790,-2.0877,45.0
B016,NMC_graphite,16.65,1.237,2.348,0.863,800,-2.1452,45.0
B016,NMC_graphite,16.65,1.237,2.348,0.863,810,-2.2378,45.0
B016,NMC_graphite,16.65,1.237,2.348,0.863,820,-2.3044,45.0
B016,NMC_graphite,16.65,1.237,2.348,0.863,830,-2.3873,45.0
B016,NMC_graphite,16.65,1.237,2.348,0.863,840,-2.4621,45.0
B016,NMC_graphite,16.65,1.237,2.348,0.863,850,-2.5452,45.0
B016,NMC_graphite,16.65,1.237,2.348,0.863,860,-2.6074,45.0
B016,NMC_graphite,16.65,1.237,2.348,0.863,870,-2.6981,45.0
B016,NMC_graphite,16.65,1.237,2.348,0.863,880,-2.7743,45.0
B016,NMC_graphite,16.65,1.237,2.348,0.863,890,-2.8308,45.0
B016,NMC_graphite,16.65,1.237,2.348,0.863,900,-2.9177,45.0
B016,NMC_graphite,16.65,1.237,2.348,0.863,910,-2.9825,45.0
B016,NMC_graphite,16.65,1.237,2.348,0.863,920,-3.093,45.0
B016,NMC_graphite,16.65,1.237,2.348,0.863,930,-3.1687,45.0
B016,NMC_graphite,16.65,1.237,2.348,0.863,940,-3.2446,45.0
B016,NMC_graphite,16.65,1.237,2.348,0.863,950,-3.3353,45.0
B016,NMC_graphite,16.65,1.237,2.348,0.863,960,-3.4258,45.0
B016,NMC_graphite,16.65,1.237,2.348,0.863,970,-3.4735,45.0
B016,NMC_graphite,16.65,1.237,2.348,0.863,980,-3.5763,45.0
B016,NMC_graphite,16.65,1.237,2.348,0.863,990,-3.6573,45.0
B016,NMC_graphite,16.65,1.237,2.348,0.863,1000,-3.7326,45.0
B017,LFP_graphite,15.42,0.719,1.768,0.586,0,2.0962,100.366
B017,LFP_graphite,15.42,0.719,1.768,0.586,10,2.0947,100.293
B017,LFP_graphite,15.42,0.719,1.768,0.586,20,2.0953,100.323
B017,LFP_graphite,15.42,0.719,1.768,0.586,30,2.0796,99.569
B017,LFP_graphite,15.42,0.719,1.768,0.586,40,2.0637,98.813
B017,LFP_graphite,15.42,0.719,1.768,0.586,50,2.0667,98.952
B017,LFP_graphite,15.42,0.719,1.768,0.586,60,2.0625,98.753
B017,LFP_graphite,15.42,0.719,1.768,0.586,70,2.0506,98.184
B017,LFP_graphite,15.42,0.719,1.768,0.586,80,2.0204,96.738
B017,LFP_graphite,15.42,0.719,1.768,0.586,90,2.01,96.239
B017,LFP_graphite,15.42,0.719,1.768,0.586,100,2.0103,96.252
B017,LFP_graphite,15.42,0.719,1.768,0.586,110,1.9972,95.625
B017,LFP_graphite,15.42,0.719,1.768,0.586,120,1.9801,94.809
B017,LFP_graphite,15.42,0.719,1.768,0.586,130,1.9783,94.72
B017,LFP_graphite,15.42,0.719,1.768,0.586,140,1.9546,93.587
B017,LFP_graphite,15.42,0.719,1.768,0.586,150,1.9554,93.627
B017,LFP_graphite,15.42,0.719,1.768,0.586,160,1.9123,91.563
B017,LFP_graphite,15.42,0.719,1.768,0.586,170,1.9073,91.321
B017,LFP_graphite,15.42,0.719,1.768,0.586,180,1.8842,90.216
B017,LFP_graphite,15.42,0.719,1.768,0.586,190,1.8648,89.288
B017,LFP_graphite,15.42,0.719,1.768,0.586,200,1.8559,88.86
B017,LFP_graphite,15.42,0.719,1.768,0.586,210,1.8404,88.119
B017,LFP_graphite,15.42,0.719,1.768,0.586,220,1.8099,86.659
B017,LFP_graphite,15.42,0.719,1.768,0.586,230,1.8084,86.586
B017,LFP_graphite,15.42,0.719,1.768,0.586,240,1.7889,85.652
B017,LFP_graphite,15.42,0.719,1.768,0.586,250,1.7463,83.615
B017,LFP_graphite,15.42,0.719,1.768,0.586,260,1.7244,82.564
B017,LFP_graphite,15.42,0.719,1.768,0.586,270,1.726,82.64
B017,LFP_graphite,15.42,0.719,1.768,0.586,280,1.6925,81.038
B017,LFP_graphite,15.42,0.719,1.768,0.586,290,1.6661,79.772
B017,LFP_graphite,15.42,0.719,1.768,0.586,300,1.653,79.145
B017,LFP_graphite,15.42,0.719,1.768,0.586,310,1.6268,77.892
B017,LFP_graphite,15.42,0.719,1.768,0.586,320,1.6115,77.161
B017,LFP_graphite,15.42,0.719,1.768,0.586,330,1.5829,75.789
B017,LFP_graphite,15.42,0.719,1.768,0.586,340,1.5596,74.676
B017,LFP_graphite,15.42,0.719,1.768,0.586,350,1.5339,73.441
B017,LFP_graphite,15.42,0.719,1.768,0.586,360,1.5155,72.562
B017,LFP_graphite,15.42,0.719,1.768,0.586,370,1.4791,70.818
B017,LFP_graphite,15.42,0.719,1.768,0.586,380,1.4618,69.99
B017,LFP_graphite,15.42,0.719,1.768,0.586,390,1.4398,68.939
B017,LFP_graphite,15.42,0.719,1.768,0.586,400,1.4078,67.404
B017,LFP_graphite,15.42,0.719,1.768,0.586,410,1.3796,66.055
B017,LFP_graphite,15.42,0.719,1.768,0.586,420,1.3512,64.696
B017,LFP_graphite,15.42,0.719,1.768,0.586,430,1.3284,63.603
B017,LFP_graphite,15.42,0.719,1.768,0.586,440,1.2962,62.064
B017,LFP_graphite,15.42,0.719,1.768,0.586,450,1.2764,61.116
B017,LFP_graphite,15.42,0.719,1.768,0.586,460,1.236,59.179
B017,LFP_graphite,15.42,0.719,1.768,0.586,470,1.2094,57.905
B017,LFP_graphite,15.42,0.719,1.768,0.586,480,1.1971,57.316
B017,LFP_graphite,15.42,0.719,1.768,0.586,490,1.158,55.443
B017,LFP_graphite,15.42,0.719,1.768,0.586,500,1.136,54.391
B017,LFP_graphite,15.42,0.719,1.768,0.586,510,1.1038,52.851
B017,LFP_graphite,15.42,0.719,1.768,0.586,520,1.0646,50.972
B017,LFP_graphite,15.42,0.719,1.768,0.586,530,1.0329,49.455
B017,LFP_graphite,15.42,0.719,1.768,0.586,540,1.0134,48.52
B017,LFP_graphite,15.42,0.719,1.768,0.586,550,0.9813,46.983
B017,LFP_graphite,15.42,0.719,1.768,0.586,560,0.9415,45.078
B017,LFP_graphite,15.42,0.719,1.768,0.586,570,0.9109,45.0
B017,LFP_graphite,15.42,0.719,1.768,0.586,580,0.8805,45.0
B017,LFP_graphite,15.42,0.719,1.768,0.586,590,0.8561,45.0
B017,LFP_graphite,15.42,0.719,1.768,0.586,600,0.8206,45.0
B017,LFP_graphite,15.42,0.719,1.768,0.586,610,0.7912,45.0
B017,LFP_graphite,15.42,0.719,1.768,0.586,620,0.7515,45.0
B017,LFP_graphite,15.42,0.719,1.768,0.586,630,0.7122,45.0
B017,LFP_graphite,15.42,0.719,1.768,0.586,640,0.6842,45.0
B017,LFP_graphite,15.42,0.719,1.768,0.586,650,0.6707,45.0
B017,LFP_graphite,15.42,0.719,1.768,0.586,660,0.6163,45.0
B017,LFP_graphite,15.42,0.719,1.768,0.586,670,0.5879,45.0
B017,LFP_graphite,15.42,0.719,1.768,0.586,680,0.5582,45.0
B017,LFP_graphite,15.42,0.719,1.768,0.586,690,0.5152,45.0
B017,LFP_graphite,15.42,0.719,1.768,0.586,700,0.497,45.0
B017,LFP_graphite,15.42,0.719,1.768,0.586,710,0.4479,45.0
B017,LFP_graphite,15.42,0.719,1.768,0.586,720,0.4062,45.0
B017,LFP_graphite,15.42,0.719,1.768,0.586,730,0.3624,45.0
B017,LFP_graphite,15.42,0.719,1.768,0.586,740,0.3329,45.0
B017,LFP_graphite,15.42,0.719,1.768,0.586,750,0.2931,45.0
B017,LFP_graphite,15.42,0.719,1.768,0.586,760,0.2649,45.0
B017,LFP_graphite,15.42,0.719,1.768,0.586,770,0.2229,45.0
B017,LFP_graphite,15.42,0.719,1.768,0.586,780,0.1945,45.0
B017,LFP_graphite,15.42,0.719,1.768,0.586,790,0.1558,45.0
B017,LFP_graphite,15.42,0.719,1.768,0.586,800,0.1113,45.0
B017,LFP_graphite,15.42,0.719,1.768,0.586,810,0.0711,45.0
B017,LFP_graphite,15.42,0.719,1.768,0.586,820,0.0265,45.0
B017,LFP_graphite,15.42,0.719,1.768,0.586,830,0.0012,45.0
B017,LFP_graphite,15.42,0.719,1.768,0.586,840,-0.0319,45.0
B017,LFP_graphite,15.42,0.719,1.768,0.586,850,-0.0852,45.0
B017,LFP_graphite,15.42,0.719,1.768,0.586,860,-0.1159,45.0
B017,LFP_graphite,15.42,0.719,1.768,0.586,870,-0.1557,45.0
B017,LFP_graphite,15.42,0.719,1.768,0.586,880,-0.1999,45.0
B017,LFP_graphite,15.42,0.719,1.768,0.586,890,-0.2347,45.0
B017,LFP_graphite,15.42,0.719,1.768,0.586,900,-0.2987,45.0
B017,LFP_graphite,15.42,0.719,1.768,0.586,910,-0.3184,45.0
B017,LFP_graphite,15.42,0.719,1.768,0.586,920,-0.3612,45.0
B017,LFP_graphite,15.42,0.719,1.768,0.586,930,-0.409,45.0
B017,LFP_graphite,15.42,0.719,1.768,0.586,940,-0.4447,45.0
B017,LFP_graphite,15.42,0.719,1.768,0.586,950,-0.4857,45.0
B017,LFP_graphite,15.42,0.719,1.768,0.586,960,-0.5074,45.0
B017,LFP_graphite,15.42,0.719,1.768,0.586,970,-0.5612,45.0
B017,LFP_graphite,15.42,0.719,1.768,0.586,980,-0.6257,45.0
B017,LFP_graphite,15.42,0.719,1.768,0.586,990,-0.6567,45.0
B017,LFP_graphite,15.42,0.719,1.768,0.586,1000,-0.6885,45.0
B018,NMC_graphite,43.55,1.64,2.828,0.725,0,2.0534,99.856
B018,NMC_graphite,43.55,1.64,2.828,0.725,10,2.0089,97.692
B018,NMC_graphite,43.55,1.64,2.828,0.725,20,1.9208,93.411
B018,NMC_graphite,43.55,1.64,2.828,0.725,30,1.8368,89.326
B018,NMC_graphite,43.55,1.64,2.828,0.725,40,1.6877,82.075
B018,NMC_graphite,43.55,1.64,2.828,0.725,50,1.5561,75.675
B018,NMC_graphite,43.55,1.64,2.828,0.725,60,1.3957,67.875
B018,NMC_graphite,43.55,1.64,2.828,0.725,70,1.2018,58.446
B018,NMC_graphite,43.55,1.64,2.828,0.725,80,1.0125,49.237
B018,NMC_graphite,43.55,1.64,2.828,0.725,90,0.7823,45.0
B018,NMC_graphite,43.55,1.64,2.828,0.725,100,0.5706,45.0
B018,NMC_graphite,43.55,1.64,2.828,0.725,110,0.3251,45.0
B018,NMC_graphite,43.55,1.64,2.828,0.725,120,0.08,45.0
B018,NMC_graphite,43.55,1.64,2.828,0.725,130,-0.1886,45.0
B018,NMC_graphite,43.55,1.64,2.828,0.725,140,-0.467,45.0
B018,NMC_graphite,43.55,1.64,2.828,0.725,150,-0.7686,45.0
B018,NMC_graphite,43.55,1.64,2.828,0.725,160,-1.0527,45.0
B018,NMC_graphite,43.55,1.64,2.828,0.725,170,-1.3578,45.0
B018,NMC_graphite,43.55,1.64,2.828,0.725,180,-1.6893,45.0
B018,NMC_graphite,43.55,1.64,2.828,0.725,190,-2.0062,45.0
B018,NMC_graphite,43.55,1.64,2.828,0.725,200,-2.3575,45.0
B018,NMC_graphite,43.55,1.64,2.828,0.725,210,-2.7018,45.0
B018,NMC_graphite,43.55,1.64,2.828,0.725,220,-3.0647,45.0
B018,NMC_graphite,43.55,1.64,2.828,0.725,230,-3.4183,45.0
B018,NMC_graphite,43.55,1.64,2.828,0.725,240,-3.8045,45.0
B018,NMC_graphite,43.55,1.64,2.828,0.725,250,-4.1995,45.0
B018,NMC_graphite,43.55,1.64,2.828,0.725,260,-4.5856,45.0
B018,NMC_graphite,43.55,1.64,2.828,0.725,270,-4.9958,45.0
B018,NMC_graphite,43.55,1.64,2.828,0.725,280,-5.4032,45.0
B018,NMC_graphite,43.55,1.64,2.828,0.725,290,-5.8319,45.0
B018,NMC_graphite,43.55,1.64,2.828,0.725,300,-6.271,45.0
B018,NMC_graphite,43.55,1.64,2.828,0.725,310,-6.6752,45.0
B018,NMC_graphite,43.55,1.64,2.828,0.725,320,-7.1522,45.0
B018,NMC_graphite,43.55,1.64,2.828,0.725,330,-7.6003,45.0
B018,NMC_graphite,43.55,1.64,2.828,0.725,340,-8.0801,45.0
B018,NMC_graphite,43.55,1.64,2.828,0.725,350,-8.5417,45.0
B018,NMC_graphite,43.55,1.64,2.828,0.725,360,-9.0132,45.0
B018,NMC_graphite,43.55,1.64,2.828,0.725,370,-9.4995,45.0
B018,NMC_graphite,43.55,1.64,2.828,0.725,380,-9.9948,45.0
B018,NMC_graphite,43.55,1.64,2.828,0.725,390,-10.4927,45.0
B018,NMC_graphite,43.55,1.64,2.828,0.725,400,-10.9946,45.0
B018,NMC_graphite,43.55,1.64,2.828,0.725,410,-11.511,45.0
B018,NMC_graphite,43.55,1.64,2.828,0.725,420,-12.027,45.0
B018,NMC_graphite,43.55,1.64,2.828,0.725,430,-12.5665,45.0
B018,NMC_graphite,43.55,1.64,2.828,0.725,440,-13.0961,45.0
B018,NMC_graphite,43.55,1.64,2.828,0.725,450,-13.6456,45.0
B018,NMC_graphite,43.55,1.64,2.828,0.725,460,-14.1865,45.0
B018,NMC_graphite,43.55,1.64,2.828,0.725,470,-14.7654,45.0
B018,NMC_graphite,43.55,1.64,2.828,0.725,480,-15.3155,45.0
B018,NMC_graphite,43.55,1.64,2.828,0.725,490,-15.8741,45.0
B018,NMC_graphite,43.55,1.64,2.828,0.725,500,-16.4343,45.0
B018,NMC_graphite,43.55,1.64,2.828,0.725,510,-17.0448,45.0
B018,NMC_graphite,43.55,1.64,2.828,0.725,520,-17.637,45.0
B018,NMC_graphite,43.55,1.64,2.828,0.725,530,-18.2432,45.0
B018,NMC_graphite,43.55,1.64,2.828,0.725,540,-18.83,45.0
B018,NMC_graphite,43.55,1.64,2.828,0.725,550,-19.4375,45.0
B018,NMC_graphite,43.55,1.64,2.828,0.725,560,-20.0518,45.0
B018,NMC_graphite,43.55,1.64,2.828,0.725,570,-20.6876,45.0
B018,NMC_graphite,43.55,1.64,2.828,0.725,580,-21.3212,45.0
B018,NMC_graphite,43.55,1.64,2.828,0.725,590,-21.9709,45.0
B018,NMC_graphite,43.55,1.64,2.828,0.725,600,-22.5993,45.0
B018,NMC_graphite,43.55,1.64,2.828,0.725,610,-23.2362,45.0
B018,NMC_graphite,43.55,1.64,2.828,0.725,620,-23.8809,45.0
B018,NMC_graphite,43.55,1.64,2.828,0.725,630,-24.5557,45.0
B018,NMC_graphite,43.55,1.64,2.828,0.725,640,-25.2076,45.0
B018,NMC_graphite,43.55,1.64,2.828,0.725,650,-25.8892,45.0
B018,NMC_graphite,43.55,1.64,2.828,0.725,660,-26.5628,45.0
B018,NMC_graphite,43.55,1.64,2.828,0.725,670,-27.2467,45.0
B018,NMC_graphite,43.55,1.64,2.828,0.725,680,-27.9424,45.0
B018,NMC_graphite,43.55,1.64,2.828,0.725,690,-28.6342,45.0
B018,NMC_graphite,43.55,1.64,2.828,0.725,700,-29.3412,45.0
B018,NMC_graphite,43.55,1.64,2.828,0.725,710,-30.0176,45.0
B018,NMC_graphite,43.55,1.64,2.828,0.725,720,-30.7441,45.0
B018,NMC_graphite,43.55,1.64,2.828,0.725,730,-31.4658,45.0
B018,NMC_graphite,43.55,1.64,2.828,0.725,740,-32.1761,45.0
B018,NMC_graphite,43.55,1.64,2.828,0.725,750,-32.8975,45.0
B018,NMC_graphite,43.55,1.64,2.828,0.725,760,-33.6314,45.0
B018,NMC_graphite,43.55,1.64,2.828,0.725,770,-34.3859,45.0
B018,NMC_graphite,43.55,1.64,2.828,0.725,780,-35.1297,45.0
B018,NMC_graphite,43.55,1.64,2.828,0.725,790,-35.8753,45.0
B018,NMC_graphite,43.55,1.64,2.828,0.725,800,-36.639,45.0
B018,NMC_graphite,43.55,1.64,2.828,0.725,810,-37.3968,45.0
B018,NMC_graphite,43.55,1.64,2.828,0.725,820,-38.1606,45.0
B018,NMC_graphite,43.55,1.64,2.828,0.725,830,-38.9545,45.0
B018,NMC_graphite,43.55,1.64,2.828,0.725,840,-39.7161,45.0
B018,NMC_graphite,43.55,1.64,2.828,0.725,850,-40.4822,45.0
B018,NMC_graphite,43.55,1.64,2.828,0.725,860,-41.2731,45.0
B018,NMC_graphite,43.55,1.64,2.828,0.725,870,-42.0758,45.0
B018,NMC_graphite,43.55,1.64,2.828,0.725,880,-42.8641,45.0
B018,NMC_graphite,43.55,1.64,2.828,0.725,890,-43.6728,45.0
B018,NMC_graphite,43.55,1.64,2.828,0.725,900,-44.4874,45.0
B018,NMC_graphite,43.55,1.64,2.828,0.725,910,-45.2923,45.0
B018,NMC_graphite,43.55,1.64,2.828,0.725,920,-46.1112,45.0
B018,NMC_graphite,43.55,1.64,2.828,0.725,930,-46.94,45.0
B018,NMC_graphite,43.55,1.64,2.828,0.725,940,-47.7672,45.0
B018,NMC_graphite,43.55,1.64,2.828,0.725,950,-48.5789,45.0
B018,NMC_graphite,43.55,1.64,2.828,0.725,960,-49.4209,45.0
B018,NMC_graphite,43.55,1.64,2.828,0.725,970,-50.2663,45.0
B018,NMC_graphite,43.55,1.64,2.828,0.725,980,-51.1272,45.0
B018,NMC_graphite,43.55,1.64,2.828,0.725,990,-51.9894,45.0
B018,NMC_graphite,43.55,1.64,2.828,0.725,1000,-52.8365,45.0
B019,LFP_graphite,44.71,1.454,2.947,0.587,0,2.0515,99.311
B019,LFP_graphite,44.71,1.454,2.947,0.587,10,2.0507,99.276
B019,LFP_graphite,44.71,1.454,2.947,0.587,20,2.0351,98.519
B019,LFP_graphite,44.71,1.454,2.947,0.587,30,2.0121,97.405
B019,LFP_graphite,44.71,1.454,2.947,0.587,40,1.9966,96.657
B019,LFP_graphite,44.71,1.454,2.947,0.587,50,1.9665,95.2
B019,LFP_graphite,44.71,1.454,2.947,0.587,60,1.9376,93.8
B019,LFP_graphite,44.71,1.454,2.947,0.587,70,1.902,92.075
B019,LFP_graphite,44.71,1.454,2.947,0.587,80,1.8814,91.08
B019,LFP_graphite,44.71,1.454,2.947,0.587,90,1.8496,89.539
B019,LFP_graphite,44.71,1.454,2.947,0.587,100,1.8244,88.322
B019,LFP_graphite,44.71,1.454,2.947,0.587,110,1.7775,86.047
B019,LFP_graphite,44.71,1.454,2.947,0.587,120,1.7357,84.026
B019,LFP_graphite,44.71,1.454,2.947,0.587,130,1.6898,81.804
B019,LFP_graphite,44.71,1.454,2.947,0.587,140,1.6817,81.409
B019,LFP_graphite,44.71,1.454,2.947,0.587,150,1.6304,78.928
B019,LFP_graphite,44.71,1.454,2.947,0.587,160,1.603,77.601
B019,LFP_graphite,44.71,1.454,2.947,0.587,170,1.5633,75.681
B019,LFP_graphite,44.71,1.454,2.947,0.587,180,1.5161,73.396
B019,LFP_graphite,44.71,1.454,2.947,0.587,190,1.4559,70.481
B019,LFP_graphite,44.71,1.454,2.947,0.587,200,1.441,69.761
B019,LFP_graphite,44.71,1.454,2.947,0.587,210,1.381,66.855
B019,LFP_graphite,44.71,1.454,2.947,0.587,220,1.3436,65.043
B019,LFP_graphite,44.71,1.454,2.947,0.587,230,1.3098,63.407
B019,LFP_graphite,44.71,1.454,2.947,0.587,240,1.258,60.898
B019,LFP_graphite,44.71,1.454,2.947,0.587,250,1.2267,59.385
B019,LFP_graphite,44.71,1.454,2.947,0.587,260,1.167,56.495
B019,LFP_graphite,44.71,1.454,2.947,0.587,270,1.1218,54.309
B019,LFP_graphite,44.71,1.454,2.947,0.587,280,1.0655,51.583
B019,LFP_graphite,44.71,1.454,2.947,0.587,290,1.0205,49.401
B019,LFP_graphite,44.71,1.454,2.947,0.587,300,0.9956,48.198
B019,LFP_graphite,44.71,1.454,2.947,0.587,310,0.9487,45.927
B019,LFP_graphite,44.71,1.454,2.947,0.587,320,0.9,45.0
B019,LFP_graphite,44.71,1.454,2.947,0.587,330,0.8479,45.0
B019,LFP_graphite,44.71,1.454,2.947,0.587,340,0.7952,45.0
B019,LFP_graphite,44.71,1.454,2.947,0.587,350,0.7281,45.0
B019,LFP_graphite,44.71,1.454,2.947,0.587,360,0.6916,45.0
B019,LFP_graphite,44.71,1.454,2.947,0.587,370,0.6494,45.0
B019,LFP_graphite,44.71,1.454,2.947,0.587,380,0.5893,45.0
B019,LFP_graphite,44.71,1.454,2.947,0.587,390,0.5347,45.0
B019,LFP_graphite,44.71,1.454,2.947,0.587,400,0.4837,45.0
B019,LFP_graphite,44.71,1.454,2.947,0.587,410,0.4207,45.0
B019,LFP_graphite,44.71,1.454,2.947,0.587,420,0.3665,45.0
B019,LFP_graphite,44.71,1.454,2.947,0.587,430,0.3117,45.0
B019,LFP_graphite,44.71,1.454,2.947,0.587,440,0.2777,45.0
B019,LFP_graphite,44.71,1.454,2.947,0.587,450,0.2275,45.0
B019,LFP_graphite,44.71,1.454,2.947,0.587,460,0.159,45.0
B019,LFP_graphite,44.71,1.454,2.947,0.587,470,0.1069,45.0
B019,LFP_graphite,44.71,1.454,2.947,0.587,480,0.049,45.0
B019,LFP_graphite,44.71,1.454,2.947,0.587,490,0.0072,45.0
B019,LFP_graphite,44.71,1.454,2.947,0.587,500,-0.059,45.0
B019,LFP_graphite,44.71,1.454,2.947,0.587,510,-0.138,45.0
B019,LFP_graphite,44.71,1.454,2.947,0.587,520,-0.1712,45.0
B019,LFP_graphite,44.71,1.454,2.947,0.587,530,-0.2261,45.0
B019,LFP_graphite,44.71,1.454,2.947,0.587,540,-0.2871,45.0
B019,LFP_graphite,44.71,1.454,2.947,0.587,550,-0.3254,45.0
B019,LFP_graphite,44.71,1.454,2.947,0.587,560,-0.4049,45.0
B019,LFP_graphite,44.71,1.454,2.947,0.587,570,-0.4596,45.0
B019,LFP_graphite,44.71,1.454,2.947,0.587,580,-0.5127,45.0
B019,LFP_graphite,44.71,1.454,2.947,0.587,590,-0.5712,45.0
B019,LFP_graphite,44.71,1.454,2.947,0.587,600,-0.6239,45.0
B019,LFP_graphite,44.71,1.454,2.947,0.587,610,-0.7036,45.0
B019,LFP_graphite,44.71,1.454,2.947,0.587,620,-0.7514,45.0
B019,LFP_graphite,44.71,1.454,2.947,0.587,630,-0.8089,45.0
B019,LFP_graphite,44.71,1.454,2.947,0.587,640,-0.8798,45.0
B019,LFP_graphite,44.71,1.454,2.947,0.587,650,-0.9395,45.0
B019,LFP_graphite,44.71,1.454,2.947,0.587,660,-1.011,45.0
B019,LFP_graphite,44.71,1.454,2.947,0.587,670,-1.067,45.0
B019,LFP_graphite,44.71,1.454,2.947,0.587,680,-1.1262,45.0
B019,LFP_graphite,44.71,1.454,2.947,0.587,690,-1.1877,45.0
B019,LFP_graphite,44.71,1.454,2.947,0.587,700,-1.2541,45.0
B019,LFP_graphite,44.71,1.454,2.947,0.587,710,-1.3172,45.0
B019,LFP_graphite,44.71,1.454,2.947,0.587,720,-1.3739,45.0
B019,LFP_graphite,44.71,1.454,2.947,0.587,730,-1.438,45.0
B019,LFP_graphite,44.71,1.454,2.947,0.587,740,-1.4902,45.0
B019,LFP_graphite,44.71,1.454,2.947,0.587,750,-1.5582,45.0
B019,LFP_graphite,44.71,1.454,2.947,0.587,760,-1.6191,45.0
B019,LFP_graphite,44.71,1.454,2.947,0.587,770,-1.6912,45.0
B019,LFP_graphite,44.71,1.454,2.947,0.587,780,-1.7659,45.0
B019,LFP_graphite,44.71,1.454,2.947,0.587,790,-1.8077,45.0
B019,LFP_graphite,44.71,1.454,2.947,0.587,800,-1.8766,45.0
B019,LFP_graphite,44.71,1.454,2.947,0.587,810,-1.9508,45.0
B019,LFP_graphite,44.71,1.454,2.947,0.587,820,-2.0263,45.0
B019,LFP_graphite,44.71,1.454,2.947,0.587,830,-2.0705,45.0
B019,LFP_graphite,44.71,1.454,2.947,0.587,840,-2.1433,45.0
B019,LFP_graphite,44.71,1.454,2.947,0.587,850,-2.2143,45.0
B019,LFP_graphite,44.71,1.454,2.947,0.587,860,-2.2835,45.0
B019,LFP_graphite,44.71,1.454,2.947,0.587,870,-2.3346,45.0
B019,LFP_graphite,44.71,1.454,2.947,0.587,880,-2.4132,45.0
B019,LFP_graphite,44.71,1.454,2.947,0.587,890,-2.472,45.0
B019,LFP_graphite,44.71,1.454,2.947,0.587,900,-2.5449,45.0
B019,LFP_graphite,44.71,1.454,2.947,0.587,910,-2.6132,45.0
B019,LFP_graphite,44.71,1.454,2.947,0.587,920,-2.6865,45.0
B019,LFP_graphite,44.71,1.454,2.947,0.587,930,-2.7345,45.0
B019,LFP_graphite,44.71,1.454,2.947,0.587,940,-2.82,45.0
B019,LFP_graphite,44.71,1.454,2.947,0.587,950,-2.8954,45.0
B019,LFP_graphite,44.71,1.454,2.947,0.587,960,-2.9651,45.0
B019,LFP_graphite,44.71,1.454,2.947,0.587,970,-3.0183,45.0
B019,LFP_graphite,44.71,1.454,2.947,0.587,980,-3.1011,45.0
B019,LFP_graphite,44.71,1.454,2.947,0.587,990,-3.1541,45.0
B019,LFP_graphite,44.71,1.454,2.947,0.587,1000,-3.233,45.0
B020,NMC_graphite,33.83,0.963,1.21,0.652,0,1.9393,99.669
B020,NMC_graphite,33.83,0.963,1.21,0.652,10,1.9423,99.819
B020,NMC_graphite,33.83,0.963,1.21,0.652,20,1.9197,98.661
B020,NMC_graphite,33.83,0.963,1.21,0.652,30,1.9262,98.992
B020,NMC_graphite,33.83,0.963,1.21,0.652,40,1.904,97.853
B020,NMC_graphite,33.83,0.963,1.21,0.652,50,1.8769,96.461
B020,NMC_graphite,33.83,0.963,1.21,0.652,60,1.8544,95.301
B020,NMC_graphite,33.83,0.963,1.21,0.652,70,1.838,94.458
B020,NMC_graphite,33.83,0.963,1.21,0.652,80,1.8196,93.516
B020,NMC_graphite,33.83,0.963,1.21,0.652,90,1.8121,93.127
B020,NMC_graphite,33.83,0.963,1.21,0.652,100,1.7598,90.441
B020,NMC_graphite,33.83,0.963,1.21,0.652,110,1.7548,90.185
B020,NMC_graphite,33.83,0.963,1.21,0.652,120,1.7389,89.367
B020,NMC_graphite,33.83,0.963,1.21,0.652,130,1.7168,88.232
B020,NMC_graphite,33.83,0.963,1.21,0.652,140,1.6974,87.236
B020,NMC_graphite,33.83,0.963,1.21,0.652,150,1.6699,85.822
B020,NMC_graphite,33.83,0.963,1.21,0.652,160,1.6546,85.036
B020,NMC_graphite,33.83,0.963,1.21,0.652,170,1.6032,82.395
B020,NMC_graphite,33.83,0.963,1.21,0.652,180,1.6005,82.256
B020,NMC_graphite,33.83,0.963,1.21,0.652,190,1.5492,79.62
B020,NMC_graphite,33.83,0.963,1.21,0.652,200,1.5324,78.756
B020,NMC_graphite,33.83,0.963,1.21,0.652,210,1.5008,77.132
B020,NMC_graphite,33.83,0.963,1.21,0.652,220,1.4703,75.563
B020,NMC_graphite,33.83,0.963,1.21,0.652,230,1.4555,74.803
B020,NMC_graphite,33.83,0.963,1.21,0.652,240,1.4208,73.018
B020,NMC_graphite,33.83,0.963,1.21,0.652,250,1.3956,71.722
B020,NMC_graphite,33.83,0.963,1.21,0.652,260,1.3618,69.988
B020,NMC_graphite,33.83,0.963,1.21,0.652,270,1.3359,68.656
B020,NMC_graphite,33.83,0.963,1.21,0.652,280,1.29,66.298
B020,NMC_graphite,33.83,0.963,1.21,0.652,290,1.2612,64.817
B020,NMC_graphite,33.83,0.963,1.21,0.652,300,1.2291,63.165
B020,NMC_graphite,33.83,0.963,1.21,0.652,310,1.2019,61.767
B020,NMC_graphite,33.83,0.963,1.21,0.652,320,1.1719,60.226
B020,NMC_graphite,33.83,0.963,1.21,0.652,330,1.1292,58.031
B020,NMC_graphite,33.83,0.963,1.21,0.652,340,1.1015,56.612
B020,NMC_graphite,33.83,0.963,1.21,0.652,350,1.0581,54.381
B020,NMC_graphite,33.83,0.963,1.21,0.652,360,1.0192,52.379
B020,NMC_graphite,33.83,0.963,1.21,0.652,370,0.9937,51.069
B020,NMC_graphite,33.83,0.963,1.21,0.652,380,0.9642,49.554
B020,NMC_graphite,33.83,0.963,1.21,0.652,390,0.9253,47.556
B020,NMC_graphite,33.83,0.963,1.21,0.652,400,0.8799,45.221
B020,NMC_graphite,33.83,0.963,1.21,0.652,410,0.8626,45.0
B020,NMC_graphite,33.83,0.963,1.21,0.652,420,0.8157,45.0
B020,NMC_graphite,33.83,0.963,1.21,0.652,430,0.7949,45.0
B020,NMC_graphite,33.83,0.963,1.21,0.652,440,0.7465,45.0
B020,NMC_graphite,33.83,0.963,1.21,0.652,450,0.7132,45.0
B020,NMC_graphite,33.83,0.963,1.21,0.652,460,0.6869,45.0
B020,NMC_graphite,33.83,0.963,1.21,0.652,470,0.6481,45.0
B020,NMC_graphite,33.83,0.963,1.21,0.652,480,0.6113,45.0
B020,NMC_graphite,33.83,0.963,1.21,0.652,490,0.5608,45.0
B020,NMC_graphite,33.83,0.963,1.21,0.652,500,0.5271,45.0
B020,NMC_graphite,33.83,0.963,1.21,0.652,510,0.4972,45.0
B020,NMC_graphite,33.83,0.963,1.21,0.652,520,0.4513,45.0
B020,NMC_graphite,33.83,0.963,1.21,0.652,530,0.4092,45.0
B020,NMC_graphite,33.83,0.963,1.21,0.652,540,0.3617,45.0
B020,NMC_graphite,33.83,0.963,1.21,0.652,550,0.3301,45.0
B020,NMC_graphite,33.83,0.963,1.21,0.652,560,0.2942,45.0
B020,NMC_graphite,33.83,0.963,1.21,0.652,570,0.2528,45.0
B020,NMC_graphite,33.83,0.963,1.21,0.652,580,0.2061,45.0
B020,NMC_graphite,33.83,0.963,1.21,0.652,590,0.1661,45.0
B020,NMC_graphite,33.83,0.963,1.21,0.652,600,0.1232,45.0
B020,NMC_graphite,33.83,0.963,1.21,0.652,610,0.0925,45.0
B020,NMC_graphite,33.83,0.963,1.21,0.652,620,0.059,45.0
B020,NMC_graphite,33.83,0.963,1.21,0.652,630,0.0245,45.0
B020,NMC_graphite,33.83,0.963,1.21,0.652,640,-0.0347,45.0
B020,NMC_graphite,33.83,0.963,1.21,0.652,650,-0.0786,45.0
B020,NMC_graphite,33.83,0.963,1.21,0.652,660,-0.1113,45.0
B020,NMC_graphite,33.83,0.963,1.21,0.652,670,-0.1582,45.0
B020,NMC_graphite,33.83,0.963,1.21,0.652,680,-0.1869,45.0
B020,NMC_graphite,33.83,0.963,1.21,0.652,690,-0.2488,45.0
B020,NMC_graphite,33.83,0.963,1.21,0.652,700,-0.2789,45.0
B020,NMC_graphite,33.83,0.963,1.21,0.652,710,-0.343,45.0
B020,NMC_graphite,33.83,0.963,1.21,0.652,720,-0.365,45.0
B020,NMC_graphite,33.83,0.963,1.21,0.652,730,-0.4256,45.0
B020,NMC_graphite,33.83,0.963,1.21,0.652,740,-0.48,45.0
B020,NMC_graphite,33.83,0.963,1.21,0.652,750,-0.5117,45.0
B020,NMC_graphite,33.83,0.963,1.21,0.652,760,-0.5523,45.0
B020,NMC_graphite,33.83,0.963,1.21,0.652,770,-0.5939,45.0
B020,NMC_graphite,33.83,0.963,1.21,0.652,780,-0.6362,45.0
B020,NMC_graphite,33.83,0.963,1.21,0.652,790,-0.6852,45.0
B020,NMC_graphite,33.83,0.963,1.21,0.652,800,-0.7313,45.0
B020,NMC_graphite,33.83,0.963,1.21,0.652,810,-0.7771,45.0
B020,NMC_graphite,33.83,0.963,1.21,0.652,820,-0.8186,45.0
B020,NMC_graphite,33.83,0.963,1.21,0.652,830,-0.8704,45.0
B020,NMC_graphite,33.83,0.963,1.21,0.652,840,-0.8987,45.0
B020,NMC_graphite,33.83,0.963,1.21,0.652,850,-0.9644,45.0
B020,NMC_graphite,33.83,0.963,1.21,0.652,860,-1.0079,45.0
B020,NMC_graphite,33.83,0.963,1.21,0.652,870,-1.0507,45.0
B020,NMC_graphite,33.83,0.963,1.21,0.652,880,-1.1163,45.0
B020,NMC_graphite,33.83,0.963,1.21,0.652,890,-1.1329,45.0
B020,NMC_graphite,33.83,0.963,1.21,0.652,900,-1.1991,45.0
B020,NMC_graphite,33.83,0.963,1.21,0.652,910,-1.2355,45.0
B020,NMC_graphite,33.83,0.963,1.21,0.652,920,-1.2938,45.0
B020,NMC_graphite,33.83,0.963,1.21,0.652,930,-1.3196,45.0
B020,NMC_graphite,33.83,0.963,1.21,0.652,940,-1.3673,45.0
B020,NMC_graphite,33.83,0.963,1.21,0.652,950,-1.4359,45.0
B020,NMC_graphite,33.83,0.963,1.21,0.652,960,-1.4737,45.0
B020,NMC_graphite,33.83,0.963,1.21,0.652,970,-1.5206,45.0
B020,NMC_graphite,33.83,0.963,1.21,0.652,980,-1.5713,45.0
B020,NMC_graphite,33.83,0.963,1.21,0.652,990,-1.6279,45.0
B020,NMC_graphite,33.83,0.963,1.21,0.652,1000,-1.6641,45.0
B021,LFP_graphite,33.95,1.788,2.802,0.641,0,2.1299,100.874
B021,LFP_graphite,33.95,1.788,2.802,0.641,10,2.0978,99.353
B021,LFP_graphite,33.95,1.788,2.802,0.641,20,2.0666,97.874
B021,LFP_graphite,33.95,1.788,2.802,0.641,30,2.0506,97.115
B021,LFP_graphite,33.95,1.788,2.802,0.641,40,2.0209,95.709
B021,LFP_graphite,33.95,1.788,2.802,0.641,50,1.9994,94.69
B021,LFP_graphite,33.95,1.788,2.802,0.641,60,1.9683,93.218
B021,LFP_graphite,33.95,1.788,2.802,0.641,70,1.9314,91.471
B021,LFP_graphite,33.95,1.788,2.802,0.641,80,1.8792,89.001
B021,LFP_graphite,33.95,1.788,2.802,0.641,90,1.8503,87.631
B021,LFP_graphite,33.95,1.788,2.802,0.641,100,1.8061,85.538
B021,LFP_graphite,33.95,1.788,2.802,0.641,110,1.756,83.164
B021,LFP_graphite,33.95,1.788,2.802,0.641,120,1.7071,80.849
B021,LFP_graphite,33.95,1.788,2.802,0.641,130,1.644,77.86
B021,LFP_graphite,33.95,1.788,2.802,0.641,140,1.6156,76.514
B021,LFP_graphite,33.95,1.788,2.802,0.641,150,1.5539,73.592
B021,LFP_graphite,33.95,1.788,2.802,0.641,160,1.5129,71.652
B021,LFP_graphite,33.95,1.788,2.802,0.641,170,1.4475,68.553
B021,LFP_graphite,33.95,1.788,2.802,0.641,180,1.4125,66.896
B021,LFP_graphite,33.95,1.788,2.802,0.641,190,1.3513,63.998
B021,LFP_graphite,33.95,1.788,2.802,0.641,200,1.2879,60.994
B021,LFP_graphite,33.95,1.788,2.802,0.641,210,1.2334,58.416
B021,LFP_graphite,33.95,1.788,2.802,0.641,220,1.1881,56.266
B021,LFP_graphite,33.95,1.788,2.802,0.641,230,1.1317,53.598
B021,LFP_graphite,33.95,1.788,2.802,0.641,240,1.0689,50.621
B021,LFP_graphite,33.95,1.788,2.802,0.641,250,0.9972,47.229
B021,LFP_graphite,33.95,1.788,2.802,0.641,260,0.9403,45.0
B021,LFP_graphite,33.95,1.788,2.802,0.641,270,0.877,45.0
B021,LFP_graphite,33.95,1.788,2.802,0.641,280,0.8146,45.0
B021,LFP_graphite,33.95,1.788,2.802,0.641,290,0.7572,45.0
B021,LFP_graphite,33.95,1.788,2.802,0.641,300,0.6806,45.0
B021,LFP_graphite,33.95,1.788,2.802,0.641,310,0.6308,45.0
B021,LFP_graphite,33.95,1.788,2.802,0.641,320,0.5513,45.0
B021,LFP_graphite,33.95,1.788,2.802,0.641,330,0.48,45.0
B021,LFP_graphite,33.95,1.788,2.802,0.641,340,0.4317,45.0
B021,LFP_graphite,33.95,1.788,2.802,0.641,350,0.3602,45.0
B021,LFP_graphite,33.95,1.788,2.802,0.641,360,0.2893,45.0
B021,LFP_graphite,33.95,1.788,2.802,0.641,370,0.1988,45.0
B021,LFP_graphite,33.95,1.788,2.802,0.641,380,0.1334,45.0
B021,LFP_graphite,33.95,1.788,2.802,0.641,390,0.0619,45.0
B021,LFP_graphite,33.95,1.788,2.802,0.641,400,-0.0055,45.0
B021,LFP_graphite,33.95,1.788,2.802,0.641,410,-0.0849,45.0
B021,LFP_graphite,33.95,1.788,2.802,0.641,420,-0.152,45.0
B021,LFP_graphite,33.95,1.788,2.802,0.641,430,-0.241,45.0
B021,LFP_graphite,33.95,1.788,2.802,0.641,440,-0.3113,45.0
B021,LFP_graphite,33.95,1.788,2.802,0.641,450,-0.3827,45.0
B021,LFP_graphite,33.95,1.788,2.802,0.641,460,-0.4467,45.0
B021,LFP_graphite,33.95,1.788,2.802,0.641,470,-0.5311,45.0
B021,LFP_graphite,33.95,1.788,2.802,0.641,480,-0.6187,45.0
B021,LFP_graphite,33.95,1.788,2.802,0.641,490,-0.7091,45.0
B021,LFP_graphite,33.95,1.788,2.802,0.641,500,-0.7765,45.0
B021,LFP_graphite,33.95,1.788,2.802,0.641,510,-0.8517,45.0
B021,LFP_graphite,33.95,1.788,2.802,0.641,520,-0.9245,45.0
B021,LFP_graphite,33.95,1.788,2.802,0.641,530,-1.0218,45.0
B021,LFP_graphite,33.95,1.788,2.802,0.641,540,-1.0864,45.0
B021,LFP_graphite,33.95,1.788,2.802,0.641,550,-1.1846,45.0
B021,LFP_graphite,33.95,1.788,2.802,0.641,560,-1.2507,45.0
B021,LFP_graphite,33.95,1.788,2.802,0.641,570,-1.3277,45.0
B021,LFP_graphite,33.95,1.788,2.802,0.641,580,-1.4099,45.0
B021,LFP_graphite,33.95,1.788,2.802,0.641,590,-1.5124,45.0
B021,LFP_graphite,33.95,1.788,2.802,0.641,600,-1.5989,45.0
B021,LFP_graphite,33.95,1.788,2.802,0.641,610,-1.6831,45.0
B021,LFP_graphite,33.95,1.788,2.802,0.641,620,-1.7679,45.0
B021,LFP_graphite,33.95,1.788,2.802,0.641,630,-1.8616,45.0
B021,LFP_graphite,33.95,1.788,2.802,0.641,640,-1.941,45.0
B021,LFP_graphite,33.95,1.788,2.802,0.641,650,-2.0181,45.0
B021,LFP_graphite,33.95,1.788,2.802,0.641,660,-2.1156,45.0
B021,LFP_graphite,33.95,1.788,2.802,0.641,670,-2.2014,45.0
B021,LFP_graphite,33.95,1.788,2.802,0.641,680,-2.2952,45.0
B021,LFP_graphite,33.95,1.788,2.802,0.641,690,-2.3748,45.0
B021,LFP_graphite,33.95,1.788,2.802,0.641,700,-2.4768,45.0
B021,LFP_graphite,33.95,1.788,2.802,0.641,710,-2.557,45.0
B021,LFP_graphite,33.95,1.788,2.802,0.641,720,-2.6409,45.0
B021,LFP_graphite,33.95,1.788,2.802,0.641,730,-2.7408,45.0
B021,LFP_graphite,33.95,1.788,2.802,0.641,740,-2.8415,45.0
B021,LFP_graphite,33.95,1.788,2.802,0.641,750,-2.9272,45.0
B021,LFP_graphite,33.95,1.788,2.802,0.641,760,-3.0251,45.0
B021,LFP_graphite,33.95,1.788,2.802,0.641,770,-3.1328,45.0
B021,LFP_graphite,33.95,1.788,2.802,0.641,780,-3.2221,45.0
B021,LFP_graphite,33.95,1.788,2.802,0.641,790,-3.3042,45.0
B021,LFP_graphite,33.95,1.788,2.802,0.641,800,-3.3982,45.0
B021,LFP_graphite,33.95,1.788,2.802,0.641,810,-3.5051,45.0
B021,LFP_graphite,33.95,1.788,2.802,0.641,820,-3.5885,45.0
B021,LFP_graphite,33.95,1.788,2.802,0.641,830,-3.6863,45.0
B021,LFP_graphite,33.95,1.788,2.802,0.641,840,-3.7851,45.0
B021,LFP_graphite,33.95,1.788,2.802,0.641,850,-3.8773,45.0
B021,LFP_graphite,33.95,1.788,2.802,0.641,860,-3.9826,45.0
B021,LFP_graphite,33.95,1.788,2.802,0.641,870,-4.0733,45.0
B021,LFP_graphite,33.95,1.788,2.802,0.641,880,-4.1815,45.0
B021,LFP_graphite,33.95,1.788,2.802,0.641,890,-4.2808,45.0
B021,LFP_graphite,33.95,1.788,2.802,0.641,900,-4.3848,45.0
B021,LFP_graphite,33.95,1.788,2.802,0.641,910,-4.4737,45.0
B021,LFP_graphite,33.95,1.788,2.802,0.641,920,-4.5681,45.0
B021,LFP_graphite,33.95,1.788,2.802,0.641,930,-4.6531,45.0
B021,LFP_graphite,33.95,1.788,2.802,0.641,940,-4.7675,45.0
B021,LFP_graphite,33.95,1.788,2.802,0.641,950,-4.876,45.0
B021,LFP_graphite,33.95,1.788,2.802,0.641,960,-4.9806,45.0
B021,LFP_graphite,33.95,1.788,2.802,0.641,970,-5.0896,45.0
B021,LFP_graphite,33.95,1.788,2.802,0.641,980,-5.1781,45.0
B021,LFP_graphite,33.95,1.788,2.802,0.641,990,-5.2958,45.0
B021,LFP_graphite,33.95,1.788,2.802,0.641,1000,-5.391,45.0
B022,NCA_graphite,12.22,1.842,1.599,0.97,0,1.9898,100.328
B022,NCA_graphite,12.22,1.842,1.599,0.97,10,1.9862,100.145
B022,NCA_graphite,12.22,1.842,1.599,0.97,20,1.9635,98.999
B022,NCA_graphite,12.22,1.842,1.599,0.97,30,1.9434,97.985
B022,NCA_graphite,12.22,1.842,1.599,0.97,40,1.9193,96.774
B022,NCA_graphite,12.22,1.842,1.599,0.97,50,1.8973,95.664
B022,NCA_graphite,12.22,1.842,1.599,0.97,60,1.877,94.639
B022,NCA_graphite,12.22,1.842,1.599,0.97,70,1.831,92.322
B022,NCA_graphite,12.22,1.842,1.599,0.97,80,1.7994,90.725
B022,NCA_graphite,12.22,1.842,1.599,0.97,90,1.7651,88.996
B022,NCA_graphite,12.22,1.842,1.599,0.97,100,1.7312,87.286
B022,NCA_graphite,12.22,1.842,1.599,0.97,110,1.692,85.31
B022,NCA_graphite,12.22,1.842,1.599,0.97,120,1.6322,82.298
B022,NCA_graphite,12.22,1.842,1.599,0.97,130,1.5983,80.587
B022,NCA_graphite,12.22,1.842,1.599,0.97,140,1.5604,78.677
B022,NCA_graphite,12.22,1.842,1.599,0.97,150,1.4993,75.595
B022,NCA_graphite,12.22,1.842,1.599,0.97,160,1.4431,72.763
B022,NCA_graphite,12.22,1.842,1.599,0.97,170,1.3989,70.533
B022,NCA_graphite,12.22,1.842,1.599,0.97,180,1.354,68.268
B022,NCA_graphite,12.22,1.842,1.599,0.97,190,1.289,64.99
B022,NCA_graphite,12.22,1.842,1.599,0.97,200,1.2281,61.924
B022,NCA_graphite,12.22,1.842,1.599,0.97,210,1.1929,60.146
B022,NCA_graphite,12.22,1.842,1.599,0.97,220,1.1246,56.701
B022,NCA_graphite,12.22,1.842,1.599,0.97,230,1.0649,53.693
B022,NCA_graphite,12.22,1.842,1.599,0.97,240,0.9929,50.064
B022,NCA_graphite,12.22,1.842,1.599,0.97,250,0.9404,47.417
B022,NCA_graphite,12.22,1.842,1.599,0.97,260,0.8758,45.0
B022,NCA_graphite,12.22,1.842,1.599,0.97,270,0.8044,45.0
B022,NCA_graphite,12.22,1.842,1.599,0.97,280,0.7366,45.0
B022,NCA_graphite,12.22,1.842,1.599,0.97,290,0.6578,45.0
B022,NCA_graphite,12.22,1.842,1.599,0.97,300,0.5888,45.0
B022,NCA_graphite,12.22,1.842,1.599,0.97,310,0.518,45.0
B022,NCA_graphite,12.22,1.842,1.599,0.97,320,0.4406,45.0
B022,NCA_graphite,12.22,1.842,1.599,0.97,330,0.3805,45.0
B022,NCA_graphite,12.22,1.842,1.599,0.97,340,0.2958,45.0
B022,NCA_graphite,12.22,1.842,1.599,0.97,350,0.2155,45.0
B022,NCA_graphite,12.22,1.842,1.599,0.97,360,0.1471,45.0
B022,NCA_graphite,12.22,1.842,1.599,0.97,370,0.0757,45.0
B022,NCA_graphite,12.22,1.842,1.599,0.97,380,-0.0117,45.0
B022,NCA_graphite,12.22,1.842,1.599,0.97,390,-0.0934,45.0
B022,NCA_graphite,12.22,1.842,1.599,0.97,400,-0.1796,45.0
B022,NCA_graphite,12.22,1.842,1.599,0.97,410,-0.2577,45.0
B022,NCA_graphite,12.22,1.842,1.599,0.97,420,-0.3396,45.0
B022,NCA_graphite,12.22,1.842,1.599,0.97,430,-0.4324,45.0
B022,NCA_graphite,12.22,1.842,1.599,0.97,440,-0.4948,45.0
B022,NCA_graphite,12.22,1.842,1.599,0.97,450,-0.5983,45.0
B022,NCA_graphite,12.22,1.842,1.599,0.97,460,-0.6906,45.0
B022,NCA_graphite,12.22,1.842,1.599,0.97,470,-0.789,45.0
B022,NCA_graphite,12.22,1.842,1.599,0.97,480,-0.873,45.0
B022,NCA_graphite,12.22,1.842,1.599,0.97,490,-0.9624,45.0
B022,NCA_graphite,12.22,1.842,1.599,0.97,500,-1.0516,45.0
B022,NCA_graphite,12.22,1.842,1.599,0.97,510,-1.1517,45.0
B022,NCA_graphite,12.22,1.842,1.599,0.97,520,-1.2466,45.0
B022,NCA_graphite,12.22,1.842,1.599,0.97,530,-1.3231,45.0
B022,NCA_graphite,12.22,1.842,1.599,0.97,540,-1.4436,45.0
B022,NCA_graphite,12.22,1.842,1.599,0.97,550,-1.5305,45.0
B022,NCA_graphite,12.22,1.842,1.599,0.97,560,-1.6247,45.0
B022,NCA_graphite,12.22,1.842,1.599,0.97,570,-1.7245,45.0
B022,NCA_graphite,12.22,1.842,1.599,0.97,580,-1.8258,45.0
B022,NCA_graphite,12.22,1.842,1.599,0.97,590,-1.9334,45.0
B022,NCA_graphite,12.22,1.842,1.599,0.97,600,-2.0284,45.0
B022,NCA_graphite,12.22,1.842,1.599,0.97,610,-2.1242,45.0
B022,NCA_graphite,12.22,1.842,1.599,0.97,620,-2.2405,45.0
B022,NCA_graphite,12.22,1.842,1.599,0.97,630,-2.3511,45.0
B022,NCA_graphite,12.22,1.842,1.599,0.97,640,-2.4666,45.0
B022,NCA_graphite,12.22,1.842,1.599,0.97,650,-2.5497,45.0
B022,NCA_graphite,12.22,1.842,1.599,0.97,660,-2.6662,45.0
B022,NCA_graphite,12.22,1.842,1.599,0.97,670,-2.7804,45.0
B022,NCA_graphite,12.22,1.842,1.599,0.97,680,-2.867,45.0
B022,NCA_graphite,12.22,1.842,1.599,0.97,690,-2.998,45.0
B022,NCA_graphite,12.22,1.842,1.599,0.97,700,-3.1103,45.0
B022,NCA_graphite,12.22,1.842,1.599,0.97,710,-3.221,45.0
B022,NCA_graphite,12.22,1.842,1.599,0.97,720,-3.3393,45.0
B022,NCA_graphite,12.22,1.842,1.599,0.97,730,-3.436,45.0
B022,NCA_graphite,12.22,1.842,1.599,0.97,740,-3.5641,45.0
B022,NCA_graphite,12.22,1.842,1.599,0.97,750,-3.6711,45.0
B022,NCA_graphite,12.22,1.842,1.599,0.97,760,-3.7973,45.0
B022,NCA_graphite,12.22,1.842,1.599,0.97,770,-3.8901,45.0
B022,NCA_graphite,12.22,1.842,1.599,0.97,780,-4.0248,45.0
B022,NCA_graphite,12.22,1.842,1.599,0.97,790,-4.1421,45.0
B022,NCA_graphite,12.22,1.842,1.599,0.97,800,-4.2387,45.0
B022,NCA_graphite,12.22,1.842,1.599,0.97,810,-4.3874,45.0
B022,NCA_graphite,12.22,1.842,1.599,0.97,820,-4.499,45.0
B022,NCA_graphite,12.22,1.842,1.599,0.97,830,-4.6286,45.0
B022,NCA_graphite,12.22,1.842,1.599,0.97,840,-4.7471,45.0
B022,NCA_graphite,12.22,1.842,1.599,0.97,850,-4.8729,45.0
B022,NCA_graphite,12.22,1.842,1.599,0.97,860,-4.9956,45.0
B022,NCA_graphite,12.22,1.842,1.599,0.97,870,-5.1308,45.0
B022,NCA_graphite,12.22,1.842,1.599,0.97,880,-5.2512,45.0
B022,NCA_graphite,12.22,1.842,1.599,0.97,890,-5.3764,45.0
B022,NCA_graphite,12.22,1.842,1.599,0.97,900,-5.5043,45.0
B022,NCA_graphite,12.22,1.842,1.599,0.97,910,-5.6365,45.0
B022,NCA_graphite,12.22,1.842,1.599,0.97,920,-5.7581,45.0
B022,NCA_graphite,12.22,1.842,1.599,0.97,930,-5.8978,45.0
B022,NCA_graphite,12.22,1.842,1.599,0.97,940,-6.0274,45.0
B022,NCA_graphite,12.22,1.842,1.599,0.97,950,-6.154,45.0
B022,NCA_graphite,12.22,1.842,1.599,0.97,960,-6.2741,45.0
B022,NCA_graphite,12.22,1.842,1.599,0.97,970,-6.4159,45.0
B022,NCA_graphite,12.22,1.842,1.599,0.97,980,-6.5423,45.0
B022,NCA_graphite,12.22,1.842,1.599,0.97,990,-6.6828,45.0
B022,NCA_graphite,12.22,1.842,1.599,0.97,1000,-6.8283,45.0
B023,NMC_graphite,25.82,1.448,1.433,0.998,0,2.0336,100.168
B023,NMC_graphite,25.82,1.448,1.433,0.998,10,2.017,99.352
B023,NMC_graphite,25.82,1.448,1.433,0.998,20,1.987,97.873
B023,NMC_graphite,25.82,1.448,1.433,0.998,30,1.9705,97.058
B023,NMC_graphite,25.82,1.448,1.433,0.998,40,1.9254,94.839
B023,NMC_graphite,25.82,1.448,1.433,0.998,50,1.8757,92.388
B023,NMC_graphite,25.82,1.448,1.433,0.998,60,1.8463,90.94
B023,NMC_graphite,25.82,1.448,1.433,0.998,70,1.7886,88.098
B023,NMC_graphite,25.82,1.448,1.433,0.998,80,1.733,85.361
B023,NMC_graphite,25.82,1.448,1.433,0.998,90,1.6802,82.762
B023,NMC_graphite,25.82,1.448,1.433,0.998,100,1.6226,79.925
B023,NMC_graphite,25.82,1.448,1.433,0.998,110,1.5568,76.682
B023,NMC_graphite,25.82,1.448,1.433,0.998,120,1.4987,73.819
B023,NMC_graphite,25.82,1.448,1.433,0.998,130,1.4203,69.959
B023,NMC_graphite,25.82,1.448,1.433,0.998,140,1.3634,67.155
B023,NMC_graphite,25.82,1.448,1.433,0.998,150,1.3008,64.073
B023,NMC_graphite,25.82,1.448,1.433,0.998,160,1.2339,60.779
B023,NMC_graphite,25.82,1.448,1.433,0.998,170,1.1654,57.402
B023,NMC_graphite,25.82,1.448,1.433,0.998,180,1.0813,53.263
B023,NMC_graphite,25.82,1.448,1.433,0.998,190,1.0056,49.533
B023,NMC_graphite,25.82,1.448,1.433,0.998,200,0.9387,46.239
B023,NMC_graphite,25.82,1.448,1.433,0.998,210,0.8343,45.0
B023,NMC_graphite,25.82,1.448,1.433,0.998,220,0.7756,45.0
B023,NMC_graphite,25.82,1.448,1.433,0.998,230,0.6674,45.0
B023,NMC_graphite,25.82,1.448,1.433,0.998,240,0.5988,45.0
B023,NMC_graphite,25.82,1.448,1.433,0.998,250,0.5091,45.0
B023,NMC_graphite,25.82,1.448,1.433,0.998,260,0.4064,45.0
B023,NMC_graphite,25.82,1.448,1.433,0.998,270,0.3453,45.0
B023,NMC_graphite,25.82,1.448,1.433,0.998,280,0.2504,45.0
B023,NMC_graphite,25.82,1.448,1.433,0.998,290,0.1703,45.0
B023,NMC_graphite,25.82,1.448,1.433,0.998,300,0.0634,45.0
B023,NMC_graphite,25.82,1.448,1.433,0.998,310,-0.0215,45.0
B023,NMC_graphite,25.82,1.448,1.433,0.998,320,-0.11,45.0
B023,NMC_graphite,25.82,1.448,1.433,0.998,330,-0.228,45.0
B023,NMC_graphite,25.82,1.448,1.433,0.998,340,-0.3163,45.0
B023,NMC_graphite,25.82,1.448,1.433,0.998,350,-0.3993,45.0
B023,NMC_graphite,25.82,1.448,1.433,0.998,360,-0.5067,45.0
B023,NMC_graphite,25.82,1.448,1.433,0.998,370,-0.6042,45.0
B023,NMC_graphite,25.82,1.448,1.433,0.998,380,-0.7202,45.0
B023,NMC_graphite,25.82,1.448,1.433,0.998,390,-0.8233,45.0
B023,NMC_graphite,25.82,1.448,1.433,0.998,400,-0.9435,45.0
B023,NMC_graphite,25.82,1.448,1.433,0.998,410,-1.0338,45.0
B023,NMC_graphite,25.82,1.448,1.433,0.998,420,-1.1509,45.0
B023,NMC_graphite,25.82,1.448,1.433,0.998,430,-1.2488,45.0
B023,NMC_graphite,25.82,1.448,1.433,0.998,440,-1.3431,45.0
B023,NMC_graphite,25.82,1.448,1.433,0.998,450,-1.476,45.0
B023,NMC_graphite,25.82,1.448,1.433,0.998,460,-1.5637,45.0
B023,NMC_graphite,25.82,1.448,1.433,0.998,470,-1.6775,45.0
B023,NMC_graphite,25.82,1.448,1.433,0.998,480,-1.8091,45.0
B023,NMC_graphite,25.82,1.448,1.433,0.998,490,-1.9108,45.0
B023,NMC_graphite,25.82,1.448,1.433,0.998,500,-2.0277,45.0
B023,NMC_graphite,25.82,1.448,1.433,0.998,510,-2.1546,45.0
B023,NMC_graphite,25.82,1.448,1.433,0.998,520,-2.2514,45.0
B023,NMC_graphite,25.82,1.448,1.433,0.998,530,-2.384,45.0
B023,NMC_graphite,25.82,1.448,1.433,0.998,540,-2.5114,45.0
B023,NMC_graphite,25.82,1.448,1.433,0.998,550,-2.6275,45.0
B023,NMC_graphite,25.82,1.448,1.433,0.998,560,-2.7441,45.0
B023,NMC_graphite,25.82,1.448,1.433,0.998,570,-2.8599,45.0
B023,NMC_graphite,25.82,1.448,1.433,0.998,580,-3.0097,45.0
B023,NMC_graphite,25.82,1.448,1.433,0.998,590,-3.1149,45.0
B023,NMC_graphite,25.82,1.448,1.433,0.998,600,-3.2425,45.0
B023,NMC_graphite,25.82,1.448,1.433,0.998,610,-3.3662,45.0
B023,NMC_graphite,25.82,1.448,1.433,0.998,620,-3.4916,45.0
B023,NMC_graphite,25.82,1.448,1.433,0.998,630,-3.6342,45.0
B023,NMC_graphite,25.82,1.448,1.433,0.998,640,-3.7439,45.0
B023,NMC_graphite,25.82,1.448,1.433,0.998,650,-3.8792,45.0
B023,NMC_graphite,25.82,1.448,1.433,0.998,660,-4.0155,45.0
B023,NMC_graphite,25.82,1.448,1.433,0.998,670,-4.1436,45.0
B023,NMC_graphite,25.82,1.448,1.433,0.998,680,-4.2634,45.0
B023,NMC_graphite,25.82,1.448,1.433,0.998,690,-4.4184,45.0
B023,NMC_graphite,25.82,1.448,1.433,0.998,700,-4.5248,45.0
B023,NMC_graphite,25.82,1.448,1.433,0.998,710,-4.6708,45.0
B023,NMC_graphite,25.82,1.448,1.433,0.998,720,-4.8218,45.0
B023,NMC_graphite,25.82,1.448,1.433,0.998,730,-4.9524,45.0
B023,NMC_graphite,25.82,1.448,1.433,0.998,740,-5.0678,45.0
B023,NMC_graphite,25.82,1.448,1.433,0.998,750,-5.2211,45.0
B023,NMC_graphite,25.82,1.448,1.433,0.998,760,-5.3531,45.0
B023,NMC_graphite,25.82,1.448,1.433,0.998,770,-5.4954,45.0
B023,NMC_graphite,25.82,1.448,1.433,0.998,780,-5.6384,45.0
B023,NMC_graphite,25.82,1.448,1.433,0.998,790,-5.776,45.0
B023,NMC_graphite,25.82,1.448,1.433,0.998,800,-5.9229,45.0
B023,NMC_graphite,25.82,1.448,1.433,0.998,810,-6.0618,45.0
B023,NMC_graphite,25.82,1.448,1.433,0.998,820,-6.2085,45.0
B023,NMC_graphite,25.82,1.448,1.433,0.998,830,-6.3518,45.0
B023,NMC_graphite,25.82,1.448,1.433,0.998,840,-6.4959,45.0
B023,NMC_graphite,25.82,1.448,1.433,0.998,850,-6.6301,45.0
B023,NMC_graphite,25.82,1.448,1.433,0.998,860,-6.7907,45.0
B023,NMC_graphite,25.82,1.448,1.433,0.998,870,-6.92,45.0
B023,NMC_graphite,25.82,1.448,1.433,0.998,880,-7.0819,45.0
B023,NMC_graphite,25.82,1.448,1.433,0.998,890,-7.2193,45.0
B023,NMC_graphite,25.82,1.448,1.433,0.998,900,-7.3885,45.0
B023,NMC_graphite,25.82,1.448,1.433,0.998,910,-7.5191,45.0
B023,NMC_graphite,25.82,1.448,1.433,0.998,920,-7.6681,45.0
B023,NMC_graphite,25.82,1.448,1.433,0.998,930,-7.8224,45.0
B023,NMC_graphite,25.82,1.448,1.433,0.998,940,-7.975,45.0
B023,NMC_graphite,25.82,1.448,1.433,0.998,950,-8.1261,45.0
B023,NMC_graphite,25.82,1.448,1.433,0.998,960,-8.2787,45.0
B023,NMC_graphite,25.82,1.448,1.433,0.998,970,-8.4248,45.0
B023,NMC_graphite,25.82,1.448,1.433,0.998,980,-8.5923,45.0
B023,NMC_graphite,25.82,1.448,1.433,0.998,990,-8.7437,45.0
B023,NMC_graphite,25.82,1.448,1.433,0.998,1000,-8.9004,45.0
B024,LFP_graphite,35.5,2.222,2.182,0.584,0,2.1071,99.871
B024,LFP_graphite,35.5,2.222,2.182,0.584,10,2.0993,99.502
B024,LFP_graphite,35.5,2.222,2.182,0.584,20,2.07,98.11
B024,LFP_graphite,35.5,2.222,2.182,0.584,30,2.0232,95.893
B024,LFP_graphite,35.5,2.222,2.182,0.584,40,1.9745,93.584
B024,LFP_graphite,35.5,2.222,2.182,0.584,50,1.9341,91.668
B024,LFP_graphite,35.5,2.222,2.182,0.584,60,1.8877,89.47
B024,LFP_graphite,35.5,2.222,2.182,0.584,70,1.8339,86.92
B024,LFP_graphite,35.5,2.222,2.182,0.584,80,1.7792,84.329
B024,LFP_graphite,35.5,2.222,2.182,0.584,90,1.7094,81.018
B024,LFP_graphite,35.5,2.222,2.182,0.584,100,1.6361,77.547
B024,LFP_graphite,35.5,2.222,2.182,0.584,110,1.5655,74.198
B024,LFP_graphite,35.5,2.222,2.182,0.584,120,1.5065,71.404
B024,LFP_graphite,35.5,2.222,2.182,0.584,130,1.4243,67.506
B024,LFP_graphite,35.5,2.222,2.182,0.584,140,1.3502,63.997
B024,LFP_graphite,35.5,2.222,2.182,0.584,150,1.2676,60.081
B024,LFP_graphite,35.5,2.222,2.182,0.584,160,1.1818,56.012
B024,LFP_graphite,35.5,2.222,2.182,0.584,170,1.0828,51.322
B024,LFP_graphite,35.5,2.222,2.182,0.584,180,0.9932,47.075
B024,LFP_graphite,35.5,2.222,2.182,0.584,190,0.8931,45.0
B024,LFP_graphite,35.5,2.222,2.182,0.584,200,0.8091,45.0
B024,LFP_graphite,35.5,2.222,2.182,0.584,210,0.7046,45.0
B024,LFP_graphite,35.5,2.222,2.182,0.584,220,0.6135,45.0
B024,LFP_graphite,35.5,2.222,2.182,0.584,230,0.4979,45.0
B024,LFP_graphite,35.5,2.222,2.182,0.584,240,0.4147,45.0
B024,LFP_graphite,35.5,2.222,2.182,0.584,250,0.2938,45.0
B024,LFP_graphite,35.5,2.222,2.182,0.584,260,0.1848,45.0
B024,LFP_graphite,35.5,2.222,2.182,0.584,270,0.0796,45.0
B024,LFP_graphite,35.5,2.222,2.182,0.584,280,-0.0475,45.0
B024,LFP_graphite,35.5,2.222,2.182,0.584,290,-0.1423,45.0
B024,LFP_graphite,35.5,2.222,2.182,0.584,300,-0.251,45.0
B024,LFP_graphite,35.5,2.222,2.182,0.584,310,-0.3716,45.0
B024,LFP_graphite,35.5,2.222,2.182,0.584,320,-0.4982,45.0
B024,LFP_graphite,35.5,2.222,2.182,0.584,330,-0.6179,45.0
B024,LFP_graphite,35.5,2.222,2.182,0.584,340,-0.7386,45.0
B024,LFP_graphite,35.5,2.222,2.182,0.584,350,-0.8731,45.0
B024,LFP_graphite,35.5,2.222,2.182,0.584,360,-0.9947,45.0
B024,LFP_graphite,35.5,2.222,2.182,0.584,370,-1.1258,45.0
B024,LFP_graphite,35.5,2.222,2.182,0.584,380,-1.2485,45.0
B024,LFP_graphite,35.5,2.222,2.182,0.584,390,-1.3673,45.0
B024,LFP_graphite,35.5,2.222,2.182,0.584,400,-1.5044,45.0
B024,LFP_graphite,35.5,2.222,2.182,0.584,410,-1.6398,45.0
B024,LFP_graphite,35.5,2.222,2.182,0.584,420,-1.8055,45.0
B024,LFP_graphite,35.5,2.222,2.182,0.584,430,-1.9106,45.0
B024,LFP_graphite,35.5,2.222,2.182,0.584,440,-2.0571,45.0
B024,LFP_graphite,35.5,2.222,2.182,0.584,450,-2.1906,45.0
B024,LFP_graphite,35.5,2.222,2.182,0.584,460,-2.3517,45.0
B024,LFP_graphite,35.5,2.222,2.182,0.584,470,-2.4681,45.0
B024,LFP_graphite,35.5,2.222,2.182,0.584,480,-2.6262,45.0
B024,LFP_graphite,35.5,2.222,2.182,0.584,490,-2.765,45.0
B024,LFP_graphite,35.5,2.222,2.182,0.584,500,-2.9204,45.0
B024,LFP_graphite,35.5,2.222,2.182,0.584,510,-3.0533,45.0
B024,LFP_graphite,35.5,2.222,2.182,0.584,520,-3.2056,45.0
B024,LFP_graphite,35.5,2.222,2.182,0.584,530,-3.3738,45.0
B024,LFP_graphite,35.5,2.222,2.182,0.584,540,-3.5136,45.0
B024,LFP_graphite,35.5,2.222,2.182,0.584,550,-3.6634,45.0
B024,LFP_graphite,35.5,2.222,2.182,0.584,560,-3.8207,45.0
B024,LFP_graphite,35.5,2.222,2.182,0.584,570,-3.981,45.0
B024,LFP_graphite,35.5,2.222,2.182,0.584,580,-4.1524,45.0
B024,LFP_graphite,35.5,2.222,2.182,0.584,590,-4.3006,45.0
B024,LFP_graphite,35.5,2.222,2.182,0.584,600,-4.4608,45.0
B024,LFP_graphite,35.5,2.222,2.182,0.584,610,-4.6045,45.0
B024,LFP_graphite,35.5,2.222,2.182,0.584,620,-4.7816,45.0
B024,LFP_graphite,35.5,2.222,2.182,0.584,630,-4.9433,45.0
B024,LFP_graphite,35.5,2.222,2.182,0.584,640,-5.1144,45.0
B024,LFP_graphite,35.5,2.222,2.182,0.584,650,-5.2886,45.0
B024,LFP_graphite,35.5,2.222,2.182,0.584,660,-5.4533,45.0
B024,LFP_graphite,35.5,2.222,2.182,0.584,670,-5.6158,45.0
B024,LFP_graphite,35.5,2.222,2.182,0.584,680,-5.7764,45.0
B024,LFP_graphite,35.5,2.222,2.182,0.584,690,-5.9576,45.0
B024,LFP_graphite,35.5,2.222,2.182,0.584,700,-6.1317,45.0
B024,LFP_graphite,35.5,2.222,2.182,0.584,710,-6.3115,45.0
B024,LFP_graphite,35.5,2.222,2.182,0.584,720,-6.477,45.0
B024,LFP_graphite,35.5,2.222,2.182,0.584,730,-6.6617,45.0
B024,LFP_graphite,35.5,2.222,2.182,0.584,740,-6.8368,45.0
B024,LFP_graphite,35.5,2.222,2.182,0.584,750,-7.035,45.0
B024,LFP_graphite,35.5,2.222,2.182,0.584,760,-7.1935,45.0
B024,LFP_graphite,35.5,2.222,2.182,0.584,770,-7.3771,45.0
B024,LFP_graphite,35.5,2.222,2.182,0.584,780,-7.5691,45.0
B024,LFP_graphite,35.5,2.222,2.182,0.584,790,-7.7428,45.0
B024,LFP_graphite,35.5,2.222,2.182,0.584,800,-7.9217,45.0
B024,LFP_graphite,35.5,2.222,2.182,0.584,810,-8.0964,45.0
B024,LFP_graphite,35.5,2.222,2.182,0.584,820,-8.2889,45.0
B024,LFP_graphite,35.5,2.222,2.182,0.584,830,-8.4748,45.0
B024,LFP_graphite,35.5,2.222,2.182,0.584,840,-8.667,45.0
B024,LFP_graphite,35.5,2.222,2.182,0.584,850,-8.8564,45.0
B024,LFP_graphite,35.5,2.222,2.182,0.584,860,-9.0498,45.0
B024,LFP_graphite,35.5,2.222,2.182,0.584,870,-9.2334,45.0
B024,LFP_graphite,35.5,2.222,2.182,0.584,880,-9.4256,45.0
B024,LFP_graphite,35.5,2.222,2.182,0.584,890,-9.6207,45.0
B024,LFP_graphite,35.5,2.222,2.182,0.584,900,-9.803,45.0
B024,LFP_graphite,35.5,2.222,2.182,0.584,910,-10.0199,45.0
B024,LFP_graphite,35.5,2.222,2.182,0.584,920,-10.2116,45.0
B024,LFP_graphite,35.5,2.222,2.182,0.584,930,-10.4067,45.0
B024,LFP_graphite,35.5,2.222,2.182,0.584,940,-10.6103,45.0
B024,LFP_graphite,35.5,2.222,2.182,0.584,950,-10.8065,45.0
B024,LFP_graphite,35.5,2.222,2.182,0.584,960,-11.0142,45.0
B024,LFP_graphite,35.5,2.222,2.182,0.584,970,-11.2225,45.0
B024,LFP_graphite,35.5,2.222,2.182,0.584,980,-11.4122,45.0
B024,LFP_graphite,35.5,2.222,2.182,0.584,990,-11.609,45.0
B024,LFP_graphite,35.5,2.222,2.182,0.584,1000,-11.824,45.0
B025,NMC_graphite,25.15,1.632,2.743,0.843,0,1.9734,99.835
B025,NMC_graphite,25.15,1.632,2.743,0.843,10,1.9519,98.746
B025,NMC_graphite,25.15,1.632,2.743,0.843,20,1.924,97.334
B025,NMC_graphite,25.15,1.632,2.743,0.843,30,1.8809,95.152
B025,NMC_graphite,25.15,1.632,2.743,0.843,40,1.8435,93.263
B025,NMC_graphite,25.15,1.632,2.743,0.843,50,1.795,90.808
B025,NMC_graphite,25.15,1.632,2.743,0.843,60,1.7422,88.138
B025,NMC_graphite,25.15,1.632,2.743,0.843,70,1.6836,85.171
B025,NMC_graphite,25.15,1.632,2.743,0.843,80,1.6287,82.396
B025,NMC_graphite,25.15,1.632,2.743,0.843,90,1.5637,79.106
B025,NMC_graphite,25.15,1.632,2.743,0.843,100,1.4844,75.097
B025,NMC_graphite,25.15,1.632,2.743,0.843,110,1.4303,72.356
B025,NMC_graphite,25.15,1.632,2.743,0.843,120,1.3414,67.859
B025,NMC_graphite,25.15,1.632,2.743,0.843,130,1.2599,63.739
B025,NMC_graphite,25.15,1.632,2.743,0.843,140,1.156,58.479
B025,NMC_graphite,25.15,1.632,2.743,0.843,150,1.1054,55.92
B025,NMC_graphite,25.15,1.632,2.743,0.843,160,1.0097,51.081
B025,NMC_graphite,25.15,1.632,2.743,0.843,170,0.9194,46.511
B025,NMC_graphite,25.15,1.632,2.743,0.843,180,0.827,45.0
B025,NMC_graphite,25.15,1.632,2.743,0.843,190,0.7214,45.0
B025,NMC_graphite,25.15,1.632,2.743,0.843,200,0.6462,45.0
B025,NMC_graphite,25.15,1.632,2.743,0.843,210,0.5547,45.0
B025,NMC_graphite,25.15,1.632,2.743,0.843,220,0.4447,45.0
B025,NMC_graphite,25.15,1.632,2.743,0.843,230,0.3447,45.0
B025,NMC_graphite,25.15,1.632,2.743,0.843,240,0.2381,45.0
B025,NMC_graphite,25.15,1.632,2.743,0.843,250,0.1224,45.0
B025,NMC_graphite,25.15,1.632,2.743,0.843,260,0.0103,45.0
B025,NMC_graphite,25.15,1.632,2.743,0.843,270,-0.0903,45.0
B025,NMC_graphite,25.15,1.632,2.743,0.843,280,-0.205,45.0
B025,NMC_graphite,25.15,1.632,2.743,0.843,290,-0.3142,45.0
B025,NMC_graphite,25.15,1.632,2.743,0.843,300,-0.4285,45.0
B025,NMC_graphite,25.15,1.632,2.743,0.843,310,-0.5469,45.0
B025,NMC_graphite,25.15,1.632,2.743,0.843,320,-0.6643,45.0
B025,NMC_graphite,25.15,1.632,2.743,0.843,330,-0.7795,45.0
B025,NMC_graphite,25.15,1.632,2.743,0.843,340,-0.9026,45.0
B025,NMC_graphite,25.15,1.632,2.743,0.843,350,-1.0495,45.0
B025,NMC_graphite,25.15,1.632,2.743,0.843,360,-1.1522,45.0
B025,NMC_graphite,25.15,1.632,2.743,0.843,370,-1.2871,45.0
B025,NMC_graphite,25.15,1.632,2.743,0.843,380,-1.4217,45.0
B025,NMC_graphite,25.15,1.632,2.743,0.843,390,-1.5395,45.0
B025,NMC_graphite,25.15,1.632,2.743,0.843,400,-1.676,45.0
B025,NMC_graphite,25.15,1.632,2.743,0.843,410,-1.8097,45.0
B025,NMC_graphite,25.15,1.632,2.743,0.843,420,-1.9494,45.0
B025,NMC_graphite,25.15,1.632,2.743,0.843,430,-2.07,45.0
B025,NMC_graphite,25.15,1.632,2.743,0.843,440,-2.2052,45.0
B025,NMC_graphite,25.15,1.632,2.743,0.843,450,-2.3547,45.0
B025,NMC_graphite,25.15,1.632,2.743,0.843,460,-2.4955,45.0
B025,NMC_graphite,25.15,1.632,2.743,0.843,470,-2.6428,45.0
B025,NMC_graphite,25.15,1.632,2.743,0.843,480,-2.7684,45.0
B025,NMC_graphite,25.15,1.632,2.743,0.843,490,-2.9042,45.0
B025,NMC_graphite,25.15,1.632,2.743,0.843,500,-3.0626,45.0
B025,NMC_graphite,25.15,1.632,2.743,0.843,510,-3.1937,45.0
B025,NMC_graphite,25.15,1.632,2.743,0.843,520,-3.3687,45.0
B025,NMC_graphite,25.15,1.632,2.743,0.843,530,-3.4978,45.0
B025,NMC_graphite,25.15,1.632,2.743,0.843,540,-3.6464,45.0
B025,NMC_graphite,25.15,1.632,2.743,0.843,550,-3.8158,45.0
B025,NMC_graphite,25.15,1.632,2.743,0.843,560,-3.9747,45.0
B025,NMC_graphite,25.15,1.632,2.743,0.843,570,-4.1238,45.0
B025,NMC_graphite,25.15,1.632,2.743,0.843,580,-4.2871,45.0
B025,NMC_graphite,25.15,1.632,2.743,0.843,590,-4.4449,45.0
B025,NMC_graphite,25.15,1.632,2.743,0.843,600,-4.5872,45.0
B025,NMC_graphite,25.15,1.632,2.743,0.843,610,-4.7453,45.0
B025,NMC_graphite,25.15,1.632,2.743,0.843,620,-4.9056,45.0
B025,NMC_graphite,25.15,1.632,2.743,0.843,630,-5.0802,45.0
B025,NMC_graphite,25.15,1.632,2.743,0.843,640,-5.2415,45.0
B025,NMC_graphite,25.15,1.632,2.743,0.843,650,-5.3943,45.0
B025,NMC_graphite,25.15,1.632,2.743,0.843,660,-5.5664,45.0
B025,NMC_graphite,25.15,1.632,2.743,0.843,670,-5.7274,45.0
B025,NMC_graphite,25.15,1.632,2.743,0.843,680,-5.9005,45.0
B025,NMC_graphite,25.15,1.632,2.743,0.843,690,-6.0493,45.0
B025,NMC_graphite,25.15,1.632,2.743,0.843,700,-6.2369,45.0
B025,NMC_graphite,25.15,1.632,2.743,0.843,710,-6.3988,45.0
B025,NMC_graphite,25.15,1.632,2.743,0.843,720,-6.5854,45.0
B025,NMC_graphite,25.15,1.632,2.743,0.843,730,-6.7473,45.0
B025,NMC_graphite,25.15,1.632,2.743,0.843,740,-6.9135,45.0
B025,NMC_graphite,25.15,1.632,2.743,0.843,750,-7.1053,45.0
B025,NMC_graphite,25.15,1.632,2.743,0.843,760,-7.2745,45.0
B025,NMC_graphite,25.15,1.632,2.743,0.843,770,-7.4594,45.0
B025,NMC_graphite,25.15,1.632,2.743,0.843,780,-7.6297,45.0
B025,NMC_graphite,25.15,1.632,2.743,0.843,790,-7.8022,45.0
B025,NMC_graphite,25.15,1.632,2.743,0.843,800,-7.9811,45.0
B025,NMC_graphite,25.15,1.632,2.743,0.843,810,-8.1603,45.0
B025,NMC_graphite,25.15,1.632,2.743,0.843,820,-8.3504,45.0
B025,NMC_graphite,25.15,1.632,2.743,0.843,830,-8.5352,45.0
B025,NMC_graphite,25.15,1.632,2.743,0.843,840,-8.722,45.0
B025,NMC_graphite,25.15,1.632,2.743,0.843,850,-8.9125,45.0
B025,NMC_graphite,25.15,1.632,2.743,0.843,860,-9.0996,45.0
B025,NMC_graphite,25.15,1.632,2.743,0.843,870,-9.2862,45.0
B025,NMC_graphite,25.15,1.632,2.743,0.843,880,-9.4565,45.0
B025,NMC_graphite,25.15,1.632,2.743,0.843,890,-9.6398,45.0
B025,NMC_graphite,25.15,1.632,2.743,0.843,900,-9.8432,45.0
B025,NMC_graphite,25.15,1.632,2.743,0.843,910,-10.0279,45.0
B025,NMC_graphite,25.15,1.632,2.743,0.843,920,-10.2321,45.0
B025,NMC_graphite,25.15,1.632,2.743,0.843,930,-10.422,45.0
B025,NMC_graphite,25.15,1.632,2.743,0.843,940,-10.6154,45.0
B025,NMC_graphite,25.15,1.632,2.743,0.843,950,-10.8008,45.0
B025,NMC_graphite,25.15,1.632,2.743,0.843,960,-11.004,45.0
B025,NMC_graphite,25.15,1.632,2.743,0.843,970,-11.1966,45.0
B025,NMC_graphite,25.15,1.632,2.743,0.843,980,-11.3909,45.0
B025,NMC_graphite,25.15,1.632,2.743,0.843,990,-11.5847,45.0
B025,NMC_graphite,25.15,1.632,2.743,0.843,1000,-11.7895,45.0
B026,NCA_graphite,44.81,2.305,1.334,0.886,0,1.8707,100.042
B026,NCA_graphite,44.81,2.305,1.334,0.886,10,1.8262,97.66
B026,NCA_graphite,44.81,2.305,1.334,0.886,20,1.7433,93.226
B026,NCA_graphite,44.81,2.305,1.334,0.886,30,1.6469,88.075
B026,NCA_graphite,44.81,2.305,1.334,0.886,40,1.5238,81.491
B026,NCA_graphite,44.81,2.305,1.334,0.886,50,1.3808,73.843
B026,NCA_graphite,44.81,2.305,1.334,0.886,60,1.2475,66.712
B026,NCA_graphite,44.81,2.305,1.334,0.886,70,1.0944,58.524
B026,NCA_graphite,44.81,2.305,1.334,0.886,80,0.9213,49.271
B026,NCA_graphite,44.81,2.305,1.334,0.886,90,0.7299,45.0
B026,NCA_graphite,44.81,2.305,1.334,0.886,100,0.5483,45.0
B026,NCA_graphite,44.81,2.305,1.334,0.886,110,0.3578,45.0
B026,NCA_graphite,44.81,2.305,1.334,0.886,120,0.1191,45.0
B026,NCA_graphite,44.81,2.305,1.334,0.886,130,-0.0824,45.0
B026,NCA_graphite,44.81,2.305,1.334,0.886,140,-0.335,45.0
B026,NCA_graphite,44.81,2.305,1.334,0.886,150,-0.5399,45.0
B026,NCA_graphite,44.81,2.305,1.334,0.886,160,-0.7942,45.0
B026,NCA_graphite,44.81,2.305,1.334,0.886,170,-1.0409,45.0
B026,NCA_graphite,44.81,2.305,1.334,0.886,180,-1.2934,45.0
B026,NCA_graphite,44.81,2.305,1.334,0.886,190,-1.574,45.0
B026,NCA_graphite,44.81,2.305,1.334,0.886,200,-1.8344,45.0
B026,NCA_graphite,44.81,2.305,1.334,0.886,210,-2.1088,45.0
B026,NCA_graphite,44.81,2.305,1.334,0.886,220,-2.4101,45.0
B026,NCA_graphite,44.81,2.305,1.334,0.886,230,-2.6813,45.0
B026,NCA_graphite,44.81,2.305,1.334,0.886,240,-2.9768,45.0
B026,NCA_graphite,44.81,2.305,1.334,0.886,250,-3.298,45.0
B026,NCA_graphite,44.81,2.305,1.334,0.886,260,-3.5889,45.0
B026,NCA_graphite,44.81,2.305,1.334,0.886,270,-3.9036,45.0
B026,NCA_graphite,44.81,2.305,1.334,0.886,280,-4.22,45.0
B026,NCA_graphite,44.81,2.305,1.334,0.886,290,-4.5487,45.0
B026,NCA_graphite,44.81,2.305,1.334,0.886,300,-4.9045,45.0
B026,NCA_graphite,44.81,2.305,1.334,0.886,310,-5.2227,45.0
B026,NCA_graphite,44.81,2.305,1.334,0.886,320,-5.5661,45.0
B026,NCA_graphite,44.81,2.305,1.334,0.886,330,-5.9089,45.0
B026,NCA_graphite,44.81,2.305,1.334,0.886,340,-6.2784,45.0
B026,NCA_graphite,44.81,2.305,1.334,0.886,350,-6.6228,45.0
B026,NCA_graphite,44.81,2.305,1.334,0.886,360,-6.9967,45.0
B026,NCA_graphite,44.81,2.305,1.334,0.886,370,-7.3628,45.0
B026,NCA_graphite,44.81,2.305,1.334,0.886,380,-7.7339,45.0
B026,NCA_graphite,44.81,2.305,1.334,0.886,390,-8.1004,45.0
B026,NCA_graphite,44.81,2.305,1.334,0.886,400,-8.5085,45.0
B026,NCA_graphite,44.81,2.305,1.334,0.886,410,-8.8775,45.0
B026,NCA_graphite,44.81,2.305,1.334,0.886,420,-9.2584,45.0
B026,NCA_graphite,44.81,2.305,1.334,0.886,430,-9.6627,45.0
B026,NCA_graphite,44.81,2.305,1.334,0.886,440,-10.0668,45.0
B026,NCA_graphite,44.81,2.305,1.334,0.886,450,-10.4882,45.0
B026,NCA_graphite,44.81,2.305,1.334,0.886,460,-10.9009,45.0
B026,NCA_graphite,44.81,2.305,1.334,0.886,470,-11.2961,45.0
B026,NCA_graphite,44.81,2.305,1.334,0.886,480,-11.724,45.0
B026,NCA_graphite,44.81,2.305,1.334,0.886,490,-12.1338,45.0
B026,NCA_graphite,44.81,2.305,1.334,0.886,500,-12.5732,45.0
B026,NCA_graphite,44.81,2.305,1.334,0.886,510,-13.0029,45.0
B026,NCA_graphite,44.81,2.305,1.334,0.886,520,-13.4393,45.0
B026,NCA_graphite,44.81,2.305,1.334,0.886,530,-13.8779,45.0
B026,NCA_graphite,44.81,2.305,1.334,0.886,540,-14.316,45.0
B026,NCA_graphite,44.81,2.305,1.334,0.886,550,-14.7593,45.0
B026,NCA_graphite,44.81,2.305,1.334,0.886,560,-15.2274,45.0
B026,NCA_graphite,44.81,2.305,1.334,0.886,570,-15.675,45.0
B026,NCA_graphite,44.81,2.305,1.334,0.886,580,-16.1187,45.0
B026,NCA_graphite,44.81,2.305,1.334,0.886,590,-16.5956,45.0
B026,NCA_graphite,44.81,2.305,1.334,0.886,600,-17.0516,45.0
B026,NCA_graphite,44.81,2.305,1.334,0.886,610,-17.5373,45.0
B026,NCA_graphite,44.81,2.305,1.334,0.886,620,-18.0033,45.0
B026,NCA_graphite,44.81,2.305,1.334,0.886,630,-18.4856,45.0
B026,NCA_graphite,44.81,2.305,1.334,0.886,640,-18.968,45.0
B026,NCA_graphite,44.81,2.305,1.334,0.886,650,-19.4568,45.0
B026,NCA_graphite,44.81,2.305,1.334,0.886,660,-19.9323,45.0
B026,NCA_graphite,44.81,2.305,1.334,0.886,670,-20.4359,45.0
B026,NCA_graphite,44.81,2.305,1.334,0.886,680,-20.9373,45.0
B026,NCA_graphite,44.81,2.305,1.334,0.886,690,-21.446,45.0
B026,NCA_graphite,44.81,2.305,1.334,0.886,700,-21.9367,45.0
B026,NCA_graphite,44.81,2.305,1.334,0.886,710,-22.4398,45.0
B026,NCA_graphite,44.81,2.305,1.334,0.886,720,-22.9553,45.0
B026,NCA_graphite,44.81,2.305,1.334,0.886,730,-23.4712,45.0
B026,NCA_graphite,44.81,2.305,1.334,0.886,740,-23.9859,45.0
B026,NCA_graphite,44.81,2.305,1.334,0.886,750,-24.5227,45.0
B026,NCA_graphite,44.81,2.305,1.334,0.886,760,-25.0344,45.0
B026,NCA_graphite,44.81,2.305,1.334,0.886,770,-25.5663,45.0
B026,NCA_graphite,44.81,2.305,1.334,0.886,780,-26.0802,45.0
B026,NCA_graphite,44.81,2.305,1.334,0.886,790,-26.6247,45.0
B026,NCA_graphite,44.81,2.305,1.334,0.886,800,-27.1653,45.0
B026,NCA_graphite,44.81,2.305,1.334,0.886,810,-27.7136,45.0
B026,NCA_graphite,44.81,2.305,1.334,0.886,820,-28.2566,45.0
B026,NCA_graphite,44.81,2.305,1.334,0.886,830,-28.8024,45.0
B026,NCA_graphite,44.81,2.305,1.334,0.886,840,-29.3502,45.0
B026,NCA_graphite,44.81,2.305,1.334,0.886,850,-29.8934,45.0
B026,NCA_graphite,44.81,2.305,1.334,0.886,860,-30.4462,45.0
B026,NCA_graphite,44.81,2.305,1.334,0.886,870,-31.0099,45.0
B026,NCA_graphite,44.81,2.305,1.334,0.886,880,-31.58,45.0
B026,NCA_graphite,44.81,2.305,1.334,0.886,890,-32.1453,45.0
B026,NCA_graphite,44.81,2.305,1.334,0.886,900,-32.7127,45.0
B026,NCA_graphite,44.81,2.305,1.334,0.886,910,-33.3009,45.0
B026,NCA_graphite,44.81,2.305,1.334,0.886,920,-33.8655,45.0
B026,NCA_graphite,44.81,2.305,1.334,0.886,930,-34.4391,45.0
B026,NCA_graphite,44.81,2.305,1.334,0.886,940,-35.0242,45.0
B026,NCA_graphite,44.81,2.305,1.334,0.886,950,-35.6026,45.0
B026,NCA_graphite,44.81,2.305,1.334,0.886,960,-36.1964,45.0
B026,NCA_graphite,44.81,2.305,1.334,0.886,970,-36.7815,45.0
B026,NCA_graphite,44.81,2.305,1.334,0.886,980,-37.3808,45.0
B026,NCA_graphite,44.81,2.305,1.334,0.886,990,-37.9717,45.0
B026,NCA_graphite,44.81,2.305,1.334,0.886,1000,-38.5715,45.0
B027,NMC_graphite,36.01,0.97,0.93,0.595,0,2.1475,99.978
B027,NMC_graphite,36.01,0.97,0.93,0.595,10,2.1182,98.614
B027,NMC_graphite,36.01,0.97,0.93,0.595,20,2.1109,98.274
B027,NMC_graphite,36.01,0.97,0.93,0.595,30,2.0663,96.197
B027,NMC_graphite,36.01,0.97,0.93,0.595,40,2.0224,94.157
B027,NMC_graphite,36.01,0.97,0.93,0.595,50,1.9761,92.001
B027,NMC_graphite,36.01,0.97,0.93,0.595,60,1.9299,89.846
B027,NMC_graphite,36.01,0.97,0.93,0.595,70,1.8625,86.712
B027,NMC_graphite,36.01,0.97,0.93,0.595,80,1.8104,84.285
B027,NMC_graphite,36.01,0.97,0.93,0.595,90,1.7201,80.081
B027,NMC_graphite,36.01,0.97,0.93,0.595,100,1.6485,76.746
B027,NMC_graphite,36.01,0.97,0.93,0.595,110,1.5693,73.06
B027,NMC_graphite,36.01,0.97,0.93,0.595,120,1.4888,69.312
B027,NMC_graphite,36.01,0.97,0.93,0.595,130,1.3976,65.065
B027,NMC_graphite,36.01,0.97,0.93,0.595,140,1.2972,60.392
B027,NMC_graphite,36.01,0.97,0.93,0.595,150,1.2145,56.543
B027,NMC_graphite,36.01,0.97,0.93,0.595,160,1.1043,51.41
B027,NMC_graphite,36.01,0.97,0.93,0.595,170,1.0073,46.896
B027,NMC_graphite,36.01,0.97,0.93,0.595,180,0.8822,45.0
B027,NMC_graphite,36.01,0.97,0.93,0.595,190,0.7772,45.0
B027,NMC_graphite,36.01,0.97,0.93,0.595,200,0.6427,45.0
B027,NMC_graphite,36.01,0.97,0.93,0.595,210,0.5321,45.0
B027,NMC_graphite,36.01,0.97,0.93,0.595,220,0.4119,45.0
B027,NMC_graphite,36.01,0.97,0.93,0.595,230,0.2736,45.0
B027,NMC_graphite,36.01,0.97,0.93,0.595,240,0.1549,45.0
B027,NMC_graphite,36.01,0.97,0.93,0.595,250,0.0108,45.0
B027,NMC_graphite,36.01,0.97,0.93,0.595,260,-0.1241,45.0
B027,NMC_graphite,36.01,0.97,0.93,0.595,270,-0.2516,45.0
B027,NMC_graphite,36.01,0.97,0.93,0.595,280,-0.4249,45.0
B027,NMC_graphite,36.01,0.97,0.93,0.595,290,-0.548,45.0
B027,NMC_graphite,36.01,0.97,0.93,0.595,300,-0.7021,45.0
B027,NMC_graphite,36.01,0.97,0.93,0.595,310,-0.8845,45.0
B027,NMC_graphite,36.01,0.97,0.93,0.595,320,-1.0116,45.0
B027,NMC_graphite,36.01,0.97,0.93,0.595,330,-1.1873,45.0
B027,NMC_graphite,36.01,0.97,0.93,0.595,340,-1.3492,45.0
B027,NMC_graphite,36.01,0.97,0.93,0.595,350,-1.5094,45.0
B027,NMC_graphite,36.01,0.97,0.93,0.595,360,-1.6762,45.0
B027,NMC_graphite,36.01,0.97,0.93,0.595,370,-1.8391,45.0
B027,NMC_graphite,36.01,0.97,0.93,0.595,380,-2.025,45.0
B027,NMC_graphite,36.01,0.97,0.93,0.595,390,-2.2086,45.0
B027,NMC_graphite,36.01,0.97,0.93,0.595,400,-2.3646,45.0
B027,NMC_graphite,36.01,0.97,0.93,0.595,410,-2.5698,45.0
B027,NMC_graphite,36.01,0.97,0.93,0.595,420,-2.7346,45.0
B027,NMC_graphite,36.01,0.97,0.93,0.595,430,-2.9328,45.0
B027,NMC_graphite,36.01,0.97,0.93,0.595,440,-3.1378,45.0
B027,NMC_graphite,36.01,0.97,0.93,0.595,450,-3.3151,45.0
B027,NMC_graphite,36.01,0.97,0.93,0.595,460,-3.5085,45.0
B027,NMC_graphite,36.01,0.97,0.93,0.595,470,-3.7067,45.0
B027,NMC_graphite,36.01,0.97,0.93,0.595,480,-3.9179,45.0
B027,NMC_graphite,36.01,0.97,0.93,0.595,490,-4.1036,45.0
B027,NMC_graphite,36.01,0.97,0.93,0.595,500,-4.3133,45.0
B027,NMC_graphite,36.01,0.97,0.93,0.595,510,-4.5349,45.0
B027,NMC_graphite,36.01,0.97,0.93,0.595,520,-4.7316,45.0
B027,NMC_graphite,36.01,0.97,0.93,0.595,530,-4.9418,45.0
B027,NMC_graphite,36.01,0.97,0.93,0.595,540,-5.1651,45.0
B027,NMC_graphite,36.01,0.97,0.93,0.595,550,-5.3776,45.0
B027,NMC_graphite,36.01,0.97,0.93,0.595,560,-5.6034,45.0
B027,NMC_graphite,36.01,0.97,0.93,0.595,570,-5.8211,45.0
B027,NMC_graphite,36.01,0.97,0.93,0.595,580,-6.0461,45.0
B027,NMC_graphite,36.01,0.97,0.93,0.595,590,-6.2678,45.0
B027,NMC_graphite,36.01,0.97,0.93,0.595,600,-6.4931,45.0
B027,NMC_graphite,36.01,0.97,0.93,0.595,610,-6.7486,45.0
B027,NMC_graphite,36.01,0.97,0.93,0.595,620,-6.9725,45.0
B027,NMC_graphite,36.01,0.97,0.93,0.595,630,-7.2246,45.0
B027,NMC_graphite,36.01,0.97,0.93,0.595,640,-7.4483,45.0
B027,NMC_graphite,36.01,0.97,0.93,0.595,650,-7.6938,45.0
B027,NMC_graphite,36.01,0.97,0.93,0.595,660,-7.9185,45.0
B027,NMC_graphite,36.01,0.97,0.93,0.595,670,-8.1558,45.0
B027,NMC_graphite,36.01,0.97,0.93,0.595,680,-8.4136,45.0
B027,NMC_graphite,36.01,0.97,0.93,0.595,690,-8.6786,45.0
B027,NMC_graphite,36.01,0.97,0.93,0.595,700,-8.9207,45.0
B027,NMC_graphite,36.01,0.97,0.93,0.595,710,-9.1717,45.0
B027,NMC_graphite,36.01,0.97,0.93,0.595,720,-9.4367,45.0
B027,NMC_graphite,36.01,0.97,0.93,0.595,730,-9.6886,45.0
B027,NMC_graphite,36.01,0.97,0.93,0.595,740,-9.9528,45.0
B027,NMC_graphite,36.01,0.97,0.93,0.595,750,-10.2127,45.0
B027,NMC_graphite,36.01,0.97,0.93,0.595,760,-10.4714,45.0
B027,NMC_graphite,36.01,0.97,0.93,0.595,770,-10.7286,45.0
B027,NMC_graphite,36.01,0.97,0.93,0.595,780,-10.998,45.0
B027,NMC_graphite,36.01,0.97,0.93,0.595,790,-11.2734,45.0
B027,NMC_graphite,36.01,0.97,0.93,0.595,800,-11.5418,45.0
B027,NMC_graphite,36.01,0.97,0.93,0.595,810,-11.8181,45.0
B027,NMC_graphite,36.01,0.97,0.93,0.595,820,-12.1054,45.0
B027,NMC_graphite,36.01,0.97,0.93,0.595,830,-12.3695,45.0
B027,NMC_graphite,36.01,0.97,0.93,0.595,840,-12.6547,45.0
B027,NMC_graphite,36.01,0.97,0.93,0.595,850,-12.9575,45.0
B027,NMC_graphite,36.01,0.97,0.93,0.595,860,-13.2175,45.0
B027,NMC_graphite,36.01,0.97,0.93,0.595,870,-13.4971,45.0
B027,NMC_graphite,36.01,0.97,0.93,0.595,880,-13.8009,45.0
B027,NMC_graphite,36.01,0.97,0.93,0.595,890,-14.0879,45.0
B027,NMC_graphite,36.01,0.97,0.93,0.595,900,-14.3909,45.0
B027,NMC_graphite,36.01,0.97,0.93,0.595,910,-14.6817,45.0
B027,NMC_graphite,36.01,0.97,0.93,0.595,920,-14.9649,45.0
B027,NMC_graphite,36.01,0.97,0.93,0.595,930,-15.2713,45.0
B027,NMC_graphite,36.01,0.97,0.93,0.595,940,-15.5743,45.0
B027,NMC_graphite,36.01,0.97,0.93,0.595,950,-15.8674,45.0
B027,NMC_graphite,36.01,0.97,0.93,0.595,960,-16.1806,45.0
B027,NMC_graphite,36.01,0.97,0.93,0.595,970,-16.4785,45.0
B027,NMC_graphite,36.01,0.97,0.93,0.595,980,-16.7853,45.0
B027,NMC_graphite,36.01,0.97,0.93,0.595,990,-17.0931,45.0
B027,NMC_graphite,36.01,0.97,0.93,0.595,1000,-17.4006,45.0
B028,NCA_graphite,33.14,0.766,2.56,0.716,0,2.0795,98.924
B028,NCA_graphite,33.14,0.766,2.56,0.716,10,2.1009,99.939
B028,NCA_graphite,33.14,0.766,2.56,0.716,20,2.0608,98.031
B028,NCA_graphite,33.14,0.766,2.56,0.716,30,2.0366,96.88
B028,NCA_graphite,33.14,0.766,2.56,0.716,40,1.9866,94.503
B028,NCA_graphite,33.14,0.766,2.56,0.716,50,1.9433,92.441
B028,NCA_graphite,33.14,0.766,2.56,0.716,60,1.9001,90.388
B028,NCA_graphite,33.14,0.766,2.56,0.716,70,1.8434,87.692
B028,NCA_graphite,33.14,0.766,2.56,0.716,80,1.7814,84.741
B028,NCA_graphite,33.14,0.766,2.56,0.716,90,1.7313,82.36
B028,NCA_graphite,33.14,0.766,2.56,0.716,100,1.6652,79.214
B028,NCA_graphite,33.14,0.766,2.56,0.716,110,1.6137,76.764
B028,NCA_graphite,33.14,0.766,2.56,0.716,120,1.5367,73.101
B028,NCA_graphite,33.14,0.766,2.56,0.716,130,1.4736,70.099
B028,NCA_graphite,33.14,0.766,2.56,0.716,140,1.3961,66.412
B028,NCA_graphite,33.14,0.766,2.56,0.716,150,1.3255,63.053
B028,NCA_graphite,33.14,0.766,2.56,0.716,160,1.2452,59.232
B028,NCA_graphite,33.14,0.766,2.56,0.716,170,1.1702,55.666
B028,NCA_graphite,33.14,0.766,2.56,0.716,180,1.0773,51.249
B028,NCA_graphite,33.14,0.766,2.56,0.716,190,0.9976,47.455
B028,NCA_graphite,33.14,0.766,2.56,0.716,200,0.9169,45.0
B028,NCA_graphite,33.14,0.766,2.56,0.716,210,0.82,45.0
B028,NCA_graphite,33.14,0.766,2.56,0.716,220,0.7486,45.0
B028,NCA_graphite,33.14,0.766,2.56,0.716,230,0.629,45.0
B028,NCA_graphite,33.14,0.766,2.56,0.716,240,0.563,45.0
B028,NCA_graphite,33.14,0.766,2.56,0.716,250,0.447,45.0
B028,NCA_graphite,33.14,0.766,2.56,0.716,260,0.3463,45.0
B028,NCA_graphite,33.14,0.766,2.56,0.716,270,0.2621,45.0
B028,NCA_graphite,33.14,0.766,2.56,0.716,280,0.1537,45.0
B028,NCA_graphite,33.14,0.766,2.56,0.716,290,0.0488,45.0
B028,NCA_graphite,33.14,0.766,2.56,0.716,300,-0.048,45.0
B028,NCA_graphite,33.14,0.766,2.56,0.716,310,-0.1646,45.0
B028,NCA_graphite,33.14,0.766,2.56,0.716,320,-0.2779,45.0
B028,NCA_graphite,33.14,0.766,2.56,0.716,330,-0.3833,45.0
B028,NCA_graphite,33.14,0.766,2.56,0.716,340,-0.481,45.0
B028,NCA_graphite,33.14,0.766,2.56,0.716,350,-0.5871,45.0
B028,NCA_graphite,33.14,0.766,2.56,0.716,360,-0.7023,45.0
B028,NCA_graphite,33.14,0.766,2.56,0.716,370,-0.823,45.0
B028,NCA_graphite,33.14,0.766,2.56,0.716,380,-0.9436,45.0
B028,NCA_graphite,33.14,0.766,2.56,0.716,390,-1.0656,45.0
B028,NCA_graphite,33.14,0.766,2.56,0.716,400,-1.1777,45.0
B028,NCA_graphite,33.14,0.766,2.56,0.716,410,-1.3087,45.0
B028,NCA_graphite,33.14,0.766,2.56,0.716,420,-1.4284,45.0
B028,NCA_graphite,33.14,0.766,2.56,0.716,430,-1.5497,45.0
B028,NCA_graphite,33.14,0.766,2.56,0.716,440,-1.6494,45.0
B028,NCA_graphite,33.14,0.766,2.56,0.716,450,-1.795,45.0
B028,NCA_graphite,33.14,0.766,2.56,0.716,460,-1.9153,45.0
B028,NCA_graphite,33.14,0.766,2.56,0.716,470,-2.0549,45.0
B028,NCA_graphite,33.14,0.766,2.56,0.716,480,-2.1826,45.0
B028,NCA_graphite,33.14,0.766,2.56,0.716,490,-2.3344,45.0
B028,NCA_graphite,33.14,0.766,2.56,0.716,500,-2.4546,45.0
B028,NCA_graphite,33.14,0.766,2.56,0.716,510,-2.5801,45.0
B028,NCA_graphite,33.14,0.766,2.56,0.716,520,-2.721,45.0
B028,NCA_graphite,33.14,0.766,2.56,0.716,530,-2.8609,45.0
B028,NCA_graphite,33.14,0.766,2.56,0.716,540,-2.9963,45.0
B028,NCA_graphite,33.14,0.766,2.56,0.716,550,-3.1305,45.0
B028,NCA_graphite,33.14,0.766,2.56,0.716,560,-3.2589,45.0
B028,NCA_graphite,33.14,0.766,2.56,0.716,570,-3.4128,45.0
B028,NCA_graphite,33.14,0.766,2.56,0.716,580,-3.5637,45.0
B028,NCA_graphite,33.14,0.766,2.56,0.716,590,-3.6949,45.0
B028,NCA_graphite,33.14,0.766,2.56,0.716,600,-3.8443,45.0
B028,NCA_graphite,33.14,0.766,2.56,0.716,610,-3.9816,45.0
B028,NCA_graphite,33.14,0.766,2.56,0.716,620,-4.1413,45.0
B028,NCA_graphite,33.14,0.766,2.56,0.716,630,-4.2777,45.0
B028,NCA_graphite,33.14,0.766,2.56,0.716,640,-4.4356,45.0
B028,NCA_graphite,33.14,0.766,2.56,0.716,650,-4.5695,45.0
B028,NCA_graphite,33.14,0.766,2.56,0.716,660,-4.7246,45.0
B028,NCA_graphite,33.14,0.766,2.56,0.716,670,-4.8866,45.0
B028,NCA_graphite,33.14,0.766,2.56,0.716,680,-5.0335,45.0
B028,NCA_graphite,33.14,0.766,2.56,0.716,690,-5.1988,45.0
B028,NCA_graphite,33.14,0.766,2.56,0.716,700,-5.3338,45.0
B028,NCA_graphite,33.14,0.766,2.56,0.716,710,-5.5105,45.0
B028,NCA_graphite,33.14,0.766,2.56,0.716,720,-5.6612,45.0
B028,NCA_graphite,33.14,0.766,2.56,0.716,730,-5.8129,45.0
B028,NCA_graphite,33.14,0.766,2.56,0.716,740,-5.9741,45.0
B028,NCA_graphite,33.14,0.766,2.56,0.716,750,-6.1292,45.0
B028,NCA_graphite,33.14,0.766,2.56,0.716,760,-6.2986,45.0
B028,NCA_graphite,33.14,0.766,2.56,0.716,770,-6.4588,45.0
B028,NCA_graphite,33.14,0.766,2.56,0.716,780,-6.6046,45.0
B028,NCA_graphite,33.14,0.766,2.56,0.716,790,-6.7783,45.0
B028,NCA_graphite,33.14,0.766,2.56,0.716,800,-6.9332,45.0
B028,NCA_graphite,33.14,0.766,2.56,0.716,810,-7.1066,45.0
B028,NCA_graphite,33.14,0.766,2.56,0.716,820,-7.2808,45.0
B028,NCA_graphite,33.14,0.766,2.56,0.716,830,-7.4497,45.0
B028,NCA_graphite,33.14,0.766,2.56,0.716,840,-7.6234,45.0
B028,NCA_graphite,33.14,0.766,2.56,0.716,850,-7.8018,45.0
B028,NCA_graphite,33.14,0.766,2.56,0.716,860,-7.9701,45.0
B028,NCA_graphite,33.14,0.766,2.56,0.716,870,-8.142,45.0
B028,NCA_graphite,33.14,0.766,2.56,0.716,880,-8.3113,45.0
B028,NCA_graphite,33.14,0.766,2.56,0.716,890,-8.4921,45.0
B028,NCA_graphite,33.14,0.766,2.56,0.716,900,-8.6475,45.0
B028,NCA_graphite,33.14,0.766,2.56,0.716,910,-8.8121,45.0
B028,NCA_graphite,33.14,0.766,2.56,0.716,920,-9.0079,45.0
B028,NCA_graphite,33.14,0.766,2.56,0.716,930,-9.1789,45.0
B028,NCA_graphite,33.14,0.766,2.56,0.716,940,-9.3605,45.0
B028,NCA_graphite,33.14,0.766,2.56,0.716,950,-9.5391,45.0
B028,NCA_graphite,33.14,0.766,2.56,0.716,960,-9.7148,45.0
B028,NCA_graphite,33.14,0.766,2.56,0.716,970,-9.9091,45.0
B028,NCA_graphite,33.14,0.766,2.56,0.716,980,-10.0667,45.0
B028,NCA_graphite,33.14,0.766,2.56,0.716,990,-10.2598,45.0
B028,NCA_graphite,33.14,0.766,2.56,0.716,1000,-10.4439,45.0
B029,LFP_graphite,27.06,2.053,2.191,0.812,0,1.9884,99.433
B029,LFP_graphite,27.06,2.053,2.191,0.812,10,1.9747,98.751
B029,LFP_graphite,27.06,2.053,2.191,0.812,20,1.9813,99.081
B029,LFP_graphite,27.06,2.053,2.191,0.812,30,1.9457,97.301
B029,LFP_graphite,27.06,2.053,2.191,0.812,40,1.8951,94.769
B029,LFP_graphite,27.06,2.053,2.191,0.812,50,1.8602,93.021
B029,LFP_graphite,27.06,2.053,2.191,0.812,60,1.8157,90.8
B029,LFP_graphite,27.06,2.053,2.191,0.812,70,1.7575,87.886
B029,LFP_graphite,27.06,2.053,2.191,0.812,80,1.71,85.511
B029,LFP_graphite,27.06,2.053,2.191,0.812,90,1.6664,83.333
B029,LFP_graphite,27.06,2.053,2.191,0.812,100,1.5896,79.49
B029,LFP_graphite,27.06,2.053,2.191,0.812,110,1.5471,77.368
B029,LFP_graphite,27.06,2.053,2.191,0.812,120,1.4923,74.627
B029,LFP_graphite,27.06,2.053,2.191,0.812,130,1.3922,69.619
B029,LFP_graphite,27.06,2.053,2.191,0.812,140,1.3387,66.945
B029,LFP_graphite,27.06,2.053,2.191,0.812,150,1.2795,63.986
B029,LFP_graphite,27.06,2.053,2.191,0.812,160,1.2019,60.105
B029,LFP_graphite,27.06,2.053,2.191,0.812,170,1.1268,56.35
B029,LFP_graphite,27.06,2.053,2.191,0.812,180,1.0528,52.646
B029,LFP_graphite,27.06,2.053,2.191,0.812,190,0.9683,48.422
B029,LFP_graphite,27.06,2.053,2.191,0.812,200,0.9016,45.087
B029,LFP_graphite,27.06,2.053,2.191,0.812,210,0.8309,45.0
B029,LFP_graphite,27.06,2.053,2.191,0.812,220,0.7339,45.0
B029,LFP_graphite,27.06,2.053,2.191,0.812,230,0.6554,45.0
B029,LFP_graphite,27.06,2.053,2.191,0.812,240,0.5573,45.0
B029,LFP_graphite,27.06,2.053,2.191,0.812,250,0.481,45.0
B029,LFP_graphite,27.06,2.053,2.191,0.812,260,0.3819,45.0
B029,LFP_graphite,27.06,2.053,2.191,0.812,270,0.2896,45.0
B029,LFP_graphite,27.06,2.053,2.191,0.812,280,0.2044,45.0
B029,LFP_graphite,27.06,2.053,2.191,0.812,290,0.1265,45.0
B029,LFP_graphite,27.06,2.053,2.191,0.812,300,0.0208,45.0
B029,LFP_graphite,27.06,2.053,2.191,0.812,310,-0.0797,45.0
B029,LFP_graphite,27.06,2.053,2.191,0.812,320,-0.1797,45.0
B029,LFP_graphite,27.06,2.053,2.191,0.812,330,-0.2743,45.0
B029,LFP_graphite,27.06,2.053,2.191,0.812,340,-0.3736,45.0
B029,LFP_graphite,27.06,2.053,2.191,0.812,350,-0.4772,45.0
B029,LFP_graphite,27.06,2.053,2.191,0.812,360,-0.5776,45.0
B029,LFP_graphite,27.06,2.053,2.191,0.812,370,-0.687,45.0
B029,LFP_graphite,27.06,2.053,2.191,0.812,380,-0.7824,45.0
B029,LFP_graphite,27.06,2.053,2.191,0.812,390,-0.8939,45.0
B029,LFP_graphite,27.06,2.053,2.191,0.812,400,-0.9985,45.0
B029,LFP_graphite,27.06,2.053,2.191,0.812,410,-1.1095,45.0
B029,LFP_graphite,27.06,2.053,2.191,0.812,420,-1.231,45.0
B029,LFP_graphite,27.06,2.053,2.191,0.812,430,-1.336,45.0
B029,LFP_graphite,27.06,2.053,2.191,0.812,440,-1.4381,45.0
B029,LFP_graphite,27.06,2.053,2.191,0.812,450,-1.5663,45.0
B029,LFP_graphite,27.06,2.053,2.191,0.812,460,-1.6903,45.0
B029,LFP_graphite,27.06,2.053,2.191,0.812,470,-1.7831,45.0
B029,LFP_graphite,27.06,2.053,2.191,0.812,480,-1.912,45.0
B029,LFP_graphite,27.06,2.053,2.191,0.812,490,-2.0376,45.0
B029,LFP_graphite,27.06,2.053,2.191,0.812,500,-2.1442,45.0
B029,LFP_graphite,27.06,2.053,2.191,0.812,510,-2.2585,45.0
B029,LFP_graphite,27.06,2.053,2.191,0.812,520,-2.3962,45.0
B029,LFP_graphite,27.06,2.053,2.191,0.812,530,-2.5218,45.0
B029,LFP_graphite,27.06,2.053,2.191,0.812,540,-2.6409,45.0
B029,LFP_graphite,27.06,2.053,2.191,0.812,550,-2.7653,45.0
B029,LFP_graphite,27.06,2.053,2.191,0.812,560,-2.8922,45.0
B029,LFP_graphite,27.06,2.053,2.191,0.812,570,-3.024,45.0
B029,LFP_graphite,27.06,2.053,2.191,0.812,580,-3.1401,45.0
B029,LFP_graphite,27.06,2.053,2.191,0.812,590,-3.2728,45.0
B029,LFP_graphite,27.06,2.053,2.191,0.812,600,-3.3879,45.0
B029,LFP_graphite,27.06,2.053,2.191,0.812,610,-3.5301,45.0
B029,LFP_graphite,27.06,2.053,2.191,0.812,620,-3.6523,45.0
B029,LFP_graphite,27.06,2.053,2.191,0.812,630,-3.8047,45.0
B029,LFP_graphite,27.06,2.053,2.191,0.812,640,-3.9445,45.0
B029,LFP_graphite,27.06,2.053,2.191,0.812,650,-4.0674,45.0
B029,LFP_graphite,27.06,2.053,2.191,0.812,660,-4.1931,45.0
B029,LFP_graphite,27.06,2.053,2.191,0.812,670,-4.3364,45.0
B029,LFP_graphite,27.06,2.053,2.191,0.812,680,-4.4886,45.0
B029,LFP_graphite,27.06,2.053,2.191,0.812,690,-4.6156,45.0
B029,LFP_graphite,27.06,2.053,2.191,0.812,700,-4.7641,45.0
B029,LFP_graphite,27.06,2.053,2.191,0.812,710,-4.8856,45.0
B029,LFP_graphite,27.06,2.053,2.191,0.812,720,-5.0398,45.0
B029,LFP_graphite,27.06,2.053,2.191,0.812,730,-5.185,45.0
B029,LFP_graphite,27.06,2.053,2.191,0.812,740,-5.3274,45.0
B029,LFP_graphite,27.06,2.053,2.191,0.812,750,-5.4855,45.0
B029,LFP_graphite,27.06,2.053,2.191,0.812,760,-5.6088,45.0
B029,LFP_graphite,27.06,2.053,2.191,0.812,770,-5.7587,45.0
B029,LFP_graphite,27.06,2.053,2.191,0.812,780,-5.8915,45.0
B029,LFP_graphite,27.06,2.053,2.191,0.812,790,-6.0627,45.0
B029,LFP_graphite,27.06,2.053,2.191,0.812,800,-6.2065,45.0
B029,LFP_graphite,27.06,2.053,2.191,0.812,810,-6.3456,45.0
B029,LFP_graphite,27.06,2.053,2.191,0.812,820,-6.4971,45.0
B029,LFP_graphite,27.06,2.053,2.191,0.812,830,-6.6434,45.0
B029,LFP_graphite,27.06,2.053,2.191,0.812,840,-6.7972,45.0
B029,LFP_graphite,27.06,2.053,2.191,0.812,850,-6.9492,45.0
B029,LFP_graphite,27.06,2.053,2.191,0.812,860,-7.1058,45.0
B029,LFP_graphite,27.06,2.053,2.191,0.812,870,-7.262,45.0
B029,LFP_graphite,27.06,2.053,2.191,0.812,880,-7.411,45.0
B029,LFP_graphite,27.06,2.053,2.191,0.812,890,-7.5549,45.0
B029,LFP_graphite,27.06,2.053,2.191,0.812,900,-7.7231,45.0
B029,LFP_graphite,27.06,2.053,2.191,0.812,910,-7.8822,45.0
B029,LFP_graphite,27.06,2.053,2.191,0.812,920,-8.0292,45.0
B029,LFP_graphite,27.06,2.053,2.191,0.812,930,-8.2077,45.0
B029,LFP_graphite,27.06,2.053,2.191,0.812,940,-8.3677,45.0
B029,LFP_graphite,27.06,2.053,2.191,0.812,950,-8.5225,45.0
B029,LFP_graphite,27.06,2.053,2.191,0.812,960,-8.6781,45.0
B029,LFP_graphite,27.06,2.053,2.191,0.812,970,-8.8463,45.0
B029,LFP_graphite,27.06,2.053,2.191,0.812,980,-9.0094,45.0
B029,LFP_graphite,27.06,2.053,2.191,0.812,990,-9.1492,45.0
B029,LFP_graphite,27.06,2.053,2.191,0.812,1000,-9.3271,45.0
B030,NMC_graphite,36.09,1.505,0.845,0.834,0,2.0297,99.833
B030,NMC_graphite,36.09,1.505,0.845,0.834,10,2.0215,99.429
B030,NMC_graphite,36.09,1.505,0.845,0.834,20,2.0078,98.754
B030,NMC_graphite,36.09,1.505,0.845,0.834,30,1.9975,98.248
B030,NMC_graphite,36.09,1.505,0.845,0.834,40,1.9924,97.996
B030,NMC_graphite,36.09,1.505,0.845,0.834,50,1.9646,96.629
B030,NMC_graphite,36.09,1.505,0.845,0.834,60,1.936,95.224
B030,NMC_graphite,36.09,1.505,0.845,0.834,70,1.9221,94.54
B030,NMC_graphite,36.09,1.505,0.845,0.834,80,1.9134,94.109
B030,NMC_graphite,36.09,1.505,0.845,0.834,90,1.8886,92.89
B030,NMC_graphite,36.09,1.505,0.845,0.834,100,1.8609,91.528
B030,NMC_graphite,36.09,1.505,0.845,0.834,110,1.8447,90.73
B030,NMC_graphite,36.09,1.505,0.845,0.834,120,1.8321,90.112
B030,NMC_graphite,36.09,1.505,0.845,0.834,130,1.8124,89.143
B030,NMC_graphite,36.09,1.505,0.845,0.834,140,1.7726,87.184
B030,NMC_graphite,36.09,1.505,0.845,0.834,150,1.7623,86.68
B030,NMC_graphite,36.09,1.505,0.845,0.834,160,1.7331,85.245
B030,NMC_graphite,36.09,1.505,0.845,0.834,170,1.7132,84.263
B030,NMC_graphite,36.09,1.505,0.845,0.834,180,1.6852,82.885
B030,NMC_graphite,36.09,1.505,0.845,0.834,190,1.6672,82.003
B030,NMC_graphite,36.09,1.505,0.845,0.834,200,1.6428,80.803
B030,NMC_graphite,36.09,1.505,0.845,0.834,210,1.6201,79.685
B030,NMC_graphite,36.09,1.505,0.845,0.834,220,1.5965,78.525
B030,NMC_graphite,36.09,1.505,0.845,0.834,230,1.5738,77.41
B030,NMC_graphite,36.09,1.505,0.845,0.834,240,1.5553,76.497
B030,NMC_graphite,36.09,1.505,0.845,0.834,250,1.5311,75.309
B030,NMC_graphite,36.09,1.505,0.845,0.834,260,1.4753,72.563
B030,NMC_graphite,36.09,1.505,0.845,0.834,270,1.4669,72.151
B030,NMC_graphite,36.09,1.505,0.845,0.834,280,1.4434,70.993
B030,NMC_graphite,36.09,1.505,0.845,0.834,290,1.4062,69.162
B030,NMC_graphite,36.09,1.505,0.845,0.834,300,1.3863,68.188
B030,NMC_graphite,36.09,1.505,0.845,0.834,310,1.3719,67.48
B030,NMC_graphite,36.09,1.505,0.845,0.834,320,1.3207,64.959
B030,NMC_graphite,36.09,1.505,0.845,0.834,330,1.2857,63.239
B030,NMC_graphite,36.09,1.505,0.845,0.834,340,1.2819,63.049
B030,NMC_graphite,36.09,1.505,0.845,0.834,350,1.2499,61.478
B030,NMC_graphite,36.09,1.505,0.845,0.834,360,1.2259,60.297
B030,NMC_graphite,36.09,1.505,0.845,0.834,370,1.1847,58.27
B030,NMC_graphite,36.09,1.505,0.845,0.834,380,1.1747,57.777
B030,NMC_graphite,36.09,1.505,0.845,0.834,390,1.1467,56.403
B030,NMC_graphite,36.09,1.505,0.845,0.834,400,1.1239,55.279
B030,NMC_graphite,36.09,1.505,0.845,0.834,410,1.085,53.366
B030,NMC_graphite,36.09,1.505,0.845,0.834,420,1.0724,52.745
B030,NMC_graphite,36.09,1.505,0.845,0.834,430,1.0162,49.983
B030,NMC_graphite,36.09,1.505,0.845,0.834,440,1.0002,49.194
B030,NMC_graphite,36.09,1.505,0.845,0.834,450,0.9736,47.886
B030,NMC_graphite,36.09,1.505,0.845,0.834,460,0.9421,46.336
B030,NMC_graphite,36.09,1.505,0.845,0.834,470,0.9054,45.0
B030,NMC_graphite,36.09,1.505,0.845,0.834,480,0.8895,45.0
B030,NMC_graphite,36.09,1.505,0.845,0.834,490,0.8459,45.0
B030,NMC_graphite,36.09,1.505,0.845,0.834,500,0.8219,45.0
B030,NMC_graphite,36.09,1.505,0.845,0.834,510,0.784,45.0
B030,NMC_graphite,36.09,1.505,0.845,0.834,520,0.7703,45.0
B030,NMC_graphite,36.09,1.505,0.845,0.834,530,0.741,45.0
B030,NMC_graphite,36.09,1.505,0.845,0.834,540,0.7056,45.0
B030,NMC_graphite,36.09,1.505,0.845,0.834,550,0.6914,45.0
B030,NMC_graphite,36.09,1.505,0.845,0.834,560,0.6418,45.0
B030,NMC_graphite,36.09,1.505,0.845,0.834,570,0.6135,45.0
B030,NMC_graphite,36.09,1.505,0.845,0.834,580,0.5916,45.0
B030,NMC_graphite,36.09,1.505,0.845,0.834,590,0.5343,45.0
B030,NMC_graphite,36.09,1.505,0.845,0.834,600,0.5231,45.0
B030,NMC_graphite,36.09,1.505,0.845,0.834,610,0.4669,45.0
B030,NMC_graphite,36.09,1.505,0.845,0.834,620,0.4564,45.0
B030,NMC_graphite,36.09,1.505,0.845,0.834,630,0.4327,45.0
B030,NMC_graphite,36.09,1.505,0.845,0.834,640,0.3955,45.0
B030,NMC_graphite,36.09,1.505,0.845,0.834,650,0.3595,45.0
B030,NMC_graphite,36.09,1.505,0.845,0.834,660,0.3483,45.0
B030,NMC_graphite,36.09,1.505,0.845,0.834,670,0.3123,45.0
B030,NMC_graphite,36.09,1.505,0.845,0.834,680,0.2809,45.0
B030,NMC_graphite,36.09,1.505,0.845,0.834,690,0.2583,45.0
B030,NMC_graphite,36.09,1.505,0.845,0.834,700,0.201,45.0
B030,NMC_graphite,36.09,1.505,0.845,0.834,710,0.1774,45.0
B030,NMC_graphite,36.09,1.505,0.845,0.834,720,0.1135,45.0
B030,NMC_graphite,36.09,1.505,0.845,0.834,730,0.0968,45.0
B030,NMC_graphite,36.09,1.505,0.845,0.834,740,0.0627,45.0
B030,NMC_graphite,36.09,1.505,0.845,0.834,750,0.0462,45.0
B030,NMC_graphite,36.09,1.505,0.845,0.834,760,0.0073,45.0
B030,NMC_graphite,36.09,1.505,0.845,0.834,770,-0.0136,45.0
B030,NMC_graphite,36.09,1.505,0.845,0.834,780,-0.0564,45.0
B030,NMC_graphite,36.09,1.505,0.845,0.834,790,-0.0909,45.0
B030,NMC_graphite,36.09,1.505,0.845,0.834,800,-0.1253,45.0
B030,NMC_graphite,36.09,1.505,0.845,0.834,810,-0.1583,45.0
B030,NMC_graphite,36.09,1.505,0.845,0.834,820,-0.1963,45.0
B030,NMC_graphite,36.09,1.505,0.845,0.834,830,-0.2163,45.0
B030,NMC_graphite,36.09,1.505,0.845,0.834,840,-0.2629,45.0
B030,NMC_graphite,36.09,1.505,0.845,0.834,850,-0.2761,45.0
B030,NMC_graphite,36.09,1.505,0.845,0.834,860,-0.3122,45.0
B030,NMC_graphite,36.09,1.505,0.845,0.834,870,-0.3512,45.0
B030,NMC_graphite,36.09,1.505,0.845,0.834,880,-0.396,45.0
B030,NMC_graphite,36.09,1.505,0.845,0.834,890,-0.4237,45.0
B030,NMC_graphite,36.09,1.505,0.845,0.834,900,-0.447,45.0
B030,NMC_graphite,36.09,1.505,0.845,0.834,910,-0.4906,45.0
B030,NMC_graphite,36.09,1.505,0.845,0.834,920,-0.5153,45.0
B030,NMC_graphite,36.09,1.505,0.845,0.834,930,-0.5604,45.0
B030,NMC_graphite,36.09,1.505,0.845,0.834,940,-0.5969,45.0
B030,NMC_graphite,36.09,1.505,0.845,0.834,950,-0.6136,45.0
B030,NMC_graphite,36.09,1.505,0.845,0.834,960,-0.6587,45.0
B030,NMC_graphite,36.09,1.505,0.845,0.834,970,-0.696,45.0
B030,NMC_graphite,36.09,1.505,0.845,0.834,980,-0.7328,45.0
B030,NMC_graphite,36.09,1.505,0.845,0.834,990,-0.7665,45.0
B030,NMC_graphite,36.09,1.505,0.845,0.834,1000,-0.8146,45.0
B031,LFP_graphite,14.73,2.431,1.963,0.857,0,1.8888,99.712
B031,LFP_graphite,14.73,2.431,1.963,0.857,10,1.8867,99.602
B031,LFP_graphite,14.73,2.431,1.963,0.857,20,1.8815,99.328
B031,LFP_graphite,14.73,2.431,1.963,0.857,30,1.8614,98.266
B031,LFP_graphite,14.73,2.431,1.963,0.857,40,1.8193,96.045
B031,LFP_graphite,14.73,2.431,1.963,0.857,50,1.7937,94.69
B031,LFP_graphite,14.73,2.431,1.963,0.857,60,1.7604,92.933
B031,LFP_graphite,14.73,2.431,1.963,0.857,70,1.7084,90.188
B031,LFP_graphite,14.73,2.431,1.963,0.857,80,1.6649,87.893
B031,LFP_graphite,14.73,2.431,1.963,0.857,90,1.6247,85.769
B031,LFP_graphite,14.73,2.431,1.963,0.857,100,1.5786,83.338
B031,LFP_graphite,14.73,2.431,1.963,0.857,110,1.5226,80.381
B031,LFP_graphite,14.73,2.431,1.963,0.857,120,1.4708,77.646
B031,LFP_graphite,14.73,2.431,1.963,0.857,130,1.4224,75.089
B031,LFP_graphite,14.73,2.431,1.963,0.857,140,1.3592,71.753
B031,LFP_graphite,14.73,2.431,1.963,0.857,150,1.2966,68.452
B031,LFP_graphite,14.73,2.431,1.963,0.857,160,1.2311,64.991
B031,LFP_graphite,14.73,2.431,1.963,0.857,170,1.1724,61.895
B031,LFP_graphite,14.73,2.431,1.963,0.857,180,1.1053,58.348
B031,LFP_graphite,14.73,2.431,1.963,0.857,190,1.0333,54.551
B031,LFP_graphite,14.73,2.431,1.963,0.857,200,0.9438,49.825
B031,LFP_graphite,14.73,2.431,1.963,0.857,210,0.8775,46.322
B031,LFP_graphite,14.73,2.431,1.963,0.857,220,0.7917,45.0
B031,LFP_graphite,14.73,2.431,1.963,0.857,230,0.7226,45.0
B031,LFP_graphite,14.73,2.431,1.963,0.857,240,0.6262,45.0
B031,LFP_graphite,14.73,2.431,1.963,0.857,250,0.5528,45.0
B031,LFP_graphite,14.73,2.431,1.963,0.857,260,0.4557,45.0
B031,LFP_graphite,14.73,2.431,1.963,0.857,270,0.3853,45.0
B031,LFP_graphite,14.73,2.431,1.963,0.857,280,0.2861,45.0
B031,LFP_graphite,14.73,2.431,1.963,0.857,290,0.2083,45.0
B031,LFP_graphite,14.73,2.431,1.963,0.857,300,0.1053,45.0
B031,LFP_graphite,14.73,2.431,1.963,0.857,310,0.0081,45.0
B031,LFP_graphite,14.73,2.431,1.963,0.857,320,-0.0878,45.0
B031,LFP_graphite,14.73,2.431,1.963,0.857,330,-0.2033,45.0
B031,LFP_graphite,14.73,2.431,1.963,0.857,340,-0.2965,45.0
B031,LFP_graphite,14.73,2.431,1.963,0.857,350,-0.3893,45.0
B031,LFP_graphite,14.73,2.431,1.963,0.857,360,-0.4949,45.0
B031,LFP_graphite,14.73,2.431,1.963,0.857,370,-0.5891,45.0
B031,LFP_graphite,14.73,2.431,1.963,0.857,380,-0.7174,45.0
B031,LFP_graphite,14.73,2.431,1.963,0.857,390,-0.814,45.0
B031,LFP_graphite,14.73,2.431,1.963,0.857,400,-0.9236,45.0
B031,LFP_graphite,14.73,2.431,1.963,0.857,410,-1.0472,45.0
B031,LFP_graphite,14.73,2.431,1.963,0.857,420,-1.1552,45.0
B031,LFP_graphite,14.73,2.431,1.963,0.857,430,-1.2704,45.0
B031,LFP_graphite,14.73,2.431,1.963,0.857,440,-1.3848,45.0
B031,LFP_graphite,14.73,2.431,1.963,0.857,450,-1.5152,45.0
B031,LFP_graphite,14.73,2.431,1.963,0.857,460,-1.6225,45.0
B031,LFP_graphite,14.73,2.431,1.963,0.857,470,-1.7514,45.0
B031,LFP_graphite,14.73,2.431,1.963,0.857,480,-1.8697,45.0
B031,LFP_graphite,14.73,2.431,1.963,0.857,490,-2.0084,45.0
B031,LFP_graphite,14.73,2.431,1.963,0.857,500,-2.1222,45.0
B031,LFP_graphite,14.73,2.431,1.963,0.857,510,-2.2455,45.0
B031,LFP_graphite,14.73,2.431,1.963,0.857,520,-2.3675,45.0
B031,LFP_graphite,14.73,2.431,1.963,0.857,530,-2.4989,45.0
B031,LFP_graphite,14.73,2.431,1.963,0.857,540,-2.65,45.0
B031,LFP_graphite,14.73,2.431,1.963,0.857,550,-2.776,45.0
B031,LFP_graphite,14.73,2.431,1.963,0.857,560,-2.9053,45.0
B031,LFP_graphite,14.73,2.431,1.963,0.857,570,-3.0629,45.0
B031,LFP_graphite,14.73,2.431,1.963,0.857,580,-3.1893,45.0
B031,LFP_graphite,14.73,2.431,1.963,0.857,590,-3.3257,45.0
B031,LFP_graphite,14.73,2.431,1.963,0.857,600,-3.4671,45.0
B031,LFP_graphite,14.73,2.431,1.963,0.857,610,-3.6074,45.0
B031,LFP_graphite,14.73,2.431,1.963,0.857,620,-3.7621,45.0
B031,LFP_graphite,14.73,2.431,1.963,0.857,630,-3.8913,45.0
B031,LFP_graphite,14.73,2.431,1.963,0.857,640,-4.0452,45.0
B031,LFP_graphite,14.73,2.431,1.963,0.857,650,-4.1812,45.0
B031,LFP_graphite,14.73,2.431,1.963,0.857,660,-4.3393,45.0
B031,LFP_graphite,14.73,2.431,1.963,0.857,670,-4.4987,45.0
B031,LFP_graphite,14.73,2.431,1.963,0.857,680,-4.6399,45.0
B031,LFP_graphite,14.73,2.431,1.963,0.857,690,-4.8092,45.0
B031,LFP_graphite,14.73,2.431,1.963,0.857,700,-4.9508,45.0
B031,LFP_graphite,14.73,2.431,1.963,0.857,710,-5.1017,45.0
B031,LFP_graphite,14.73,2.431,1.963,0.857,720,-5.2573,45.0
B031,LFP_graphite,14.73,2.431,1.963,0.857,730,-5.4205,45.0
B031,LFP_graphite,14.73,2.431,1.963,0.857,740,-5.5867,45.0
B031,LFP_graphite,14.73,2.431,1.963,0.857,750,-5.7515,45.0
B031,LFP_graphite,14.73,2.431,1.963,0.857,760,-5.9028,45.0
B031,LFP_graphite,14.73,2.431,1.963,0.857,770,-6.0604,45.0
B031,LFP_graphite,14.73,2.431,1.963,0.857,780,-6.2343,45.0
B031,LFP_graphite,14.73,2.431,1.963,0.857,790,-6.4021,45.0
B031,LFP_graphite,14.73,2.431,1.963,0.857,800,-6.5619,45.0
B031,LFP_graphite,14.73,2.431,1.963,0.857,810,-6.732,45.0
B031,LFP_graphite,14.73,2.431,1.963,0.857,820,-6.8971,45.0
B031,LFP_graphite,14.73,2.431,1.963,0.857,830,-7.0734,45.0
B031,LFP_graphite,14.73,2.431,1.963,0.857,840,-7.2403,45.0
B031,LFP_graphite,14.73,2.431,1.963,0.857,850,-7.4066,45.0
B031,LFP_graphite,14.73,2.431,1.963,0.857,860,-7.5962,45.0
B031,LFP_graphite,14.73,2.431,1.963,0.857,870,-7.7538,45.0
B031,LFP_graphite,14.73,2.431,1.963,0.857,880,-7.9314,45.0
B031,LFP_graphite,14.73,2.431,1.963,0.857,890,-8.103,45.0
B031,LFP_graphite,14.73,2.431,1.963,0.857,900,-8.3084,45.0
B031,LFP_graphite,14.73,2.431,1.963,0.857,910,-8.4641,45.0
B031,LFP_graphite,14.73,2.431,1.963,0.857,920,-8.6514,45.0
B031,LFP_graphite,14.73,2.431,1.963,0.857,930,-8.8426,45.0
B031,LFP_graphite,14.73,2.431,1.963,0.857,940,-9.0116,45.0
B031,LFP_graphite,14.73,2.431,1.963,0.857,950,-9.2097,45.0
B031,LFP_graphite,14.73,2.431,1.963,0.857,960,-9.393,45.0
B031,LFP_graphite,14.73,2.431,1.963,0.857,970,-9.587,45.0
B031,LFP_graphite,14.73,2.431,1.963,0.857,980,-9.7717,45.0
B031,LFP_graphite,14.73,2.431,1.963,0.857,990,-9.9503,45.0
B031,LFP_graphite,14.73,2.431,1.963,0.857,1000,-10.1402,45.0
B032,LFP_graphite,34.13,0.568,2.113,0.604,0,1.9783,100.24
B032,LFP_graphite,34.13,0.568,2.113,0.604,10,1.9782,100.236
B032,LFP_graphite,34.13,0.568,2.113,0.604,20,1.9605,99.34
B032,LFP_graphite,34.13,0.568,2.113,0.604,30,1.9631,99.473
B032,LFP_graphite,34.13,0.568,2.113,0.604,40,1.9358,98.085
B032,LFP_graphite,34.13,0.568,2.113,0.604,50,1.9351,98.052
B032,LFP_graphite,34.13,0.568,2.113,0.604,60,1.9231,97.446
B032,LFP_graphite,34.13,0.568,2.113,0.604,70,1.8977,96.157
B032,LFP_graphite,34.13,0.568,2.113,0.604,80,1.8979,96.169
B032,LFP_graphite,34.13,0.568,2.113,0.604,90,1.88,95.262
B032,LFP_graphite,34.13,0.568,2.113,0.604,100,1.8761,95.065
B032,LFP_graphite,34.13,0.568,2.113,0.604,110,1.8704,94.773
B032,LFP_graphite,34.13,0.568,2.113,0.604,120,1.8341,92.933
B032,LFP_graphite,34.13,0.568,2.113,0.604,130,1.84,93.234
B032,LFP_graphite,34.13,0.568,2.113,0.604,140,1.8128,91.857
B032,LFP_graphite,34.13,0.568,2.113,0.604,150,1.797,91.053
B032,LFP_graphite,34.13,0.568,2.113,0.604,160,1.7786,90.12
B032,LFP_graphite,34.13,0.568,2.113,0.604,170,1.7682,89.594
B032,LFP_graphite,34.13,0.568,2.113,0.604,180,1.7476,88.552
B032,LFP_graphite,34.13,0.568,2.113,0.604,190,1.7319,87.754
B032,LFP_graphite,34.13,0.568,2.113,0.604,200,1.7238,87.346
B032,LFP_graphite,34.13,0.568,2.113,0.604,210,1.6982,86.048
B032,LFP_graphite,34.13,0.568,2.113,0.604,220,1.6684,84.537
B032,LFP_graphite,34.13,0.568,2.113,0.604,230,1.6612,84.171
B032,LFP_graphite,34.13,0.568,2.113,0.604,240,1.6357,82.883
B032,LFP_graphite,34.13,0.568,2.113,0.604,250,1.6128,81.718
B032,LFP_graphite,34.13,0.568,2.113,0.604,260,1.5943,80.783
B032,LFP_graphite,34.13,0.568,2.113,0.604,270,1.5721,79.658
B032,LFP_graphite,34.13,0.568,2.113,0.604,280,1.5587,78.979
B032,LFP_graphite,34.13,0.568,2.113,0.604,290,1.5336,77.706
B032,LFP_graphite,34.13,0.568,2.113,0.604,300,1.5162,76.824
B032,LFP_graphite,34.13,0.568,2.113,0.604,310,1.4877,75.379
B032,LFP_graphite,34.13,0.568,2.113,0.604,320,1.4594,73.947
B032,LFP_graphite,34.13,0.568,2.113,0.604,330,1.44,72.966
B032,LFP_graphite,34.13,0.568,2.113,0.604,340,1.4313,72.522
B032,LFP_graphite,34.13,0.568,2.113,0.604,350,1.4051,71.195
B032,LFP_graphite,34.13,0.568,2.113,0.604,360,1.3819,70.019
B032,LFP_graphite,34.13,0.568,2.113,0.604,370,1.3511,68.46
B032,LFP_graphite,34.13,0.568,2.113,0.604,380,1.3342,67.602
B032,LFP_graphite,34.13,0.568,2.113,0.604,390,1.3188,66.825
B032,LFP_graphite,34.13,0.568,2.113,0.604,400,1.2972,65.731
B032,LFP_graphite,34.13,0.568,2.113,0.604,410,1.2422,62.941
B032,LFP_graphite,34.13,0.568,2.113,0.604,420,1.2341,62.53
B032,LFP_graphite,34.13,0.568,2.113,0.604,430,1.2135,61.487
B032,LFP_graphite,34.13,0.568,2.113,0.604,440,1.1933,60.466
B032,LFP_graphite,34.13,0.568,2.113,0.604,450,1.1691,59.24
B032,LFP_graphite,34.13,0.568,2.113,0.604,460,1.1418,57.856
B032,LFP_graphite,34.13,0.568,2.113,0.604,470,1.1232,56.914
B032,LFP_graphite,34.13,0.568,2.113,0.604,480,1.095,55.486
B032,LFP_graphite,34.13,0.568,2.113,0.604,490,1.0769,54.566
B032,LFP_graphite,34.13,0.568,2.113,0.604,500,1.0502,53.212
B032,LFP_graphite,34.13,0.568,2.113,0.604,510,1.0204,51.702
B032,LFP_graphite,34.13,0.568,2.113,0.604,520,0.9917,50.247
B032,LFP_graphite,34.13,0.568,2.113,0.604,530,0.9744,49.375
B032,LFP_graphite,34.13,0.568,2.113,0.604,540,0.9563,48.457
B032,LFP_graphite,34.13,0.568,2.113,0.604,550,0.92,46.618
B032,LFP_graphite,34.13,0.568,2.113,0.604,560,0.8855,45.0
B032,LFP_graphite,34.13,0.568,2.113,0.604,570,0.8614,45.0
B032,LFP_graphite,34.13,0.568,2.113,0.604,580,0.8254,45.0
B032,LFP_graphite,34.13,0.568,2.113,0.604,590,0.8093,45.0
B032,LFP_graphite,34.13,0.568,2.113,0.604,600,0.8011,45.0
B032,LFP_graphite,34.13,0.568,2.113,0.604,610,0.7689,45.0
B032,LFP_graphite,34.13,0.568,2.113,0.604,620,0.7473,45.0
B032,LFP_graphite,34.13,0.568,2.113,0.604,630,0.7017,45.0
B032,LFP_graphite,34.13,0.568,2.113,0.604,640,0.6738,45.0
B032,LFP_graphite,34.13,0.568,2.113,0.604,650,0.6383,45.0
B032,LFP_graphite,34.13,0.568,2.113,0.604,660,0.6322,45.0
B032,LFP_graphite,34.13,0.568,2.113,0.604,670,0.5826,45.0
B032,LFP_graphite,34.13,0.568,2.113,0.604,680,0.5559,45.0
B032,LFP_graphite,34.13,0.568,2.113,0.604,690,0.5395,45.0
B032,LFP_graphite,34.13,0.568,2.113,0.604,700,0.5151,45.0
B032,LFP_graphite,34.13,0.568,2.113,0.604,710,0.474,45.0
B032,LFP_graphite,34.13,0.568,2.113,0.604,720,0.456,45.0
B032,LFP_graphite,34.13,0.568,2.113,0.604,730,0.4303,45.0
B032,LFP_graphite,34.13,0.568,2.113,0.604,740,0.3916,45.0
B032,LFP_graphite,34.13,0.568,2.113,0.604,750,0.3615,45.0
B032,LFP_graphite,34.13,0.568,2.113,0.604,760,0.318,45.0
B032,LFP_graphite,34.13,0.568,2.113,0.604,770,0.2997,45.0
B032,LFP_graphite,34.13,0.568,2.113,0.604,780,0.2824,45.0
B032,LFP_graphite,34.13,0.568,2.113,0.604,790,0.2587,45.0
B032,LFP_graphite,34.13,0.568,2.113,0.604,800,0.2174,45.0
B032,LFP_graphite,34.13,0.568,2.113,0.604,810,0.1921,45.0
B032,LFP_graphite,34.13,0.568,2.113,0.604,820,0.1437,45.0
B032,LFP_graphite,34.13,0.568,2.113,0.604,830,0.1349,45.0
B032,LFP_graphite,34.13,0.568,2.113,0.604,840,0.0959,45.0
B032,LFP_graphite,34.13,0.568,2.113,0.604,850,0.064,45.0
B032,LFP_graphite,34.13,0.568,2.113,0.604,860,0.026,45.0
B032,LFP_graphite,34.13,0.568,2.113,0.604,870,-0.0024,45.0
B032,LFP_graphite,34.13,0.568,2.113,0.604,880,-0.0083,45.0
B032,LFP_graphite,34.13,0.568,2.113,0.604,890,-0.0611,45.0
B032,LFP_graphite,34.13,0.568,2.113,0.604,900,-0.0897,45.0
B032,LFP_graphite,34.13,0.568,2.113,0.604,910,-0.1276,45.0
B032,LFP_graphite,34.13,0.568,2.113,0.604,920,-0.1393,45.0
B032,LFP_graphite,34.13,0.568,2.113,0.604,930,-0.1922,45.0
B032,LFP_graphite,34.13,0.568,2.113,0.604,940,-0.218,45.0
B032,LFP_graphite,34.13,0.568,2.113,0.604,950,-0.2493,45.0
B032,LFP_graphite,34.13,0.568,2.113,0.604,960,-0.2739,45.0
B032,LFP_graphite,34.13,0.568,2.113,0.604,970,-0.2956,45.0
B032,LFP_graphite,34.13,0.568,2.113,0.604,980,-0.3432,45.0
B032,LFP_graphite,34.13,0.568,2.113,0.604,990,-0.3726,45.0
B032,LFP_graphite,34.13,0.568,2.113,0.604,1000,-0.4044,45.0
B033,NCA_graphite,44.04,1.397,1.94,0.788,0,2.1541,99.507
B033,NCA_graphite,44.04,1.397,1.94,0.788,10,2.1416,98.931
B033,NCA_graphite,44.04,1.397,1.94,0.788,20,2.1141,97.661
B033,NCA_graphite,44.04,1.397,1.94,0.788,30,2.0764,95.918
B033,NCA_graphite,44.04,1.397,1.94,0.788,40,2.0264,93.606
B033,NCA_graphite,44.04,1.397,1.94,0.788,50,1.9867,91.774
B033,NCA_graphite,44.04,1.397,1.94,0.788,60,1.942,89.708
B033,NCA_graphite,44.04,1.397,1.94,0.788,70,1.8886,87.242
B033,NCA_graphite,44.04,1.397,1.94,0.788,80,1.8403,85.014
B033,NCA_graphite,44.04,1.397,1.94,0.788,90,1.8009,83.189
B033,NCA_graphite,44.04,1.397,1.94,0.788,100,1.732,80.006
B033,NCA_graphite,44.04,1.397,1.94,0.788,110,1.6831,77.749
B033,NCA_graphite,44.04,1.397,1.94,0.788,120,1.6258,75.102
B033,NCA_graphite,44.04,1.397,1.94,0.788,130,1.5703,72.537
B033,NCA_graphite,44.04,1.397,1.94,0.788,140,1.5067,69.602
B033,NCA_graphite,44.04,1.397,1.94,0.788,150,1.4462,66.805
B033,NCA_graphite,44.04,1.397,1.94,0.788,160,1.3732,63.435
B033,NCA_graphite,44.04,1.397,1.94,0.788,170,1.3273,61.314
B033,NCA_graphite,44.04,1.397,1.94,0.788,180,1.2513,57.804
B033,NCA_graphite,44.04,1.397,1.94,0.788,190,1.1873,54.847
B033,NCA_graphite,44.04,1.397,1.94,0.788,200,1.1127,51.4
B033,NCA_graphite,44.04,1.397,1.94,0.788,210,1.0507,48.537
B033,NCA_graphite,44.04,1.397,1.94,0.788,220,0.9939,45.912
B033,NCA_graphite,44.04,1.397,1.94,0.788,230,0.9033,45.0
B033,NCA_graphite,44.04,1.397,1.94,0.788,240,0.8271,45.0
B033,NCA_graphite,44.04,1.397,1.94,0.788,250,0.7645,45.0
B033,NCA_graphite,44.04,1.397,1.94,0.788,260,0.7054,45.0
B033,NCA_graphite,44.04,1.397,1.94,0.788,270,0.6395,45.0
B033,NCA_graphite,44.04,1.397,1.94,0.788,280,0.5571,45.0
B033,NCA_graphite,44.04,1.397,1.94,0.788,290,0.4814,45.0
B033,NCA_graphite,44.04,1.397,1.94,0.788,300,0.4071,45.0
B033,NCA_graphite,44.04,1.397,1.94,0.788,310,0.335,45.0
B033,NCA_graphite,44.04,1.397,1.94,0.788,320,0.2324,45.0
B033,NCA_graphite,44.04,1.397,1.94,0.788,330,0.1711,45.0
B033,NCA_graphite,44.04,1.397,1.94,0.788,340,0.0835,45.0
B033,NCA_graphite,44.04,1.397,1.94,0.788,350,0.018,45.0
B033,NCA_graphite,44.04,1.397,1.94,0.788,360,-0.0629,45.0
B033,NCA_graphite,44.04,1.397,1.94,0.788,370,-0.1569,45.0
B033,NCA_graphite,44.04,1.397,1.94,0.788,380,-0.234,45.0
B033,NCA_graphite,44.04,1.397,1.94,0.788,390,-0.3054,45.0
B033,NCA_graphite,44.04,1.397,1.94,0.788,400,-0.3863,45.0
B033,NCA_graphite,44.04,1.397,1.94,0.788,410,-0.4783,45.0
B033,NCA_graphite,44.04,1.397,1.94,0.788,420,-0.5525,45.0
B033,NCA_graphite,44.04,1.397,1.94,0.788,430,-0.6396,45.0
B033,NCA_graphite,44.04,1.397,1.94,0.788,440,-0.7343,45.0
B033,NCA_graphite,44.04,1.397,1.94,0.788,450,-0.8135,45.0
B033,NCA_graphite,44.04,1.397,1.94,0.788,460,-0.8867,45.0
B033,NCA_graphite,44.04,1.397,1.94,0.788,470,-0.9792,45.0
B033,NCA_graphite,44.04,1.397,1.94,0.788,480,-1.0702,45.0
B033,NCA_graphite,44.04,1.397,1.94,0.788,490,-1.1507,45.0
B033,NCA_graphite,44.04,1.397,1.94,0.788,500,-1.2325,45.0
B033,NCA_graphite,44.04,1.397,1.94,0.788,510,-1.3388,45.0
B033,NCA_graphite,44.04,1.397,1.94,0.788,520,-1.4114,45.0
B033,NCA_graphite,44.04,1.397,1.94,0.788,530,-1.5078,45.0
B033,NCA_graphite,44.04,1.397,1.94,0.788,540,-1.5918,45.0
B033,NCA_graphite,44.04,1.397,1.94,0.788,550,-1.6818,45.0
B033,NCA_graphite,44.04,1.397,1.94,0.788,560,-1.7754,45.0
B033,NCA_graphite,44.04,1.397,1.94,0.788,570,-1.8846,45.0
B033,NCA_graphite,44.04,1.397,1.94,0.788,580,-1.9649,45.0
B033,NCA_graphite,44.04,1.397,1.94,0.788,590,-2.0637,45.0
B033,NCA_graphite,44.04,1.397,1.94,0.788,600,-2.1517,45.0
B033,NCA_graphite,44.04,1.397,1.94,0.788,610,-2.2125,45.0
B033,NCA_graphite,44.04,1.397,1.94,0.788,620,-2.3321,45.0
B033,NCA_graphite,44.04,1.397,1.94,0.788,630,-2.4297,45.0
B033,NCA_graphite,44.04,1.397,1.94,0.788,640,-2.5161,45.0
B033,NCA_graphite,44.04,1.397,1.94,0.788,650,-2.6092,45.0
B033,NCA_graphite,44.04,1.397,1.94,0.788,660,-2.7192,45.0
B033,NCA_graphite,44.04,1.397,1.94,0.788,670,-2.8044,45.0
B033,NCA_graphite,44.04,1.397,1.94,0.788,680,-2.9013,45.0
B033,NCA_graphite,44.04,1.397,1.94,0.788,690,-2.9962,45.0
B033,NCA_graphite,44.04,1.397,1.94,0.788,700,-3.0976,45.0
B033,NCA_graphite,44.04,1.397,1.94,0.788,710,-3.1992,45.0
B033,NCA_graphite,44.04,1.397,1.94,0.788,720,-3.2899,45.0
B033,NCA_graphite,44.04,1.397,1.94,0.788,730,-3.3919,45.0
B033,NCA_graphite,44.04,1.397,1.94,0.788,740,-3.4835,45.0
B033,NCA_graphite,44.04,1.397,1.94,0.788,750,-3.5629,45.0
B033,NCA_graphite,44.04,1.397,1.94,0.788,760,-3.6676,45.0
B033,NCA_graphite,44.04,1.397,1.94,0.788,770,-3.7833,45.0
B033,NCA_graphite,44.04,1.397,1.94,0.788,780,-3.876,45.0
B033,NCA_graphite,44.04,1.397,1.94,0.788,790,-3.9839,45.0
B033,NCA_graphite,44.04,1.397,1.94,0.788,800,-4.0713,45.0
B033,NCA_graphite,44.04,1.397,1.94,0.788,810,-4.1755,45.0
B033,NCA_graphite,44.04,1.397,1.94,0.788,820,-4.278,45.0
B033,NCA_graphite,44.04,1.397,1.94,0.788,830,-4.3826,45.0
B033,NCA_graphite,44.04,1.397,1.94,0.788,840,-4.4819,45.0
B033,NCA_graphite,44.04,1.397,1.94,0.788,850,-4.5767,45.0
B033,NCA_graphite,44.04,1.397,1.94,0.788,860,-4.6922,45.0
B033,NCA_graphite,44.04,1.397,1.94,0.788,870,-4.7782,45.0
B033,NCA_graphite,44.04,1.397,1.94,0.788,880,-4.8932,45.0
B033,NCA_graphite,44.04,1.397,1.94,0.788,890,-4.9998,45.0
B033,NCA_graphite,44.04,1.397,1.94,0.788,900,-5.0923,45.0
B033,NCA_graphite,44.04,1.397,1.94,0.788,910,-5.2144,45.0
B033,NCA_graphite,44.04,1.397,1.94,0.788,920,-5.308,45.0
B033,NCA_graphite,44.04,1.397,1.94,0.788,930,-5.4265,45.0
B033,NCA_graphite,44.04,1.397,1.94,0.788,940,-5.516,45.0
B033,NCA_graphite,44.04,1.397,1.94,0.788,950,-5.63,45.0
B033,NCA_graphite,44.04,1.397,1.94,0.788,960,-5.7198,45.0
B033,NCA_graphite,44.04,1.397,1.94,0.788,970,-5.848,45.0
B033,NCA_graphite,44.04,1.397,1.94,0.788,980,-5.9325,45.0
B033,NCA_graphite,44.04,1.397,1.94,0.788,990,-6.0458,45.0
B033,NCA_graphite,44.04,1.397,1.94,0.788,1000,-6.1629,45.0
B034,NMC_graphite,12.99,1.087,2.8,0.643,0,2.0498,99.844
B034,NMC_graphite,12.99,1.087,2.8,0.643,10,2.0625,100.464
B034,NMC_graphite,12.99,1.087,2.8,0.643,20,2.0506,99.885
B034,NMC_graphite,12.99,1.087,2.8,0.643,30,2.0436,99.543
B034,NMC_graphite,12.99,1.087,2.8,0.643,40,2.0365,99.199
B034,NMC_graphite,12.99,1.087,2.8,0.643,50,2.0345,99.098
B034,NMC_graphite,12.99,1.087,2.8,0.643,60,2.0235,98.563
B034,NMC_graphite,12.99,1.087,2.8,0.643,70,2.0215,98.469
B034,NMC_graphite,12.99,1.087,2.8,0.643,80,2.0187,98.331
B034,NMC_graphite,12.99,1.087,2.8,0.643,90,2.0102,97.917
B034,NMC_graphite,12.99,1.087,2.8,0.643,100,2.002,97.519
B034,NMC_graphite,12.99,1.087,2.8,0.643,110,2.0041,97.62
B034,NMC_graphite,12.99,1.087,2.8,0.643,120,2.0014,97.486
B034,NMC_graphite,12.99,1.087,2.8,0.643,130,1.9782,96.36
B034,NMC_graphite,12.99,1.087,2.8,0.643,140,1.9859,96.733
B034,NMC_graphite,12.99,1.087,2.8,0.643,150,1.9737,96.138
B034,NMC_graphite,12.99,1.087,2.8,0.643,160,1.9812,96.505
B034,NMC_graphite,12.99,1.087,2.8,0.643,170,1.9606,95.502
B034,NMC_graphite,12.99,1.087,2.8,0.643,180,1.9591,95.429
B034,NMC_graphite,12.99,1.087,2.8,0.643,190,1.9511,95.039
B034,NMC_graphite,12.99,1.087,2.8,0.643,200,1.9411,94.553
B034,NMC_graphite,12.99,1.087,2.8,0.643,210,1.9232,93.68
B034,NMC_graphite,12.99,1.087,2.8,0.643,220,1.9251,93.771
B034,NMC_graphite,12.99,1.087,2.8,0.643,230,1.9163,93.344
B034,NMC_graphite,12.99,1.087,2.8,0.643,240,1.9249,93.763
B034,NMC_graphite,12.99,1.087,2.8,0.643,250,1.9151,93.282
B034,NMC_graphite,12.99,1.087,2.8,0.643,260,1.8976,92.43
B034,NMC_graphite,12.99,1.087,2.8,0.643,270,1.8838,91.762
B034,NMC_graphite,12.99,1.087,2.8,0.643,280,1.8857,91.852
B034,NMC_graphite,12.99,1.087,2.8,0.643,290,1.8777,91.464
B034,NMC_graphite,12.99,1.087,2.8,0.643,300,1.8758,91.372
B034,NMC_graphite,12.99,1.087,2.8,0.643,310,1.8655,90.866
B034,NMC_graphite,12.99,1.087,2.8,0.643,320,1.8539,90.303
B034,NMC_graphite,12.99,1.087,2.8,0.643,330,1.8425,89.746
B034,NMC_graphite,12.99,1.087,2.8,0.643,340,1.8229,88.792
B034,NMC_graphite,12.99,1.087,2.8,0.643,350,1.838,89.528
B034,NMC_graphite,12.99,1.087,2.8,0.643,360,1.8181,88.558
B034,NMC_graphite,12.99,1.087,2.8,0.643,370,1.8233,88.814
B034,NMC_graphite,12.99,1.087,2.8,0.643,380,1.8129,88.307
B034,NMC_graphite,12.99,1.087,2.8,0.643,390,1.7795,86.679
B034,NMC_graphite,12.99,1.087,2.8,0.643,400,1.8051,87.928
B034,NMC_graphite,12.99,1.087,2.8,0.643,410,1.7696,86.196
B034,NMC_graphite,12.99,1.087,2.8,0.643,420,1.7607,85.766
B034,NMC_graphite,12.99,1.087,2.8,0.643,430,1.775,86.458
B034,NMC_graphite,12.99,1.087,2.8,0.643,440,1.7549,85.48
B034,NMC_graphite,12.99,1.087,2.8,0.643,450,1.7402,84.763
B034,NMC_graphite,12.99,1.087,2.8,0.643,460,1.7259,84.067
B034,NMC_graphite,12.99,1.087,2.8,0.643,470,1.7295,84.246
B034,NMC_graphite,12.99,1.087,2.8,0.643,480,1.7112,83.354
B034,NMC_graphite,12.99,1.087,2.8,0.643,490,1.7052,83.063
B034,NMC_graphite,12.99,1.087,2.8,0.643,500,1.7027,82.939
B034,NMC_graphite,12.99,1.087,2.8,0.643,510,1.6898,82.309
B034,NMC_graphite,12.99,1.087,2.8,0.643,520,1.6742,81.549
B034,NMC_graphite,12.99,1.087,2.8,0.643,530,1.6582,80.773
B034,NMC_graphite,12.99,1.087,2.8,0.643,540,1.658,80.759
B034,NMC_graphite,12.99,1.087,2.8,0.643,550,1.6303,79.41
B034,NMC_graphite,12.99,1.087,2.8,0.643,560,1.6321,79.502
B034,NMC_graphite,12.99,1.087,2.8,0.643,570,1.6229,79.051
B034,NMC_graphite,12.99,1.087,2.8,0.643,580,1.6184,78.83
B034,NMC_graphite,12.99,1.087,2.8,0.643,590,1.6134,78.586
B034,NMC_graphite,12.99,1.087,2.8,0.643,600,1.5949,77.688
B034,NMC_graphite,12.99,1.087,2.8,0.643,610,1.5911,77.504
B034,NMC_graphite,12.99,1.087,2.8,0.643,620,1.5781,76.87
B034,NMC_graphite,12.99,1.087,2.8,0.643,630,1.5664,76.297
B034,NMC_graphite,12.99,1.087,2.8,0.643,640,1.5591,75.942
B034,NMC_graphite,12.99,1.087,2.8,0.643,650,1.5568,75.833
B034,NMC_graphite,12.99,1.087,2.8,0.643,660,1.5333,74.685
B034,NMC_graphite,12.99,1.087,2.8,0.643,670,1.5333,74.687
B034,NMC_graphite,12.99,1.087,2.8,0.643,680,1.5246,74.265
B034,NMC_graphite,12.99,1.087,2.8,0.643,690,1.5059,73.352
B034,NMC_graphite,12.99,1.087,2.8,0.643,700,1.5013,73.127
B034,NMC_graphite,12.99,1.087,2.8,0.643,710,1.483,72.237
B034,NMC_graphite,12.99,1.087,2.8,0.643,720,1.4791,72.045
B034,NMC_graphite,12.99,1.087,2.8,0.643,730,1.4654,71.38
B034,NMC_graphite,12.99,1.087,2.8,0.643,740,1.4587,71.052
B034,NMC_graphite,12.99,1.087,2.8,0.643,750,1.4556,70.903
B034,NMC_graphite,12.99,1.087,2.8,0.643,760,1.4301,69.661
B034,NMC_graphite,12.99,1.087,2.8,0.643,770,1.4317,69.739
B034,NMC_graphite,12.99,1.087,2.8,0.643,780,1.4146,68.905
B034,NMC_graphite,12.99,1.087,2.8,0.643,790,1.4023,68.307
B034,NMC_graphite,12.99,1.087,2.8,0.643,800,1.3823,67.33
B034,NMC_graphite,12.99,1.087,2.8,0.643,810,1.3813,67.282
B034,NMC_graphite,12.99,1.087,2.8,0.643,820,1.3752,66.987
B034,NMC_graphite,12.99,1.087,2.8,0.643,830,1.3671,66.591
B034,NMC_graphite,12.99,1.087,2.8,0.643,840,1.3515,65.832
B034,NMC_graphite,12.99,1.087,2.8,0.643,850,1.3523,65.872
B034,NMC_graphite,12.99,1.087,2.8,0.643,860,1.3271,64.645
B034,NMC_graphite,12.99,1.087,2.8,0.643,870,1.329,64.734
B034,NMC_graphite,12.99,1.087,2.8,0.643,880,1.2986,63.255
B034,NMC_graphite,12.99,1.087,2.8,0.643,890,1.2939,63.028
B034,NMC_graphite,12.99,1.087,2.8,0.643,900,1.2948,63.069
B034,NMC_graphite,12.99,1.087,2.8,0.643,910,1.2911,62.887
B034,NMC_graphite,12.99,1.087,2.8,0.643,920,1.2809,62.394
B034,NMC_graphite,12.99,1.087,2.8,0.643,930,1.2619,61.469
B034,NMC_graphite,12.99,1.087,2.8,0.643,940,1.2481,60.797
B034,NMC_graphite,12.99,1.087,2.8,0.643,950,1.2503,60.904
B034,NMC_graphite,12.99,1.087,2.8,0.643,960,1.2167,59.263
B034,NMC_graphite,12.99,1.087,2.8,0.643,970,1.2151,59.189
B034,NMC_graphite,12.99,1.087,2.8,0.643,980,1.1925,58.085
B034,NMC_graphite,12.99,1.087,2.8,0.643,990,1.1821,57.581
B034,NMC_graphite,12.99,1.087,2.8,0.643,1000,1.1695,56.968
B035,NCA_graphite,15.96,1.77,1.901,0.62,0,2.1063,100.539
B035,NCA_graphite,15.96,1.77,1.901,0.62,10,2.0985,100.163
B035,NCA_graphite,15.96,1.77,1.901,0.62,20,2.0857,99.553
B035,NCA_graphite,15.96,1.77,1.901,0.62,30,2.0557,98.121
B035,NCA_graphite,15.96,1.77,1.901,0.62,40,2.0325,97.013
B035,NCA_graphite,15.96,1.77,1.901,0.62,50,2.0056,95.73
B035,NCA_graphite,15.96,1.77,1.901,0.62,60,1.9737,94.206
B035,NCA_graphite,15.96,1.77,1.901,0.62,70,1.9372,92.467
B035,NCA_graphite,15.96,1.77,1.901,0.62,80,1.8822,89.842
B035,NCA_graphite,15.96,1.77,1.901,0.62,90,1.8582,88.696
B035,NCA_graphite,15.96,1.77,1.901,0.62,100,1.8108,86.43
B035,NCA_graphite,15.96,1.77,1.901,0.62,110,1.7677,84.375
B035,NCA_graphite,15.96,1.77,1.901,0.62,120,1.727,82.432
B035,NCA_graphite,15.96,1.77,1.901,0.62,130,1.6731,79.859
B035,NCA_graphite,15.96,1.77,1.901,0.62,140,1.6189,77.274
B035,NCA_graphite,15.96,1.77,1.901,0.62,150,1.5686,74.873
B035,NCA_graphite,15.96,1.77,1.901,0.62,160,1.508,71.979
B035,NCA_graphite,15.96,1.77,1.901,0.62,170,1.4591,69.646
B035,NCA_graphite,15.96,1.77,1.901,0.62,180,1.3922,66.45
B035,NCA_graphite,15.96,1.77,1.901,0.62,190,1.3578,64.81
B035,NCA_graphite,15.96,1.77,1.901,0.62,200,1.2684,60.543
B035,NCA_graphite,15.96,1.77,1.901,0.62,210,1.2076,57.643
B035,NCA_graphite,15.96,1.77,1.901,0.62,220,1.1549,55.126
B035,NCA_graphite,15.96,1.77,1.901,0.62,230,1.0808,51.589
B035,NCA_graphite,15.96,1.77,1.901,0.62,240,1.0136,48.381
B035,NCA_graphite,15.96,1.77,1.901,0.62,250,0.9444,45.079
B035,NCA_graphite,15.96,1.77,1.901,0.62,260,0.8832,45.0
B035,NCA_graphite,15.96,1.77,1.901,0.62,270,0.8248,45.0
B035,NCA_graphite,15.96,1.77,1.901,0.62,280,0.7169,45.0
B035,NCA_graphite,15.96,1.77,1.901,0.62,290,0.6445,45.0
B035,NCA_graphite,15.96,1.77,1.901,0.62,300,0.5744,45.0
B035,NCA_graphite,15.96,1.77,1.901,0.62,310,0.5042,45.0
B035,NCA_graphite,15.96,1.77,1.901,0.62,320,0.4137,45.0
B035,NCA_graphite,15.96,1.77,1.901,0.62,330,0.3332,45.0
B035,NCA_graphite,15.96,1.77,1.901,0.62,340,0.2498,45.0
B035,NCA_graphite,15.96,1.77,1.901,0.62,350,0.16,45.0
B035,NCA_graphite,15.96,1.77,1.901,0.62,360,0.0894,45.0
B035,NCA_graphite,15.96,1.77,1.901,0.62,370,-0.01,45.0
B035,NCA_graphite,15.96,1.77,1.901,0.62,380,-0.0947,45.0
B035,NCA_graphite,15.96,1.77,1.901,0.62,390,-0.1809,45.0
B035,NCA_graphite,15.96,1.77,1.901,0.62,400,-0.2735,45.0
B035,NCA_graphite,15.96,1.77,1.901,0.62,410,-0.3731,45.0
B035,NCA_graphite,15.96,1.77,1.901,0.62,420,-0.4621,45.0
B035,NCA_graphite,15.96,1.77,1.901,0.62,430,-0.551,45.0
B035,NCA_graphite,15.96,1.77,1.901,0.62,440,-0.6492,45.0
B035,NCA_graphite,15.96,1.77,1.901,0.62,450,-0.7301,45.0
B035,NCA_graphite,15.96,1.77,1.901,0.62,460,-0.8453,45.0
B035,NCA_graphite,15.96,1.77,1.901,0.62,470,-0.9348,45.0
B035,NCA_graphite,15.96,1.77,1.901,0.62,480,-1.0338,45.0
B035,NCA_graphite,15.96,1.77,1.901,0.62,490,-1.1402,45.0
B035,NCA_graphite,15.96,1.77,1.901,0.62,500,-1.237,45.0
B035,NCA_graphite,15.96,1.77,1.901,0.62,510,-1.3298,45.0
B035,NCA_graphite,15.96,1.77,1.901,0.62,520,-1.4315,45.0
B035,NCA_graphite,15.96,1.77,1.901,0.62,530,-1.5365,45.0
B035,NCA_graphite,15.96,1.77,1.901,0.62,540,-1.6388,45.0
B035,NCA_graphite,15.96,1.77,1.901,0.62,550,-1.7662,45.0
B035,NCA_graphite,15.96,1.77,1.901,0.62,560,-1.8624,45.0
B035,NCA_graphite,15.96,1.77,1.901,0.62,570,-1.9847,45.0
B035,NCA_graphite,15.96,1.77,1.901,0.62,580,-2.0936,45.0
B035,NCA_graphite,15.96,1.77,1.901,0.62,590,-2.2,45.0
B035,NCA_graphite,15.96,1.77,1.901,0.62,600,-2.3182,45.0
B035,NCA_graphite,15.96,1.77,1.901,0.62,610,-2.4281,45.0
B035,NCA_graphite,15.96,1.77,1.901,0.62,620,-2.5409,45.0
B035,NCA_graphite,15.96,1.77,1.901,0.62,630,-2.6416,45.0
B035,NCA_graphite,15.96,1.77,1.901,0.62,640,-2.7531,45.0
B035,NCA_graphite,15.96,1.77,1.901,0.62,650,-2.8749,45.0
B035,NCA_graphite,15.96,1.77,1.901,0.62,660,-3.016,45.0
B035,NCA_graphite,15.96,1.77,1.901,0.62,670,-3.1268,45.0
B035,NCA_graphite,15.96,1.77,1.901,0.62,680,-3.2449,45.0
B035,NCA_graphite,15.96,1.77,1.901,0.62,690,-3.3737,45.0
B035,NCA_graphite,15.96,1.77,1.901,0.62,700,-3.4925,45.0
B035,NCA_graphite,15.96,1.77,1.901,0.62,710,-3.614,45.0
B035,NCA_graphite,15.96,1.77,1.901,0.62,720,-3.7333,45.0
B035,NCA_graphite,15.96,1.77,1.901,0.62,730,-3.8626,45.0
B035,NCA_graphite,15.96,1.77,1.901,0.62,740,-3.9843,45.0
B035,NCA_graphite,15.96,1.77,1.901,0.62,750,-4.1183,45.0
B035,NCA_graphite,15.96,1.77,1.901,0.62,760,-4.249,45.0
B035,NCA_graphite,15.96,1.77,1.901,0.62,770,-4.3707,45.0
B035,NCA_graphite,15.96,1.77,1.901,0.62,780,-4.496,45.0
B035,NCA_graphite,15.96,1.77,1.901,0.62,790,-4.6297,45.0
B035,NCA_graphite,15.96,1.77,1.901,0.62,800,-4.7639,45.0
B035,NCA_graphite,15.96,1.77,1.901,0.62,810,-4.8758,45.0
B035,NCA_graphite,15.96,1.77,1.901,0.62,820,-5.0192,45.0
B035,NCA_graphite,15.96,1.77,1.901,0.62,830,-5.1605,45.0
B035,NCA_graphite,15.96,1.77,1.901,0.62,840,-5.2843,45.0
B035,NCA_graphite,15.96,1.77,1.901,0.62,850,-5.456,45.0
B035,NCA_graphite,15.96,1.77,1.901,0.62,860,-5.5639,45.0
B035,NCA_graphite,15.96,1.77,1.901,0.62,870,-5.72,45.0
B035,NCA_graphite,15.96,1.77,1.901,0.62,880,-5.8389,45.0
B035,NCA_graphite,15.96,1.77,1.901,0.62,890,-5.9901,45.0
B035,NCA_graphite,15.96,1.77,1.901,0.62,900,-6.1035,45.0
B035,NCA_graphite,15.96,1.77,1.901,0.62,910,-6.2553,45.0
B035,NCA_graphite,15.96,1.77,1.901,0.62,920,-6.4081,45.0
B035,NCA_graphite,15.96,1.77,1.901,0.62,930,-6.5342,45.0
B035,NCA_graphite,15.96,1.77,1.901,0.62,940,-6.6805,45.0
B035,NCA_graphite,15.96,1.77,1.901,0.62,950,-6.8271,45.0
B035,NCA_graphite,15.96,1.77,1.901,0.62,960,-6.9854,45.0
B035,NCA_graphite,15.96,1.77,1.901,0.62,970,-7.1369,45.0
B035,NCA_graphite,15.96,1.77,1.901,0.62,980,-7.267,45.0
B035,NCA_graphite,15.96,1.77,1.901,0.62,990,-7.4251,45.0
B035,NCA_graphite,15.96,1.77,1.901,0.62,1000,-7.5584,45.0
B036,LFP_graphite,46.91,1.453,2.147,0.899,0,1.9607,99.107
B036,LFP_graphite,46.91,1.453,2.147,0.899,10,1.9438,98.252
B036,LFP_graphite,46.91,1.453,2.147,0.899,20,1.8985,95.962
B036,LFP_graphite,46.91,1.453,2.147,0.899,30,1.8499,93.508
B036,LFP_graphite,46.91,1.453,2.147,0.899,40,1.7917,90.565
B036,LFP_graphite,46.91,1.453,2.147,0.899,50,1.7367,87.786
B036,LFP_graphite,46.91,1.453,2.147,0.899,60,1.6513,83.468
B036,LFP_graphite,46.91,1.453,2.147,0.899,70,1.5767,79.697
B036,LFP_graphite,46.91,1.453,2.147,0.899,80,1.474,74.508
B036,LFP_graphite,46.91,1.453,2.147,0.899,90,1.3854,70.026
B036,LFP_graphite,46.91,1.453,2.147,0.899,100,1.2775,64.573
B036,LFP_graphite,46.91,1.453,2.147,0.899,110,1.1942,60.361
B036,LFP_graphite,46.91,1.453,2.147,0.899,120,1.0896,55.078
B036,LFP_graphite,46.91,1.453,2.147,0.899,130,0.9705,49.056
B036,LFP_graphite,46.91,1.453,2.147,0.899,140,0.8679,45.0
B036,LFP_graphite,46.91,1.453,2.147,0.899,150,0.755,45.0
B036,LFP_graphite,46.91,1.453,2.147,0.899,160,0.6287,45.0
B036,LFP_graphite,46.91,1.453,2.147,0.899,170,0.5069,45.0
B036,LFP_graphite,46.91,1.453,2.147,0.899,180,0.3736,45.0
B036,LFP_graphite,46.91,1.453,2.147,0.899,190,0.2468,45.0
B036,LFP_graphite,46.91,1.453,2.147,0.899,200,0.1141,45.0
B036,LFP_graphite,46.91,1.453,2.147,0.899,210,-0.0165,45.0
B036,LFP_graphite,46.91,1.453,2.147,0.899,220,-0.1586,45.0
B036,LFP_graphite,46.91,1.453,2.147,0.899,230,-0.2923,45.0
B036,LFP_graphite,46.91,1.453,2.147,0.899,240,-0.4396,45.0
B036,LFP_graphite,46.91,1.453,2.147,0.899,250,-0.5775,45.0
B036,LFP_graphite,46.91,1.453,2.147,0.899,260,-0.7527,45.0
B036,LFP_graphite,46.91,1.453,2.147,0.899,270,-0.8929,45.0
B036,LFP_graphite,46.91,1.453,2.147,0.899,280,-1.0455,45.0
B036,LFP_graphite,46.91,1.453,2.147,0.899,290,-1.2021,45.0
B036,LFP_graphite,46.91,1.453,2.147,0.899,300,-1.3779,45.0
B036,LFP_graphite,46.91,1.453,2.147,0.899,310,-1.5089,45.0
B036,LFP_graphite,46.91,1.453,2.147,0.899,320,-1.7044,45.0
B036,LFP_graphite,46.91,1.453,2.147,0.899,330,-1.8569,45.0
B036,LFP_graphite,46.91,1.453,2.147,0.899,340,-2.0316,45.0
B036,LFP_graphite,46.91,1.453,2.147,0.899,350,-2.2133,45.0
B036,LFP_graphite,46.91,1.453,2.147,0.899,360,-2.3695,45.0
B036,LFP_graphite,46.91,1.453,2.147,0.899,370,-2.5499,45.0
B036,LFP_graphite,46.91,1.453,2.147,0.899,380,-2.7237,45.0
B036,LFP_graphite,46.91,1.453,2.147,0.899,390,-2.9096,45.0
B036,LFP_graphite,46.91,1.453,2.147,0.899,400,-3.0933,45.0
B036,LFP_graphite,46.91,1.453,2.147,0.899,410,-3.2797,45.0
B036,LFP_graphite,46.91,1.453,2.147,0.899,420,-3.4628,45.0
B036,LFP_graphite,46.91,1.453,2.147,0.899,430,-3.6493,45.0
B036,LFP_graphite,46.91,1.453,2.147,0.899,440,-3.832,45.0
B036,LFP_graphite,46.91,1.453,2.147,0.899,450,-4.0158,45.0
B036,LFP_graphite,46.91,1.453,2.147,0.899,460,-4.2292,45.0
B036,LFP_graphite,46.91,1.453,2.147,0.899,470,-4.4229,45.0
B036,LFP_graphite,46.91,1.453,2.147,0.899,480,-4.6139,45.0
B036,LFP_graphite,46.91,1.453,2.147,0.899,490,-4.821,45.0
B036,LFP_graphite,46.91,1.453,2.147,0.899,500,-5.0151,45.0
B036,LFP_graphite,46.91,1.453,2.147,0.899,510,-5.2155,45.0
B036,LFP_graphite,46.91,1.453,2.147,0.899,520,-5.4192,45.0
B036,LFP_graphite,46.91,1.453,2.147,0.899,530,-5.6263,45.0
B036,LFP_graphite,46.91,1.453,2.147,0.899,540,-5.8509,45.0
B036,LFP_graphite,46.91,1.453,2.147,0.899,550,-6.0417,45.0
B036,LFP_graphite,46.91,1.453,2.147,0.899,560,-6.2557,45.0
B036,LFP_graphite,46.91,1.453,2.147,0.899,570,-6.4679,45.0
B036,LFP_graphite,46.91,1.453,2.147,0.899,580,-6.7092,45.0
B036,LFP_graphite,46.91,1.453,2.147,0.899,590,-6.9097,45.0
B036,LFP_graphite,46.91,1.453,2.147,0.899,600,-7.1323,45.0
B036,LFP_graphite,46.91,1.453,2.147,0.899,610,-7.339,45.0
B036,LFP_graphite,46.91,1.453,2.147,0.899,620,-7.5648,45.0
B036,LFP_graphite,46.91,1.453,2.147,0.899,630,-7.7887,45.0
B036,LFP_graphite,46.91,1.453,2.147,0.899,640,-8.0086,45.0
B036,LFP_graphite,46.91,1.453,2.147,0.899,650,-8.2317,45.0
B036,LFP_graphite,46.91,1.453,2.147,0.899,660,-8.4781,45.0
B036,LFP_graphite,46.91,1.453,2.147,0.899,670,-8.6952,45.0
B036,LFP_graphite,46.91,1.453,2.147,0.899,680,-8.944,45.0
B036,LFP_graphite,46.91,1.453,2.147,0.899,690,-9.1601,45.0
B036,LFP_graphite,46.91,1.453,2.147,0.899,700,-9.3997,45.0
B036,LFP_graphite,46.91,1.453,2.147,0.899,710,-9.6304,45.0
B036,LFP_graphite,46.91,1.453,2.147,0.899,720,-9.8671,45.0
B036,LFP_graphite,46.91,1.453,2.147,0.899,730,-10.1043,45.0
B036,LFP_graphite,46.91,1.453,2.147,0.899,740,-10.3559,45.0
B036,LFP_graphite,46.91,1.453,2.147,0.899,750,-10.598,45.0
B036,LFP_graphite,46.91,1.453,2.147,0.899,760,-10.8316,45.0
B036,LFP_graphite,46.91,1.453,2.147,0.899,770,-11.077,45.0
B036,LFP_graphite,46.91,1.453,2.147,0.899,780,-11.3257,45.0
B036,LFP_graphite,46.91,1.453,2.147,0.899,790,-11.5617,45.0
B036,LFP_graphite,46.91,1.453,2.147,0.899,800,-11.8127,45.0
B036,LFP_graphite,46.91,1.453,2.147,0.899,810,-12.0581,45.0
B036,LFP_graphite,46.91,1.453,2.147,0.899,820,-12.324,45.0
B036,LFP_graphite,46.91,1.453,2.147,0.899,830,-12.5722,45.0
B036,LFP_graphite,46.91,1.453,2.147,0.899,840,-12.8245,45.0
B036,LFP_graphite,46.91,1.453,2.147,0.899,850,-13.0547,45.0
B036,LFP_graphite,46.91,1.453,2.147,0.899,860,-13.3458,45.0
B036,LFP_graphite,46.91,1.453,2.147,0.899,870,-13.6039,45.0
B036,LFP_graphite,46.91,1.453,2.147,0.899,880,-13.8498,45.0
B036,LFP_graphite,46.91,1.453,2.147,0.899,890,-14.1102,45.0
B036,LFP_graphite,46.91,1.453,2.147,0.899,900,-14.3776,45.0
B036,LFP_graphite,46.91,1.453,2.147,0.899,910,-14.6409,45.0
B036,LFP_graphite,46.91,1.453,2.147,0.899,920,-14.9164,45.0
B036,LFP_graphite,46.91,1.453,2.147,0.899,930,-15.1788,45.0
B036,LFP_graphite,46.91,1.453,2.147,0.899,940,-15.4408,45.0
B036,LFP_graphite,46.91,1.453,2.147,0.899,950,-15.7086,45.0
B036,LFP_graphite,46.91,1.453,2.147,0.899,960,-15.9957,45.0
B036,LFP_graphite,46.91,1.453,2.147,0.899,970,-16.2649,45.0
B036,LFP_graphite,46.91,1.453,2.147,0.899,980,-16.5362,45.0
B036,LFP_graphite,46.91,1.453,2.147,0.899,990,-16.8012,45.0
B036,LFP_graphite,46.91,1.453,2.147,0.899,1000,-17.0742,45.0
B037,NMC_graphite,35.32,2.225,1.953,0.994,0,2.1189,99.792
B037,NMC_graphite,35.32,2.225,1.953,0.994,10,2.0747,97.709
B037,NMC_graphite,35.32,2.225,1.953,0.994,20,2.0039,94.373
B037,NMC_graphite,35.32,2.225,1.953,0.994,30,1.9074,89.831
B037,NMC_graphite,35.32,2.225,1.953,0.994,40,1.7676,83.245
B037,NMC_graphite,35.32,2.225,1.953,0.994,50,1.6353,77.014
B037,NMC_graphite,35.32,2.225,1.953,0.994,60,1.5007,70.675
B037,NMC_graphite,35.32,2.225,1.953,0.994,70,1.3302,62.645
B037,NMC_graphite,35.32,2.225,1.953,0.994,80,1.1618,54.715
B037,NMC_graphite,35.32,2.225,1.953,0.994,90,0.9704,45.7
B037,NMC_graphite,35.32,2.225,1.953,0.994,100,0.7738,45.0
B037,NMC_graphite,35.32,2.225,1.953,0.994,110,0.5722,45.0
B037,NMC_graphite,35.32,2.225,1.953,0.994,120,0.3669,45.0
B037,NMC_graphite,35.32,2.225,1.953,0.994,130,0.1293,45.0
B037,NMC_graphite,35.32,2.225,1.953,0.994,140,-0.117,45.0
B037,NMC_graphite,35.32,2.225,1.953,0.994,150,-0.3479,45.0
B037,NMC_graphite,35.32,2.225,1.953,0.994,160,-0.5832,45.0
B037,NMC_graphite,35.32,2.225,1.953,0.994,170,-0.8562,45.0
B037,NMC_graphite,35.32,2.225,1.953,0.994,180,-1.1286,45.0
B037,NMC_graphite,35.32,2.225,1.953,0.994,190,-1.3866,45.0
B037,NMC_graphite,35.32,2.225,1.953,0.994,200,-1.6813,45.0
B037,NMC_graphite,35.32,2.225,1.953,0.994,210,-1.9799,45.0
B037,NMC_graphite,35.32,2.225,1.953,0.994,220,-2.2694,45.0
B037,NMC_graphite,35.32,2.225,1.953,0.994,230,-2.5562,45.0
B037,NMC_graphite,35.32,2.225,1.953,0.994,240,-2.8663,45.0
B037,NMC_graphite,35.32,2.225,1.953,0.994,250,-3.1935,45.0
B037,NMC_graphite,35.32,2.225,1.953,0.994,260,-3.4948,45.0
B037,NMC_graphite,35.32,2.225,1.953,0.994,270,-3.8218,45.0
B037,NMC_graphite,35.32,2.225,1.953,0.994,280,-4.1704,45.0
B037,NMC_graphite,35.32,2.225,1.953,0.994,290,-4.508,45.0
B037,NMC_graphite,35.32,2.225,1.953,0.994,300,-4.8602,45.0
B037,NMC_graphite,35.32,2.225,1.953,0.994,310,-5.2057,45.0
B037,NMC_graphite,35.32,2.225,1.953,0.994,320,-5.5597,45.0
B037,NMC_graphite,35.32,2.225,1.953,0.994,330,-5.9302,45.0
B037,NMC_graphite,35.32,2.225,1.953,0.994,340,-6.3008,45.0
B037,NMC_graphite,35.32,2.225,1.953,0.994,350,-6.6806,45.0
B037,NMC_graphite,35.32,2.225,1.953,0.994,360,-7.0489,45.0
B037,NMC_graphite,35.32,2.225,1.953,0.994,370,-7.416,45.0
B037,NMC_graphite,35.32,2.225,1.953,0.994,380,-7.8087,45.0
B037,NMC_graphite,35.32,2.225,1.953,0.994,390,-8.215,45.0
B037,NMC_graphite,35.32,2.225,1.953,0.994,400,-8.605,45.0
B037,NMC_graphite,35.32,2.225,1.953,0.994,410,-9.016,45.0
B037,NMC_graphite,35.32,2.225,1.953,0.994,420,-9.412,45.0
B037,NMC_graphite,35.32,2.225,1.953,0.994,430,-9.8315,45.0
B037,NMC_graphite,35.32,2.225,1.953,0.994,440,-10.2627,45.0
B037,NMC_graphite,35.32,2.225,1.953,0.994,450,-10.6708,45.0
B037,NMC_graphite,35.32,2.225,1.953,0.994,460,-11.0939,45.0
B037,NMC_graphite,35.32,2.225,1.953,0.994,470,-11.5324,45.0
B037,NMC_graphite,35.32,2.225,1.953,0.994,480,-11.9835,45.0
B037,NMC_graphite,35.32,2.225,1.953,0.994,490,-12.4184,45.0
B037,NMC_graphite,35.32,2.225,1.953,0.994,500,-12.8637,45.0
B037,NMC_graphite,35.32,2.225,1.953,0.994,510,-13.3105,45.0
B037,NMC_graphite,35.32,2.225,1.953,0.994,520,-13.776,45.0
B037,NMC_graphite,35.32,2.225,1.953,0.994,530,-14.2397,45.0
B037,NMC_graphite,35.32,2.225,1.953,0.994,540,-14.686,45.0
B037,NMC_graphite,35.32,2.225,1.953,0.994,550,-15.1563,45.0
B037,NMC_graphite,35.32,2.225,1.953,0.994,560,-15.6383,45.0
B037,NMC_graphite,35.32,2.225,1.953,0.994,570,-16.113,45.0
B037,NMC_graphite,35.32,2.225,1.953,0.994,580,-16.5873,45.0
B037,NMC_graphite,35.32,2.225,1.953,0.994,590,-17.0783,45.0
B037,NMC_graphite,35.32,2.225,1.953,0.994,600,-17.5738,45.0
B037,NMC_graphite,35.32,2.225,1.953,0.994,610,-18.0522,45.0
B037,NMC_graphite,35.32,2.225,1.953,0.994,620,-18.5477,45.0
B037,NMC_graphite,35.32,2.225,1.953,0.994,630,-19.0699,45.0
B037,NMC_graphite,35.32,2.225,1.953,0.994,640,-19.5665,45.0
B037,NMC_graphite,35.32,2.225,1.953,0.994,650,-20.0906,45.0
B037,NMC_graphite,35.32,2.225,1.953,0.994,660,-20.5845,45.0
B037,NMC_graphite,35.32,2.225,1.953,0.994,670,-21.1046,45.0
B037,NMC_graphite,35.32,2.225,1.953,0.994,680,-21.6345,45.0
B037,NMC_graphite,35.32,2.225,1.953,0.994,690,-22.1774,45.0
B037,NMC_graphite,35.32,2.225,1.953,0.994,700,-22.682,45.0
B037,NMC_graphite,35.32,2.225,1.953,0.994,710,-23.2223,45.0
B037,NMC_graphite,35.32,2.225,1.953,0.994,720,-23.7582,45.0
B037,NMC_graphite,35.32,2.225,1.953,0.994,730,-24.3097,45.0
B037,NMC_graphite,35.32,2.225,1.953,0.994,740,-24.8435,45.0
B037,NMC_graphite,35.32,2.225,1.953,0.994,750,-25.3848,45.0
B037,NMC_graphite,35.32,2.225,1.953,0.994,760,-25.9268,45.0
B037,NMC_graphite,35.32,2.225,1.953,0.994,770,-26.4945,45.0
B037,NMC_graphite,35.32,2.225,1.953,0.994,780,-27.0657,45.0
B037,NMC_graphite,35.32,2.225,1.953,0.994,790,-27.6106,45.0
B037,NMC_graphite,35.32,2.225,1.953,0.994,800,-28.1906,45.0
B037,NMC_graphite,35.32,2.225,1.953,0.994,810,-28.7601,45.0
B037,NMC_graphite,35.32,2.225,1.953,0.994,820,-29.3239,45.0
B037,NMC_graphite,35.32,2.225,1.953,0.994,830,-29.9039,45.0
B037,NMC_graphite,35.32,2.225,1.953,0.994,840,-30.4847,45.0
B037,NMC_graphite,35.32,2.225,1.953,0.994,850,-31.0663,45.0
B037,NMC_graphite,35.32,2.225,1.953,0.994,860,-31.6422,45.0
B037,NMC_graphite,35.32,2.225,1.953,0.994,870,-32.2409,45.0
B037,NMC_graphite,35.32,2.225,1.953,0.994,880,-32.8457,45.0
B037,NMC_graphite,35.32,2.225,1.953,0.994,890,-33.4285,45.0
B037,NMC_graphite,35.32,2.225,1.953,0.994,900,-34.0464,45.0
B037,NMC_graphite,35.32,2.225,1.953,0.994,910,-34.6365,45.0
B037,NMC_graphite,35.32,2.225,1.953,0.994,920,-35.2461,45.0
B037,NMC_graphite,35.32,2.225,1.953,0.994,930,-35.8539,45.0
B037,NMC_graphite,35.32,2.225,1.953,0.994,940,-36.4694,45.0
B037,NMC_graphite,35.32,2.225,1.953,0.994,950,-37.0719,45.0
B037,NMC_graphite,35.32,2.225,1.953,0.994,960,-37.6977,45.0
B037,NMC_graphite,35.32,2.225,1.953,0.994,970,-38.3109,45.0
B037,NMC_graphite,35.32,2.225,1.953,0.994,980,-38.9413,45.0
B037,NMC_graphite,35.32,2.225,1.953,0.994,990,-39.5721,45.0
B037,NMC_graphite,35.32,2.225,1.953,0.994,1000,-40.2093,45.0
B038,LFP_graphite,33.23,2.48,2.784,0.668,0,2.1277,99.979
B038,LFP_graphite,33.23,2.48,2.784,0.668,10,2.1212,99.673
B038,LFP_graphite,33.23,2.48,2.784,0.668,20,2.0789,97.685
B038,LFP_graphite,33.23,2.48,2.784,0.668,30,2.0142,94.645
B038,LFP_graphite,33.23,2.48,2.784,0.668,40,1.9593,92.066
B038,LFP_graphite,33.23,2.48,2.784,0.668,50,1.8988,89.223
B038,LFP_graphite,33.23,2.48,2.784,0.668,60,1.8358,86.262
B038,LFP_graphite,33.23,2.48,2.784,0.668,70,1.7603,82.716
B038,LFP_graphite,33.23,2.48,2.784,0.668,80,1.6778,78.838
B038,LFP_graphite,33.23,2.48,2.784,0.668,90,1.5839,74.424
B038,LFP_graphite,33.23,2.48,2.784,0.668,100,1.4906,70.042
B038,LFP_graphite,33.23,2.48,2.784,0.668,110,1.3968,65.636
B038,LFP_graphite,33.23,2.48,2.784,0.668,120,1.288,60.525
B038,LFP_graphite,33.23,2.48,2.784,0.668,130,1.1857,55.713
B038,LFP_graphite,33.23,2.48,2.784,0.668,140,1.0887,51.155
B038,LFP_graphite,33.23,2.48,2.784,0.668,150,0.9722,45.681
B038,LFP_graphite,33.23,2.48,2.784,0.668,160,0.8607,45.0
B038,LFP_graphite,33.23,2.48,2.784,0.668,170,0.7382,45.0
B038,LFP_graphite,33.23,2.48,2.784,0.668,180,0.6183,45.0
B038,LFP_graphite,33.23,2.48,2.784,0.668,190,0.488,45.0
B038,LFP_graphite,33.23,2.48,2.784,0.668,200,0.3543,45.0
B038,LFP_graphite,33.23,2.48,2.784,0.668,210,0.2388,45.0
B038,LFP_graphite,33.23,2.48,2.784,0.668,220,0.0914,45.0
B038,LFP_graphite,33.23,2.48,2.784,0.668,230,-0.0411,45.0
B038,LFP_graphite,33.23,2.48,2.784,0.668,240,-0.1866,45.0
B038,LFP_graphite,33.23,2.48,2.784,0.668,250,-0.3255,45.0
B038,LFP_graphite,33.23,2.48,2.784,0.668,260,-0.4949,45.0
B038,LFP_graphite,33.23,2.48,2.784,0.668,270,-0.6402,45.0
B038,LFP_graphite,33.23,2.48,2.784,0.668,280,-0.7808,45.0
B038,LFP_graphite,33.23,2.48,2.784,0.668,290,-0.9384,45.0
B038,LFP_graphite,33.23,2.48,2.784,0.668,300,-1.098,45.0
B038,LFP_graphite,33.23,2.48,2.784,0.668,310,-1.2643,45.0
B038,LFP_graphite,33.23,2.48,2.784,0.668,320,-1.4241,45.0
B038,LFP_graphite,33.23,2.48,2.784,0.668,330,-1.5881,45.0
B038,LFP_graphite,33.23,2.48,2.784,0.668,340,-1.7675,45.0
B038,LFP_graphite,33.23,2.48,2.784,0.668,350,-1.9198,45.0
B038,LFP_graphite,33.23,2.48,2.784,0.668,360,-2.0868,45.0
B038,LFP_graphite,33.23,2.48,2.784,0.668,370,-2.2573,45.0
B038,LFP_graphite,33.23,2.48,2.784,0.668,380,-2.4564,45.0
B038,LFP_graphite,33.23,2.48,2.784,0.668,390,-2.6105,45.0
B038,LFP_graphite,33.23,2.48,2.784,0.668,400,-2.8051,45.0
B038,LFP_graphite,33.23,2.48,2.784,0.668,410,-3.0029,45.0
B038,LFP_graphite,33.23,2.48,2.784,0.668,420,-3.1712,45.0
B038,LFP_graphite,33.23,2.48,2.784,0.668,430,-3.377,45.0
B038,LFP_graphite,33.23,2.48,2.784,0.668,440,-3.5486,45.0
B038,LFP_graphite,33.23,2.48,2.784,0.668,450,-3.7448,45.0
B038,LFP_graphite,33.23,2.48,2.784,0.668,460,-3.9456,45.0
B038,LFP_graphite,33.23,2.48,2.784,0.668,470,-4.1406,45.0
B038,LFP_graphite,33.23,2.48,2.784,0.668,480,-4.3374,45.0
B038,LFP_graphite,33.23,2.48,2.784,0.668,490,-4.5434,45.0
B038,LFP_graphite,33.23,2.48,2.784,0.668,500,-4.7309,45.0
B038,LFP_graphite,33.23,2.48,2.784,0.668,510,-4.9403,45.0
B038,LFP_graphite,33.23,2.48,2.784,0.668,520,-5.1485,45.0
B038,LFP_graphite,33.23,2.48,2.784,0.668,530,-5.3677,45.0
B038,LFP_graphite,33.23,2.48,2.784,0.668,540,-5.5616,45.0
B038,LFP_graphite,33.23,2.48,2.784,0.668,550,-5.7831,45.0
B038,LFP_graphite,33.23,2.48,2.784,0.668,560,-5.9951,45.0
B038,LFP_graphite,33.23,2.48,2.784,0.668,570,-6.2005,45.0
B038,LFP_graphite,33.23,2.48,2.784,0.668,580,-6.4335,45.0
B038,LFP_graphite,33.23,2.48,2.784,0.668,590,-6.6485,45.0
B038,LFP_graphite,33.23,2.48,2.784,0.668,600,-6.8746,45.0
B038,LFP_graphite,33.23,2.48,2.784,0.668,610,-7.0872,45.0
B038,LFP_graphite,33.23,2.48,2.784,0.668,620,-7.301,45.0
B038,LFP_graphite,33.23,2.48,2.784,0.668,630,-7.534,45.0
B038,LFP_graphite,33.23,2.48,2.784,0.668,640,-7.762,45.0
B038,LFP_graphite,33.23,2.48,2.784,0.668,650,-7.9852,45.0
B038,LFP_graphite,33.23,2.48,2.784,0.668,660,-8.2325,45.0
B038,LFP_graphite,33.23,2.48,2.784,0.668,670,-8.4499,45.0
B038,LFP_graphite,33.23,2.48,2.784,0.668,680,-8.7007,45.0
B038,LFP_graphite,33.23,2.48,2.784,0.668,690,-8.942,45.0
B038,LFP_graphite,33.23,2.48,2.784,0.668,700,-9.1529,45.0
B038,LFP_graphite,33.23,2.48,2.784,0.668,710,-9.4162,45.0
B038,LFP_graphite,33.23,2.48,2.784,0.668,720,-9.6582,45.0
B038,LFP_graphite,33.23,2.48,2.784,0.668,730,-9.8931,45.0
B038,LFP_graphite,33.23,2.48,2.784,0.668,740,-10.1393,45.0
B038,LFP_graphite,33.23,2.48,2.784,0.668,750,-10.3679,45.0
B038,LFP_graphite,33.23,2.48,2.784,0.668,760,-10.6246,45.0
B038,LFP_graphite,33.23,2.48,2.784,0.668,770,-10.8763,45.0
B038,LFP_graphite,33.23,2.48,2.784,0.668,780,-11.1276,45.0
B038,LFP_graphite,33.23,2.48,2.784,0.668,790,-11.3832,45.0
B038,LFP_graphite,33.23,2.48,2.784,0.668,800,-11.6446,45.0
B038,LFP_graphite,33.23,2.48,2.784,0.668,810,-11.9008,45.0
B038,LFP_graphite,33.23,2.48,2.784,0.668,820,-12.1308,45.0
B038,LFP_graphite,33.23,2.48,2.784,0.668,830,-12.3953,45.0
B038,LFP_graphite,33.23,2.48,2.784,0.668,840,-12.6652,45.0
B038,LFP_graphite,33.23,2.48,2.784,0.668,850,-12.9253,45.0
B038,LFP_graphite,33.23,2.48,2.784,0.668,860,-13.1835,45.0
B038,LFP_graphite,33.23,2.48,2.784,0.668,870,-13.44,45.0
B038,LFP_graphite,33.23,2.48,2.784,0.668,880,-13.7225,45.0
B038,LFP_graphite,33.23,2.48,2.784,0.668,890,-13.9875,45.0
B038,LFP_graphite,33.23,2.48,2.784,0.668,900,-14.2354,45.0
B038,LFP_graphite,33.23,2.48,2.784,0.668,910,-14.515,45.0
B038,LFP_graphite,33.23,2.48,2.784,0.668,920,-14.7853,45.0
B038,LFP_graphite,33.23,2.48,2.784,0.668,930,-15.0745,45.0
B038,LFP_graphite,33.23,2.48,2.784,0.668,940,-15.3406,45.0
B038,LFP_graphite,33.23,2.48,2.784,0.668,950,-15.6074,45.0
B038,LFP_graphite,33.23,2.48,2.784,0.668,960,-15.8818,45.0
B038,LFP_graphite,33.23,2.48,2.784,0.668,970,-16.1557,45.0
B038,LFP_graphite,33.23,2.48,2.784,0.668,980,-16.4448,45.0
B038,LFP_graphite,33.23,2.48,2.784,0.668,990,-16.7488,45.0
B038,LFP_graphite,33.23,2.48,2.784,0.668,1000,-16.999,45.0
B039,NCA_graphite,45.31,1.52,1.292,0.756,0,2.0688,99.494
B039,NCA_graphite,45.31,1.52,1.292,0.756,10,2.0456,98.379
B039,NCA_graphite,45.31,1.52,1.292,0.756,20,2.0265,97.461
B039,NCA_graphite,45.31,1.52,1.292,0.756,30,1.9601,94.268
B039,NCA_graphite,45.31,1.52,1.292,0.756,40,1.9232,92.491
B039,NCA_graphite,45.31,1.52,1.292,0.756,50,1.8529,89.111
B039,NCA_graphite,45.31,1.52,1.292,0.756,60,1.789,86.037
B039,NCA_graphite,45.31,1.52,1.292,0.756,70,1.7259,83.002
B039,NCA_graphite,45.31,1.52,1.292,0.756,80,1.68,80.795
B039,NCA_graphite,45.31,1.52,1.292,0.756,90,1.5755,75.769
B039,NCA_graphite,45.31,1.52,1.292,0.756,100,1.5074,72.498
B039,NCA_graphite,45.31,1.52,1.292,0.756,110,1.4336,68.948
B039,NCA_graphite,45.31,1.52,1.292,0.756,120,1.3534,65.091
B039,NCA_graphite,45.31,1.52,1.292,0.756,130,1.2713,61.143
B039,NCA_graphite,45.31,1.52,1.292,0.756,140,1.1704,56.289
B039,NCA_graphite,45.31,1.52,1.292,0.756,150,1.0784,51.861
B039,NCA_graphite,45.31,1.52,1.292,0.756,160,0.994,47.804
B039,NCA_graphite,45.31,1.52,1.292,0.756,170,0.8842,45.0
B039,NCA_graphite,45.31,1.52,1.292,0.756,180,0.7983,45.0
B039,NCA_graphite,45.31,1.52,1.292,0.756,190,0.6992,45.0
B039,NCA_graphite,45.31,1.52,1.292,0.756,200,0.5977,45.0
B039,NCA_graphite,45.31,1.52,1.292,0.756,210,0.5008,45.0
B039,NCA_graphite,45.31,1.52,1.292,0.756,220,0.3925,45.0
B039,NCA_graphite,45.31,1.52,1.292,0.756,230,0.2622,45.0
B039,NCA_graphite,45.31,1.52,1.292,0.756,240,0.1579,45.0
B039,NCA_graphite,45.31,1.52,1.292,0.756,250,0.0497,45.0
B039,NCA_graphite,45.31,1.52,1.292,0.756,260,-0.0584,45.0
B039,NCA_graphite,45.31,1.52,1.292,0.756,270,-0.1779,45.0
B039,NCA_graphite,45.31,1.52,1.292,0.756,280,-0.2701,45.0
B039,NCA_graphite,45.31,1.52,1.292,0.756,290,-0.3957,45.0
B039,NCA_graphite,45.31,1.52,1.292,0.756,300,-0.5149,45.0
B039,NCA_graphite,45.31,1.52,1.292,0.756,310,-0.6575,45.0
B039,NCA_graphite,45.31,1.52,1.292,0.756,320,-0.7709,45.0
B039,NCA_graphite,45.31,1.52,1.292,0.756,330,-0.8918,45.0
B039,NCA_graphite,45.31,1.52,1.292,0.756,340,-1.0188,45.0
B039,NCA_graphite,45.31,1.52,1.292,0.756,350,-1.1398,45.0
B039,NCA_graphite,45.31,1.52,1.292,0.756,360,-1.2655,45.0
B039,NCA_graphite,45.31,1.52,1.292,0.756,370,-1.3967,45.0
B039,NCA_graphite,45.31,1.52,1.292,0.756,380,-1.5287,45.0
B039,NCA_graphite,45.31,1.52,1.292,0.756,390,-1.6535,45.0
B039,NCA_graphite,45.31,1.52,1.292,0.756,400,-1.7851,45.0
B039,NCA_graphite,45.31,1.52,1.292,0.756,410,-1.9268,45.0
B039,NCA_graphite,45.31,1.52,1.292,0.756,420,-2.0723,45.0
B039,NCA_graphite,45.31,1.52,1.292,0.756,430,-2.217,45.0
B039,NCA_graphite,45.31,1.52,1.292,0.756,440,-2.3465,45.0
B039,NCA_graphite,45.31,1.52,1.292,0.756,450,-2.4955,45.0
B039,NCA_graphite,45.31,1.52,1.292,0.756,460,-2.636,45.0
B039,NCA_graphite,45.31,1.52,1.292,0.756,470,-2.7703,45.0
B039,NCA_graphite,45.31,1.52,1.292,0.756,480,-2.9191,45.0
B039,NCA_graphite,45.31,1.52,1.292,0.756,490,-3.058,45.0
B039,NCA_graphite,45.31,1.52,1.292,0.756,500,-3.1911,45.0
B039,NCA_graphite,45.31,1.52,1.292,0.756,510,-3.34,45.0
B039,NCA_graphite,45.31,1.52,1.292,0.756,520,-3.4927,45.0
B039,NCA_graphite,45.31,1.52,1.292,0.756,530,-3.636,45.0
B039,NCA_graphite,45.31,1.52,1.292,0.756,540,-3.8001,45.0
B039,NCA_graphite,45.31,1.52,1.292,0.756,550,-3.9449,45.0
B039,NCA_graphite,45.31,1.52,1.292,0.756,560,-4.0928,45.0
B039,NCA_graphite,45.31,1.52,1.292,0.756,570,-4.2533,45.0
B039,NCA_graphite,45.31,1.52,1.292,0.756,580,-4.4061,45.0
B039,NCA_graphite,45.31,1.52,1.292,0.756,590,-4.5603,45.0
B039,NCA_graphite,45.31,1.52,1.292,0.756,600,-4.7215,45.0
B039,NCA_graphite,45.31,1.52,1.292,0.756,610,-4.8881,45.0
B039,NCA_graphite,45.31,1.52,1.292,0.756,620,-5.0383,45.0
B039,NCA_graphite,45.31,1.52,1.292,0.756,630,-5.2018,45.0
B039,NCA_graphite,45.31,1.52,1.292,0.756,640,-5.3675,45.0
B039,NCA_graphite,45.31,1.52,1.292,0.756,650,-5.5247,45.0
B039,NCA_graphite,45.31,1.52,1.292,0.756,660,-5.6869,45.0
B039,NCA_graphite,45.31,1.52,1.292,0.756,670,-5.8454,45.0
B039,NCA_graphite,45.31,1.52,1.292,0.756,680,-5.9975,45.0
B039,NCA_graphite,45.31,1.52,1.292,0.756,690,-6.1809,45.0
B039,NCA_graphite,45.31,1.52,1.292,0.756,700,-6.3485,45.0
B039,NCA_graphite,45.31,1.52,1.292,0.756,710,-6.5319,45.0
B039,NCA_graphite,45.31,1.52,1.292,0.756,720,-6.6812,45.0
B039,NCA_graphite,45.31,1.52,1.292,0.756,730,-6.8404,45.0
B039,NCA_graphite,45.31,1.52,1.292,0.756,740,-7.0178,45.0
B039,NCA_graphite,45.31,1.52,1.292,0.756,750,-7.1821,45.0
B039,NCA_graphite,45.31,1.52,1.292,0.756,760,-7.3653,45.0
B039,NCA_graphite,45.31,1.52,1.292,0.756,770,-7.5378,45.0
B039,NCA_graphite,45.31,1.52,1.292,0.756,780,-7.7073,45.0
B039,NCA_graphite,45.31,1.52,1.292,0.756,790,-7.8944,45.0
B039,NCA_graphite,45.31,1.52,1.292,0.756,800,-8.0491,45.0
B039,NCA_graphite,45.31,1.52,1.292,0.756,810,-8.2388,45.0
B039,NCA_graphite,45.31,1.52,1.292,0.756,820,-8.4013,45.0
B039,NCA_graphite,45.31,1.52,1.292,0.756,830,-8.5967,45.0
B039,NCA_graphite,45.31,1.52,1.292,0.756,840,-8.7587,45.0
B039,NCA_graphite,45.31,1.52,1.292,0.756,850,-8.9406,45.0
B039,NCA_graphite,45.31,1.52,1.292,0.756,860,-9.1102,45.0
B039,NCA_graphite,45.31,1.52,1.292,0.756,870,-9.2976,45.0
B039,NCA_graphite,45.31,1.52,1.292,0.756,880,-9.4903,45.0
B039,NCA_graphite,45.31,1.52,1.292,0.756,890,-9.661,45.0
B039,NCA_graphite,45.31,1.52,1.292,0.756,900,-9.8512,45.0
B039,NCA_graphite,45.31,1.52,1.292,0.756,910,-10.0428,45.0
B039,NCA_graphite,45.31,1.52,1.292,0.756,920,-10.2186,45.0
B039,NCA_graphite,45.31,1.52,1.292,0.756,930,-10.4048,45.0
B039,NCA_graphite,45.31,1.52,1.292,0.756,940,-10.5932,45.0
B039,NCA_graphite,45.31,1.52,1.292,0.756,950,-10.7748,45.0
B039,NCA_graphite,45.31,1.52,1.292,0.756,960,-10.9646,45.0
B039,NCA_graphite,45.31,1.52,1.292,0.756,970,-11.1448,45.0
B039,NCA_graphite,45.31,1.52,1.292,0.756,980,-11.3387,45.0
B039,NCA_graphite,45.31,1.52,1.292,0.756,990,-11.5346,45.0
B039,NCA_graphite,45.31,1.52,1.292,0.756,1000,-11.7307,45.0
B040,NCA_graphite,45.31,1.099,0.913,0.92,0,2.0612,99.713
B040,NCA_graphite,45.31,1.099,0.913,0.92,10,2.0576,99.542
B040,NCA_graphite,45.31,1.099,0.913,0.92,20,2.0392,98.651
B040,NCA_graphite,45.31,1.099,0.913,0.92,30,1.9961,96.565
B040,NCA_graphite,45.31,1.099,0.913,0.92,40,1.9952,96.521
B040,NCA_graphite,45.31,1.099,0.913,0.92,50,1.9445,94.069
B040,NCA_graphite,45.31,1.099,0.913,0.92,60,1.9227,93.017
B040,NCA_graphite,45.31,1.099,0.913,0.92,70,1.8977,91.807
B040,NCA_graphite,45.31,1.099,0.913,0.92,80,1.8717,90.547
B040,NCA_graphite,45.31,1.099,0.913,0.92,90,1.8433,89.174
B040,NCA_graphite,45.31,1.099,0.913,0.92,100,1.7954,86.857
B040,NCA_graphite,45.31,1.099,0.913,0.92,110,1.7475,84.54
B040,NCA_graphite,45.31,1.099,0.913,0.92,120,1.7262,83.506
B040,NCA_graphite,45.31,1.099,0.913,0.92,130,1.6963,82.063
B040,NCA_graphite,45.31,1.099,0.913,0.92,140,1.6549,80.061
B040,NCA_graphite,45.31,1.099,0.913,0.92,150,1.6236,78.543
B040,NCA_graphite,45.31,1.099,0.913,0.92,160,1.5899,76.917
B040,NCA_graphite,45.31,1.099,0.913,0.92,170,1.5445,74.717
B040,NCA_graphite,45.31,1.099,0.913,0.92,180,1.5174,73.405
B040,NCA_graphite,45.31,1.099,0.913,0.92,190,1.4804,71.615
B040,NCA_graphite,45.31,1.099,0.913,0.92,200,1.433,69.325
B040,NCA_graphite,45.31,1.099,0.913,0.92,210,1.4029,67.868
B040,NCA_graphite,45.31,1.099,0.913,0.92,220,1.3518,65.396
B040,NCA_graphite,45.31,1.099,0.913,0.92,230,1.3173,63.726
B040,NCA_graphite,45.31,1.099,0.913,0.92,240,1.2804,61.942
B040,NCA_graphite,45.31,1.099,0.913,0.92,250,1.2329,59.645
B040,NCA_graphite,45.31,1.099,0.913,0.92,260,1.2035,58.221
B040,NCA_graphite,45.31,1.099,0.913,0.92,270,1.1501,55.637
B040,NCA_graphite,45.31,1.099,0.913,0.92,280,1.119,54.133
B040,NCA_graphite,45.31,1.099,0.913,0.92,290,1.0521,50.898
B040,NCA_graphite,45.31,1.099,0.913,0.92,300,1.0221,49.448
B040,NCA_graphite,45.31,1.099,0.913,0.92,310,0.962,46.537
B040,NCA_graphite,45.31,1.099,0.913,0.92,320,0.9116,45.0
B040,NCA_graphite,45.31,1.099,0.913,0.92,330,0.8831,45.0
B040,NCA_graphite,45.31,1.099,0.913,0.92,340,0.8337,45.0
B040,NCA_graphite,45.31,1.099,0.913,0.92,350,0.8078,45.0
B040,NCA_graphite,45.31,1.099,0.913,0.92,360,0.7481,45.0
B040,NCA_graphite,45.31,1.099,0.913,0.92,370,0.701,45.0
B040,NCA_graphite,45.31,1.099,0.913,0.92,380,0.6712,45.0
B040,NCA_graphite,45.31,1.099,0.913,0.92,390,0.6151,45.0
B040,NCA_graphite,45.31,1.099,0.913,0.92,400,0.5724,45.0
B040,NCA_graphite,45.31,1.099,0.913,0.92,410,0.5071,45.0
B040,NCA_graphite,45.31,1.099,0.913,0.92,420,0.4603,45.0
B040,NCA_graphite,45.31,1.099,0.913,0.92,430,0.4169,45.0
B040,NCA_graphite,45.31,1.099,0.913,0.92,440,0.3714,45.0
B040,NCA_graphite,45.31,1.099,0.913,0.92,450,0.3248,45.0
B040,NCA_graphite,45.31,1.099,0.913,0.92,460,0.2794,45.0
B040,NCA_graphite,45.31,1.099,0.913,0.92,470,0.2253,45.0
B040,NCA_graphite,45.31,1.099,0.913,0.92,480,0.1912,45.0
B040,NCA_graphite,45.31,1.099,0.913,0.92,490,0.1328,45.0
B040,NCA_graphite,45.31,1.099,0.913,0.92,500,0.079,45.0
B040,NCA_graphite,45.31,1.099,0.913,0.92,510,0.0152,45.0
B040,NCA_graphite,45.31,1.099,0.913,0.92,520,-0.0303,45.0
B040,NCA_graphite,45.31,1.099,0.913,0.92,530,-0.0721,45.0
B040,NCA_graphite,45.31,1.099,0.913,0.92,540,-0.1274,45.0
B040,NCA_graphite,45.31,1.099,0.913,0.92,550,-0.1688,45.0
B040,NCA_graphite,45.31,1.099,0.913,0.92,560,-0.2369,45.0
B040,NCA_graphite,45.31,1.099,0.913,0.92,570,-0.2794,45.0
B040,NCA_graphite,45.31,1.099,0.913,0.92,580,-0.3174,45.0
B040,NCA_graphite,45.31,1.099,0.913,0.92,590,-0.3855,45.0
B040,NCA_graphite,45.31,1.099,0.913,0.92,600,-0.4205,45.0
B040,NCA_graphite,45.31,1.099,0.913,0.92,610,-0.4833,45.0
B040,NCA_graphite,45.31,1.099,0.913,0.92,620,-0.5312,45.0
B040,NCA_graphite,45.31,1.099,0.913,0.92,630,-0.5892,45.0
B040,NCA_graphite,45.31,1.099,0.913,0.92,640,-0.627,45.0
B040,NCA_graphite,45.31,1.099,0.913,0.92,650,-0.6885,45.0
B040,NCA_graphite,45.31,1.099,0.913,0.92,660,-0.7426,45.0
B040,NCA_graphite,45.31,1.099,0.913,0.92,670,-0.7959,45.0
B040,NCA_graphite,45.31,1.099,0.913,0.92,680,-0.836,45.0
B040,NCA_graphite,45.31,1.099,0.913,0.92,690,-0.9104,45.0
B040,NCA_graphite,45.31,1.099,0.913,0.92,700,-0.9467,45.0
B040,NCA_graphite,45.31,1.099,0.913,0.92,710,-1.0153,45.0
B040,NCA_graphite,45.31,1.099,0.913,0.92,720,-1.0764,45.0
B040,NCA_graphite,45.31,1.099,0.913,0.92,730,-1.1037,45.0
B040,NCA_graphite,45.31,1.099,0.913,0.92,740,-1.1762,45.0
B040,NCA_graphite,45.31,1.099,0.913,0.92,750,-1.2231,45.0
B040,NCA_graphite,45.31,1.099,0.913,0.92,760,-1.2794,45.0
B040,NCA_graphite,45.31,1.099,0.913,0.92,770,-1.3396,45.0
B040,NCA_graphite,45.31,1.099,0.913,0.92,780,-1.4002,45.0
B040,NCA_graphite,45.31,1.099,0.913,0.92,790,-1.4539,45.0
B040,NCA_graphite,45.31,1.099,0.913,0.92,800,-1.4918,45.0
B040,NCA_graphite,45.31,1.099,0.913,0.92,810,-1.5541,45.0
B040,NCA_graphite,45.31,1.099,0.913,0.92,820,-1.6036,45.0
B040,NCA_graphite,45.31,1.099,0.913,0.92,830,-1.6863,45.0
B040,NCA_graphite,45.31,1.099,0.913,0.92,840,-1.7399,45.0
B040,NCA_graphite,45.31,1.099,0.913,0.92,850,-1.7711,45.0
B040,NCA_graphite,45.31,1.099,0.913,0.92,860,-1.8483,45.0
B040,NCA_graphite,45.31,1.099,0.913,0.92,870,-1.9017,45.0
B040,NCA_graphite,45.31,1.099,0.913,0.92,880,-1.9635,45.0
B040,NCA_graphite,45.31,1.099,0.913,0.92,890,-2.0135,45.0
B040,NCA_graphite,45.31,1.099,0.913,0.92,900,-2.0805,45.0
B040,NCA_graphite,45.31,1.099,0.913,0.92,910,-2.1262,45.0
B040,NCA_graphite,45.31,1.099,0.913,0.92,920,-2.1828,45.0
B040,NCA_graphite,45.31,1.099,0.913,0.92,930,-2.2399,45.0
B040,NCA_graphite,45.31,1.099,0.913,0.92,940,-2.2999,45.0
B040,NCA_graphite,45.31,1.099,0.913,0.92,950,-2.3719,45.0
B040,NCA_graphite,45.31,1.099,0.913,0.92,960,-2.407,45.0
B040,NCA_graphite,45.31,1.099,0.913,0.92,970,-2.4798,45.0
B040,NCA_graphite,45.31,1.099,0.913,0.92,980,-2.5352,45.0
B040,NCA_graphite,45.31,1.099,0.913,0.92,990,-2.5948,45.0
B040,NCA_graphite,45.31,1.099,0.913,0.92,1000,-2.6583,45.0
B041,NCA_graphite,25.31,2.041,2.024,0.748,0,2.0065,100.031
B041,NCA_graphite,25.31,2.041,2.024,0.748,10,1.9826,98.835
B041,NCA_graphite,25.31,2.041,2.024,0.748,20,1.9297,96.202
B041,NCA_graphite,25.31,2.041,2.024,0.748,30,1.8864,94.041
B041,NCA_graphite,25.31,2.041,2.024,0.748,40,1.8303,91.245
B041,NCA_graphite,25.31,2.041,2.024,0.748,50,1.753,87.391
B041,NCA_graphite,25.31,2.041,2.024,0.748,60,1.6683,83.171
B041,NCA_graphite,25.31,2.041,2.024,0.748,70,1.5682,78.178
B041,NCA_graphite,25.31,2.041,2.024,0.748,80,1.4836,73.959
B041,NCA_graphite,25.31,2.041,2.024,0.748,90,1.3741,68.502
B041,NCA_graphite,25.31,2.041,2.024,0.748,100,1.2636,62.995
B041,NCA_graphite,25.31,2.041,2.024,0.748,110,1.144,57.029
B041,NCA_graphite,25.31,2.041,2.024,0.748,120,1.0245,51.073
B041,NCA_graphite,25.31,2.041,2.024,0.748,130,0.8933,45.0
B041,NCA_graphite,25.31,2.041,2.024,0.748,140,0.7679,45.0
B041,NCA_graphite,25.31,2.041,2.024,0.748,150,0.627,45.0
B041,NCA_graphite,25.31,2.041,2.024,0.748,160,0.4813,45.0
B041,NCA_graphite,25.31,2.041,2.024,0.748,170,0.3378,45.0
B041,NCA_graphite,25.31,2.041,2.024,0.748,180,0.1732,45.0
B041,NCA_graphite,25.31,2.041,2.024,0.748,190,0.031,45.0
B041,NCA_graphite,25.31,2.041,2.024,0.748,200,-0.1334,45.0
B041,NCA_graphite,25.31,2.041,2.024,0.748,210,-0.3035,45.0
B041,NCA_graphite,25.31,2.041,2.024,0.748,220,-0.4632,45.0
B041,NCA_graphite,25.31,2.041,2.024,0.748,230,-0.644,45.0
B041,NCA_graphite,25.31,2.041,2.024,0.748,240,-0.8128,45.0
B041,NCA_graphite,25.31,2.041,2.024,0.748,250,-1.0032,45.0
B041,NCA_graphite,25.31,2.041,2.024,0.748,260,-1.1897,45.0
B041,NCA_graphite,25.31,2.041,2.024,0.748,270,-1.3787,45.0
B041,NCA_graphite,25.31,2.041,2.024,0.748,280,-1.5785,45.0
B041,NCA_graphite,25.31,2.041,2.024,0.748,290,-1.7656,45.0
B041,NCA_graphite,25.31,2.041,2.024,0.748,300,-1.9708,45.0
B041,NCA_graphite,25.31,2.041,2.024,0.748,310,-2.1864,45.0
B041,NCA_graphite,25.31,2.041,2.024,0.748,320,-2.3877,45.0
B041,NCA_graphite,25.31,2.041,2.024,0.748,330,-2.6039,45.0
B041,NCA_graphite,25.31,2.041,2.024,0.748,340,-2.8215,45.0
B041,NCA_graphite,25.31,2.041,2.024,0.748,350,-3.0344,45.0
B041,NCA_graphite,25.31,2.041,2.024,0.748,360,-3.2726,45.0
B041,NCA_graphite,25.31,2.041,2.024,0.748,370,-3.4966,45.0
B041,NCA_graphite,25.31,2.041,2.024,0.748,380,-3.6979,45.0
B041,NCA_graphite,25.31,2.041,2.024,0.748,390,-3.9262,45.0
B041,NCA_graphite,25.31,2.041,2.024,0.748,400,-4.1642,45.0
B041,NCA_graphite,25.31,2.041,2.024,0.748,410,-4.4139,45.0
B041,NCA_graphite,25.31,2.041,2.024,0.748,420,-4.6425,45.0
B041,NCA_graphite,25.31,2.041,2.024,0.748,430,-4.889,45.0
B041,NCA_graphite,25.31,2.041,2.024,0.748,440,-5.1416,45.0
B041,NCA_graphite,25.31,2.041,2.024,0.748,450,-5.3998,45.0
B041,NCA_graphite,25.31,2.041,2.024,0.748,460,-5.6588,45.0
B041,NCA_graphite,25.31,2.041,2.024,0.748,470,-5.903,45.0
B041,NCA_graphite,25.31,2.041,2.024,0.748,480,-6.1613,45.0
B041,NCA_graphite,25.31,2.041,2.024,0.748,490,-6.4357,45.0
B041,NCA_graphite,25.31,2.041,2.024,0.748,500,-6.69,45.0
B041,NCA_graphite,25.31,2.041,2.024,0.748,510,-6.963,45.0
B041,NCA_graphite,25.31,2.041,2.024,0.748,520,-7.2296,45.0
B041,NCA_graphite,25.31,2.041,2.024,0.748,530,-7.5012,45.0
B041,NCA_graphite,25.31,2.041,2.024,0.748,540,-7.7535,45.0
B041,NCA_graphite,25.31,2.041,2.024,0.748,550,-8.0446,45.0
B041,NCA_graphite,25.31,2.041,2.024,0.748,560,-8.3323,45.0
B041,NCA_graphite,25.31,2.041,2.024,0.748,570,-8.6141,45.0
B041,NCA_graphite,25.31,2.041,2.024,0.748,580,-8.9111,45.0
B041,NCA_graphite,25.31,2.041,2.024,0.748,590,-9.1922,45.0
B041,NCA_graphite,25.31,2.041,2.024,0.748,600,-9.4597,45.0
B041,NCA_graphite,25.31,2.041,2.024,0.748,610,-9.7696,45.0
B041,NCA_graphite,25.31,2.041,2.024,0.748,620,-10.0771,45.0
B041,NCA_graphite,25.31,2.041,2.024,0.748,630,-10.366,45.0
B041,NCA_graphite,25.31,2.041,2.024,0.748,640,-10.679,45.0
B041,NCA_graphite,25.31,2.041,2.024,0.748,650,-10.969,45.0
B041,NCA_graphite,25.31,2.041,2.024,0.748,660,-11.2768,45.0
B041,NCA_graphite,25.31,2.041,2.024,0.748,670,-11.5925,45.0
B041,NCA_graphite,25.31,2.041,2.024,0.748,680,-11.9052,45.0
B041,NCA_graphite,25.31,2.041,2.024,0.748,690,-12.2175,45.0
B041,NCA_graphite,25.31,2.041,2.024,0.748,700,-12.5247,45.0
B041,NCA_graphite,25.31,2.041,2.024,0.748,710,-12.8598,45.0
B041,NCA_graphite,25.31,2.041,2.024,0.748,720,-13.1756,45.0
B041,NCA_graphite,25.31,2.041,2.024,0.748,730,-13.5084,45.0
B041,NCA_graphite,25.31,2.041,2.024,0.748,740,-13.8303,45.0
B041,NCA_graphite,25.31,2.041,2.024,0.748,750,-14.1511,45.0
B041,NCA_graphite,25.31,2.041,2.024,0.748,760,-14.4761,45.0
B041,NCA_graphite,25.31,2.041,2.024,0.748,770,-14.8252,45.0
B041,NCA_graphite,25.31,2.041,2.024,0.748,780,-15.1377,45.0
B041,NCA_graphite,25.31,2.041,2.024,0.748,790,-15.4908,45.0
B041,NCA_graphite,25.31,2.041,2.024,0.748,800,-15.8332,45.0
B041,NCA_graphite,25.31,2.041,2.024,0.748,810,-16.1751,45.0
B041,NCA_graphite,25.31,2.041,2.024,0.748,820,-16.5218,45.0
B041,NCA_graphite,25.31,2.041,2.024,0.748,830,-16.8671,45.0
B041,NCA_graphite,25.31,2.041,2.024,0.748,840,-17.2201,45.0
B041,NCA_graphite,25.31,2.041,2.024,0.748,850,-17.5676,45.0
B041,NCA_graphite,25.31,2.041,2.024,0.748,860,-17.9045,45.0
B041,NCA_graphite,25.31,2.041,2.024,0.748,870,-18.2762,45.0
B041,NCA_graphite,25.31,2.041,2.024,0.748,880,-18.6111,45.0
B041,NCA_graphite,25.31,2.041,2.024,0.748,890,-18.9846,45.0
B041,NCA_graphite,25.31,2.041,2.024,0.748,900,-19.3508,45.0
B041,NCA_graphite,25.31,2.041,2.024,0.748,910,-19.7126,45.0
B041,NCA_graphite,25.31,2.041,2.024,0.748,920,-20.0777,45.0
B041,NCA_graphite,25.31,2.041,2.024,0.748,930,-20.4457,45.0
B041,NCA_graphite,25.31,2.041,2.024,0.748,940,-20.8193,45.0
B041,NCA_graphite,25.31,2.041,2.024,0.748,950,-21.1897,45.0
B041,NCA_graphite,25.31,2.041,2.024,0.748,960,-21.5765,45.0
B041,NCA_graphite,25.31,2.041,2.024,0.748,970,-21.9444,45.0
B041,NCA_graphite,25.31,2.041,2.024,0.748,980,-22.3189,45.0
B041,NCA_graphite,25.31,2.041,2.024,0.748,990,-22.7008,45.0
B041,NCA_graphite,25.31,2.041,2.024,0.748,1000,-23.0767,45.0
B042,LFP_graphite,17.45,1.874,2.733,0.918,0,2.0286,100.232
B042,LFP_graphite,17.45,1.874,2.733,0.918,10,2.0042,99.026
B042,LFP_graphite,17.45,1.874,2.733,0.918,20,1.998,98.722
B042,LFP_graphite,17.45,1.874,2.733,0.918,30,1.9699,97.331
B042,LFP_graphite,17.45,1.874,2.733,0.918,40,1.9391,95.809
B042,LFP_graphite,17.45,1.874,2.733,0.918,50,1.9188,94.808
B042,LFP_graphite,17.45,1.874,2.733,0.918,60,1.8614,91.969
B042,LFP_graphite,17.45,1.874,2.733,0.918,70,1.8226,90.055
B042,LFP_graphite,17.45,1.874,2.733,0.918,80,1.7987,88.871
B042,LFP_graphite,17.45,1.874,2.733,0.918,90,1.7307,85.515
B042,LFP_graphite,17.45,1.874,2.733,0.918,100,1.7264,85.302
B042,LFP_graphite,17.45,1.874,2.733,0.918,110,1.6652,82.279
B042,LFP_graphite,17.45,1.874,2.733,0.918,120,1.5978,78.945
B042,LFP_graphite,17.45,1.874,2.733,0.918,130,1.5515,76.657
B042,LFP_graphite,17.45,1.874,2.733,0.918,140,1.5066,74.44
B042,LFP_graphite,17.45,1.874,2.733,0.918,150,1.4457,71.433
B042,LFP_graphite,17.45,1.874,2.733,0.918,160,1.3827,68.316
B042,LFP_graphite,17.45,1.874,2.733,0.918,170,1.3151,64.979
B042,LFP_graphite,17.45,1.874,2.733,0.918,180,1.2494,61.731
B042,LFP_graphite,17.45,1.874,2.733,0.918,190,1.1824,58.42
B042,LFP_graphite,17.45,1.874,2.733,0.918,200,1.1225,55.462
B042,LFP_graphite,17.45,1.874,2.733,0.918,210,1.0604,52.393
B042,LFP_graphite,17.45,1.874,2.733,0.918,220,0.983,48.569
B042,LFP_graphite,17.45,1.874,2.733,0.918,230,0.9056,45.0
B042,LFP_graphite,17.45,1.874,2.733,0.918,240,0.8259,45.0
B042,LFP_graphite,17.45,1.874,2.733,0.918,250,0.7661,45.0
B042,LFP_graphite,17.45,1.874,2.733,0.918,260,0.6813,45.0
B042,LFP_graphite,17.45,1.874,2.733,0.918,270,0.6143,45.0
B042,LFP_graphite,17.45,1.874,2.733,0.918,280,0.5336,45.0
B042,LFP_graphite,17.45,1.874,2.733,0.918,290,0.4575,45.0
B042,LFP_graphite,17.45,1.874,2.733,0.918,300,0.38,45.0
B042,LFP_graphite,17.45,1.874,2.733,0.918,310,0.2937,45.0
B042,LFP_graphite,17.45,1.874,2.733,0.918,320,0.2076,45.0
B042,LFP_graphite,17.45,1.874,2.733,0.918,330,0.1152,45.0
B042,LFP_graphite,17.45,1.874,2.733,0.918,340,0.0264,45.0
B042,LFP_graphite,17.45,1.874,2.733,0.918,350,-0.052,45.0
B042,LFP_graphite,17.45,1.874,2.733,0.918,360,-0.1614,45.0
B042,LFP_graphite,17.45,1.874,2.733,0.918,370,-0.2346,45.0
B042,LFP_graphite,17.45,1.874,2.733,0.918,380,-0.3214,45.0
B042,LFP_graphite,17.45,1.874,2.733,0.918,390,-0.43,45.0
B042,LFP_graphite,17.45,1.874,2.733,0.918,400,-0.4973,45.0
B042,LFP_graphite,17.45,1.874,2.733,0.918,410,-0.6146,45.0
B042,LFP_graphite,17.45,1.874,2.733,0.918,420,-0.7148,45.0
B042,LFP_graphite,17.45,1.874,2.733,0.918,430,-0.8053,45.0
B042,LFP_graphite,17.45,1.874,2.733,0.918,440,-0.9175,45.0
B042,LFP_graphite,17.45,1.874,2.733,0.918,450,-1.0048,45.0
B042,LFP_graphite,17.45,1.874,2.733,0.918,460,-1.1042,45.0
B042,LFP_graphite,17.45,1.874,2.733,0.918,470,-1.2223,45.0
B042,LFP_graphite,17.45,1.874,2.733,0.918,480,-1.3096,45.0
B042,LFP_graphite,17.45,1.874,2.733,0.918,490,-1.426,45.0
B042,LFP_graphite,17.45,1.874,2.733,0.918,500,-1.5194,45.0
B042,LFP_graphite,17.45,1.874,2.733,0.918,510,-1.637,45.0
B042,LFP_graphite,17.45,1.874,2.733,0.918,520,-1.7268,45.0
B042,LFP_graphite,17.45,1.874,2.733,0.918,530,-1.8598,45.0
B042,LFP_graphite,17.45,1.874,2.733,0.918,540,-1.9535,45.0
B042,LFP_graphite,17.45,1.874,2.733,0.918,550,-2.0611,45.0
B042,LFP_graphite,17.45,1.874,2.733,0.918,560,-2.1957,45.0
B042,LFP_graphite,17.45,1.874,2.733,0.918,570,-2.285,45.0
B042,LFP_graphite,17.45,1.874,2.733,0.918,580,-2.4094,45.0
B042,LFP_graphite,17.45,1.874,2.733,0.918,590,-2.5184,45.0
B042,LFP_graphite,17.45,1.874,2.733,0.918,600,-2.6496,45.0
B042,LFP_graphite,17.45,1.874,2.733,0.918,610,-2.7384,45.0
B042,LFP_graphite,17.45,1.874,2.733,0.918,620,-2.8684,45.0
B042,LFP_graphite,17.45,1.874,2.733,0.918,630,-2.9798,45.0
B042,LFP_graphite,17.45,1.874,2.733,0.918,640,-3.117,45.0
B042,LFP_graphite,17.45,1.874,2.733,0.918,650,-3.2314,45.0
B042,LFP_graphite,17.45,1.874,2.733,0.918,660,-3.3493,45.0
B042,LFP_graphite,17.45,1.874,2.733,0.918,670,-3.4911,45.0
B042,LFP_graphite,17.45,1.874,2.733,0.918,680,-3.6062,45.0
B042,LFP_graphite,17.45,1.874,2.733,0.918,690,-3.732,45.0
B042,LFP_graphite,17.45,1.874,2.733,0.918,700,-3.8528,45.0
B042,LFP_graphite,17.45,1.874,2.733,0.918,710,-3.9812,45.0
B042,LFP_graphite,17.45,1.874,2.733,0.918,720,-4.1026,45.0
B042,LFP_graphite,17.45,1.874,2.733,0.918,730,-4.23,45.0
B042,LFP_graphite,17.45,1.874,2.733,0.918,740,-4.3708,45.0
B042,LFP_graphite,17.45,1.874,2.733,0.918,750,-4.4848,45.0
B042,LFP_graphite,17.45,1.874,2.733,0.918,760,-4.6267,45.0
B042,LFP_graphite,17.45,1.874,2.733,0.918,770,-4.7424,45.0
B042,LFP_graphite,17.45,1.874,2.733,0.918,780,-4.8889,45.0
B042,LFP_graphite,17.45,1.874,2.733,0.918,790,-5.0134,45.0
B042,LFP_graphite,17.45,1.874,2.733,0.918,800,-5.1505,45.0
B042,LFP_graphite,17.45,1.874,2.733,0.918,810,-5.2924,45.0
B042,LFP_graphite,17.45,1.874,2.733,0.918,820,-5.4242,45.0
B042,LFP_graphite,17.45,1.874,2.733,0.918,830,-5.5639,45.0
B042,LFP_graphite,17.45,1.874,2.733,0.918,840,-5.7039,45.0
B042,LFP_graphite,17.45,1.874,2.733,0.918,850,-5.8355,45.0
B042,LFP_graphite,17.45,1.874,2.733,0.918,860,-5.9829,45.0
B042,LFP_graphite,17.45,1.874,2.733,0.918,870,-6.1149,45.0
B042,LFP_graphite,17.45,1.874,2.733,0.918,880,-6.246,45.0
B042,LFP_graphite,17.45,1.874,2.733,0.918,890,-6.3883,45.0
B042,LFP_graphite,17.45,1.874,2.733,0.918,900,-6.5384,45.0
B042,LFP_graphite,17.45,1.874,2.733,0.918,910,-6.6926,45.0
B042,LFP_graphite,17.45,1.874,2.733,0.918,920,-6.8269,45.0
B042,LFP_graphite,17.45,1.874,2.733,0.918,930,-6.9676,45.0
B042,LFP_graphite,17.45,1.874,2.733,0.918,940,-7.1127,45.0
B042,LFP_graphite,17.45,1.874,2.733,0.918,950,-7.2486,45.0
B042,LFP_graphite,17.45,1.874,2.733,0.918,960,-7.4017,45.0
B042,LFP_graphite,17.45,1.874,2.733,0.918,970,-7.542,45.0
B042,LFP_graphite,17.45,1.874,2.733,0.918,980,-7.702,45.0
B042,LFP_graphite,17.45,1.874,2.733,0.918,990,-7.846,45.0
B042,LFP_graphite,17.45,1.874,2.733,0.918,1000,-8.0019,45.0
B043,LFP_graphite,24.65,1.873,1.845,0.864,0,2.0605,99.608
B043,LFP_graphite,24.65,1.873,1.845,0.864,10,2.0551,99.349
B043,LFP_graphite,24.65,1.873,1.845,0.864,20,2.034,98.329
B043,LFP_graphite,24.65,1.873,1.845,0.864,30,1.9997,96.671
B043,LFP_graphite,24.65,1.873,1.845,0.864,40,1.965,94.995
B043,LFP_graphite,24.65,1.873,1.845,0.864,50,1.9086,92.265
B043,LFP_graphite,24.65,1.873,1.845,0.864,60,1.8697,90.388
B043,LFP_graphite,24.65,1.873,1.845,0.864,70,1.7946,86.754
B043,LFP_graphite,24.65,1.873,1.845,0.864,80,1.7376,84.0
B043,LFP_graphite,24.65,1.873,1.845,0.864,90,1.6925,81.82
B043,LFP_graphite,24.65,1.873,1.845,0.864,100,1.6338,78.981
B043,LFP_graphite,24.65,1.873,1.845,0.864,110,1.5534,75.096
B043,LFP_graphite,24.65,1.873,1.845,0.864,120,1.4643,70.787
B043,LFP_graphite,24.65,1.873,1.845,0.864,130,1.4051,67.928
B043,LFP_graphite,24.65,1.873,1.845,0.864,140,1.3249,64.047
B043,LFP_graphite,24.65,1.873,1.845,0.864,150,1.2509,60.472
B043,LFP_graphite,24.65,1.873,1.845,0.864,160,1.1504,55.612
B043,LFP_graphite,24.65,1.873,1.845,0.864,170,1.0643,51.451
B043,LFP_graphite,24.65,1.873,1.845,0.864,180,0.9905,47.884
B043,LFP_graphite,24.65,1.873,1.845,0.864,190,0.8874,45.0
B043,LFP_graphite,24.65,1.873,1.845,0.864,200,0.7989,45.0
B043,LFP_graphite,24.65,1.873,1.845,0.864,210,0.6954,45.0
B043,LFP_graphite,24.65,1.873,1.845,0.864,220,0.5986,45.0
B043,LFP_graphite,24.65,1.873,1.845,0.864,230,0.4905,45.0
B043,LFP_graphite,24.65,1.873,1.845,0.864,240,0.3834,45.0
B043,LFP_graphite,24.65,1.873,1.845,0.864,250,0.279,45.0
B043,LFP_graphite,24.65,1.873,1.845,0.864,260,0.1852,45.0
B043,LFP_graphite,24.65,1.873,1.845,0.864,270,0.0512,45.0
B043,LFP_graphite,24.65,1.873,1.845,0.864,280,-0.0561,45.0
B043,LFP_graphite,24.65,1.873,1.845,0.864,290,-0.1531,45.0
B043,LFP_graphite,24.65,1.873,1.845,0.864,300,-0.2755,45.0
B043,LFP_graphite,24.65,1.873,1.845,0.864,310,-0.3969,45.0
B043,LFP_graphite,24.65,1.873,1.845,0.864,320,-0.5152,45.0
B043,LFP_graphite,24.65,1.873,1.845,0.864,330,-0.6349,45.0
B043,LFP_graphite,24.65,1.873,1.845,0.864,340,-0.7662,45.0
B043,LFP_graphite,24.65,1.873,1.845,0.864,350,-0.8903,45.0
B043,LFP_graphite,24.65,1.873,1.845,0.864,360,-1.024,45.0
B043,LFP_graphite,24.65,1.873,1.845,0.864,370,-1.1495,45.0
B043,LFP_graphite,24.65,1.873,1.845,0.864,380,-1.2813,45.0
B043,LFP_graphite,24.65,1.873,1.845,0.864,390,-1.4157,45.0
B043,LFP_graphite,24.65,1.873,1.845,0.864,400,-1.561,45.0
B043,LFP_graphite,24.65,1.873,1.845,0.864,410,-1.6738,45.0
B043,LFP_graphite,24.65,1.873,1.845,0.864,420,-1.8305,45.0
B043,LFP_graphite,24.65,1.873,1.845,0.864,430,-1.9576,45.0
B043,LFP_graphite,24.65,1.873,1.845,0.864,440,-2.13,45.0
B043,LFP_graphite,24.65,1.873,1.845,0.864,450,-2.262,45.0
B043,LFP_graphite,24.65,1.873,1.845,0.864,460,-2.3903,45.0
B043,LFP_graphite,24.65,1.873,1.845,0.864,470,-2.5565,45.0
B043,LFP_graphite,24.65,1.873,1.845,0.864,480,-2.7,45.0
B043,LFP_graphite,24.65,1.873,1.845,0.864,490,-2.8404,45.0
B043,LFP_graphite,24.65,1.873,1.845,0.864,500,-2.9861,45.0
B043,LFP_graphite,24.65,1.873,1.845,0.864,510,-3.1379,45.0
B043,LFP_graphite,24.65,1.873,1.845,0.864,520,-3.2975,45.0
B043,LFP_graphite,24.65,1.873,1.845,0.864,530,-3.4404,45.0
B043,LFP_graphite,24.65,1.873,1.845,0.864,540,-3.6194,45.0
B043,LFP_graphite,24.65,1.873,1.845,0.864,550,-3.7635,45.0
B043,LFP_graphite,24.65,1.873,1.845,0.864,560,-3.9378,45.0
B043,LFP_graphite,24.65,1.873,1.845,0.864,570,-4.0937,45.0
B043,LFP_graphite,24.65,1.873,1.845,0.864,580,-4.2697,45.0
B043,LFP_graphite,24.65,1.873,1.845,0.864,590,-4.4234,45.0
B043,LFP_graphite,24.65,1.873,1.845,0.864,600,-4.5903,45.0
B043,LFP_graphite,24.65,1.873,1.845,0.864,610,-4.7546,45.0
B043,LFP_graphite,24.65,1.873,1.845,0.864,620,-4.9281,45.0
B043,LFP_graphite,24.65,1.873,1.845,0.864,630,-5.1046,45.0
B043,LFP_graphite,24.65,1.873,1.845,0.864,640,-5.2686,45.0
B043,LFP_graphite,24.65,1.873,1.845,0.864,650,-5.4397,45.0
B043,LFP_graphite,24.65,1.873,1.845,0.864,660,-5.6345,45.0
B043,LFP_graphite,24.65,1.873,1.845,0.864,670,-5.7989,45.0
B043,LFP_graphite,24.65,1.873,1.845,0.864,680,-5.9858,45.0
B043,LFP_graphite,24.65,1.873,1.845,0.864,690,-6.157,45.0
B043,LFP_graphite,24.65,1.873,1.845,0.864,700,-6.3217,45.0
B043,LFP_graphite,24.65,1.873,1.845,0.864,710,-6.5198,45.0
B043,LFP_graphite,24.65,1.873,1.845,0.864,720,-6.6918,45.0
B043,LFP_graphite,24.65,1.873,1.845,0.864,730,-6.8725,45.0
B043,LFP_graphite,24.65,1.873,1.845,0.864,740,-7.0686,45.0
B043,LFP_graphite,24.65,1.873,1.845,0.864,750,-7.2533,45.0
B043,LFP_graphite,24.65,1.873,1.845,0.864,760,-7.4251,45.0
B043,LFP_graphite,24.65,1.873,1.845,0.864,770,-7.6142,45.0
B043,LFP_graphite,24.65,1.873,1.845,0.864,780,-7.8136,45.0
B043,LFP_graphite,24.65,1.873,1.845,0.864,790,-8.0032,45.0
B043,LFP_graphite,24.65,1.873,1.845,0.864,800,-8.2009,45.0
B043,LFP_graphite,24.65,1.873,1.845,0.864,810,-8.3968,45.0
B043,LFP_graphite,24.65,1.873,1.845,0.864,820,-8.5731,45.0
B043,LFP_graphite,24.65,1.873,1.845,0.864,830,-8.7773,45.0
B043,LFP_graphite,24.65,1.873,1.845,0.864,840,-8.9905,45.0
B043,LFP_graphite,24.65,1.873,1.845,0.864,850,-9.1883,45.0
B043,LFP_graphite,24.65,1.873,1.845,0.864,860,-9.3814,45.0
B043,LFP_graphite,24.65,1.873,1.845,0.864,870,-9.5859,45.0
B043,LFP_graphite,24.65,1.873,1.845,0.864,880,-9.7925,45.0
B043,LFP_graphite,24.65,1.873,1.845,0.864,890,-9.9763,45.0
B043,LFP_graphite,24.65,1.873,1.845,0.864,900,-10.1894,45.0
B043,LFP_graphite,24.65,1.873,1.845,0.864,910,-10.3884,45.0
B043,LFP_graphite,24.65,1.873,1.845,0.864,920,-10.606,45.0
B043,LFP_graphite,24.65,1.873,1.845,0.864,930,-10.8117,45.0
B043,LFP_graphite,24.65,1.873,1.845,0.864,940,-11.0117,45.0
B043,LFP_graphite,24.65,1.873,1.845,0.864,950,-11.2258,45.0
B043,LFP_graphite,24.65,1.873,1.845,0.864,960,-11.449,45.0
B043,LFP_graphite,24.65,1.873,1.845,0.864,970,-11.6679,45.0
B043,LFP_graphite,24.65,1.873,1.845,0.864,980,-11.8759,45.0
B043,LFP_graphite,24.65,1.873,1.845,0.864,990,-12.0907,45.0
B043,LFP_graphite,24.65,1.873,1.845,0.864,1000,-12.3044,45.0
B044,LFP_graphite,34.56,2.44,1.19,0.636,0,2.0877,99.57
B044,LFP_graphite,34.56,2.44,1.19,0.636,10,2.0825,99.32
B044,LFP_graphite,34.56,2.44,1.19,0.636,20,2.0457,97.566
B044,LFP_graphite,34.56,2.44,1.19,0.636,30,1.9961,95.201
B044,LFP_graphite,34.56,2.44,1.19,0.636,40,1.9386,92.46
B044,LFP_graphite,34.56,2.44,1.19,0.636,50,1.8533,88.389
B044,LFP_graphite,34.56,2.44,1.19,0.636,60,1.8022,85.955
B044,LFP_graphite,34.56,2.44,1.19,0.636,70,1.7165,81.865
B044,LFP_graphite,34.56,2.44,1.19,0.636,80,1.6378,78.113
B044,LFP_graphite,34.56,2.44,1.19,0.636,90,1.5238,72.673
B044,LFP_graphite,34.56,2.44,1.19,0.636,100,1.435,68.442
B044,LFP_graphite,34.56,2.44,1.19,0.636,110,1.3257,63.226
B044,LFP_graphite,34.56,2.44,1.19,0.636,120,1.23,58.665
B044,LFP_graphite,34.56,2.44,1.19,0.636,130,1.0974,52.338
B044,LFP_graphite,34.56,2.44,1.19,0.636,140,0.9965,47.527
B044,LFP_graphite,34.56,2.44,1.19,0.636,150,0.8665,45.0
B044,LFP_graphite,34.56,2.44,1.19,0.636,160,0.7322,45.0
B044,LFP_graphite,34.56,2.44,1.19,0.636,170,0.5838,45.0
B044,LFP_graphite,34.56,2.44,1.19,0.636,180,0.4377,45.0
B044,LFP_graphite,34.56,2.44,1.19,0.636,190,0.2954,45.0
B044,LFP_graphite,34.56,2.44,1.19,0.636,200,0.1514,45.0
B044,LFP_graphite,34.56,2.44,1.19,0.636,210,-0.0173,45.0
B044,LFP_graphite,34.56,2.44,1.19,0.636,220,-0.1694,45.0
B044,LFP_graphite,34.56,2.44,1.19,0.636,230,-0.3393,45.0
B044,LFP_graphite,34.56,2.44,1.19,0.636,240,-0.483,45.0
B044,LFP_graphite,34.56,2.44,1.19,0.636,250,-0.6703,45.0
B044,LFP_graphite,34.56,2.44,1.19,0.636,260,-0.8447,45.0
B044,LFP_graphite,34.56,2.44,1.19,0.636,270,-1.0158,45.0
B044,LFP_graphite,34.56,2.44,1.19,0.636,280,-1.2116,45.0
B044,LFP_graphite,34.56,2.44,1.19,0.636,290,-1.4145,45.0
B044,LFP_graphite,34.56,2.44,1.19,0.636,300,-1.5944,45.0
B044,LFP_graphite,34.56,2.44,1.19,0.636,310,-1.7877,45.0
B044,LFP_graphite,34.56,2.44,1.19,0.636,320,-1.9644,45.0
B044,LFP_graphite,34.56,2.44,1.19,0.636,330,-2.1793,45.0
B044,LFP_graphite,34.56,2.44,1.19,0.636,340,-2.3827,45.0
B044,LFP_graphite,34.56,2.44,1.19,0.636,350,-2.5989,45.0
B044,LFP_graphite,34.56,2.44,1.19,0.636,360,-2.7984,45.0
B044,LFP_graphite,34.56,2.44,1.19,0.636,370,-3.0099,45.0
B044,LFP_graphite,34.56,2.44,1.19,0.636,380,-3.2385,45.0
B044,LFP_graphite,34.56,2.44,1.19,0.636,390,-3.4499,45.0
B044,LFP_graphite,34.56,2.44,1.19,0.636,400,-3.6821,45.0
B044,LFP_graphite,34.56,2.44,1.19,0.636,410,-3.9211,45.0
B044,LFP_graphite,34.56,2.44,1.19,0.636,420,-4.1467,45.0
B044,LFP_graphite,34.56,2.44,1.19,0.636,430,-4.3764,45.0
B044,LFP_graphite,34.56,2.44,1.19,0.636,440,-4.6327,45.0
B044,LFP_graphite,34.56,2.44,1.19,0.636,450,-4.86,45.0
B044,LFP_graphite,34.56,2.44,1.19,0.636,460,-5.105,45.0
B044,LFP_graphite,34.56,2.44,1.19,0.636,470,-5.3568,45.0
B044,LFP_graphite,34.56,2.44,1.19,0.636,480,-5.5984,45.0
B044,LFP_graphite,34.56,2.44,1.19,0.636,490,-5.8671,45.0
B044,LFP_graphite,34.56,2.44,1.19,0.636,500,-6.0937,45.0
B044,LFP_graphite,34.56,2.44,1.19,0.636,510,-6.3635,45.0
B044,LFP_graphite,34.56,2.44,1.19,0.636,520,-6.6341,45.0
B044,LFP_graphite,34.56,2.44,1.19,0.636,530,-6.8984,45.0
B044,LFP_graphite,34.56,2.44,1.19,0.636,540,-7.1656,45.0
B044,LFP_graphite,34.56,2.44,1.19,0.636,550,-7.4287,45.0
B044,LFP_graphite,34.56,2.44,1.19,0.636,560,-7.6889,45.0
B044,LFP_graphite,34.56,2.44,1.19,0.636,570,-7.9785,45.0
B044,LFP_graphite,34.56,2.44,1.19,0.636,580,-8.2567,45.0
B044,LFP_graphite,34.56,2.44,1.19,0.636,590,-8.5433,45.0
B044,LFP_graphite,34.56,2.44,1.19,0.636,600,-8.8208,45.0
B044,LFP_graphite,34.56,2.44,1.19,0.636,610,-9.1146,45.0
B044,LFP_graphite,34.56,2.44,1.19,0.636,620,-9.401,45.0
B044,LFP_graphite,34.56,2.44,1.19,0.636,630,-9.6872,45.0
B044,LFP_graphite,34.56,2.44,1.19,0.636,640,-9.9926,45.0
B044,LFP_graphite,34.56,2.44,1.19,0.636,650,-10.2851,45.0
B044,LFP_graphite,34.56,2.44,1.19,0.636,660,-10.5801,45.0
B044,LFP_graphite,34.56,2.44,1.19,0.636,670,-10.8912,45.0
B044,LFP_graphite,34.56,2.44,1.19,0.636,680,-11.1889,45.0
B044,LFP_graphite,34.56,2.44,1.19,0.636,690,-11.5026,45.0
B044,LFP_graphite,34.56,2.44,1.19,0.636,700,-11.8104,45.0
B044,LFP_graphite,34.56,2.44,1.19,0.636,710,-12.1252,45.0
B044,LFP_graphite,34.56,2.44,1.19,0.636,720,-12.4363,45.0
B044,LFP_graphite,34.56,2.44,1.19,0.636,730,-12.7428,45.0
B044,LFP_graphite,34.56,2.44,1.19,0.636,740,-13.079,45.0
B044,LFP_graphite,34.56,2.44,1.19,0.636,750,-13.4105,45.0
B044,LFP_graphite,34.56,2.44,1.19,0.636,760,-13.719,45.0
B044,LFP_graphite,34.56,2.44,1.19,0.636,770,-14.0524,45.0
B044,LFP_graphite,34.56,2.44,1.19,0.636,780,-14.3871,45.0
B044,LFP_graphite,34.56,2.44,1.19,0.636,790,-14.7203,45.0
B044,LFP_graphite,34.56,2.44,1.19,0.636,800,-15.0441,45.0
B044,LFP_graphite,34.56,2.44,1.19,0.636,810,-15.3778,45.0
B044,LFP_graphite,34.56,2.44,1.19,0.636,820,-15.7276,45.0
B044,LFP_graphite,34.56,2.44,1.19,0.636,830,-16.0555,45.0
B044,LFP_graphite,34.56,2.44,1.19,0.636,840,-16.4015,45.0
B044,LFP_graphite,34.56,2.44,1.19,0.636,850,-16.7537,45.0
B044,LFP_graphite,34.56,2.44,1.19,0.636,860,-17.1099,45.0
B044,LFP_graphite,34.56,2.44,1.19,0.636,870,-17.4591,45.0
B044,LFP_graphite,34.56,2.44,1.19,0.636,880,-17.8019,45.0
B044,LFP_graphite,34.56,2.44,1.19,0.636,890,-18.1563,45.0
B044,LFP_graphite,34.56,2.44,1.19,0.636,900,-18.5261,45.0
B044,LFP_graphite,34.56,2.44,1.19,0.636,910,-18.8925,45.0
B044,LFP_graphite,34.56,2.44,1.19,0.636,920,-19.2477,45.0
B044,LFP_graphite,34.56,2.44,1.19,0.636,930,-19.6168,45.0
B044,LFP_graphite,34.56,2.44,1.19,0.636,940,-19.9791,45.0
B044,LFP_graphite,34.56,2.44,1.19,0.636,950,-20.3547,45.0
B044,LFP_graphite,34.56,2.44,1.19,0.636,960,-20.7151,45.0
B044,LFP_graphite,34.56,2.44,1.19,0.636,970,-21.089,45.0
B044,LFP_graphite,34.56,2.44,1.19,0.636,980,-21.4693,45.0
B044,LFP_graphite,34.56,2.44,1.19,0.636,990,-21.8591,45.0
B044,LFP_graphite,34.56,2.44,1.19,0.636,1000,-22.2251,45.0
B045,NCA_graphite,15.72,0.714,2.597,0.929,0,2.173,99.705
B045,NCA_graphite,15.72,0.714,2.597,0.929,10,2.1681,99.481
B045,NCA_graphite,15.72,0.714,2.597,0.929,20,2.1726,99.686
B045,NCA_graphite,15.72,0.714,2.597,0.929,30,2.134,97.915
B045,NCA_graphite,15.72,0.714,2.597,0.929,40,2.1272,97.603
B045,NCA_graphite,15.72,0.714,2.597,0.929,50,2.1019,96.44
B045,NCA_graphite,15.72,0.714,2.597,0.929,60,2.0893,95.863
B045,NCA_graphite,15.72,0.714,2.597,0.929,70,2.0479,93.964
B045,NCA_graphite,15.72,0.714,2.597,0.929,80,2.0316,93.216
B045,NCA_graphite,15.72,0.714,2.597,0.929,90,1.9885,91.238
B045,NCA_graphite,15.72,0.714,2.597,0.929,100,1.9693,90.356
B045,NCA_graphite,15.72,0.714,2.597,0.929,110,1.9289,88.504
B045,NCA_graphite,15.72,0.714,2.597,0.929,120,1.8823,86.365
B045,NCA_graphite,15.72,0.714,2.597,0.929,130,1.8599,85.338
B045,NCA_graphite,15.72,0.714,2.597,0.929,140,1.8151,83.283
B045,NCA_graphite,15.72,0.714,2.597,0.929,150,1.7877,82.023
B045,NCA_graphite,15.72,0.714,2.597,0.929,160,1.7387,79.778
B045,NCA_graphite,15.72,0.714,2.597,0.929,170,1.7041,78.191
B045,NCA_graphite,15.72,0.714,2.597,0.929,180,1.6544,75.91
B045,NCA_graphite,15.72,0.714,2.597,0.929,190,1.6161,74.151
B045,NCA_graphite,15.72,0.714,2.597,0.929,200,1.5567,71.425
B045,NCA_graphite,15.72,0.714,2.597,0.929,210,1.5224,69.85
B045,NCA_graphite,15.72,0.714,2.597,0.929,220,1.4853,68.152
B045,NCA_graphite,15.72,0.714,2.597,0.929,230,1.4277,65.505
B045,NCA_graphite,15.72,0.714,2.597,0.929,240,1.385,63.546
B045,NCA_graphite,15.72,0.714,2.597,0.929,250,1.3419,61.57
B045,NCA_graphite,15.72,0.714,2.597,0.929,260,1.2898,59.179
B045,NCA_graphite,15.72,0.714,2.597,0.929,270,1.238,56.803
B045,NCA_graphite,15.72,0.714,2.597,0.929,280,1.1762,53.966
B045,NCA_graphite,15.72,0.714,2.597,0.929,290,1.1156,51.188
B045,NCA_graphite,15.72,0.714,2.597,0.929,300,1.0597,48.623
B045,NCA_graphite,15.72,0.714,2.597,0.929,310,1.0193,46.767
B045,NCA_graphite,15.72,0.714,2.597,0.929,320,0.9465,45.0
B045,NCA_graphite,15.72,0.714,2.597,0.929,330,0.8973,45.0
B045,NCA_graphite,15.72,0.714,2.597,0.929,340,0.8415,45.0
B045,NCA_graphite,15.72,0.714,2.597,0.929,350,0.7783,45.0
B045,NCA_graphite,15.72,0.714,2.597,0.929,360,0.7276,45.0
B045,NCA_graphite,15.72,0.714,2.597,0.929,370,0.6762,45.0
B045,NCA_graphite,15.72,0.714,2.597,0.929,380,0.5999,45.0
B045,NCA_graphite,15.72,0.714,2.597,0.929,390,0.5362,45.0
B045,NCA_graphite,15.72,0.714,2.597,0.929,400,0.4963,45.0
B045,NCA_graphite,15.72,0.714,2.597,0.929,410,0.4123,45.0
B045,NCA_graphite,15.72,0.714,2.597,0.929,420,0.3511,45.0
B045,NCA_graphite,15.72,0.714,2.597,0.929,430,0.3021,45.0
B045,NCA_graphite,15.72,0.714,2.597,0.929,440,0.2245,45.0
B045,NCA_graphite,15.72,0.714,2.597,0.929,450,0.1575,45.0
B045,NCA_graphite,15.72,0.714,2.597,0.929,460,0.0726,45.0
B045,NCA_graphite,15.72,0.714,2.597,0.929,470,0.0272,45.0
B045,NCA_graphite,15.72,0.714,2.597,0.929,480,-0.0545,45.0
B045,NCA_graphite,15.72,0.714,2.597,0.929,490,-0.1148,45.0
B045,NCA_graphite,15.72,0.714,2.597,0.929,500,-0.196,45.0
B045,NCA_graphite,15.72,0.714,2.597,0.929,510,-0.2608,45.0
B045,NCA_graphite,15.72,0.714,2.597,0.929,520,-0.3275,45.0
B045,NCA_graphite,15.72,0.714,2.597,0.929,530,-0.4092,45.0
B045,NCA_graphite,15.72,0.714,2.597,0.929,540,-0.4871,45.0
B045,NCA_graphite,15.72,0.714,2.597,0.929,550,-0.5403,45.0
B045,NCA_graphite,15.72,0.714,2.597,0.929,560,-0.6239,45.0
B045,NCA_graphite,15.72,0.714,2.597,0.929,570,-0.7058,45.0
B045,NCA_graphite,15.72,0.714,2.597,0.929,580,-0.7649,45.0
B045,NCA_graphite,15.72,0.714,2.597,0.929,590,-0.867,45.0
B045,NCA_graphite,15.72,0.714,2.597,0.929,600,-0.9351,45.0
B045,NCA_graphite,15.72,0.714,2.597,0.929,610,-1.0054,45.0
B045,NCA_graphite,15.72,0.714,2.597,0.929,620,-1.0763,45.0
B045,NCA_graphite,15.72,0.714,2.597,0.929,630,-1.1509,45.0
B045,NCA_graphite,15.72,0.714,2.597,0.929,640,-1.2376,45.0
B045,NCA_graphite,15.72,0.714,2.597,0.929,650,-1.3053,45.0
B045,NCA_graphite,15.72,0.714,2.597,0.929,660,-1.4044,45.0
B045,NCA_graphite,15.72,0.714,2.597,0.929,670,-1.4744,45.0
B045,NCA_graphite,15.72,0.714,2.597,0.929,680,-1.5587,45.0
B045,NCA_graphite,15.72,0.714,2.597,0.929,690,-1.6519,45.0
B045,NCA_graphite,15.72,0.714,2.597,0.929,700,-1.7357,45.0
B045,NCA_graphite,15.72,0.714,2.597,0.929,710,-1.8115,45.0
B045,NCA_graphite,15.72,0.714,2.597,0.929,720,-1.9004,45.0
B045,NCA_graphite,15.72,0.714,2.597,0.929,730,-1.9751,45.0
B045,NCA_graphite,15.72,0.714,2.597,0.929,740,-2.0598,45.0
B045,NCA_graphite,15.72,0.714,2.597,0.929,750,-2.148,45.0
B045,NCA_graphite,15.72,0.714,2.597,0.929,760,-2.2289,45.0
B045,NCA_graphite,15.72,0.714,2.597,0.929,770,-2.3251,45.0
B045,NCA_graphite,15.72,0.714,2.597,0.929,780,-2.4009,45.0
B045,NCA_graphite,15.72,0.714,2.597,0.929,790,-2.5054,45.0
B045,NCA_graphite,15.72,0.714,2.597,0.929,800,-2.5819,45.0
B045,NCA_graphite,15.72,0.714,2.597,0.929,810,-2.6772,45.0
B045,NCA_graphite,15.72,0.714,2.597,0.929,820,-2.763,45.0
B045,NCA_graphite,15.72,0.714,2.597,0.929,830,-2.8556,45.0
B045,NCA_graphite,15.72,0.714,2.597,0.929,840,-2.9288,45.0
B045,NCA_graphite,15.72,0.714,2.597,0.929,850,-3.0397,45.0
B045,NCA_graphite,15.72,0.714,2.597,0.929,860,-3.1123,45.0
B045,NCA_graphite,15.72,0.714,2.597,0.929,870,-3.2249,45.0
B045,NCA_graphite,15.72,0.714,2.597,0.929,880,-3.3051,45.0
B045,NCA_graphite,15.72,0.714,2.597,0.929,890,-3.3949,45.0
B045,NCA_graphite,15.72,0.714,2.597,0.929,900,-3.4846,45.0
B045,NCA_graphite,15.72,0.714,2.597,0.929,910,-3.5819,45.0
B045,NCA_graphite,15.72,0.714,2.597,0.929,920,-3.6876,45.0
B045,NCA_graphite,15.72,0.714,2.597,0.929,930,-3.772,45.0
B045,NCA_graphite,15.72,0.714,2.597,0.929,940,-3.8732,45.0
B045,NCA_graphite,15.72,0.714,2.597,0.929,950,-3.9562,45.0
B045,NCA_graphite,15.72,0.714,2.597,0.929,960,-4.0675,45.0
B045,NCA_graphite,15.72,0.714,2.597,0.929,970,-4.1597,45.0
B045,NCA_graphite,15.72,0.714,2.597,0.929,980,-4.2461,45.0
B045,NCA_graphite,15.72,0.714,2.597,0.929,990,-4.3544,45.0
B045,NCA_graphite,15.72,0.714,2.597,0.929,1000,-4.4526,45.0
B046,LFP_graphite,47.83,0.559,2.695,0.518,0,1.9414,99.74
B046,LFP_graphite,47.83,0.559,2.695,0.518,10,1.9605,100.72
B046,LFP_graphite,47.83,0.559,2.695,0.518,20,1.9281,99.055
B046,LFP_graphite,47.83,0.559,2.695,0.518,30,1.928,99.052
B046,LFP_graphite,47.83,0.559,2.695,0.518,40,1.8981,97.515
B046,LFP_graphite,47.83,0.559,2.695,0.518,50,1.8899,97.093
B046,LFP_graphite,47.83,0.559,2.695,0.518,60,1.8526,95.175
B046,LFP_graphite,47.83,0.559,2.695,0.518,70,1.8387,94.464
B046,LFP_graphite,47.83,0.559,2.695,0.518,80,1.8191,93.455
B046,LFP_graphite,47.83,0.559,2.695,0.518,90,1.7902,91.968
B046,LFP_graphite,47.83,0.559,2.695,0.518,100,1.766,90.729
B046,LFP_graphite,47.83,0.559,2.695,0.518,110,1.7379,89.283
B046,LFP_graphite,47.83,0.559,2.695,0.518,120,1.7137,88.043
B046,LFP_graphite,47.83,0.559,2.695,0.518,130,1.6924,86.946
B046,LFP_graphite,47.83,0.559,2.695,0.518,140,1.6497,84.754
B046,LFP_graphite,47.83,0.559,2.695,0.518,150,1.6267,83.571
B046,LFP_graphite,47.83,0.559,2.695,0.518,160,1.5976,82.076
B046,LFP_graphite,47.83,0.559,2.695,0.518,170,1.5687,80.592
B046,LFP_graphite,47.83,0.559,2.695,0.518,180,1.539,79.065
B046,LFP_graphite,47.83,0.559,2.695,0.518,190,1.4942,76.764
B046,LFP_graphite,47.83,0.559,2.695,0.518,200,1.4632,75.17
B046,LFP_graphite,47.83,0.559,2.695,0.518,210,1.4318,73.559
B046,LFP_graphite,47.83,0.559,2.695,0.518,220,1.3951,71.67
B046,LFP_graphite,47.83,0.559,2.695,0.518,230,1.3475,69.228
B046,LFP_graphite,47.83,0.559,2.695,0.518,240,1.3209,67.862
B046,LFP_graphite,47.83,0.559,2.695,0.518,250,1.2788,65.7
B046,LFP_graphite,47.83,0.559,2.695,0.518,260,1.2458,64.002
B046,LFP_graphite,47.83,0.559,2.695,0.518,270,1.2058,61.946
B046,LFP_graphite,47.83,0.559,2.695,0.518,280,1.1621,59.702
B046,LFP_graphite,47.83,0.559,2.695,0.518,290,1.1406,58.595
B046,LFP_graphite,47.83,0.559,2.695,0.518,300,1.0743,55.193
B046,LFP_graphite,47.83,0.559,2.695,0.518,310,1.0541,54.154
B046,LFP_graphite,47.83,0.559,2.695,0.518,320,1.004,51.582
B046,LFP_graphite,47.83,0.559,2.695,0.518,330,0.9639,49.519
B046,LFP_graphite,47.83,0.559,2.695,0.518,340,0.9078,46.636
B046,LFP_graphite,47.83,0.559,2.695,0.518,350,0.8707,45.0
B046,LFP_graphite,47.83,0.559,2.695,0.518,360,0.8255,45.0
B046,LFP_graphite,47.83,0.559,2.695,0.518,370,0.7875,45.0
B046,LFP_graphite,47.83,0.559,2.695,0.518,380,0.7491,45.0
B046,LFP_graphite,47.83,0.559,2.695,0.518,390,0.7024,45.0
B046,LFP_graphite,47.83,0.559,2.695,0.518,400,0.6575,45.0
B046,LFP_graphite,47.83,0.559,2.695,0.518,410,0.5985,45.0
B046,LFP_graphite,47.83,0.559,2.695,0.518,420,0.567,45.0
B046,LFP_graphite,47.83,0.559,2.695,0.518,430,0.5012,45.0
B046,LFP_graphite,47.83,0.559,2.695,0.518,440,0.4758,45.0
B046,LFP_graphite,47.83,0.559,2.695,0.518,450,0.4008,45.0
B046,LFP_graphite,47.83,0.559,2.695,0.518,460,0.3609,45.0
B046,LFP_graphite,47.83,0.559,2.695,0.518,470,0.3091,45.0
B046,LFP_graphite,47.83,0.559,2.695,0.518,480,0.2672,45.0
B046,LFP_graphite,47.83,0.559,2.695,0.518,490,0.2149,45.0
B046,LFP_graphite,47.83,0.559,2.695,0.518,500,0.1618,45.0
B046,LFP_graphite,47.83,0.559,2.695,0.518,510,0.105,45.0
B046,LFP_graphite,47.83,0.559,2.695,0.518,520,0.0652,45.0
B046,LFP_graphite,47.83,0.559,2.695,0.518,530,0.0091,45.0
B046,LFP_graphite,47.83,0.559,2.695,0.518,540,-0.0431,45.0
B046,LFP_graphite,47.83,0.559,2.695,0.518,550,-0.098,45.0
B046,LFP_graphite,47.83,0.559,2.695,0.518,560,-0.1436,45.0
B046,LFP_graphite,47.83,0.559,2.695,0.518,570,-0.2002,45.0
B046,LFP_graphite,47.83,0.559,2.695,0.518,580,-0.2461,45.0
B046,LFP_graphite,47.83,0.559,2.695,0.518,590,-0.3116,45.0
B046,LFP_graphite,47.83,0.559,2.695,0.518,600,-0.3634,45.0
B046,LFP_graphite,47.83,0.559,2.695,0.518,610,-0.4204,45.0
B046,LFP_graphite,47.83,0.559,2.695,0.518,620,-0.4679,45.0
B046,LFP_graphite,47.83,0.559,2.695,0.518,630,-0.5198,45.0
B046,LFP_graphite,47.83,0.559,2.695,0.518,640,-0.5756,45.0
B046,LFP_graphite,47.83,0.559,2.695,0.518,650,-0.6491,45.0
B046,LFP_graphite,47.83,0.559,2.695,0.518,660,-0.7015,45.0
B046,LFP_graphite,47.83,0.559,2.695,0.518,670,-0.7593,45.0
B046,LFP_graphite,47.83,0.559,2.695,0.518,680,-0.81,45.0
B046,LFP_graphite,47.83,0.559,2.695,0.518,690,-0.8779,45.0
B046,LFP_graphite,47.83,0.559,2.695,0.518,700,-0.9154,45.0
B046,LFP_graphite,47.83,0.559,2.695,0.518,710,-0.987,45.0
B046,LFP_graphite,47.83,0.559,2.695,0.518,720,-1.0432,45.0
B046,LFP_graphite,47.83,0.559,2.695,0.518,730,-1.1118,45.0
B046,LFP_graphite,47.83,0.559,2.695,0.518,740,-1.17,45.0
B046,LFP_graphite,47.83,0.559,2.695,0.518,750,-1.2118,45.0
B046,LFP_graphite,47.83,0.559,2.695,0.518,760,-1.2746,45.0
B046,LFP_graphite,47.83,0.559,2.695,0.518,770,-1.3537,45.0
B046,LFP_graphite,47.83,0.559,2.695,0.518,780,-1.4115,45.0
B046,LFP_graphite,47.83,0.559,2.695,0.518,790,-1.4657,45.0
B046,LFP_graphite,47.83,0.559,2.695,0.518,800,-1.5254,45.0
B046,LFP_graphite,47.83,0.559,2.695,0.518,810,-1.5861,45.0
B046,LFP_graphite,47.83,0.559,2.695,0.518,820,-1.663,45.0
B046,LFP_graphite,47.83,0.559,2.695,0.518,830,-1.7174,45.0
B046,LFP_graphite,47.83,0.559,2.695,0.518,840,-1.7702,45.0
B046,LFP_graphite,47.83,0.559,2.695,0.518,850,-1.856,45.0
B046,LFP_graphite,47.83,0.559,2.695,0.518,860,-1.9122,45.0
B046,LFP_graphite,47.83,0.559,2.695,0.518,870,-1.9643,45.0
B046,LFP_graphite,47.83,0.559,2.695,0.518,880,-2.0478,45.0
B046,LFP_graphite,47.83,0.559,2.695,0.518,890,-2.094,45.0
B046,LFP_graphite,47.83,0.559,2.695,0.518,900,-2.1787,45.0
B046,LFP_graphite,47.83,0.559,2.695,0.518,910,-2.2145,45.0
B046,LFP_graphite,47.83,0.559,2.695,0.518,920,-2.286,45.0
B046,LFP_graphite,47.83,0.559,2.695,0.518,930,-2.3664,45.0
B046,LFP_graphite,47.83,0.559,2.695,0.518,940,-2.4269,45.0
B046,LFP_graphite,47.83,0.559,2.695,0.518,950,-2.4872,45.0
B046,LFP_graphite,47.83,0.559,2.695,0.518,960,-2.5522,45.0
B046,LFP_graphite,47.83,0.559,2.695,0.518,970,-2.627,45.0
B046,LFP_graphite,47.83,0.559,2.695,0.518,980,-2.6995,45.0
B046,LFP_graphite,47.83,0.559,2.695,0.518,990,-2.7648,45.0
B046,LFP_graphite,47.83,0.559,2.695,0.518,1000,-2.8381,45.0
B047,LFP_graphite,24.47,1.971,2.385,0.746,0,2.1419,100.25
B047,LFP_graphite,24.47,1.971,2.385,0.746,10,2.1258,99.494
B047,LFP_graphite,24.47,1.971,2.385,0.746,20,2.0914,97.888
B047,LFP_graphite,24.47,1.971,2.385,0.746,30,2.0692,96.848
B047,LFP_graphite,24.47,1.971,2.385,0.746,40,2.0308,95.047
B047,LFP_graphite,24.47,1.971,2.385,0.746,50,1.9925,93.258
B047,LFP_graphite,24.47,1.971,2.385,0.746,60,1.9517,91.349
B047,LFP_graphite,24.47,1.971,2.385,0.746,70,1.8642,87.254
B047,LFP_graphite,24.47,1.971,2.385,0.746,80,1.8269,85.507
B047,LFP_graphite,24.47,1.971,2.385,0.746,90,1.7737,83.018
B047,LFP_graphite,24.47,1.971,2.385,0.746,100,1.6959,79.375
B047,LFP_graphite,24.47,1.971,2.385,0.746,110,1.6272,76.16
B047,LFP_graphite,24.47,1.971,2.385,0.746,120,1.5751,73.72
B047,LFP_graphite,24.47,1.971,2.385,0.746,130,1.4849,69.499
B047,LFP_graphite,24.47,1.971,2.385,0.746,140,1.4076,65.882
B047,LFP_graphite,24.47,1.971,2.385,0.746,150,1.3243,61.983
B047,LFP_graphite,24.47,1.971,2.385,0.746,160,1.2718,59.525
B047,LFP_graphite,24.47,1.971,2.385,0.746,170,1.1724,54.874
B047,LFP_graphite,24.47,1.971,2.385,0.746,180,1.095,51.249
B047,LFP_graphite,24.47,1.971,2.385,0.746,190,0.9942,46.531
B047,LFP_graphite,24.47,1.971,2.385,0.746,200,0.9059,45.0
B047,LFP_graphite,24.47,1.971,2.385,0.746,210,0.8116,45.0
B047,LFP_graphite,24.47,1.971,2.385,0.746,220,0.7174,45.0
B047,LFP_graphite,24.47,1.971,2.385,0.746,230,0.6331,45.0
B047,LFP_graphite,24.47,1.971,2.385,0.746,240,0.5282,45.0
B047,LFP_graphite,24.47,1.971,2.385,0.746,250,0.4174,45.0
B047,LFP_graphite,24.47,1.971,2.385,0.746,260,0.3219,45.0
B047,LFP_graphite,24.47,1.971,2.385,0.746,270,0.219,45.0
B047,LFP_graphite,24.47,1.971,2.385,0.746,280,0.1113,45.0
B047,LFP_graphite,24.47,1.971,2.385,0.746,290,-0.0172,45.0
B047,LFP_graphite,24.47,1.971,2.385,0.746,300,-0.1183,45.0
B047,LFP_graphite,24.47,1.971,2.385,0.746,310,-0.2299,45.0
B047,LFP_graphite,24.47,1.971,2.385,0.746,320,-0.3581,45.0
B047,LFP_graphite,24.47,1.971,2.385,0.746,330,-0.4768,45.0
B047,LFP_graphite,24.47,1.971,2.385,0.746,340,-0.5948,45.0
B047,LFP_graphite,24.47,1.971,2.385,0.746,350,-0.717,45.0
B047,LFP_graphite,24.47,1.971,2.385,0.746,360,-0.8262,45.0
B047,LFP_graphite,24.47,1.971,2.385,0.746,370,-0.9511,45.0
B047,LFP_graphite,24.47,1.971,2.385,0.746,380,-1.0804,45.0
B047,LFP_graphite,24.47,1.971,2.385,0.746,390,-1.2006,45.0
B047,LFP_graphite,24.47,1.971,2.385,0.746,400,-1.3394,45.0
B047,LFP_graphite,24.47,1.971,2.385,0.746,410,-1.4624,45.0
B047,LFP_graphite,24.47,1.971,2.385,0.746,420,-1.6031,45.0
B047,LFP_graphite,24.47,1.971,2.385,0.746,430,-1.7416,45.0
B047,LFP_graphite,24.47,1.971,2.385,0.746,440,-1.8706,45.0
B047,LFP_graphite,24.47,1.971,2.385,0.746,450,-2.0343,45.0
B047,LFP_graphite,24.47,1.971,2.385,0.746,460,-2.1498,45.0
B047,LFP_graphite,24.47,1.971,2.385,0.746,470,-2.2953,45.0
B047,LFP_graphite,24.47,1.971,2.385,0.746,480,-2.4378,45.0
B047,LFP_graphite,24.47,1.971,2.385,0.746,490,-2.5695,45.0
B047,LFP_graphite,24.47,1.971,2.385,0.746,500,-2.7282,45.0
B047,LFP_graphite,24.47,1.971,2.385,0.746,510,-2.8587,45.0
B047,LFP_graphite,24.47,1.971,2.385,0.746,520,-3.0264,45.0
B047,LFP_graphite,24.47,1.971,2.385,0.746,530,-3.174,45.0
B047,LFP_graphite,24.47,1.971,2.385,0.746,540,-3.316,45.0
B047,LFP_graphite,24.47,1.971,2.385,0.746,550,-3.4636,45.0
B047,LFP_graphite,24.47,1.971,2.385,0.746,560,-3.6261,45.0
B047,LFP_graphite,24.47,1.971,2.385,0.746,570,-3.7973,45.0
B047,LFP_graphite,24.47,1.971,2.385,0.746,580,-3.9391,45.0
B047,LFP_graphite,24.47,1.971,2.385,0.746,590,-4.1141,45.0
B047,LFP_graphite,24.47,1.971,2.385,0.746,600,-4.2609,45.0
B047,LFP_graphite,24.47,1.971,2.385,0.746,610,-4.4138,45.0
B047,LFP_graphite,24.47,1.971,2.385,0.746,620,-4.5721,45.0
B047,LFP_graphite,24.47,1.971,2.385,0.746,630,-4.7402,45.0
B047,LFP_graphite,24.47,1.971,2.385,0.746,640,-4.9059,45.0
B047,LFP_graphite,24.47,1.971,2.385,0.746,650,-5.0548,45.0
B047,LFP_graphite,24.47,1.971,2.385,0.746,660,-5.2505,45.0
B047,LFP_graphite,24.47,1.971,2.385,0.746,670,-5.4046,45.0
B047,LFP_graphite,24.47,1.971,2.385,0.746,680,-5.5784,45.0
B047,LFP_graphite,24.47,1.971,2.385,0.746,690,-5.7557,45.0
B047,LFP_graphite,24.47,1.971,2.385,0.746,700,-5.9168,45.0
B047,LFP_graphite,24.47,1.971,2.385,0.746,710,-6.1008,45.0
B047,LFP_graphite,24.47,1.971,2.385,0.746,720,-6.2673,45.0
B047,LFP_graphite,24.47,1.971,2.385,0.746,730,-6.4454,45.0
B047,LFP_graphite,24.47,1.971,2.385,0.746,740,-6.6385,45.0
B047,LFP_graphite,24.47,1.971,2.385,0.746,750,-6.7971,45.0
B047,LFP_graphite,24.47,1.971,2.385,0.746,760,-6.9914,45.0
B047,LFP_graphite,24.47,1.971,2.385,0.746,770,-7.1505,45.0
B047,LFP_graphite,24.47,1.971,2.385,0.746,780,-7.3566,45.0
B047,LFP_graphite,24.47,1.971,2.385,0.746,790,-7.5366,45.0
B047,LFP_graphite,24.47,1.971,2.385,0.746,800,-7.6923,45.0
B047,LFP_graphite,24.47,1.971,2.385,0.746,810,-7.8999,45.0
B047,LFP_graphite,24.47,1.971,2.385,0.746,820,-8.0896,45.0
B047,LFP_graphite,24.47,1.971,2.385,0.746,830,-8.2667,45.0
B047,LFP_graphite,24.47,1.971,2.385,0.746,840,-8.4673,45.0
B047,LFP_graphite,24.47,1.971,2.385,0.746,850,-8.6577,45.0
B047,LFP_graphite,24.47,1.971,2.385,0.746,860,-8.8221,45.0
B047,LFP_graphite,24.47,1.971,2.385,0.746,870,-9.0324,45.0
B047,LFP_graphite,24.47,1.971,2.385,0.746,880,-9.213,45.0
B047,LFP_graphite,24.47,1.971,2.385,0.746,890,-9.4088,45.0
B047,LFP_graphite,24.47,1.971,2.385,0.746,900,-9.6139,45.0
B047,LFP_graphite,24.47,1.971,2.385,0.746,910,-9.8194,45.0
B047,LFP_graphite,24.47,1.971,2.385,0.746,920,-10.0038,45.0
B047,LFP_graphite,24.47,1.971,2.385,0.746,930,-10.2114,45.0
B047,LFP_graphite,24.47,1.971,2.385,0.746,940,-10.4077,45.0
B047,LFP_graphite,24.47,1.971,2.385,0.746,950,-10.6142,45.0
B047,LFP_graphite,24.47,1.971,2.385,0.746,960,-10.8081,45.0
B047,LFP_graphite,24.47,1.971,2.385,0.746,970,-11.0285,45.0
B047,LFP_graphite,24.47,1.971,2.385,0.746,980,-11.2164,45.0
B047,LFP_graphite,24.47,1.971,2.385,0.746,990,-11.4248,45.0
B047,LFP_graphite,24.47,1.971,2.385,0.746,1000,-11.6183,45.0
B048,NCA_graphite,25.03,1.272,1.057,0.664,0,2.1616,100.463
B048,NCA_graphite,25.03,1.272,1.057,0.664,10,2.136,99.273
B048,NCA_graphite,25.03,1.272,1.057,0.664,20,2.1394,99.432
B048,NCA_graphite,25.03,1.272,1.057,0.664,30,2.1223,98.633
B048,NCA_graphite,25.03,1.272,1.057,0.664,40,2.1123,98.172
B048,NCA_graphite,25.03,1.272,1.057,0.664,50,2.1027,97.727
B048,NCA_graphite,25.03,1.272,1.057,0.664,60,2.0997,97.586
B048,NCA_graphite,25.03,1.272,1.057,0.664,70,2.0738,96.379
B048,NCA_graphite,25.03,1.272,1.057,0.664,80,2.0667,96.054
B048,NCA_graphite,25.03,1.272,1.057,0.664,90,2.0458,95.079
B048,NCA_graphite,25.03,1.272,1.057,0.664,100,2.0348,94.569
B048,NCA_graphite,25.03,1.272,1.057,0.664,110,2.0095,93.391
B048,NCA_graphite,25.03,1.272,1.057,0.664,120,2.0053,93.197
B048,NCA_graphite,25.03,1.272,1.057,0.664,130,1.9861,92.307
B048,NCA_graphite,25.03,1.272,1.057,0.664,140,1.9636,91.26
B048,NCA_graphite,25.03,1.272,1.057,0.664,150,1.9371,90.029
B048,NCA_graphite,25.03,1.272,1.057,0.664,160,1.9421,90.262
B048,NCA_graphite,25.03,1.272,1.057,0.664,170,1.906,88.58
B048,NCA_graphite,25.03,1.272,1.057,0.664,180,1.9083,88.692
B048,NCA_graphite,25.03,1.272,1.057,0.664,190,1.8808,87.411
B048,NCA_graphite,25.03,1.272,1.057,0.664,200,1.8587,86.385
B048,NCA_graphite,25.03,1.272,1.057,0.664,210,1.8564,86.279
B048,NCA_graphite,25.03,1.272,1.057,0.664,220,1.8291,85.008
B048,NCA_graphite,25.03,1.272,1.057,0.664,230,1.805,83.89
B048,NCA_graphite,25.03,1.272,1.057,0.664,240,1.7955,83.449
B048,NCA_graphite,25.03,1.272,1.057,0.664,250,1.7697,82.249
B048,NCA_graphite,25.03,1.272,1.057,0.664,260,1.7621,81.893
B048,NCA_graphite,25.03,1.272,1.057,0.664,270,1.7381,80.777
B048,NCA_graphite,25.03,1.272,1.057,0.664,280,1.7084,79.397
B048,NCA_graphite,25.03,1.272,1.057,0.664,290,1.6782,77.994
B048,NCA_graphite,25.03,1.272,1.057,0.664,300,1.6684,77.539
B048,NCA_graphite,25.03,1.272,1.057,0.664,310,1.6577,77.045
B048,NCA_graphite,25.03,1.272,1.057,0.664,320,1.6189,75.238
B048,NCA_graphite,25.03,1.272,1.057,0.664,330,1.6094,74.796
B048,NCA_graphite,25.03,1.272,1.057,0.664,340,1.5919,73.984
B048,NCA_graphite,25.03,1.272,1.057,0.664,350,1.5816,73.505
B048,NCA_graphite,25.03,1.272,1.057,0.664,360,1.5493,72.003
B048,NCA_graphite,25.03,1.272,1.057,0.664,370,1.5331,71.253
B048,NCA_graphite,25.03,1.272,1.057,0.664,380,1.5084,70.105
B048,NCA_graphite,25.03,1.272,1.057,0.664,390,1.4857,69.049
B048,NCA_graphite,25.03,1.272,1.057,0.664,400,1.4544,67.594
B048,NCA_graphite,25.03,1.272,1.057,0.664,410,1.4453,67.171
B048,NCA_graphite,25.03,1.272,1.057,0.664,420,1.3981,64.98
B048,NCA_graphite,25.03,1.272,1.057,0.664,430,1.3959,64.876
B048,NCA_graphite,25.03,1.272,1.057,0.664,440,1.3735,63.832
B048,NCA_graphite,25.03,1.272,1.057,0.664,450,1.3489,62.689
B048,NCA_graphite,25.03,1.272,1.057,0.664,460,1.3162,61.173
B048,NCA_graphite,25.03,1.272,1.057,0.664,470,1.2915,60.021
B048,NCA_graphite,25.03,1.272,1.057,0.664,480,1.2799,59.484
B048,NCA_graphite,25.03,1.272,1.057,0.664,490,1.2485,58.025
B048,NCA_graphite,25.03,1.272,1.057,0.664,500,1.2391,57.589
B048,NCA_graphite,25.03,1.272,1.057,0.664,510,1.2034,55.928
B048,NCA_graphite,25.03,1.272,1.057,0.664,520,1.1627,54.036
B048,NCA_graphite,25.03,1.272,1.057,0.664,530,1.1652,54.154
B048,NCA_graphite,25.03,1.272,1.057,0.664,540,1.1357,52.783
B048,NCA_graphite,25.03,1.272,1.057,0.664,550,1.1123,51.697
B048,NCA_graphite,25.03,1.272,1.057,0.664,560,1.0765,50.029
B048,NCA_graphite,25.03,1.272,1.057,0.664,570,1.0603,49.276
B048,NCA_graphite,25.03,1.272,1.057,0.664,580,1.0487,48.737
B048,NCA_graphite,25.03,1.272,1.057,0.664,590,1.0129,47.074
B048,NCA_graphite,25.03,1.272,1.057,0.664,600,0.9802,45.556
B048,NCA_graphite,25.03,1.272,1.057,0.664,610,0.9605,45.0
B048,NCA_graphite,25.03,1.272,1.057,0.664,620,0.933,45.0
B048,NCA_graphite,25.03,1.272,1.057,0.664,630,0.9031,45.0
B048,NCA_graphite,25.03,1.272,1.057,0.664,640,0.8738,45.0
B048,NCA_graphite,25.03,1.272,1.057,0.664,650,0.8706,45.0
B048,NCA_graphite,25.03,1.272,1.057,0.664,660,0.8438,45.0
B048,NCA_graphite,25.03,1.272,1.057,0.664,670,0.8011,45.0
B048,NCA_graphite,25.03,1.272,1.057,0.664,680,0.7846,45.0
B048,NCA_graphite,25.03,1.272,1.057,0.664,690,0.7645,45.0
B048,NCA_graphite,25.03,1.272,1.057,0.664,700,0.7427,45.0
B048,NCA_graphite,25.03,1.272,1.057,0.664,710,0.7142,45.0
B048,NCA_graphite,25.03,1.272,1.057,0.664,720,0.6794,45.0
B048,NCA_graphite,25.03,1.272,1.057,0.664,730,0.6528,45.0
B048,NCA_graphite,25.03,1.272,1.057,0.664,740,0.6401,45.0
B048,NCA_graphite,25.03,1.272,1.057,0.664,750,0.6169,45.0
B048,NCA_graphite,25.03,1.272,1.057,0.664,760,0.58,45.0
B048,NCA_graphite,25.03,1.272,1.057,0.664,770,0.5557,45.0
B048,NCA_graphite,25.03,1.272,1.057,0.664,780,0.5256,45.0
B048,NCA_graphite,25.03,1.272,1.057,0.664,790,0.4858,45.0
B048,NCA_graphite,25.03,1.272,1.057,0.664,800,0.4846,45.0
B048,NCA_graphite,25.03,1.272,1.057,0.664,810,0.4487,45.0
B048,NCA_graphite,25.03,1.272,1.057,0.664,820,0.4077,45.0
B048,NCA_graphite,25.03,1.272,1.057,0.664,830,0.4053,45.0
B048,NCA_graphite,25.03,1.272,1.057,0.664,840,0.3672,45.0
B048,NCA_graphite,25.03,1.272,1.057,0.664,850,0.3344,45.0
B048,NCA_graphite,25.03,1.272,1.057,0.664,860,0.3014,45.0
B048,NCA_graphite,25.03,1.272,1.057,0.664,870,0.2835,45.0
B048,NCA_graphite,25.03,1.272,1.057,0.664,880,0.2636,45.0
B048,NCA_graphite,25.03,1.272,1.057,0.664,890,0.2225,45.0
B048,NCA_graphite,25.03,1.272,1.057,0.664,900,0.2098,45.0
B048,NCA_graphite,25.03,1.272,1.057,0.664,910,0.1781,45.0
B048,NCA_graphite,25.03,1.272,1.057,0.664,920,0.1435,45.0
B048,NCA_graphite,25.03,1.272,1.057,0.664,930,0.1086,45.0
B048,NCA_graphite,25.03,1.272,1.057,0.664,940,0.0876,45.0
B048,NCA_graphite,25.03,1.272,1.057,0.664,950,0.0567,45.0
B048,NCA_graphite,25.03,1.272,1.057,0.664,960,0.0379,45.0
B048,NCA_graphite,25.03,1.272,1.057,0.664,970,-0.0018,45.0
B048,NCA_graphite,25.03,1.272,1.057,0.664,980,-0.0176,45.0
B048,NCA_graphite,25.03,1.272,1.057,0.664,990,-0.048,45.0
B048,NCA_graphite,25.03,1.272,1.057,0.664,1000,-0.0825,45.0
B049,LFP_graphite,35.6,2.372,0.886,0.939,0,1.9315,100.083
B049,LFP_graphite,35.6,2.372,0.886,0.939,10,1.9222,99.605
B049,LFP_graphite,35.6,2.372,0.886,0.939,20,1.8825,97.548
B049,LFP_graphite,35.6,2.372,0.886,0.939,30,1.8321,94.935
B049,LFP_graphite,35.6,2.372,0.886,0.939,40,1.8112,93.851
B049,LFP_graphite,35.6,2.372,0.886,0.939,50,1.7852,92.504
B049,LFP_graphite,35.6,2.372,0.886,0.939,60,1.7314,89.718
B049,LFP_graphite,35.6,2.372,0.886,0.939,70,1.6782,86.957
B049,LFP_graphite,35.6,2.372,0.886,0.939,80,1.6363,84.787
B049,LFP_graphite,35.6,2.372,0.886,0.939,90,1.5739,81.557
B049,LFP_graphite,35.6,2.372,0.886,0.939,100,1.5238,78.959
B049,LFP_graphite,35.6,2.372,0.886,0.939,110,1.472,76.276
B049,LFP_graphite,35.6,2.372,0.886,0.939,120,1.4233,73.749
B049,LFP_graphite,35.6,2.372,0.886,0.939,130,1.3467,69.783
B049,LFP_graphite,35.6,2.372,0.886,0.939,140,1.2738,66.004
B049,LFP_graphite,35.6,2.372,0.886,0.939,150,1.2038,62.377
B049,LFP_graphite,35.6,2.372,0.886,0.939,160,1.1404,59.09
B049,LFP_graphite,35.6,2.372,0.886,0.939,170,1.0752,55.713
B049,LFP_graphite,35.6,2.372,0.886,0.939,180,0.9904,51.32
B049,LFP_graphite,35.6,2.372,0.886,0.939,190,0.9439,48.911
B049,LFP_graphite,35.6,2.372,0.886,0.939,200,0.861,45.0
B049,LFP_graphite,35.6,2.372,0.886,0.939,210,0.7758,45.0
B049,LFP_graphite,35.6,2.372,0.886,0.939,220,0.7061,45.0
B049,LFP_graphite,35.6,2.372,0.886,0.939,230,0.6342,45.0
B049,LFP_graphite,35.6,2.372,0.886,0.939,240,0.5543,45.0
B049,LFP_graphite,35.6,2.372,0.886,0.939,250,0.4576,45.0
B049,LFP_graphite,35.6,2.372,0.886,0.939,260,0.394,45.0
B049,LFP_graphite,35.6,2.372,0.886,0.939,270,0.2901,45.0
B049,LFP_graphite,35.6,2.372,0.886,0.939,280,0.23,45.0
B049,LFP_graphite,35.6,2.372,0.886,0.939,290,0.1225,45.0
B049,LFP_graphite,35.6,2.372,0.886,0.939,300,0.0515,45.0
B049,LFP_graphite,35.6,2.372,0.886,0.939,310,-0.0406,45.0
B049,LFP_graphite,35.6,2.372,0.886,0.939,320,-0.1255,45.0
B049,LFP_graphite,35.6,2.372,0.886,0.939,330,-0.2199,45.0
B049,LFP_graphite,35.6,2.372,0.886,0.939,340,-0.3211,45.0
B049,LFP_graphite,35.6,2.372,0.886,0.939,350,-0.4138,45.0
B049,LFP_graphite,35.6,2.372,0.886,0.939,360,-0.5146,45.0
B049,LFP_graphite,35.6,2.372,0.886,0.939,370,-0.6089,45.0
B049,LFP_graphite,35.6,2.372,0.886,0.939,380,-0.6909,45.0
B049,LFP_graphite,35.6,2.372,0.886,0.939,390,-0.7936,45.0
B049,LFP_graphite,35.6,2.372,0.886,0.939,400,-0.8962,45.0
B049,LFP_graphite,35.6,2.372,0.886,0.939,410,-0.9969,45.0
B049,LFP_graphite,35.6,2.372,0.886,0.939,420,-1.0904,45.0
B049,LFP_graphite,35.6,2.372,0.886,0.939,430,-1.1897,45.0
B049,LFP_graphite,35.6,2.372,0.886,0.939,440,-1.2837,45.0
B049,LFP_graphite,35.6,2.372,0.886,0.939,450,-1.3929,45.0
B049,LFP_graphite,35.6,2.372,0.886,0.939,460,-1.4969,45.0
B049,LFP_graphite,35.6,2.372,0.886,0.939,470,-1.5943,45.0
B049,LFP_graphite,35.6,2.372,0.886,0.939,480,-1.7061,45.0
B049,LFP_graphite,35.6,2.372,0.886,0.939,490,-1.8295,45.0
B049,LFP_graphite,35.6,2.372,0.886,0.939,500,-1.9288,45.0
B049,LFP_graphite,35.6,2.372,0.886,0.939,510,-2.0245,45.0
B049,LFP_graphite,35.6,2.372,0.886,0.939,520,-2.1388,45.0
B049,LFP_graphite,35.6,2.372,0.886,0.939,530,-2.252,45.0
B049,LFP_graphite,35.6,2.372,0.886,0.939,540,-2.369,45.0
B049,LFP_graphite,35.6,2.372,0.886,0.939,550,-2.4779,45.0
B049,LFP_graphite,35.6,2.372,0.886,0.939,560,-2.6098,45.0
B049,LFP_graphite,35.6,2.372,0.886,0.939,570,-2.696,45.0
B049,LFP_graphite,35.6,2.372,0.886,0.939,580,-2.8163,45.0
B049,LFP_graphite,35.6,2.372,0.886,0.939,590,-2.9356,45.0
B049,LFP_graphite,35.6,2.372,0.886,0.939,600,-3.0373,45.0
B049,LFP_graphite,35.6,2.372,0.886,0.939,610,-3.1614,45.0
B049,LFP_graphite,35.6,2.372,0.886,0.939,620,-3.2921,45.0
B049,LFP_graphite,35.6,2.372,0.886,0.939,630,-3.4036,45.0
B049,LFP_graphite,35.6,2.372,0.886,0.939,640,-3.514,45.0
B049,LFP_graphite,35.6,2.372,0.886,0.939,650,-3.6546,45.0
B049,LFP_graphite,35.6,2.372,0.886,0.939,660,-3.7622,45.0
B049,LFP_graphite,35.6,2.372,0.886,0.939,670,-3.8911,45.0
B049,LFP_graphite,35.6,2.372,0.886,0.939,680,-4.0121,45.0
B049,LFP_graphite,35.6,2.372,0.886,0.939,690,-4.1264,45.0
B049,LFP_graphite,35.6,2.372,0.886,0.939,700,-4.2495,45.0
B049,LFP_graphite,35.6,2.372,0.886,0.939,710,-4.371,45.0
B049,LFP_graphite,35.6,2.372,0.886,0.939,720,-4.5021,45.0
B049,LFP_graphite,35.6,2.372,0.886,0.939,730,-4.622,45.0
B049,LFP_graphite,35.6,2.372,0.886,0.939,740,-4.7567,45.0
B049,LFP_graphite,35.6,2.372,0.886,0.939,750,-4.8856,45.0
B049,LFP_graphite,35.6,2.372,0.886,0.939,760,-5.0051,45.0
B049,LFP_graphite,35.6,2.372,0.886,0.939,770,-5.1314,45.0
B049,LFP_graphite,35.6,2.372,0.886,0.939,780,-5.2559,45.0
B049,LFP_graphite,35.6,2.372,0.886,0.939,790,-5.3977,45.0
B049,LFP_graphite,35.6,2.372,0.886,0.939,800,-5.5232,45.0
B049,LFP_graphite,35.6,2.372,0.886,0.939,810,-5.6474,45.0
B049,LFP_graphite,35.6,2.372,0.886,0.939,820,-5.7774,45.0
B049,LFP_graphite,35.6,2.372,0.886,0.939,830,-5.927,45.0
B049,LFP_graphite,35.6,2.372,0.886,0.939,840,-6.0506,45.0
B049,LFP_graphite,35.6,2.372,0.886,0.939,850,-6.1845,45.0
B049,LFP_graphite,35.6,2.372,0.886,0.939,860,-6.3138,45.0
B049,LFP_graphite,35.6,2.372,0.886,0.939,870,-6.4427,45.0
B049,LFP_graphite,35.6,2.372,0.886,0.939,880,-6.5765,45.0
B049,LFP_graphite,35.6,2.372,0.886,0.939,890,-6.7185,45.0
B049,LFP_graphite,35.6,2.372,0.886,0.939,900,-6.8651,45.0
B049,LFP_graphite,35.6,2.372,0.886,0.939,910,-6.992,45.0
B049,LFP_graphite,35.6,2.372,0.886,0.939,920,-7.133,45.0
B049,LFP_graphite,35.6,2.372,0.886,0.939,930,-7.2733,45.0
B049,LFP_graphite,35.6,2.372,0.886,0.939,940,-7.4017,45.0
B049,LFP_graphite,35.6,2.372,0.886,0.939,950,-7.5445,45.0
B049,LFP_graphite,35.6,2.372,0.886,0.939,960,-7.6828,45.0
B049,LFP_graphite,35.6,2.372,0.886,0.939,970,-7.827,45.0
B049,LFP_graphite,35.6,2.372,0.886,0.939,980,-7.9739,45.0
B049,LFP_graphite,35.6,2.372,0.886,0.939,990,-8.116,45.0
B049,LFP_graphite,35.6,2.372,0.886,0.939,1000,-8.2399,45.0
B050,LFP_graphite,43.6,1.266,0.526,0.579,0,2.0813,100.174
B050,LFP_graphite,43.6,1.266,0.526,0.579,10,2.0757,99.907
B050,LFP_graphite,43.6,1.266,0.526,0.579,20,2.0577,99.042
B050,LFP_graphite,43.6,1.266,0.526,0.579,30,2.0235,97.392
B050,LFP_graphite,43.6,1.266,0.526,0.579,40,1.9758,95.097
B050,LFP_graphite,43.6,1.266,0.526,0.579,50,1.9633,94.495
B050,LFP_graphite,43.6,1.266,0.526,0.579,60,1.9086,91.864
B050,LFP_graphite,43.6,1.266,0.526,0.579,70,1.867,89.859
B050,LFP_graphite,43.6,1.266,0.526,0.579,80,1.8248,87.83
B050,LFP_graphite,43.6,1.266,0.526,0.579,90,1.7737,85.371
B050,LFP_graphite,43.6,1.266,0.526,0.579,100,1.7061,82.116
B050,LFP_graphite,43.6,1.266,0.526,0.579,110,1.6684,80.304
B050,LFP_graphite,43.6,1.266,0.526,0.579,120,1.6169,77.821
B050,LFP_graphite,43.6,1.266,0.526,0.579,130,1.5344,73.854
B050,LFP_graphite,43.6,1.266,0.526,0.579,140,1.4751,71.001
B050,LFP_graphite,43.6,1.266,0.526,0.579,150,1.4004,67.402
B050,LFP_graphite,43.6,1.266,0.526,0.579,160,1.3283,63.931
B050,LFP_graphite,43.6,1.266,0.526,0.579,170,1.2475,60.043
B050,LFP_graphite,43.6,1.266,0.526,0.579,180,1.1952,57.529
B050,LFP_graphite,43.6,1.266,0.526,0.579,190,1.0839,52.17
B050,LFP_graphite,43.6,1.266,0.526,0.579,200,1.0027,48.26
B050,LFP_graphite,43.6,1.266,0.526,0.579,210,0.9332,45.0
B050,LFP_graphite,43.6,1.266,0.526,0.579,220,0.8366,45.0
B050,LFP_graphite,43.6,1.266,0.526,0.579,230,0.7501,45.0
B050,LFP_graphite,43.6,1.266,0.526,0.579,240,0.6597,45.0
B050,LFP_graphite,43.6,1.266,0.526,0.579,250,0.5643,45.0
B050,LFP_graphite,43.6,1.266,0.526,0.579,260,0.461,45.0
B050,LFP_graphite,43.6,1.266,0.526,0.579,270,0.3682,45.0
B050,LFP_graphite,43.6,1.266,0.526,0.579,280,0.2601,45.0
B050,LFP_graphite,43.6,1.266,0.526,0.579,290,0.1672,45.0
B050,LFP_graphite,43.6,1.266,0.526,0.579,300,0.064,45.0
B050,LFP_graphite,43.6,1.266,0.526,0.579,310,-0.0324,45.0
B050,LFP_graphite,43.6,1.266,0.526,0.579,320,-0.155,45.0
B050,LFP_graphite,43.6,1.266,0.526,0.579,330,-0.2722,45.0
B050,LFP_graphite,43.6,1.266,0.526,0.579,340,-0.3784,45.0
B050,LFP_graphite,43.6,1.266,0.526,0.579,350,-0.5021,45.0
B050,LFP_graphite,43.6,1.266,0.526,0.579,360,-0.587,45.0
B050,LFP_graphite,43.6,1.266,0.526,0.579,370,-0.7402,45.0
B050,LFP_graphite,43.6,1.266,0.526,0.579,380,-0.8663,45.0
B050,LFP_graphite,43.6,1.266,0.526,0.579,390,-0.9705,45.0
B050,LFP_graphite,43.6,1.266,0.526,0.579,400,-1.0949,45.0
B050,LFP_graphite,43.6,1.266,0.526,0.579,410,-1.2111,45.0
B050,LFP_graphite,43.6,1.266,0.526,0.579,420,-1.337,45.0
B050,LFP_graphite,43.6,1.266,0.526,0.579,430,-1.469,45.0
B050,LFP_graphite,43.6,1.266,0.526,0.579,440,-1.6048,45.0
B050,LFP_graphite,43.6,1.266,0.526,0.579,450,-1.7476,45.0
B050,LFP_graphite,43.6,1.266,0.526,0.579,460,-1.8796,45.0
B050,LFP_graphite,43.6,1.266,0.526,0.579,470,-2.0078,45.0
B050,LFP_graphite,43.6,1.266,0.526,0.579,480,-2.1402,45.0
B050,LFP_graphite,43.6,1.266,0.526,0.579,490,-2.2821,45.0
B050,LFP_graphite,43.6,1.266,0.526,0.579,500,-2.4256,45.0
B050,LFP_graphite,43.6,1.266,0.526,0.579,510,-2.571,45.0
B050,LFP_graphite,43.6,1.266,0.526,0.579,520,-2.7197,45.0
B050,LFP_graphite,43.6,1.266,0.526,0.579,530,-2.86,45.0
B050,LFP_graphite,43.6,1.266,0.526,0.579,540,-3.0034,45.0
B050,LFP_graphite,43.6,1.266,0.526,0.579,550,-3.1546,45.0
B050,LFP_graphite,43.6,1.266,0.526,0.579,560,-3.293,45.0
B050,LFP_graphite,43.6,1.266,0.526,0.579,570,-3.4596,45.0
B050,LFP_graphite,43.6,1.266,0.526,0.579,580,-3.6048,45.0
B050,LFP_graphite,43.6,1.266,0.526,0.579,590,-3.7566,45.0
B050,LFP_graphite,43.6,1.266,0.526,0.579,600,-3.914,45.0
B050,LFP_graphite,43.6,1.266,0.526,0.579,610,-4.072,45.0
B050,LFP_graphite,43.6,1.266,0.526,0.579,620,-4.222,45.0
B050,LFP_graphite,43.6,1.266,0.526,0.579,630,-4.402,45.0
B050,LFP_graphite,43.6,1.266,0.526,0.579,640,-4.5636,45.0
B050,LFP_graphite,43.6,1.266,0.526,0.579,650,-4.7279,45.0
B050,LFP_graphite,43.6,1.266,0.526,0.579,660,-4.8886,45.0
B050,LFP_graphite,43.6,1.266,0.526,0.579,670,-5.0473,45.0
B050,LFP_graphite,43.6,1.266,0.526,0.579,680,-5.2211,45.0
B050,LFP_graphite,43.6,1.266,0.526,0.579,690,-5.3924,45.0
B050,LFP_graphite,43.6,1.266,0.526,0.579,700,-5.5609,45.0
B050,LFP_graphite,43.6,1.266,0.526,0.579,710,-5.7369,45.0
B050,LFP_graphite,43.6,1.266,0.526,0.579,720,-5.9096,45.0
B050,LFP_graphite,43.6,1.266,0.526,0.579,730,-6.0771,45.0
B050,LFP_graphite,43.6,1.266,0.526,0.579,740,-6.2569,45.0
B050,LFP_graphite,43.6,1.266,0.526,0.579,750,-6.4357,45.0
B050,LFP_graphite,43.6,1.266,0.526,0.579,760,-6.6153,45.0
B050,LFP_graphite,43.6,1.266,0.526,0.579,770,-6.7849,45.0
B050,LFP_graphite,43.6,1.266,0.526,0.579,780,-6.9567,45.0
B050,LFP_graphite,43.6,1.266,0.526,0.579,790,-7.149,45.0
B050,LFP_graphite,43.6,1.266,0.526,0.579,800,-7.3397,45.0
B050,LFP_graphite,43.6,1.266,0.526,0.579,810,-7.5305,45.0
B050,LFP_graphite,43.6,1.266,0.526,0.579,820,-7.7087,45.0
B050,LFP_graphite,43.6,1.266,0.526,0.579,830,-7.9076,45.0
B050,LFP_graphite,43.6,1.266,0.526,0.579,840,-8.0843,45.0
B050,LFP_graphite,43.6,1.266,0.526,0.579,850,-8.2946,45.0
B050,LFP_graphite,43.6,1.266,0.526,0.579,860,-8.4577,45.0
B050,LFP_graphite,43.6,1.266,0.526,0.579,870,-8.6668,45.0
B050,LFP_graphite,43.6,1.266,0.526,0.579,880,-8.8756,45.0
B050,LFP_graphite,43.6,1.266,0.526,0.579,890,-9.0576,45.0
B050,LFP_graphite,43.6,1.266,0.526,0.579,900,-9.2648,45.0
B050,LFP_graphite,43.6,1.266,0.526,0.579,910,-9.4614,45.0
B050,LFP_graphite,43.6,1.266,0.526,0.579,920,-9.671,45.0
B050,LFP_graphite,43.6,1.266,0.526,0.579,930,-9.8661,45.0
B050,LFP_graphite,43.6,1.266,0.526,0.579,940,-10.0591,45.0
B050,LFP_graphite,43.6,1.266,0.526,0.579,950,-10.2756,45.0
B050,LFP_graphite,43.6,1.266,0.526,0.579,960,-10.4611,45.0
B050,LFP_graphite,43.6,1.266,0.526,0.579,970,-10.6785,45.0
B050,LFP_graphite,43.6,1.266,0.526,0.579,980,-10.8721,45.0
B050,LFP_graphite,43.6,1.266,0.526,0.579,990,-11.0802,45.0
B050,LFP_graphite,43.6,1.266,0.526,0.579,1000,-11.3101,45.0
B051,NCA_graphite,43.59,1.178,1.063,0.738,0,2.0575,99.331
B051,NCA_graphite,43.59,1.178,1.063,0.738,10,2.055,99.207
B051,NCA_graphite,43.59,1.178,1.063,0.738,20,2.0277,97.892
B051,NCA_graphite,43.59,1.178,1.063,0.738,30,2.0022,96.661
B051,NCA_graphite,43.59,1.178,1.063,0.738,40,1.9501,94.146
B051,NCA_graphite,43.59,1.178,1.063,0.738,50,1.89,91.245
B051,NCA_graphite,43.59,1.178,1.063,0.738,60,1.8426,88.956
B051,NCA_graphite,43.59,1.178,1.063,0.738,70,1.8025,87.021
B051,NCA_graphite,43.59,1.178,1.063,0.738,80,1.7304,83.536
B051,NCA_graphite,43.59,1.178,1.063,0.738,90,1.6557,79.93
B051,NCA_graphite,43.59,1.178,1.063,0.738,100,1.6033,77.4
B051,NCA_graphite,43.59,1.178,1.063,0.738,110,1.5411,74.401
B051,NCA_graphite,43.59,1.178,1.063,0.738,120,1.4502,70.012
B051,NCA_graphite,43.59,1.178,1.063,0.738,130,1.3878,66.997
B051,NCA_graphite,43.59,1.178,1.063,0.738,140,1.3082,63.154
B051,NCA_graphite,43.59,1.178,1.063,0.738,150,1.2221,58.997
B051,NCA_graphite,43.59,1.178,1.063,0.738,160,1.1619,56.095
B051,NCA_graphite,43.59,1.178,1.063,0.738,170,1.0737,51.835
B051,NCA_graphite,43.59,1.178,1.063,0.738,180,1.0038,48.459
B051,NCA_graphite,43.59,1.178,1.063,0.738,190,0.887,45.0
B051,NCA_graphite,43.59,1.178,1.063,0.738,200,0.8205,45.0
B051,NCA_graphite,43.59,1.178,1.063,0.738,210,0.7252,45.0
B051,NCA_graphite,43.59,1.178,1.063,0.738,220,0.6267,45.0
B051,NCA_graphite,43.59,1.178,1.063,0.738,230,0.5345,45.0
B051,NCA_graphite,43.59,1.178,1.063,0.738,240,0.4552,45.0
B051,NCA_graphite,43.59,1.178,1.063,0.738,250,0.3527,45.0
B051,NCA_graphite,43.59,1.178,1.063,0.738,260,0.2424,45.0
B051,NCA_graphite,43.59,1.178,1.063,0.738,270,0.1379,45.0
B051,NCA_graphite,43.59,1.178,1.063,0.738,280,0.0452,45.0
B051,NCA_graphite,43.59,1.178,1.063,0.738,290,-0.0613,45.0
B051,NCA_graphite,43.59,1.178,1.063,0.738,300,-0.1535,45.0
B051,NCA_graphite,43.59,1.178,1.063,0.738,310,-0.267,45.0
B051,NCA_graphite,43.59,1.178,1.063,0.738,320,-0.38,45.0
B051,NCA_graphite,43.59,1.178,1.063,0.738,330,-0.4986,45.0
B051,NCA_graphite,43.59,1.178,1.063,0.738,340,-0.5951,45.0
B051,NCA_graphite,43.59,1.178,1.063,0.738,350,-0.6957,45.0
B051,NCA_graphite,43.59,1.178,1.063,0.738,360,-0.8254,45.0
B051,NCA_graphite,43.59,1.178,1.063,0.738,370,-0.9423,45.0
B051,NCA_graphite,43.59,1.178,1.063,0.738,380,-1.0539,45.0
B051,NCA_graphite,43.59,1.178,1.063,0.738,390,-1.1631,45.0
B051,NCA_graphite,43.59,1.178,1.063,0.738,400,-1.2724,45.0
B051,NCA_graphite,43.59,1.178,1.063,0.738,410,-1.4026,45.0
B051,NCA_graphite,43.59,1.178,1.063,0.738,420,-1.5326,45.0
B051,NCA_graphite,43.59,1.178,1.063,0.738,430,-1.6424,45.0
B051,NCA_graphite,43.59,1.178,1.063,0.738,440,-1.7645,45.0
B051,NCA_graphite,43.59,1.178,1.063,0.738,450,-1.8879,45.0
B051,NCA_graphite,43.59,1.178,1.063,0.738,460,-2.0148,45.0
B051,NCA_graphite,43.59,1.178,1.063,0.738,470,-2.1383,45.0
B051,NCA_graphite,43.59,1.178,1.063,0.738,480,-2.2838,45.0
B051,NCA_graphite,43.59,1.178,1.063,0.738,490,-2.394,45.0
B051,NCA_graphite,43.59,1.178,1.063,0.738,500,-2.5299,45.0
B051,NCA_graphite,43.59,1.178,1.063,0.738,510,-2.6664,45.0
B051,NCA_graphite,43.59,1.178,1.063,0.738,520,-2.7962,45.0
B051,NCA_graphite,43.59,1.178,1.063,0.738,530,-2.934,45.0
B051,NCA_graphite,43.59,1.178,1.063,0.738,540,-3.0589,45.0
B051,NCA_graphite,43.59,1.178,1.063,0.738,550,-3.2042,45.0
B051,NCA_graphite,43.59,1.178,1.063,0.738,560,-3.3478,45.0
B051,NCA_graphite,43.59,1.178,1.063,0.738,570,-3.473,45.0
B051,NCA_graphite,43.59,1.178,1.063,0.738,580,-3.624,45.0
B051,NCA_graphite,43.59,1.178,1.063,0.738,590,-3.7476,45.0
B051,NCA_graphite,43.59,1.178,1.063,0.738,600,-3.8853,45.0
B051,NCA_graphite,43.59,1.178,1.063,0.738,610,-4.0248,45.0
B051,NCA_graphite,43.59,1.178,1.063,0.738,620,-4.1832,45.0
B051,NCA_graphite,43.59,1.178,1.063,0.738,630,-4.3155,45.0
B051,NCA_graphite,43.59,1.178,1.063,0.738,640,-4.4685,45.0
B051,NCA_graphite,43.59,1.178,1.063,0.738,650,-4.6007,45.0
B051,NCA_graphite,43.59,1.178,1.063,0.738,660,-4.7606,45.0
B051,NCA_graphite,43.59,1.178,1.063,0.738,670,-4.9007,45.0
B051,NCA_graphite,43.59,1.178,1.063,0.738,680,-5.0663,45.0
B051,NCA_graphite,43.59,1.178,1.063,0.738,690,-5.1875,45.0
B051,NCA_graphite,43.59,1.178,1.063,0.738,700,-5.3353,45.0
B051,NCA_graphite,43.59,1.178,1.063,0.738,710,-5.4909,45.0
B051,NCA_graphite,43.59,1.178,1.063,0.738,720,-5.6403,45.0
B051,NCA_graphite,43.59,1.178,1.063,0.738,730,-5.8007,45.0
B051,NCA_graphite,43.59,1.178,1.063,0.738,740,-5.9437,45.0
B051,NCA_graphite,43.59,1.178,1.063,0.738,750,-6.1018,45.0
B051,NCA_graphite,43.59,1.178,1.063,0.738,760,-6.2619,45.0
B051,NCA_graphite,43.59,1.178,1.063,0.738,770,-6.4252,45.0
B051,NCA_graphite,43.59,1.178,1.063,0.738,780,-6.5611,45.0
B051,NCA_graphite,43.59,1.178,1.063,0.738,790,-6.7172,45.0
B051,NCA_graphite,43.59,1.178,1.063,0.738,800,-6.8869,45.0
B051,NCA_graphite,43.59,1.178,1.063,0.738,810,-7.0403,45.0
B051,NCA_graphite,43.59,1.178,1.063,0.738,820,-7.2115,45.0
B051,NCA_graphite,43.59,1.178,1.063,0.738,830,-7.3696,45.0
B051,NCA_graphite,43.59,1.178,1.063,0.738,840,-7.5309,45.0
B051,NCA_graphite,43.59,1.178,1.063,0.738,850,-7.6994,45.0
B051,NCA_graphite,43.59,1.178,1.063,0.738,860,-7.8495,45.0
B051,NCA_graphite,43.59,1.178,1.063,0.738,870,-8.0126,45.0
B051,NCA_graphite,43.59,1.178,1.063,0.738,880,-8.1796,45.0
B051,NCA_graphite,43.59,1.178,1.063,0.738,890,-8.3379,45.0
B051,NCA_graphite,43.59,1.178,1.063,0.738,900,-8.52,45.0
B051,NCA_graphite,43.59,1.178,1.063,0.738,910,-8.6698,45.0
B051,NCA_graphite,43.59,1.178,1.063,0.738,920,-8.8607,45.0
B051,NCA_graphite,43.59,1.178,1.063,0.738,930,-9.0224,45.0
B051,NCA_graphite,43.59,1.178,1.063,0.738,940,-9.1856,45.0
B051,NCA_graphite,43.59,1.178,1.063,0.738,950,-9.3694,45.0
B051,NCA_graphite,43.59,1.178,1.063,0.738,960,-9.5337,45.0
B051,NCA_graphite,43.59,1.178,1.063,0.738,970,-9.6876,45.0
B051,NCA_graphite,43.59,1.178,1.063,0.738,980,-9.8637,45.0
B051,NCA_graphite,43.59,1.178,1.063,0.738,990,-10.0397,45.0
B051,NCA_graphite,43.59,1.178,1.063,0.738,1000,-10.2023,45.0
B052,NMC_graphite,34.45,2.425,1.937,0.515,0,1.9121,99.943
B052,NMC_graphite,34.45,2.425,1.937,0.515,10,1.8943,99.013
B052,NMC_graphite,34.45,2.425,1.937,0.515,20,1.8995,99.282
B052,NMC_graphite,34.45,2.425,1.937,0.515,30,1.8453,96.451
B052,NMC_graphite,34.45,2.425,1.937,0.515,40,1.8326,95.785
B052,NMC_graphite,34.45,2.425,1.937,0.515,50,1.7952,93.832
B052,NMC_graphite,34.45,2.425,1.937,0.515,60,1.7653,92.268
B052,NMC_graphite,34.45,2.425,1.937,0.515,70,1.7251,90.169
B052,NMC_graphite,34.45,2.425,1.937,0.515,80,1.6772,87.664
B052,NMC_graphite,34.45,2.425,1.937,0.515,90,1.6565,86.584
B052,NMC_graphite,34.45,2.425,1.937,0.515,100,1.6108,84.195
B052,NMC_graphite,34.45,2.425,1.937,0.515,110,1.5767,82.414
B052,NMC_graphite,34.45,2.425,1.937,0.515,120,1.5365,80.309
B052,NMC_graphite,34.45,2.425,1.937,0.515,130,1.4713,76.902
B052,NMC_graphite,34.45,2.425,1.937,0.515,140,1.4507,75.828
B052,NMC_graphite,34.45,2.425,1.937,0.515,150,1.3917,72.741
B052,NMC_graphite,34.45,2.425,1.937,0.515,160,1.3312,69.582
B052,NMC_graphite,34.45,2.425,1.937,0.515,170,1.2996,67.926
B052,NMC_graphite,34.45,2.425,1.937,0.515,180,1.2306,64.323
B052,NMC_graphite,34.45,2.425,1.937,0.515,190,1.193,62.358
B052,NMC_graphite,34.45,2.425,1.937,0.515,200,1.1445,59.822
B052,NMC_graphite,34.45,2.425,1.937,0.515,210,1.0952,57.242
B052,NMC_graphite,34.45,2.425,1.937,0.515,220,1.0439,54.563
B052,NMC_graphite,34.45,2.425,1.937,0.515,230,0.9888,51.682
B052,NMC_graphite,34.45,2.425,1.937,0.515,240,0.9402,49.144
B052,NMC_graphite,34.45,2.425,1.937,0.515,250,0.8699,45.466
B052,NMC_graphite,34.45,2.425,1.937,0.515,260,0.803,45.0
B052,NMC_graphite,34.45,2.425,1.937,0.515,270,0.7532,45.0
B052,NMC_graphite,34.45,2.425,1.937,0.515,280,0.6919,45.0
B052,NMC_graphite,34.45,2.425,1.937,0.515,290,0.6351,45.0
B052,NMC_graphite,34.45,2.425,1.937,0.515,300,0.579,45.0
B052,NMC_graphite,34.45,2.425,1.937,0.515,310,0.4841,45.0
B052,NMC_graphite,34.45,2.425,1.937,0.515,320,0.4425,45.0
B052,NMC_graphite,34.45,2.425,1.937,0.515,330,0.3827,45.0
B052,NMC_graphite,34.45,2.425,1.937,0.515,340,0.3169,45.0
B052,NMC_graphite,34.45,2.425,1.937,0.515,350,0.2722,45.0
B052,NMC_graphite,34.45,2.425,1.937,0.515,360,0.1921,45.0
B052,NMC_graphite,34.45,2.425,1.937,0.515,370,0.1303,45.0
B052,NMC_graphite,34.45,2.425,1.937,0.515,380,0.0824,45.0
B052,NMC_graphite,34.45,2.425,1.937,0.515,390,-0.0018,45.0
B052,NMC_graphite,34.45,2.425,1.937,0.515,400,-0.0615,45.0
B052,NMC_graphite,34.45,2.425,1.937,0.515,410,-0.1313,45.0
B052,NMC_graphite,34.45,2.425,1.937,0.515,420,-0.2066,45.0
B052,NMC_graphite,34.45,2.425,1.937,0.515,430,-0.2664,45.0
B052,NMC_graphite,34.45,2.425,1.937,0.515,440,-0.3451,45.0
B052,NMC_graphite,34.45,2.425,1.937,0.515,450,-0.3966,45.0
B052,NMC_graphite,34.45,2.425,1.937,0.515,460,-0.4915,45.0
B052,NMC_graphite,34.45,2.425,1.937,0.515,470,-0.5475,45.0
B052,NMC_graphite,34.45,2.425,1.937,0.515,480,-0.621,45.0
B052,NMC_graphite,34.45,2.425,1.937,0.515,490,-0.6874,45.0
B052,NMC_graphite,34.45,2.425,1.937,0.515,500,-0.7734,45.0
B052,NMC_graphite,34.45,2.425,1.937,0.515,510,-0.8449,45.0
B052,NMC_graphite,34.45,2.425,1.937,0.515,520,-0.9101,45.0
B052,NMC_graphite,34.45,2.425,1.937,0.515,530,-0.992,45.0
B052,NMC_graphite,34.45,2.425,1.937,0.515,540,-1.0522,45.0
B052,NMC_graphite,34.45,2.425,1.937,0.515,550,-1.1452,45.0
B052,NMC_graphite,34.45,2.425,1.937,0.515,560,-1.2217,45.0
B052,NMC_graphite,34.45,2.425,1.937,0.515,570,-1.2962,45.0
B052,NMC_graphite,34.45,2.425,1.937,0.515,580,-1.3649,45.0
B052,NMC_graphite,34.45,2.425,1.937,0.515,590,-1.4304,45.0
B052,NMC_graphite,34.45,2.425,1.937,0.515,600,-1.5289,45.0
B052,NMC_graphite,34.45,2.425,1.937,0.515,610,-1.6138,45.0
B052,NMC_graphite,34.45,2.425,1.937,0.515,620,-1.6723,45.0
B052,NMC_graphite,34.45,2.425,1.937,0.515,630,-1.7574,45.0
B052,NMC_graphite,34.45,2.425,1.937,0.515,640,-1.8431,45.0
B052,NMC_graphite,34.45,2.425,1.937,0.515,650,-1.9263,45.0
B052,NMC_graphite,34.45,2.425,1.937,0.515,660,-2.0064,45.0
B052,NMC_graphite,34.45,2.425,1.937,0.515,670,-2.0688,45.0
B052,NMC_graphite,34.45,2.425,1.937,0.515,680,-2.1497,45.0
B052,NMC_graphite,34.45,2.425,1.937,0.515,690,-2.2309,45.0
B052,NMC_graphite,34.45,2.425,1.937,0.515,700,-2.3164,45.0
B052,NMC_graphite,34.45,2.425,1.937,0.515,710,-2.4023,45.0
B052,NMC_graphite,34.45,2.425,1.937,0.515,720,-2.4705,45.0
B052,NMC_graphite,34.45,2.425,1.937,0.515,730,-2.5628,45.0
B052,NMC_graphite,34.45,2.425,1.937,0.515,740,-2.6542,45.0
B052,NMC_graphite,34.45,2.425,1.937,0.515,750,-2.7455,45.0
B052,NMC_graphite,34.45,2.425,1.937,0.515,760,-2.831,45.0
B052,NMC_graphite,34.45,2.425,1.937,0.515,770,-2.9096,45.0
B052,NMC_graphite,34.45,2.425,1.937,0.515,780,-2.9871,45.0
B052,NMC_graphite,34.45,2.425,1.937,0.515,790,-3.09,45.0
B052,NMC_graphite,34.45,2.425,1.937,0.515,800,-3.1711,45.0
B052,NMC_graphite,34.45,2.425,1.937,0.515,810,-3.2578,45.0
B052,NMC_graphite,34.45,2.425,1.937,0.515,820,-3.3373,45.0
B052,NMC_graphite,34.45,2.425,1.937,0.515,830,-3.4156,45.0
B052,NMC_graphite,34.45,2.425,1.937,0.515,840,-3.5242,45.0
B052,NMC_graphite,34.45,2.425,1.937,0.515,850,-3.6069,45.0
B052,NMC_graphite,34.45,2.425,1.937,0.515,860,-3.6839,45.0
B052,NMC_graphite,34.45,2.425,1.937,0.515,870,-3.7854,45.0
B052,NMC_graphite,34.45,2.425,1.937,0.515,880,-3.8669,45.0
B052,NMC_graphite,34.45,2.425,1.937,0.515,890,-3.952,45.0
B052,NMC_graphite,34.45,2.425,1.937,0.515,900,-4.0474,45.0
B052,NMC_graphite,34.45,2.425,1.937,0.515,910,-4.151,45.0
B052,NMC_graphite,34.45,2.425,1.937,0.515,920,-4.2234,45.0
B052,NMC_graphite,34.45,2.425,1.937,0.515,930,-4.3294,45.0
B052,NMC_graphite,34.45,2.425,1.937,0.515,940,-4.4037,45.0
B052,NMC_graphite,34.45,2.425,1.937,0.515,950,-4.5055,45.0
B052,NMC_graphite,34.45,2.425,1.937,0.515,960,-4.5775,45.0
B052,NMC_graphite,34.45,2.425,1.937,0.515,970,-4.696,45.0
B052,NMC_graphite,34.45,2.425,1.937,0.515,980,-4.7851,45.0
B052,NMC_graphite,34.45,2.425,1.937,0.515,990,-4.855,45.0
B052,NMC_graphite,34.45,2.425,1.937,0.515,1000,-4.9741,45.0
B053,LFP_graphite,15.54,2.329,1.519,0.99,0,2.0725,99.997
B053,LFP_graphite,15.54,2.329,1.519,0.99,10,2.0712,99.931
B053,LFP_graphite,15.54,2.329,1.519,0.99,20,2.0603,99.408
B053,LFP_graphite,15.54,2.329,1.519,0.99,30,2.052,99.007
B053,LFP_graphite,15.54,2.329,1.519,0.99,40,2.0393,98.394
B053,LFP_graphite,15.54,2.329,1.519,0.99,50,2.0523,99.02
B053,LFP_graphite,15.54,2.329,1.519,0.99,60,2.0316,98.021
B053,LFP_graphite,15.54,2.329,1.519,0.99,70,2.0191,97.416
B053,LFP_graphite,15.54,2.329,1.519,0.99,80,2.0191,97.418
B053,LFP_graphite,15.54,2.329,1.519,0.99,90,2.0188,97.402
B053,LFP_graphite,15.54,2.329,1.519,0.99,100,1.9831,95.679
B053,LFP_graphite,15.54,2.329,1.519,0.99,110,1.971,95.099
B053,LFP_graphite,15.54,2.329,1.519,0.99,120,1.9538,94.268
B053,LFP_graphite,15.54,2.329,1.519,0.99,130,1.9698,95.041
B053,LFP_graphite,15.54,2.329,1.519,0.99,140,1.9616,94.646
B053,LFP_graphite,15.54,2.329,1.519,0.99,150,1.944,93.792
B053,LFP_graphite,15.54,2.329,1.519,0.99,160,1.9471,93.943
B053,LFP_graphite,15.54,2.329,1.519,0.99,170,1.9075,92.035
B053,LFP_graphite,15.54,2.329,1.519,0.99,180,1.9194,92.607
B053,LFP_graphite,15.54,2.329,1.519,0.99,190,1.891,91.239
B053,LFP_graphite,15.54,2.329,1.519,0.99,200,1.8789,90.653
B053,LFP_graphite,15.54,2.329,1.519,0.99,210,1.8693,90.191
B053,LFP_graphite,15.54,2.329,1.519,0.99,220,1.856,89.546
B053,LFP_graphite,15.54,2.329,1.519,0.99,230,1.8754,90.483
B053,LFP_graphite,15.54,2.329,1.519,0.99,240,1.8421,88.88
B053,LFP_graphite,15.54,2.329,1.519,0.99,250,1.8227,87.941
B053,LFP_graphite,15.54,2.329,1.519,0.99,260,1.7961,86.659
B053,LFP_graphite,15.54,2.329,1.519,0.99,270,1.791,86.412
B053,LFP_graphite,15.54,2.329,1.519,0.99,280,1.7889,86.312
B053,LFP_graphite,15.54,2.329,1.519,0.99,290,1.771,85.449
B053,LFP_graphite,15.54,2.329,1.519,0.99,300,1.7655,85.184
B053,LFP_graphite,15.54,2.329,1.519,0.99,310,1.7315,83.542
B053,LFP_graphite,15.54,2.329,1.519,0.99,320,1.7486,84.368
B053,LFP_graphite,15.54,2.329,1.519,0.99,330,1.7243,83.195
B053,LFP_graphite,15.54,2.329,1.519,0.99,340,1.718,82.888
B053,LFP_graphite,15.54,2.329,1.519,0.99,350,1.7056,82.294
B053,LFP_graphite,15.54,2.329,1.519,0.99,360,1.6779,80.955
B053,LFP_graphite,15.54,2.329,1.519,0.99,370,1.6611,80.146
B053,LFP_graphite,15.54,2.329,1.519,0.99,380,1.6668,80.418
B053,LFP_graphite,15.54,2.329,1.519,0.99,390,1.6455,79.395
B053,LFP_graphite,15.54,2.329,1.519,0.99,400,1.6443,79.334
B053,LFP_graphite,15.54,2.329,1.519,0.99,410,1.6171,78.022
B053,LFP_graphite,15.54,2.329,1.519,0.99,420,1.5925,76.833
B053,LFP_graphite,15.54,2.329,1.519,0.99,430,1.5859,76.516
B053,LFP_graphite,15.54,2.329,1.519,0.99,440,1.5754,76.01
B053,LFP_graphite,15.54,2.329,1.519,0.99,450,1.5567,75.107
B053,LFP_graphite,15.54,2.329,1.519,0.99,460,1.5464,74.609
B053,LFP_graphite,15.54,2.329,1.519,0.99,470,1.5437,74.48
B053,LFP_graphite,15.54,2.329,1.519,0.99,480,1.5337,73.999
B053,LFP_graphite,15.54,2.329,1.519,0.99,490,1.5136,73.029
B053,LFP_graphite,15.54,2.329,1.519,0.99,500,1.4931,72.04
B053,LFP_graphite,15.54,2.329,1.519,0.99,510,1.486,71.697
B053,LFP_graphite,15.54,2.329,1.519,0.99,520,1.4638,70.625
B053,LFP_graphite,15.54,2.329,1.519,0.99,530,1.4346,69.217
B053,LFP_graphite,15.54,2.329,1.519,0.99,540,1.4409,69.518
B053,LFP_graphite,15.54,2.329,1.519,0.99,550,1.4176,68.399
B053,LFP_graphite,15.54,2.329,1.519,0.99,560,1.4116,68.108
B053,LFP_graphite,15.54,2.329,1.519,0.99,570,1.3828,66.717
B053,LFP_graphite,15.54,2.329,1.519,0.99,580,1.3824,66.699
B053,LFP_graphite,15.54,2.329,1.519,0.99,590,1.356,65.424
B053,LFP_graphite,15.54,2.329,1.519,0.99,600,1.3389,64.601
B053,LFP_graphite,15.54,2.329,1.519,0.99,610,1.3468,64.982
B053,LFP_graphite,15.54,2.329,1.519,0.99,620,1.3097,63.188
B053,LFP_graphite,15.54,2.329,1.519,0.99,630,1.3094,63.178
B053,LFP_graphite,15.54,2.329,1.519,0.99,640,1.2859,62.044
B053,LFP_graphite,15.54,2.329,1.519,0.99,650,1.2629,60.932
B053,LFP_graphite,15.54,2.329,1.519,0.99,660,1.2468,60.157
B053,LFP_graphite,15.54,2.329,1.519,0.99,670,1.2428,59.965
B053,LFP_graphite,15.54,2.329,1.519,0.99,680,1.2351,59.594
B053,LFP_graphite,15.54,2.329,1.519,0.99,690,1.2232,59.018
B053,LFP_graphite,15.54,2.329,1.519,0.99,700,1.1921,57.517
B053,LFP_graphite,15.54,2.329,1.519,0.99,710,1.176,56.741
B053,LFP_graphite,15.54,2.329,1.519,0.99,720,1.1621,56.069
B053,LFP_graphite,15.54,2.329,1.519,0.99,730,1.1558,55.766
B053,LFP_graphite,15.54,2.329,1.519,0.99,740,1.1285,54.448
B053,LFP_graphite,15.54,2.329,1.519,0.99,750,1.1163,53.858
B053,LFP_graphite,15.54,2.329,1.519,0.99,760,1.0969,52.925
B053,LFP_graphite,15.54,2.329,1.519,0.99,770,1.089,52.544
B053,LFP_graphite,15.54,2.329,1.519,0.99,780,1.0702,51.638
B053,LFP_graphite,15.54,2.329,1.519,0.99,790,1.0593,51.108
B053,LFP_graphite,15.54,2.329,1.519,0.99,800,1.049,50.614
B053,LFP_graphite,15.54,2.329,1.519,0.99,810,1.0136,48.904
B053,LFP_graphite,15.54,2.329,1.519,0.99,820,1.0164,49.041
B053,LFP_graphite,15.54,2.329,1.519,0.99,830,0.9828,47.417
B053,LFP_graphite,15.54,2.329,1.519,0.99,840,0.9788,47.226
B053,LFP_graphite,15.54,2.329,1.519,0.99,850,0.9486,45.77
B053,LFP_graphite,15.54,2.329,1.519,0.99,860,0.926,45.0
B053,LFP_graphite,15.54,2.329,1.519,0.99,870,0.918,45.0
B053,LFP_graphite,15.54,2.329,1.519,0.99,880,0.9241,45.0
B053,LFP_graphite,15.54,2.329,1.519,0.99,890,0.9026,45.0
B053,LFP_graphite,15.54,2.329,1.519,0.99,900,0.8686,45.0
B053,LFP_graphite,15.54,2.329,1.519,0.99,910,0.8724,45.0
B053,LFP_graphite,15.54,2.329,1.519,0.99,920,0.8393,45.0
B053,LFP_graphite,15.54,2.329,1.519,0.99,930,0.8205,45.0
B053,LFP_graphite,15.54,2.329,1.519,0.99,940,0.8202,45.0
B053,LFP_graphite,15.54,2.329,1.519,0.99,950,0.7858,45.0
B053,LFP_graphite,15.54,2.329,1.519,0.99,960,0.7843,45.0
B053,LFP_graphite,15.54,2.329,1.519,0.99,970,0.7667,45.0
B053,LFP_graphite,15.54,2.329,1.519,0.99,980,0.744,45.0
B053,LFP_graphite,15.54,2.329,1.519,0.99,990,0.729,45.0
B053,LFP_graphite,15.54,2.329,1.519,0.99,1000,0.7092,45.0
B054,NMC_graphite,15.88,0.86,2.564,0.831,0,1.9599,99.965
B054,NMC_graphite,15.88,0.86,2.564,0.831,10,1.9639,100.169
B054,NMC_graphite,15.88,0.86,2.564,0.831,20,1.9361,98.746
B054,NMC_graphite,15.88,0.86,2.564,0.831,30,1.9111,97.475
B054,NMC_graphite,15.88,0.86,2.564,0.831,40,1.9182,97.837
B054,NMC_graphite,15.88,0.86,2.564,0.831,50,1.882,95.988
B054,NMC_graphite,15.88,0.86,2.564,0.831,60,1.8324,93.462
B054,NMC_graphite,15.88,0.86,2.564,0.831,70,1.8241,93.035
B054,NMC_graphite,15.88,0.86,2.564,0.831,80,1.7814,90.856
B054,NMC_graphite,15.88,0.86,2.564,0.831,90,1.7742,90.492
B054,NMC_graphite,15.88,0.86,2.564,0.831,100,1.7111,87.271
B054,NMC_graphite,15.88,0.86,2.564,0.831,110,1.6856,85.975
B054,NMC_graphite,15.88,0.86,2.564,0.831,120,1.633,83.289
B054,NMC_graphite,15.88,0.86,2.564,0.831,130,1.5854,80.86
B054,NMC_graphite,15.88,0.86,2.564,0.831,140,1.5535,79.234
B054,NMC_graphite,15.88,0.86,2.564,0.831,150,1.5011,76.562
B054,NMC_graphite,15.88,0.86,2.564,0.831,160,1.4483,73.869
B054,NMC_graphite,15.88,0.86,2.564,0.831,170,1.4088,71.855
B054,NMC_graphite,15.88,0.86,2.564,0.831,180,1.3389,68.291
B054,NMC_graphite,15.88,0.86,2.564,0.831,190,1.2937,65.983
B054,NMC_graphite,15.88,0.86,2.564,0.831,200,1.2404,63.263
B054,NMC_graphite,15.88,0.86,2.564,0.831,210,1.1914,60.764
B054,NMC_graphite,15.88,0.86,2.564,0.831,220,1.1293,57.599
B054,NMC_graphite,15.88,0.86,2.564,0.831,230,1.0672,54.433
B054,NMC_graphite,15.88,0.86,2.564,0.831,240,1.0024,51.128
B054,NMC_graphite,15.88,0.86,2.564,0.831,250,0.9592,48.922
B054,NMC_graphite,15.88,0.86,2.564,0.831,260,0.8832,45.048
B054,NMC_graphite,15.88,0.86,2.564,0.831,270,0.8095,45.0
B054,NMC_graphite,15.88,0.86,2.564,0.831,280,0.7559,45.0
B054,NMC_graphite,15.88,0.86,2.564,0.831,290,0.6751,45.0
B054,NMC_graphite,15.88,0.86,2.564,0.831,300,0.6092,45.0
B054,NMC_graphite,15.88,0.86,2.564,0.831,310,0.5304,45.0
B054,NMC_graphite,15.88,0.86,2.564,0.831,320,0.4576,45.0
B054,NMC_graphite,15.88,0.86,2.564,0.831,330,0.3956,45.0
B054,NMC_graphite,15.88,0.86,2.564,0.831,340,0.3038,45.0
B054,NMC_graphite,15.88,0.86,2.564,0.831,350,0.2351,45.0
B054,NMC_graphite,15.88,0.86,2.564,0.831,360,0.1607,45.0
B054,NMC_graphite,15.88,0.86,2.564,0.831,370,0.0757,45.0
B054,NMC_graphite,15.88,0.86,2.564,0.831,380,-0.0073,45.0
B054,NMC_graphite,15.88,0.86,2.564,0.831,390,-0.0651,45.0
B054,NMC_graphite,15.88,0.86,2.564,0.831,400,-0.1623,45.0
B054,NMC_graphite,15.88,0.86,2.564,0.831,410,-0.2437,45.0
B054,NMC_graphite,15.88,0.86,2.564,0.831,420,-0.3279,45.0
B054,NMC_graphite,15.88,0.86,2.564,0.831,430,-0.42,45.0
B054,NMC_graphite,15.88,0.86,2.564,0.831,440,-0.4997,45.0
B054,NMC_graphite,15.88,0.86,2.564,0.831,450,-0.5866,45.0
B054,NMC_graphite,15.88,0.86,2.564,0.831,460,-0.6843,45.0
B054,NMC_graphite,15.88,0.86,2.564,0.831,470,-0.7565,45.0
B054,NMC_graphite,15.88,0.86,2.564,0.831,480,-0.866,45.0
B054,NMC_graphite,15.88,0.86,2.564,0.831,490,-0.9492,45.0
B054,NMC_graphite,15.88,0.86,2.564,0.831,500,-1.0342,45.0
B054,NMC_graphite,15.88,0.86,2.564,0.831,510,-1.1307,45.0
B054,NMC_graphite,15.88,0.86,2.564,0.831,520,-1.2151,45.0
B054,NMC_graphite,15.88,0.86,2.564,0.831,530,-1.316,45.0
B054,NMC_graphite,15.88,0.86,2.564,0.831,540,-1.4292,45.0
B054,NMC_graphite,15.88,0.86,2.564,0.831,550,-1.5106,45.0
B054,NMC_graphite,15.88,0.86,2.564,0.831,560,-1.6287,45.0
B054,NMC_graphite,15.88,0.86,2.564,0.831,570,-1.7314,45.0
B054,NMC_graphite,15.88,0.86,2.564,0.831,580,-1.8124,45.0
B054,NMC_graphite,15.88,0.86,2.564,0.831,590,-1.921,45.0
B054,NMC_graphite,15.88,0.86,2.564,0.831,600,-2.0317,45.0
B054,NMC_graphite,15.88,0.86,2.564,0.831,610,-2.1168,45.0
B054,NMC_graphite,15.88,0.86,2.564,0.831,620,-2.2432,45.0
B054,NMC_graphite,15.88,0.86,2.564,0.831,630,-2.3462,45.0
B054,NMC_graphite,15.88,0.86,2.564,0.831,640,-2.4566,45.0
B054,NMC_graphite,15.88,0.86,2.564,0.831,650,-2.5615,45.0
B054,NMC_graphite,15.88,0.86,2.564,0.831,660,-2.6653,45.0
B054,NMC_graphite,15.88,0.86,2.564,0.831,670,-2.7734,45.0
B054,NMC_graphite,15.88,0.86,2.564,0.831,680,-2.8827,45.0
B054,NMC_graphite,15.88,0.86,2.564,0.831,690,-2.9963,45.0
B054,NMC_graphite,15.88,0.86,2.564,0.831,700,-3.1039,45.0
B054,NMC_graphite,15.88,0.86,2.564,0.831,710,-3.2322,45.0
B054,NMC_graphite,15.88,0.86,2.564,0.831,720,-3.3355,45.0
B054,NMC_graphite,15.88,0.86,2.564,0.831,730,-3.446,45.0
B054,NMC_graphite,15.88,0.86,2.564,0.831,740,-3.564,45.0
B054,NMC_graphite,15.88,0.86,2.564,0.831,750,-3.7041,45.0
B054,NMC_graphite,15.88,0.86,2.564,0.831,760,-3.7868,45.0
B054,NMC_graphite,15.88,0.86,2.564,0.831,770,-3.9318,45.0
B054,NMC_graphite,15.88,0.86,2.564,0.831,780,-4.0356,45.0
B054,NMC_graphite,15.88,0.86,2.564,0.831,790,-4.167,45.0
B054,NMC_graphite,15.88,0.86,2.564,0.831,800,-4.2851,45.0
B054,NMC_graphite,15.88,0.86,2.564,0.831,810,-4.4045,45.0
B054,NMC_graphite,15.88,0.86,2.564,0.831,820,-4.5281,45.0
B054,NMC_graphite,15.88,0.86,2.564,0.831,830,-4.659,45.0
B054,NMC_graphite,15.88,0.86,2.564,0.831,840,-4.7866,45.0
B054,NMC_graphite,15.88,0.86,2.564,0.831,850,-4.8992,45.0
B054,NMC_graphite,15.88,0.86,2.564,0.831,860,-5.0508,45.0
B054,NMC_graphite,15.88,0.86,2.564,0.831,870,-5.1509,45.0
B054,NMC_graphite,15.88,0.86,2.564,0.831,880,-5.2976,45.0
B054,NMC_graphite,15.88,0.86,2.564,0.831,890,-5.4265,45.0
B054,NMC_graphite,15.88,0.86,2.564,0.831,900,-5.5562,45.0
B054,NMC_graphite,15.88,0.86,2.564,0.831,910,-5.6822,45.0
B054,NMC_graphite,15.88,0.86,2.564,0.831,920,-5.8028,45.0
B054,NMC_graphite,15.88,0.86,2.564,0.831,930,-5.9415,45.0
B054,NMC_graphite,15.88,0.86,2.564,0.831,940,-6.0688,45.0
B054,NMC_graphite,15.88,0.86,2.564,0.831,950,-6.1985,45.0
B054,NMC_graphite,15.88,0.86,2.564,0.831,960,-6.3429,45.0
B054,NMC_graphite,15.88,0.86,2.564,0.831,970,-6.478,45.0
B054,NMC_graphite,15.88,0.86,2.564,0.831,980,-6.6245,45.0
B054,NMC_graphite,15.88,0.86,2.564,0.831,990,-6.7555,45.0
B054,NMC_graphite,15.88,0.86,2.564,0.831,1000,-6.8981,45.0
B055,LFP_graphite,44.56,1.231,1.234,0.572,0,2.1176,99.723
B055,LFP_graphite,44.56,1.231,1.234,0.572,10,2.0909,98.467
B055,LFP_graphite,44.56,1.231,1.234,0.572,20,2.0921,98.523
B055,LFP_graphite,44.56,1.231,1.234,0.572,30,2.0292,95.56
B055,LFP_graphite,44.56,1.231,1.234,0.572,40,1.9789,93.191
B055,LFP_graphite,44.56,1.231,1.234,0.572,50,1.9345,91.098
B055,LFP_graphite,44.56,1.231,1.234,0.572,60,1.8714,88.128
B055,LFP_graphite,44.56,1.231,1.234,0.572,70,1.7966,84.608
B055,LFP_graphite,44.56,1.231,1.234,0.572,80,1.7056,80.321
B055,LFP_graphite,44.56,1.231,1.234,0.572,90,1.6256,76.554
B055,LFP_graphite,44.56,1.231,1.234,0.572,100,1.5344,72.259
B055,LFP_graphite,44.56,1.231,1.234,0.572,110,1.4512,68.341
B055,LFP_graphite,44.56,1.231,1.234,0.572,120,1.3496,63.556
B055,LFP_graphite,44.56,1.231,1.234,0.572,130,1.2439,58.58
B055,LFP_graphite,44.56,1.231,1.234,0.572,140,1.1256,53.005
B055,LFP_graphite,44.56,1.231,1.234,0.572,150,1.0179,47.936
B055,LFP_graphite,44.56,1.231,1.234,0.572,160,0.9021,45.0
B055,LFP_graphite,44.56,1.231,1.234,0.572,170,0.7576,45.0
B055,LFP_graphite,44.56,1.231,1.234,0.572,180,0.651,45.0
B055,LFP_graphite,44.56,1.231,1.234,0.572,190,0.5034,45.0
B055,LFP_graphite,44.56,1.231,1.234,0.572,200,0.3763,45.0
B055,LFP_graphite,44.56,1.231,1.234,0.572,210,0.2126,45.0
B055,LFP_graphite,44.56,1.231,1.234,0.572,220,0.0715,45.0
B055,LFP_graphite,44.56,1.231,1.234,0.572,230,-0.0655,45.0
B055,LFP_graphite,44.56,1.231,1.234,0.572,240,-0.222,45.0
B055,LFP_graphite,44.56,1.231,1.234,0.572,250,-0.3898,45.0
B055,LFP_graphite,44.56,1.231,1.234,0.572,260,-0.5407,45.0
B055,LFP_graphite,44.56,1.231,1.234,0.572,270,-0.728,45.0
B055,LFP_graphite,44.56,1.231,1.234,0.572,280,-0.8853,45.0
B055,LFP_graphite,44.56,1.231,1.234,0.572,290,-1.059,45.0
B055,LFP_graphite,44.56,1.231,1.234,0.572,300,-1.2513,45.0
B055,LFP_graphite,44.56,1.231,1.234,0.572,310,-1.423,45.0
B055,LFP_graphite,44.56,1.231,1.234,0.572,320,-1.6066,45.0
B055,LFP_graphite,44.56,1.231,1.234,0.572,330,-1.8009,45.0
B055,LFP_graphite,44.56,1.231,1.234,0.572,340,-1.9932,45.0
B055,LFP_graphite,44.56,1.231,1.234,0.572,350,-2.1865,45.0
B055,LFP_graphite,44.56,1.231,1.234,0.572,360,-2.3698,45.0
B055,LFP_graphite,44.56,1.231,1.234,0.572,370,-2.5932,45.0
B055,LFP_graphite,44.56,1.231,1.234,0.572,380,-2.7992,45.0
B055,LFP_graphite,44.56,1.231,1.234,0.572,390,-3.002,45.0
B055,LFP_graphite,44.56,1.231,1.234,0.572,400,-3.2208,45.0
B055,LFP_graphite,44.56,1.231,1.234,0.572,410,-3.4149,45.0
B055,LFP_graphite,44.56,1.231,1.234,0.572,420,-3.6383,45.0
B055,LFP_graphite,44.56,1.231,1.234,0.572,430,-3.8495,45.0
B055,LFP_graphite,44.56,1.231,1.234,0.572,440,-4.0937,45.0
B055,LFP_graphite,44.56,1.231,1.234,0.572,450,-4.3104,45.0
B055,LFP_graphite,44.56,1.231,1.234,0.572,460,-4.5281,45.0
B055,LFP_graphite,44.56,1.231,1.234,0.572,470,-4.7603,45.0
B055,LFP_graphite,44.56,1.231,1.234,0.572,480,-5.0178,45.0
B055,LFP_graphite,44.56,1.231,1.234,0.572,490,-5.2525,45.0
B055,LFP_graphite,44.56,1.231,1.234,0.572,500,-5.4942,45.0
B055,LFP_graphite,44.56,1.231,1.234,0.572,510,-5.7372,45.0
B055,LFP_graphite,44.56,1.231,1.234,0.572,520,-6.0056,45.0
B055,LFP_graphite,44.56,1.231,1.234,0.572,530,-6.2315,45.0
B055,LFP_graphite,44.56,1.231,1.234,0.572,540,-6.5002,45.0
B055,LFP_graphite,44.56,1.231,1.234,0.572,550,-6.7516,45.0
B055,LFP_graphite,44.56,1.231,1.234,0.572,560,-7.0016,45.0
B055,LFP_graphite,44.56,1.231,1.234,0.572,570,-7.2707,45.0
B055,LFP_graphite,44.56,1.231,1.234,0.572,580,-7.5364,45.0
B055,LFP_graphite,44.56,1.231,1.234,0.572,590,-7.792,45.0
B055,LFP_graphite,44.56,1.231,1.234,0.572,600,-8.0926,45.0
B055,LFP_graphite,44.56,1.231,1.234,0.572,610,-8.3361,45.0
B055,LFP_graphite,44.56,1.231,1.234,0.572,620,-8.6223,45.0
B055,LFP_graphite,44.56,1.231,1.234,0.572,630,-8.9052,45.0
B055,LFP_graphite,44.56,1.231,1.234,0.572,640,-9.1877,45.0
B055,LFP_graphite,44.56,1.231,1.234,0.572,650,-9.4721,45.0
B055,LFP_graphite,44.56,1.231,1.234,0.572,660,-9.7478,45.0
B055,LFP_graphite,44.56,1.231,1.234,0.572,670,-10.0581,45.0
B055,LFP_graphite,44.56,1.231,1.234,0.572,680,-10.3334,45.0
B055,LFP_graphite,44.56,1.231,1.234,0.572,690,-10.6166,45.0
B055,LFP_graphite,44.56,1.231,1.234,0.572,700,-10.9174,45.0
B055,LFP_graphite,44.56,1.231,1.234,0.572,710,-11.2073,45.0
B055,LFP_graphite,44.56,1.231,1.234,0.572,720,-11.5287,45.0
B055,LFP_graphite,44.56,1.231,1.234,0.572,730,-11.8143,45.0
B055,LFP_graphite,44.56,1.231,1.234,0.572,740,-12.1386,45.0
B055,LFP_graphite,44.56,1.231,1.234,0.572,750,-12.4392,45.0
B055,LFP_graphite,44.56,1.231,1.234,0.572,760,-12.7553,45.0
B055,LFP_graphite,44.56,1.231,1.234,0.572,770,-13.0697,45.0
B055,LFP_graphite,44.56,1.231,1.234,0.572,780,-13.3826,45.0
B055,LFP_graphite,44.56,1.231,1.234,0.572,790,-13.704,45.0
B055,LFP_graphite,44.56,1.231,1.234,0.572,800,-14.0418,45.0
B055,LFP_graphite,44.56,1.231,1.234,0.572,810,-14.3546,45.0
B055,LFP_graphite,44.56,1.231,1.234,0.572,820,-14.6716,45.0
B055,LFP_graphite,44.56,1.231,1.234,0.572,830,-15.0035,45.0
B055,LFP_graphite,44.56,1.231,1.234,0.572,840,-15.3364,45.0
B055,LFP_graphite,44.56,1.231,1.234,0.572,850,-15.6588,45.0
B055,LFP_graphite,44.56,1.231,1.234,0.572,860,-16.0236,45.0
B055,LFP_graphite,44.56,1.231,1.234,0.572,870,-16.3543,45.0
B055,LFP_graphite,44.56,1.231,1.234,0.572,880,-16.689,45.0
B055,LFP_graphite,44.56,1.231,1.234,0.572,890,-17.0421,45.0
B055,LFP_graphite,44.56,1.231,1.234,0.572,900,-17.3772,45.0
B055,LFP_graphite,44.56,1.231,1.234,0.572,910,-17.7191,45.0
B055,LFP_graphite,44.56,1.231,1.234,0.572,920,-18.0771,45.0
B055,LFP_graphite,44.56,1.231,1.234,0.572,930,-18.4287,45.0
B055,LFP_graphite,44.56,1.231,1.234,0.572,940,-18.7791,45.0
B055,LFP_graphite,44.56,1.231,1.234,0.572,950,-19.1345,45.0
B055,LFP_graphite,44.56,1.231,1.234,0.572,960,-19.4802,45.0
B055,LFP_graphite,44.56,1.231,1.234,0.572,970,-19.8603,45.0
B055,LFP_graphite,44.56,1.231,1.234,0.572,980,-20.2191,45.0
B055,LFP_graphite,44.56,1.231,1.234,0.572,990,-20.592,45.0
B055,LFP_graphite,44.56,1.231,1.234,0.572,1000,-20.9622,45.0
B056,LFP_graphite,24.61,2.493,1.604,0.999,0,1.9406,99.915
B056,LFP_graphite,24.61,2.493,1.604,0.999,10,1.9366,99.708
B056,LFP_graphite,24.61,2.493,1.604,0.999,20,1.8976,97.701
B056,LFP_graphite,24.61,2.493,1.604,0.999,30,1.8614,95.834
B056,LFP_graphite,24.61,2.493,1.604,0.999,40,1.8303,94.236
B056,LFP_graphite,24.61,2.493,1.604,0.999,50,1.7743,91.348
B056,LFP_graphite,24.61,2.493,1.604,0.999,60,1.7498,90.087
B056,LFP_graphite,24.61,2.493,1.604,0.999,70,1.69,87.009
B056,LFP_graphite,24.61,2.493,1.604,0.999,80,1.6259,83.709
B056,LFP_graphite,24.61,2.493,1.604,0.999,90,1.5427,79.425
B056,LFP_graphite,24.61,2.493,1.604,0.999,100,1.5084,77.663
B056,LFP_graphite,24.61,2.493,1.604,0.999,110,1.4423,74.258
B056,LFP_graphite,24.61,2.493,1.604,0.999,120,1.3641,70.234
B056,LFP_graphite,24.61,2.493,1.604,0.999,130,1.3121,67.554
B056,LFP_graphite,24.61,2.493,1.604,0.999,140,1.2339,63.53
B056,LFP_graphite,24.61,2.493,1.604,0.999,150,1.1643,59.943
B056,LFP_graphite,24.61,2.493,1.604,0.999,160,1.0818,55.699
B056,LFP_graphite,24.61,2.493,1.604,0.999,170,0.9992,51.446
B056,LFP_graphite,24.61,2.493,1.604,0.999,180,0.9354,48.16
B056,LFP_graphite,24.61,2.493,1.604,0.999,190,0.8562,45.0
B056,LFP_graphite,24.61,2.493,1.604,0.999,200,0.7695,45.0
B056,LFP_graphite,24.61,2.493,1.604,0.999,210,0.6746,45.0
B056,LFP_graphite,24.61,2.493,1.604,0.999,220,0.585,45.0
B056,LFP_graphite,24.61,2.493,1.604,0.999,230,0.4965,45.0
B056,LFP_graphite,24.61,2.493,1.604,0.999,240,0.4089,45.0
B056,LFP_graphite,24.61,2.493,1.604,0.999,250,0.3099,45.0
B056,LFP_graphite,24.61,2.493,1.604,0.999,260,0.2235,45.0
B056,LFP_graphite,24.61,2.493,1.604,0.999,270,0.1304,45.0
B056,LFP_graphite,24.61,2.493,1.604,0.999,280,0.0212,45.0
B056,LFP_graphite,24.61,2.493,1.604,0.999,290,-0.0877,45.0
B056,LFP_graphite,24.61,2.493,1.604,0.999,300,-0.1814,45.0
B056,LFP_graphite,24.61,2.493,1.604,0.999,310,-0.2772,45.0
B056,LFP_graphite,24.61,2.493,1.604,0.999,320,-0.3736,45.0
B056,LFP_graphite,24.61,2.493,1.604,0.999,330,-0.4931,45.0
B056,LFP_graphite,24.61,2.493,1.604,0.999,340,-0.6098,45.0
B056,LFP_graphite,24.61,2.493,1.604,0.999,350,-0.7187,45.0
B056,LFP_graphite,24.61,2.493,1.604,0.999,360,-0.8282,45.0
B056,LFP_graphite,24.61,2.493,1.604,0.999,370,-0.9254,45.0
B056,LFP_graphite,24.61,2.493,1.604,0.999,380,-1.0315,45.0
B056,LFP_graphite,24.61,2.493,1.604,0.999,390,-1.1632,45.0
B056,LFP_graphite,24.61,2.493,1.604,0.999,400,-1.2695,45.0
B056,LFP_graphite,24.61,2.493,1.604,0.999,410,-1.3976,45.0
B056,LFP_graphite,24.61,2.493,1.604,0.999,420,-1.5064,45.0
B056,LFP_graphite,24.61,2.493,1.604,0.999,430,-1.624,45.0
B056,LFP_graphite,24.61,2.493,1.604,0.999,440,-1.741,45.0
B056,LFP_graphite,24.61,2.493,1.604,0.999,450,-1.8729,45.0
B056,LFP_graphite,24.61,2.493,1.604,0.999,460,-1.991,45.0
B056,LFP_graphite,24.61,2.493,1.604,0.999,470,-2.1055,45.0
B056,LFP_graphite,24.61,2.493,1.604,0.999,480,-2.2448,45.0
B056,LFP_graphite,24.61,2.493,1.604,0.999,490,-2.3682,45.0
B056,LFP_graphite,24.61,2.493,1.604,0.999,500,-2.4987,45.0
B056,LFP_graphite,24.61,2.493,1.604,0.999,510,-2.6326,45.0
B056,LFP_graphite,24.61,2.493,1.604,0.999,520,-2.7382,45.0
B056,LFP_graphite,24.61,2.493,1.604,0.999,530,-2.8833,45.0
B056,LFP_graphite,24.61,2.493,1.604,0.999,540,-3.0055,45.0
B056,LFP_graphite,24.61,2.493,1.604,0.999,550,-3.1486,45.0
B056,LFP_graphite,24.61,2.493,1.604,0.999,560,-3.2925,45.0
B056,LFP_graphite,24.61,2.493,1.604,0.999,570,-3.4055,45.0
B056,LFP_graphite,24.61,2.493,1.604,0.999,580,-3.5545,45.0
B056,LFP_graphite,24.61,2.493,1.604,0.999,590,-3.6872,45.0
B056,LFP_graphite,24.61,2.493,1.604,0.999,600,-3.83,45.0
B056,LFP_graphite,24.61,2.493,1.604,0.999,610,-3.9671,45.0
B056,LFP_graphite,24.61,2.493,1.604,0.999,620,-4.1104,45.0
B056,LFP_graphite,24.61,2.493,1.604,0.999,630,-4.2476,45.0
B056,LFP_graphite,24.61,2.493,1.604,0.999,640,-4.3874,45.0
B056,LFP_graphite,24.61,2.493,1.604,0.999,650,-4.5416,45.0
B056,LFP_graphite,24.61,2.493,1.604,0.999,660,-4.6798,45.0
B056,LFP_graphite,24.61,2.493,1.604,0.999,670,-4.8117,45.0
B056,LFP_graphite,24.61,2.493,1.604,0.999,680,-4.9778,45.0
B056,LFP_graphite,24.61,2.493,1.604,0.999,690,-5.1302,45.0
B056,LFP_graphite,24.61,2.493,1.604,0.999,700,-5.2556,45.0
B056,LFP_graphite,24.61,2.493,1.604,0.999,710,-5.4206,45.0
B056,LFP_graphite,24.61,2.493,1.604,0.999,720,-5.5698,45.0
B056,LFP_graphite,24.61,2.493,1.604,0.999,730,-5.7099,45.0
B056,LFP_graphite,24.61,2.493,1.604,0.999,740,-5.8744,45.0
B056,LFP_graphite,24.61,2.493,1.604,0.999,750,-6.0161,45.0
B056,LFP_graphite,24.61,2.493,1.604,0.999,760,-6.1688,45.0
B056,LFP_graphite,24.61,2.493,1.604,0.999,770,-6.3225,45.0
B056,LFP_graphite,24.61,2.493,1.604,0.999,780,-6.4889,45.0
B056,LFP_graphite,24.61,2.493,1.604,0.999,790,-6.6296,45.0
B056,LFP_graphite,24.61,2.493,1.604,0.999,800,-6.8011,45.0
B056,LFP_graphite,24.61,2.493,1.604,0.999,810,-6.9483,45.0
B056,LFP_graphite,24.61,2.493,1.604,0.999,820,-7.1176,45.0
B056,LFP_graphite,24.61,2.493,1.604,0.999,830,-7.2753,45.0
B056,LFP_graphite,24.61,2.493,1.604,0.999,840,-7.4387,45.0
B056,LFP_graphite,24.61,2.493,1.604,0.999,850,-7.6006,45.0
B056,LFP_graphite,24.61,2.493,1.604,0.999,860,-7.7543,45.0
B056,LFP_graphite,24.61,2.493,1.604,0.999,870,-7.9333,45.0
B056,LFP_graphite,24.61,2.493,1.604,0.999,880,-8.0839,45.0
B056,LFP_graphite,24.61,2.493,1.604,0.999,890,-8.2363,45.0
B056,LFP_graphite,24.61,2.493,1.604,0.999,900,-8.4085,45.0
B056,LFP_graphite,24.61,2.493,1.604,0.999,910,-8.5755,45.0
B056,LFP_graphite,24.61,2.493,1.604,0.999,920,-8.766,45.0
B056,LFP_graphite,24.61,2.493,1.604,0.999,930,-8.9339,45.0
B056,LFP_graphite,24.61,2.493,1.604,0.999,940,-9.0818,45.0
B056,LFP_graphite,24.61,2.493,1.604,0.999,950,-9.2645,45.0
B056,LFP_graphite,24.61,2.493,1.604,0.999,960,-9.4243,45.0
B056,LFP_graphite,24.61,2.493,1.604,0.999,970,-9.5918,45.0
B056,LFP_graphite,24.61,2.493,1.604,0.999,980,-9.7788,45.0
B056,LFP_graphite,24.61,2.493,1.604,0.999,990,-9.9334,45.0
B056,LFP_graphite,24.61,2.493,1.604,0.999,1000,-10.1231,45.0
B057,NCA_graphite,33.5,1.257,1.564,0.8,0,2.0379,100.533
B057,NCA_graphite,33.5,1.257,1.564,0.8,10,2.0119,99.252
B057,NCA_graphite,33.5,1.257,1.564,0.8,20,1.959,96.64
B057,NCA_graphite,33.5,1.257,1.564,0.8,30,1.9027,93.863
B057,NCA_graphite,33.5,1.257,1.564,0.8,40,1.814,89.49
B057,NCA_graphite,33.5,1.257,1.564,0.8,50,1.7535,86.503
B057,NCA_graphite,33.5,1.257,1.564,0.8,60,1.6652,82.146
B057,NCA_graphite,33.5,1.257,1.564,0.8,70,1.5531,76.616
B057,NCA_graphite,33.5,1.257,1.564,0.8,80,1.433,70.692
B057,NCA_graphite,33.5,1.257,1.564,0.8,90,1.3457,66.387
B057,NCA_graphite,33.5,1.257,1.564,0.8,100,1.2127,59.826
B057,NCA_graphite,33.5,1.257,1.564,0.8,110,1.0695,52.759
B057,NCA_graphite,33.5,1.257,1.564,0.8,120,0.9458,46.659
B057,NCA_graphite,33.5,1.257,1.564,0.8,130,0.8024,45.0
B057,NCA_graphite,33.5,1.257,1.564,0.8,140,0.6529,45.0
B057,NCA_graphite,33.5,1.257,1.564,0.8,150,0.493,45.0
B057,NCA_graphite,33.5,1.257,1.564,0.8,160,0.3295,45.0
B057,NCA_graphite,33.5,1.257,1.564,0.8,170,0.1743,45.0
B057,NCA_graphite,33.5,1.257,1.564,0.8,180,-0.008,45.0
B057,NCA_graphite,33.5,1.257,1.564,0.8,190,-0.1594,45.0
B057,NCA_graphite,33.5,1.257,1.564,0.8,200,-0.3635,45.0
B057,NCA_graphite,33.5,1.257,1.564,0.8,210,-0.5365,45.0
B057,NCA_graphite,33.5,1.257,1.564,0.8,220,-0.7223,45.0
B057,NCA_graphite,33.5,1.257,1.564,0.8,230,-0.9219,45.0
B057,NCA_graphite,33.5,1.257,1.564,0.8,240,-1.1314,45.0
B057,NCA_graphite,33.5,1.257,1.564,0.8,250,-1.3408,45.0
B057,NCA_graphite,33.5,1.257,1.564,0.8,260,-1.5614,45.0
B057,NCA_graphite,33.5,1.257,1.564,0.8,270,-1.7761,45.0
B057,NCA_graphite,33.5,1.257,1.564,0.8,280,-1.9994,45.0
B057,NCA_graphite,33.5,1.257,1.564,0.8,290,-2.198,45.0
B057,NCA_graphite,33.5,1.257,1.564,0.8,300,-2.4285,45.0
B057,NCA_graphite,33.5,1.257,1.564,0.8,310,-2.6556,45.0
B057,NCA_graphite,33.5,1.257,1.564,0.8,320,-2.9033,45.0
B057,NCA_graphite,33.5,1.257,1.564,0.8,330,-3.1456,45.0
B057,NCA_graphite,33.5,1.257,1.564,0.8,340,-3.4035,45.0
B057,NCA_graphite,33.5,1.257,1.564,0.8,350,-3.6426,45.0
B057,NCA_graphite,33.5,1.257,1.564,0.8,360,-3.8843,45.0
B057,NCA_graphite,33.5,1.257,1.564,0.8,370,-4.1371,45.0
B057,NCA_graphite,33.5,1.257,1.564,0.8,380,-4.4251,45.0
B057,NCA_graphite,33.5,1.257,1.564,0.8,390,-4.6876,45.0
B057,NCA_graphite,33.5,1.257,1.564,0.8,400,-4.921,45.0
B057,NCA_graphite,33.5,1.257,1.564,0.8,410,-5.201,45.0
B057,NCA_graphite,33.5,1.257,1.564,0.8,420,-5.4868,45.0
B057,NCA_graphite,33.5,1.257,1.564,0.8,430,-5.7569,45.0
B057,NCA_graphite,33.5,1.257,1.564,0.8,440,-6.0277,45.0
B057,NCA_graphite,33.5,1.257,1.564,0.8,450,-6.3321,45.0
B057,NCA_graphite,33.5,1.257,1.564,0.8,460,-6.6075,45.0
B057,NCA_graphite,33.5,1.257,1.564,0.8,470,-6.9001,45.0
B057,NCA_graphite,33.5,1.257,1.564,0.8,480,-7.1961,45.0
B057,NCA_graphite,33.5,1.257,1.564,0.8,490,-7.504,45.0
B057,NCA_graphite,33.5,1.257,1.564,0.8,500,-7.8005,45.0
B057,NCA_graphite,33.5,1.257,1.564,0.8,510,-8.1074,45.0
B057,NCA_graphite,33.5,1.257,1.564,0.8,520,-8.4078,45.0
B057,NCA_graphite,33.5,1.257,1.564,0.8,530,-8.7375,45.0
B057,NCA_graphite,33.5,1.257,1.564,0.8,540,-9.0412,45.0
B057,NCA_graphite,33.5,1.257,1.564,0.8,550,-9.3518,45.0
B057,NCA_graphite,33.5,1.257,1.564,0.8,560,-9.6733,45.0
B057,NCA_graphite,33.5,1.257,1.564,0.8,570,-10.0146,45.0
B057,NCA_graphite,33.5,1.257,1.564,0.8,580,-10.3385,45.0
B057,NCA_graphite,33.5,1.257,1.564,0.8,590,-10.6779,45.0
B057,NCA_graphite,33.5,1.257,1.564,0.8,600,-11.0061,45.0
B057,NCA_graphite,33.5,1.257,1.564,0.8,610,-11.3378,45.0
B057,NCA_graphite,33.5,1.257,1.564,0.8,620,-11.6668,45.0
B057,NCA_graphite,33.5,1.257,1.564,0.8,630,-12.033,45.0
B057,NCA_graphite,33.5,1.257,1.564,0.8,640,-12.3759,45.0
B057,NCA_graphite,33.5,1.257,1.564,0.8,650,-12.7107,45.0
B057,NCA_graphite,33.5,1.257,1.564,0.8,660,-13.079,45.0
B057,NCA_graphite,33.5,1.257,1.564,0.8,670,-13.4149,45.0
B057,NCA_graphite,33.5,1.257,1.564,0.8,680,-13.7919,45.0
B057,NCA_graphite,33.5,1.257,1.564,0.8,690,-14.1537,45.0
B057,NCA_graphite,33.5,1.257,1.564,0.8,700,-14.5153,45.0
B057,NCA_graphite,33.5,1.257,1.564,0.8,710,-14.8945,45.0
B057,NCA_graphite,33.5,1.257,1.564,0.8,720,-15.2499,45.0
B057,NCA_graphite,33.5,1.257,1.564,0.8,730,-15.6143,45.0
B057,NCA_graphite,33.5,1.257,1.564,0.8,740,-15.974,45.0
B057,NCA_graphite,33.5,1.257,1.564,0.8,750,-16.3726,45.0
B057,NCA_graphite,33.5,1.257,1.564,0.8,760,-16.7495,45.0
B057,NCA_graphite,33.5,1.257,1.564,0.8,770,-17.1353,45.0
B057,NCA_graphite,33.5,1.257,1.564,0.8,780,-17.5385,45.0
B057,NCA_graphite,33.5,1.257,1.564,0.8,790,-17.911,45.0
B057,NCA_graphite,33.5,1.257,1.564,0.8,800,-18.3074,45.0
B057,NCA_graphite,33.5,1.257,1.564,0.8,810,-18.7055,45.0
B057,NCA_graphite,33.5,1.257,1.564,0.8,820,-19.0951,45.0
B057,NCA_graphite,33.5,1.257,1.564,0.8,830,-19.4864,45.0
B057,NCA_graphite,33.5,1.257,1.564,0.8,840,-19.8921,45.0
B057,NCA_graphite,33.5,1.257,1.564,0.8,850,-20.2899,45.0
B057,NCA_graphite,33.5,1.257,1.564,0.8,860,-20.7087,45.0
B057,NCA_graphite,33.5,1.257,1.564,0.8,870,-21.1062,45.0
B057,NCA_graphite,33.5,1.257,1.564,0.8,880,-21.5123,45.0
B057,NCA_graphite,33.5,1.257,1.564,0.8,890,-21.9347,45.0
B057,NCA_graphite,33.5,1.257,1.564,0.8,900,-22.3696,45.0
B057,NCA_graphite,33.5,1.257,1.564,0.8,910,-22.788,45.0
B057,NCA_graphite,33.5,1.257,1.564,0.8,920,-23.1932,45.0
B057,NCA_graphite,33.5,1.257,1.564,0.8,930,-23.6413,45.0
B057,NCA_graphite,33.5,1.257,1.564,0.8,940,-24.0588,45.0
B057,NCA_graphite,33.5,1.257,1.564,0.8,950,-24.4916,45.0
B057,NCA_graphite,33.5,1.257,1.564,0.8,960,-24.9245,45.0
B057,NCA_graphite,33.5,1.257,1.564,0.8,970,-25.3581,45.0
B057,NCA_graphite,33.5,1.257,1.564,0.8,980,-25.798,45.0
B057,NCA_graphite,33.5,1.257,1.564,0.8,990,-26.2392,45.0
B057,NCA_graphite,33.5,1.257,1.564,0.8,1000,-26.6734,45.0
B058,NCA_graphite,35.94,0.979,2.507,0.535,0,2.045,100.101
B058,NCA_graphite,35.94,0.979,2.507,0.535,10,2.0322,99.476
B058,NCA_graphite,35.94,0.979,2.507,0.535,20,2.0135,98.562
B058,NCA_graphite,35.94,0.979,2.507,0.535,30,2.0207,98.914
B058,NCA_graphite,35.94,0.979,2.507,0.535,40,2.0028,98.037
B058,NCA_graphite,35.94,0.979,2.507,0.535,50,1.9902,97.419
B058,NCA_graphite,35.94,0.979,2.507,0.535,60,1.9606,95.974
B058,NCA_graphite,35.94,0.979,2.507,0.535,70,1.9384,94.886
B058,NCA_graphite,35.94,0.979,2.507,0.535,80,1.9397,94.95
B058,NCA_graphite,35.94,0.979,2.507,0.535,90,1.9101,93.498
B058,NCA_graphite,35.94,0.979,2.507,0.535,100,1.9023,93.117
B058,NCA_graphite,35.94,0.979,2.507,0.535,110,1.8806,92.057
B058,NCA_graphite,35.94,0.979,2.507,0.535,120,1.8628,91.185
B058,NCA_graphite,35.94,0.979,2.507,0.535,130,1.8474,90.433
B058,NCA_graphite,35.94,0.979,2.507,0.535,140,1.8201,89.096
B058,NCA_graphite,35.94,0.979,2.507,0.535,150,1.8155,88.869
B058,NCA_graphite,35.94,0.979,2.507,0.535,160,1.7804,87.151
B058,NCA_graphite,35.94,0.979,2.507,0.535,170,1.7682,86.553
B058,NCA_graphite,35.94,0.979,2.507,0.535,180,1.7483,85.579
B058,NCA_graphite,35.94,0.979,2.507,0.535,190,1.7376,85.058
B058,NCA_graphite,35.94,0.979,2.507,0.535,200,1.7035,83.388
B058,NCA_graphite,35.94,0.979,2.507,0.535,210,1.6779,82.136
B058,NCA_graphite,35.94,0.979,2.507,0.535,220,1.672,81.846
B058,NCA_graphite,35.94,0.979,2.507,0.535,230,1.6506,80.796
B058,NCA_graphite,35.94,0.979,2.507,0.535,240,1.616,79.105
B058,NCA_graphite,35.94,0.979,2.507,0.535,250,1.5889,77.776
B058,NCA_graphite,35.94,0.979,2.507,0.535,260,1.5707,76.884
B058,NCA_graphite,35.94,0.979,2.507,0.535,270,1.5461,75.681
B058,NCA_graphite,35.94,0.979,2.507,0.535,280,1.5348,75.13
B058,NCA_graphite,35.94,0.979,2.507,0.535,290,1.5015,73.497
B058,NCA_graphite,35.94,0.979,2.507,0.535,300,1.4956,73.213
B058,NCA_graphite,35.94,0.979,2.507,0.535,310,1.4665,71.786
B058,NCA_graphite,35.94,0.979,2.507,0.535,320,1.4336,70.177
B058,NCA_graphite,35.94,0.979,2.507,0.535,330,1.4282,69.912
B058,NCA_graphite,35.94,0.979,2.507,0.535,340,1.3769,67.4
B058,NCA_graphite,35.94,0.979,2.507,0.535,350,1.3599,66.566
B058,NCA_graphite,35.94,0.979,2.507,0.535,360,1.3485,66.01
B058,NCA_graphite,35.94,0.979,2.507,0.535,370,1.3254,64.879
B058,NCA_graphite,35.94,0.979,2.507,0.535,380,1.2973,63.505
B058,NCA_graphite,35.94,0.979,2.507,0.535,390,1.2662,61.979
B058,NCA_graphite,35.94,0.979,2.507,0.535,400,1.2444,60.915
B058,NCA_graphite,35.94,0.979,2.507,0.535,410,1.2189,59.667
B058,NCA_graphite,35.94,0.979,2.507,0.535,420,1.1898,58.24
B058,NCA_graphite,35.94,0.979,2.507,0.535,430,1.1584,56.703
B058,NCA_graphite,35.94,0.979,2.507,0.535,440,1.1383,55.719
B058,NCA_graphite,35.94,0.979,2.507,0.535,450,1.1192,54.783
B058,NCA_graphite,35.94,0.979,2.507,0.535,460,1.0919,53.45
B058,NCA_graphite,35.94,0.979,2.507,0.535,470,1.0596,51.87
B058,NCA_graphite,35.94,0.979,2.507,0.535,480,1.0326,50.548
B058,NCA_graphite,35.94,0.979,2.507,0.535,490,1.0284,50.338
B058,NCA_graphite,35.94,0.979,2.507,0.535,500,0.9835,48.143
B058,NCA_graphite,35.94,0.979,2.507,0.535,510,0.9725,47.602
B058,NCA_graphite,35.94,0.979,2.507,0.535,520,0.9204,45.053
B058,NCA_graphite,35.94,0.979,2.507,0.535,530,0.9059,45.0
B058,NCA_graphite,35.94,0.979,2.507,0.535,540,0.8889,45.0
B058,NCA_graphite,35.94,0.979,2.507,0.535,550,0.8491,45.0
B058,NCA_graphite,35.94,0.979,2.507,0.535,560,0.831,45.0
B058,NCA_graphite,35.94,0.979,2.507,0.535,570,0.7952,45.0
B058,NCA_graphite,35.94,0.979,2.507,0.535,580,0.766,45.0
B058,NCA_graphite,35.94,0.979,2.507,0.535,590,0.742,45.0
B058,NCA_graphite,35.94,0.979,2.507,0.535,600,0.7056,45.0
B058,NCA_graphite,35.94,0.979,2.507,0.535,610,0.6855,45.0
B058,NCA_graphite,35.94,0.979,2.507,0.535,620,0.6626,45.0
B058,NCA_graphite,35.94,0.979,2.507,0.535,630,0.6308,45.0
B058,NCA_graphite,35.94,0.979,2.507,0.535,640,0.5928,45.0
B058,NCA_graphite,35.94,0.979,2.507,0.535,650,0.5698,45.0
B058,NCA_graphite,35.94,0.979,2.507,0.535,660,0.5542,45.0
B058,NCA_graphite,35.94,0.979,2.507,0.535,670,0.5213,45.0
B058,NCA_graphite,35.94,0.979,2.507,0.535,680,0.4957,45.0
B058,NCA_graphite,35.94,0.979,2.507,0.535,690,0.4703,45.0
B058,NCA_graphite,35.94,0.979,2.507,0.535,700,0.4386,45.0
B058,NCA_graphite,35.94,0.979,2.507,0.535,710,0.4075,45.0
B058,NCA_graphite,35.94,0.979,2.507,0.535,720,0.3844,45.0
B058,NCA_graphite,35.94,0.979,2.507,0.535,730,0.3549,45.0
B058,NCA_graphite,35.94,0.979,2.507,0.535,740,0.3107,45.0
B058,NCA_graphite,35.94,0.979,2.507,0.535,750,0.2927,45.0
B058,NCA_graphite,35.94,0.979,2.507,0.535,760,0.2709,45.0
B058,NCA_graphite,35.94,0.979,2.507,0.535,770,0.236,45.0
B058,NCA_graphite,35.94,0.979,2.507,0.535,780,0.2009,45.0
B058,NCA_graphite,35.94,0.979,2.507,0.535,790,0.1846,45.0
B058,NCA_graphite,35.94,0.979,2.507,0.535,800,0.1402,45.0
B058,NCA_graphite,35.94,0.979,2.507,0.535,810,0.1233,45.0
B058,NCA_graphite,35.94,0.979,2.507,0.535,820,0.076,45.0
B058,NCA_graphite,35.94,0.979,2.507,0.535,830,0.0408,45.0
B058,NCA_graphite,35.94,0.979,2.507,0.535,840,0.0286,45.0
B058,NCA_graphite,35.94,0.979,2.507,0.535,850,-0.0068,45.0
B058,NCA_graphite,35.94,0.979,2.507,0.535,860,-0.0383,45.0
B058,NCA_graphite,35.94,0.979,2.507,0.535,870,-0.058,45.0
B058,NCA_graphite,35.94,0.979,2.507,0.535,880,-0.097,45.0
B058,NCA_graphite,35.94,0.979,2.507,0.535,890,-0.1161,45.0
B058,NCA_graphite,35.94,0.979,2.507,0.535,900,-0.1512,45.0
B058,NCA_graphite,35.94,0.979,2.507,0.535,910,-0.1739,45.0
B058,NCA_graphite,35.94,0.979,2.507,0.535,920,-0.2147,45.0
B058,NCA_graphite,35.94,0.979,2.507,0.535,930,-0.2544,45.0
B058,NCA_graphite,35.94,0.979,2.507,0.535,940,-0.2833,45.0
B058,NCA_graphite,35.94,0.979,2.507,0.535,950,-0.3091,45.0
B058,NCA_graphite,35.94,0.979,2.507,0.535,960,-0.3517,45.0
B058,NCA_graphite,35.94,0.979,2.507,0.535,970,-0.3681,45.0
B058,NCA_graphite,35.94,0.979,2.507,0.535,980,-0.403,45.0
B058,NCA_graphite,35.94,0.979,2.507,0.535,990,-0.4375,45.0
B058,NCA_graphite,35.94,0.979,2.507,0.535,1000,-0.468,45.0
B059,NMC_graphite,14.45,0.975,1.575,0.625,0,1.9147,100.496
B059,NMC_graphite,14.45,0.975,1.575,0.625,10,1.9084,100.167
B059,NMC_graphite,14.45,0.975,1.575,0.625,20,1.9102,100.258
B059,NMC_graphite,14.45,0.975,1.575,0.625,30,1.8944,99.429
B059,NMC_graphite,14.45,0.975,1.575,0.625,40,1.8985,99.645
B059,NMC_graphite,14.45,0.975,1.575,0.625,50,1.8957,99.499
B059,NMC_graphite,14.45,0.975,1.575,0.625,60,1.8771,98.519
B059,NMC_graphite,14.45,0.975,1.575,0.625,70,1.9051,99.994
B059,NMC_graphite,14.45,0.975,1.575,0.625,80,1.8858,98.978
B059,NMC_graphite,14.45,0.975,1.575,0.625,90,1.8916,99.285
B059,NMC_graphite,14.45,0.975,1.575,0.625,100,1.8673,98.009
B059,NMC_graphite,14.45,0.975,1.575,0.625,110,1.8763,98.481
B059,NMC_graphite,14.45,0.975,1.575,0.625,120,1.8696,98.13
B059,NMC_graphite,14.45,0.975,1.575,0.625,130,1.869,98.099
B059,NMC_graphite,14.45,0.975,1.575,0.625,140,1.8704,98.171
B059,NMC_graphite,14.45,0.975,1.575,0.625,150,1.8641,97.842
B059,NMC_graphite,14.45,0.975,1.575,0.625,160,1.854,97.31
B059,NMC_graphite,14.45,0.975,1.575,0.625,170,1.8615,97.704
B059,NMC_graphite,14.45,0.975,1.575,0.625,180,1.8538,97.298
B059,NMC_graphite,14.45,0.975,1.575,0.625,190,1.8608,97.669
B059,NMC_graphite,14.45,0.975,1.575,0.625,200,1.8533,97.274
B059,NMC_graphite,14.45,0.975,1.575,0.625,210,1.8584,97.541
B059,NMC_graphite,14.45,0.975,1.575,0.625,220,1.8508,97.144
B059,NMC_graphite,14.45,0.975,1.575,0.625,230,1.8413,96.641
B059,NMC_graphite,14.45,0.975,1.575,0.625,240,1.8528,97.245
B059,NMC_graphite,14.45,0.975,1.575,0.625,250,1.8402,96.586
B059,NMC_graphite,14.45,0.975,1.575,0.625,260,1.822,95.628
B059,NMC_graphite,14.45,0.975,1.575,0.625,270,1.8201,95.528
B059,NMC_graphite,14.45,0.975,1.575,0.625,280,1.8261,95.845
B059,NMC_graphite,14.45,0.975,1.575,0.625,290,1.8183,95.435
B059,NMC_graphite,14.45,0.975,1.575,0.625,300,1.8194,95.494
B059,NMC_graphite,14.45,0.975,1.575,0.625,310,1.8066,94.823
B059,NMC_graphite,14.45,0.975,1.575,0.625,320,1.8139,95.203
B059,NMC_graphite,14.45,0.975,1.575,0.625,330,1.8047,94.72
B059,NMC_graphite,14.45,0.975,1.575,0.625,340,1.8115,95.081
B059,NMC_graphite,14.45,0.975,1.575,0.625,350,1.8039,94.681
B059,NMC_graphite,14.45,0.975,1.575,0.625,360,1.7777,93.304
B059,NMC_graphite,14.45,0.975,1.575,0.625,370,1.7826,93.56
B059,NMC_graphite,14.45,0.975,1.575,0.625,380,1.7709,92.949
B059,NMC_graphite,14.45,0.975,1.575,0.625,390,1.7957,94.252
B059,NMC_graphite,14.45,0.975,1.575,0.625,400,1.7814,93.502
B059,NMC_graphite,14.45,0.975,1.575,0.625,410,1.772,93.004
B059,NMC_graphite,14.45,0.975,1.575,0.625,420,1.7684,92.815
B059,NMC_graphite,14.45,0.975,1.575,0.625,430,1.7587,92.307
B059,NMC_graphite,14.45,0.975,1.575,0.625,440,1.7612,92.44
B059,NMC_graphite,14.45,0.975,1.575,0.625,450,1.755,92.113
B059,NMC_graphite,14.45,0.975,1.575,0.625,460,1.7527,91.991
B059,NMC_graphite,14.45,0.975,1.575,0.625,470,1.7589,92.318
B059,NMC_graphite,14.45,0.975,1.575,0.625,480,1.7482,91.757
B059,NMC_graphite,14.45,0.975,1.575,0.625,490,1.7352,91.074
B059,NMC_graphite,14.45,0.975,1.575,0.625,500,1.7369,91.166
B059,NMC_graphite,14.45,0.975,1.575,0.625,510,1.7421,91.436
B059,NMC_graphite,14.45,0.975,1.575,0.625,520,1.7273,90.66
B059,NMC_graphite,14.45,0.975,1.575,0.625,530,1.7232,90.444
B059,NMC_graphite,14.45,0.975,1.575,0.625,540,1.7271,90.65
B059,NMC_graphite,14.45,0.975,1.575,0.625,550,1.7119,89.853
B059,NMC_graphite,14.45,0.975,1.575,0.625,560,1.708,89.646
B059,NMC_graphite,14.45,0.975,1.575,0.625,570,1.7116,89.836
B059,NMC_graphite,14.45,0.975,1.575,0.625,580,1.7039,89.431
B059,NMC_graphite,14.45,0.975,1.575,0.625,590,1.7038,89.427
B059,NMC_graphite,14.45,0.975,1.575,0.625,600,1.7171,90.124
B059,NMC_graphite,14.45,0.975,1.575,0.625,610,1.6858,88.48
B059,NMC_graphite,14.45,0.975,1.575,0.625,620,1.6887,88.631
B059,NMC_graphite,14.45,0.975,1.575,0.625,630,1.6801,88.182
B059,NMC_graphite,14.45,0.975,1.575,0.625,640,1.6895,88.675
B059,NMC_graphite,14.45,0.975,1.575,0.625,650,1.6651,87.395
B059,NMC_graphite,14.45,0.975,1.575,0.625,660,1.6541,86.815
B059,NMC_graphite,14.45,0.975,1.575,0.625,670,1.6685,87.576
B059,NMC_graphite,14.45,0.975,1.575,0.625,680,1.6698,87.639
B059,NMC_graphite,14.45,0.975,1.575,0.625,690,1.6439,86.281
B059,NMC_graphite,14.45,0.975,1.575,0.625,700,1.6519,86.704
B059,NMC_graphite,14.45,0.975,1.575,0.625,710,1.6562,86.929
B059,NMC_graphite,14.45,0.975,1.575,0.625,720,1.6435,86.262
B059,NMC_graphite,14.45,0.975,1.575,0.625,730,1.642,86.181
B059,NMC_graphite,14.45,0.975,1.575,0.625,740,1.6532,86.773
B059,NMC_graphite,14.45,0.975,1.575,0.625,750,1.6332,85.722
B059,NMC_graphite,14.45,0.975,1.575,0.625,760,1.6286,85.478
B059,NMC_graphite,14.45,0.975,1.575,0.625,770,1.6173,84.887
B059,NMC_graphite,14.45,0.975,1.575,0.625,780,1.6312,85.613
B059,NMC_graphite,14.45,0.975,1.575,0.625,790,1.6258,85.333
B059,NMC_graphite,14.45,0.975,1.575,0.625,800,1.6023,84.099
B059,NMC_graphite,14.45,0.975,1.575,0.625,810,1.5948,83.707
B059,NMC_graphite,14.45,0.975,1.575,0.625,820,1.6105,84.531
B059,NMC_graphite,14.45,0.975,1.575,0.625,830,1.5883,83.366
B059,NMC_graphite,14.45,0.975,1.575,0.625,840,1.5936,83.642
B059,NMC_graphite,14.45,0.975,1.575,0.625,850,1.5803,82.946
B059,NMC_graphite,14.45,0.975,1.575,0.625,860,1.575,82.666
B059,NMC_graphite,14.45,0.975,1.575,0.625,870,1.5825,83.059
B059,NMC_graphite,14.45,0.975,1.575,0.625,880,1.5594,81.846
B059,NMC_graphite,14.45,0.975,1.575,0.625,890,1.5707,82.439
B059,NMC_graphite,14.45,0.975,1.575,0.625,900,1.572,82.508
B059,NMC_graphite,14.45,0.975,1.575,0.625,910,1.5662,82.206
B059,NMC_graphite,14.45,0.975,1.575,0.625,920,1.555,81.615
B059,NMC_graphite,14.45,0.975,1.575,0.625,930,1.551,81.405
B059,NMC_graphite,14.45,0.975,1.575,0.625,940,1.551,81.406
B059,NMC_graphite,14.45,0.975,1.575,0.625,950,1.5537,81.548
B059,NMC_graphite,14.45,0.975,1.575,0.625,960,1.5255,80.069
B059,NMC_graphite,14.45,0.975,1.575,0.625,970,1.5311,80.362
B059,NMC_graphite,14.45,0.975,1.575,0.625,980,1.5206,79.812
B059,NMC_graphite,14.45,0.975,1.575,0.625,990,1.5281,80.205
B059,NMC_graphite,14.45,0.975,1.575,0.625,1000,1.5009,78.779
B060,NCA_graphite,44.91,1.635,1.844,0.84,0,1.8989,100.953
B060,NCA_graphite,44.91,1.635,1.844,0.84,10,1.8654,99.172
B060,NCA_graphite,44.91,1.635,1.844,0.84,20,1.8597,98.871
B060,NCA_graphite,44.91,1.635,1.844,0.84,30,1.8332,97.464
B060,NCA_graphite,44.91,1.635,1.844,0.84,40,1.7979,95.586
B060,NCA_graphite,44.91,1.635,1.844,0.84,50,1.7796,94.61
B060,NCA_graphite,44.91,1.635,1.844,0.84,60,1.7556,93.334
B060,NCA_graphite,44.91,1.635,1.844,0.84,70,1.7215,91.525
B060,NCA_graphite,44.91,1.635,1.844,0.84,80,1.696,90.165
B060,NCA_graphite,44.91,1.635,1.844,0.84,90,1.6618,88.351
B060,NCA_graphite,44.91,1.635,1.844,0.84,100,1.641,87.246
B060,NCA_graphite,44.91,1.635,1.844,0.84,110,1.6089,85.534
B060,NCA_graphite,44.91,1.635,1.844,0.84,120,1.581,84.055
B060,NCA_graphite,44.91,1.635,1.844,0.84,130,1.5558,82.716
B060,NCA_graphite,44.91,1.635,1.844,0.84,140,1.5201,80.815
B060,NCA_graphite,44.91,1.635,1.844,0.84,150,1.4912,79.281
B060,NCA_graphite,44.91,1.635,1.844,0.84,160,1.4598,77.607
B060,NCA_graphite,44.91,1.635,1.844,0.84,170,1.4288,75.964
B060,NCA_graphite,44.91,1.635,1.844,0.84,180,1.4037,74.629
B060,NCA_graphite,44.91,1.635,1.844,0.84,190,1.3856,73.668
B060,NCA_graphite,44.91,1.635,1.844,0.84,200,1.3531,71.937
B060,NCA_graphite,44.91,1.635,1.844,0.84,210,1.3115,69.727
B060,NCA_graphite,44.91,1.635,1.844,0.84,220,1.2862,68.378
B060,NCA_graphite,44.91,1.635,1.844,0.84,230,1.2518,66.552
B060,NCA_graphite,44.91,1.635,1.844,0.84,240,1.2206,64.891
B060,NCA_graphite,44.91,1.635,1.844,0.84,250,1.1896,63.247
B060,NCA_graphite,44.91,1.635,1.844,0.84,260,1.1597,61.655
B060,NCA_graphite,44.91,1.635,1.844,0.84,270,1.1245,59.783
B060,NCA_graphite,44.91,1.635,1.844,0.84,280,1.083,57.576
B060,NCA_graphite,44.91,1.635,1.844,0.84,290,1.06,56.356
B060,NCA_graphite,44.91,1.635,1.844,0.84,300,1.0379,55.177
B060,NCA_graphite,44.91,1.635,1.844,0.84,310,0.9963,52.968
B060,NCA_graphite,44.91,1.635,1.844,0.84,320,0.9694,51.539
B060,NCA_graphite,44.91,1.635,1.844,0.84,330,0.9256,49.211
B060,NCA_graphite,44.91,1.635,1.844,0.84,340,0.8831,46.952
B060,NCA_graphite,44.91,1.635,1.844,0.84,350,0.8541,45.407
B060,NCA_graphite,44.91,1.635,1.844,0.84,360,0.8335,45.0
B060,NCA_graphite,44.91,1.635,1.844,0.84,370,0.7819,45.0
B060,NCA_graphite,44.91,1.635,1.844,0.84,380,0.7581,45.0
B060,NCA_graphite,44.91,1.635,1.844,0.84,390,0.7182,45.0
B060,NCA_graphite,44.91,1.635,1.844,0.84,400,0.697,45.0
B060,NCA_graphite,44.91,1.635,1.844,0.84,410,0.6501,45.0
B060,NCA_graphite,44.91,1.635,1.844,0.84,420,0.6114,45.0
B060,NCA_graphite,44.91,1.635,1.844,0.84,430,0.6054,45.0
B060,NCA_graphite,44.91,1.635,1.844,0.84,440,0.5533,45.0
B060,NCA_graphite,44.91,1.635,1.844,0.84,450,0.5192,45.0
B060,NCA_graphite,44.91,1.635,1.844,0.84,460,0.4886,45.0
B060,NCA_graphite,44.91,1.635,1.844,0.84,470,0.4439,45.0
B060,NCA_graphite,44.91,1.635,1.844,0.84,480,0.4172,45.0
B060,NCA_graphite,44.91,1.635,1.844,0.84,490,0.3827,45.0
B060,NCA_graphite,44.91,1.635,1.844,0.84,500,0.3506,45.0
B060,NCA_graphite,44.91,1.635,1.844,0.84,510,0.2949,45.0
B060,NCA_graphite,44.91,1.635,1.844,0.84,520,0.2544,45.0
B060,NCA_graphite,44.91,1.635,1.844,0.84,530,0.2306,45.0
B060,NCA_graphite,44.91,1.635,1.844,0.84,540,0.1954,45.0
B060,NCA_graphite,44.91,1.635,1.844,0.84,550,0.1438,45.0
B060,NCA_graphite,44.91,1.635,1.844,0.84,560,0.1327,45.0
B060,NCA_graphite,44.91,1.635,1.844,0.84,570,0.1057,45.0
B060,NCA_graphite,44.91,1.635,1.844,0.84,580,0.0584,45.0
B060,NCA_graphite,44.91,1.635,1.844,0.84,590,0.0216,45.0
B060,NCA_graphite,44.91,1.635,1.844,0.84,600,-0.022,45.0
B060,NCA_graphite,44.91,1.635,1.844,0.84,610,-0.046,45.0
B060,NCA_graphite,44.91,1.635,1.844,0.84,620,-0.1006,45.0
B060,NCA_graphite,44.91,1.635,1.844,0.84,630,-0.1262,45.0
B060,NCA_graphite,44.91,1.635,1.844,0.84,640,-0.1545,45.0
B060,NCA_graphite,44.91,1.635,1.844,0.84,650,-0.199,45.0
B060,NCA_graphite,44.91,1.635,1.844,0.84,660,-0.2358,45.0
B060,NCA_graphite,44.91,1.635,1.844,0.84,670,-0.2787,45.0
B060,NCA_graphite,44.91,1.635,1.844,0.84,680,-0.3082,45.0
B060,NCA_graphite,44.91,1.635,1.844,0.84,690,-0.3465,45.0
B060,NCA_graphite,44.91,1.635,1.844,0.84,700,-0.3866,45.0
B060,NCA_graphite,44.91,1.635,1.844,0.84,710,-0.4284,45.0
B060,NCA_graphite,44.91,1.635,1.844,0.84,720,-0.4653,45.0
B060,NCA_graphite,44.91,1.635,1.844,0.84,730,-0.4992,45.0
B060,NCA_graphite,44.91,1.635,1.844,0.84,740,-0.5399,45.0
B060,NCA_graphite,44.91,1.635,1.844,0.84,750,-0.5721,45.0
B060,NCA_graphite,44.91,1.635,1.844,0.84,760,-0.6099,45.0
B060,NCA_graphite,44.91,1.635,1.844,0.84,770,-0.6383,45.0
B060,NCA_graphite,44.91,1.635,1.844,0.84,780,-0.6922,45.0
B060,NCA_graphite,44.91,1.635,1.844,0.84,790,-0.7324,45.0
B060,NCA_graphite,44.91,1.635,1.844,0.84,800,-0.782,45.0
B060,NCA_graphite,44.91,1.635,1.844,0.84,810,-0.7985,45.0
B060,NCA_graphite,44.91,1.635,1.844,0.84,820,-0.8409,45.0
B060,NCA_graphite,44.91,1.635,1.844,0.84,830,-0.8771,45.0
B060,NCA_graphite,44.91,1.635,1.844,0.84,840,-0.9185,45.0
B060,NCA_graphite,44.91,1.635,1.844,0.84,850,-0.9497,45.0
B060,NCA_graphite,44.91,1.635,1.844,0.84,860,-0.9816,45.0
B060,NCA_graphite,44.91,1.635,1.844,0.84,870,-1.0442,45.0
B060,NCA_graphite,44.91,1.635,1.844,0.84,880,-1.08,45.0
B060,NCA_graphite,44.91,1.635,1.844,0.84,890,-1.1058,45.0
B060,NCA_graphite,44.91,1.635,1.844,0.84,900,-1.1443,45.0
B060,NCA_graphite,44.91,1.635,1.844,0.84,910,-1.1941,45.0
B060,NCA_graphite,44.91,1.635,1.844,0.84,920,-1.2326,45.0
B060,NCA_graphite,44.91,1.635,1.844,0.84,930,-1.2674,45.0
B060,NCA_graphite,44.91,1.635,1.844,0.84,940,-1.3048,45.0
B060,NCA_graphite,44.91,1.635,1.844,0.84,950,-1.3291,45.0
B060,NCA_graphite,44.91,1.635,1.844,0.84,960,-1.3725,45.0
B060,NCA_graphite,44.91,1.635,1.844,0.84,970,-1.4241,45.0
B060,NCA_graphite,44.91,1.635,1.844,0.84,980,-1.4651,45.0
B060,NCA_graphite,44.91,1.635,1.844,0.84,990,-1.5014,45.0
B060,NCA_graphite,44.91,1.635,1.844,0.84,1000,-1.5387,45.0
B061,LFP_graphite,46.07,2.285,2.232,0.553,0,1.9526,100.363
B061,LFP_graphite,46.07,2.285,2.232,0.553,10,1.9264,99.018
B061,LFP_graphite,46.07,2.285,2.232,0.553,20,1.8843,96.853
B061,LFP_graphite,46.07,2.285,2.232,0.553,30,1.8207,93.583
B061,LFP_graphite,46.07,2.285,2.232,0.553,40,1.7818,91.584
B061,LFP_graphite,46.07,2.285,2.232,0.553,50,1.694,87.07
B061,LFP_graphite,46.07,2.285,2.232,0.553,60,1.6192,83.226
B061,LFP_graphite,46.07,2.285,2.232,0.553,70,1.5481,79.572
B061,LFP_graphite,46.07,2.285,2.232,0.553,80,1.4544,74.756
B061,LFP_graphite,46.07,2.285,2.232,0.553,90,1.3542,69.605
B061,LFP_graphite,46.07,2.285,2.232,0.553,100,1.2686,65.204
B061,LFP_graphite,46.07,2.285,2.232,0.553,110,1.1438,58.79
B061,LFP_graphite,46.07,2.285,2.232,0.553,120,1.0418,53.551
B061,LFP_graphite,46.07,2.285,2.232,0.553,130,0.917,47.133
B061,LFP_graphite,46.07,2.285,2.232,0.553,140,0.8017,45.0
B061,LFP_graphite,46.07,2.285,2.232,0.553,150,0.6748,45.0
B061,LFP_graphite,46.07,2.285,2.232,0.553,160,0.5465,45.0
B061,LFP_graphite,46.07,2.285,2.232,0.553,170,0.3988,45.0
B061,LFP_graphite,46.07,2.285,2.232,0.553,180,0.2698,45.0
B061,LFP_graphite,46.07,2.285,2.232,0.553,190,0.119,45.0
B061,LFP_graphite,46.07,2.285,2.232,0.553,200,-0.0173,45.0
B061,LFP_graphite,46.07,2.285,2.232,0.553,210,-0.1577,45.0
B061,LFP_graphite,46.07,2.285,2.232,0.553,220,-0.3453,45.0
B061,LFP_graphite,46.07,2.285,2.232,0.553,230,-0.4986,45.0
B061,LFP_graphite,46.07,2.285,2.232,0.553,240,-0.6497,45.0
B061,LFP_graphite,46.07,2.285,2.232,0.553,250,-0.8176,45.0
B061,LFP_graphite,46.07,2.285,2.232,0.553,260,-0.9827,45.0
B061,LFP_graphite,46.07,2.285,2.232,0.553,270,-1.1421,45.0
B061,LFP_graphite,46.07,2.285,2.232,0.553,280,-1.3144,45.0
B061,LFP_graphite,46.07,2.285,2.232,0.553,290,-1.5175,45.0
B061,LFP_graphite,46.07,2.285,2.232,0.553,300,-1.6848,45.0
B061,LFP_graphite,46.07,2.285,2.232,0.553,310,-1.8659,45.0
B061,LFP_graphite,46.07,2.285,2.232,0.553,320,-2.0568,45.0
B061,LFP_graphite,46.07,2.285,2.232,0.553,330,-2.2483,45.0
B061,LFP_graphite,46.07,2.285,2.232,0.553,340,-2.445,45.0
B061,LFP_graphite,46.07,2.285,2.232,0.553,350,-2.6489,45.0
B061,LFP_graphite,46.07,2.285,2.232,0.553,360,-2.8411,45.0
B061,LFP_graphite,46.07,2.285,2.232,0.553,370,-3.0366,45.0
B061,LFP_graphite,46.07,2.285,2.232,0.553,380,-3.2384,45.0
B061,LFP_graphite,46.07,2.285,2.232,0.553,390,-3.4448,45.0
B061,LFP_graphite,46.07,2.285,2.232,0.553,400,-3.6615,45.0
B061,LFP_graphite,46.07,2.285,2.232,0.553,410,-3.8703,45.0
B061,LFP_graphite,46.07,2.285,2.232,0.553,420,-4.0924,45.0
B061,LFP_graphite,46.07,2.285,2.232,0.553,430,-4.3158,45.0
B061,LFP_graphite,46.07,2.285,2.232,0.553,440,-4.5335,45.0
B061,LFP_graphite,46.07,2.285,2.232,0.553,450,-4.7459,45.0
B061,LFP_graphite,46.07,2.285,2.232,0.553,460,-4.9841,45.0
B061,LFP_graphite,46.07,2.285,2.232,0.553,470,-5.2115,45.0
B061,LFP_graphite,46.07,2.285,2.232,0.553,480,-5.4467,45.0
B061,LFP_graphite,46.07,2.285,2.232,0.553,490,-5.6861,45.0
B061,LFP_graphite,46.07,2.285,2.232,0.553,500,-5.9289,45.0
B061,LFP_graphite,46.07,2.285,2.232,0.553,510,-6.1418,45.0
B061,LFP_graphite,46.07,2.285,2.232,0.553,520,-6.3817,45.0
B061,LFP_graphite,46.07,2.285,2.232,0.553,530,-6.627,45.0
B061,LFP_graphite,46.07,2.285,2.232,0.553,540,-6.8912,45.0
B061,LFP_graphite,46.07,2.285,2.232,0.553,550,-7.1357,45.0
B061,LFP_graphite,46.07,2.285,2.232,0.553,560,-7.3805,45.0
B061,LFP_graphite,46.07,2.285,2.232,0.553,570,-7.6314,45.0
B061,LFP_graphite,46.07,2.285,2.232,0.553,580,-7.8799,45.0
B061,LFP_graphite,46.07,2.285,2.232,0.553,590,-8.1375,45.0
B061,LFP_graphite,46.07,2.285,2.232,0.553,600,-8.3982,45.0
B061,LFP_graphite,46.07,2.285,2.232,0.553,610,-8.6761,45.0
B061,LFP_graphite,46.07,2.285,2.232,0.553,620,-8.9175,45.0
B061,LFP_graphite,46.07,2.285,2.232,0.553,630,-9.2002,45.0
B061,LFP_graphite,46.07,2.285,2.232,0.553,640,-9.4642,45.0
B061,LFP_graphite,46.07,2.285,2.232,0.553,650,-9.7332,45.0
B061,LFP_graphite,46.07,2.285,2.232,0.553,660,-10.0082,45.0
B061,LFP_graphite,46.07,2.285,2.232,0.553,670,-10.266,45.0
B061,LFP_graphite,46.07,2.285,2.232,0.553,680,-10.5592,45.0
B061,LFP_graphite,46.07,2.285,2.232,0.553,690,-10.8402,45.0
B061,LFP_graphite,46.07,2.285,2.232,0.553,700,-11.1177,45.0
B061,LFP_graphite,46.07,2.285,2.232,0.553,710,-11.4035,45.0
B061,LFP_graphite,46.07,2.285,2.232,0.553,720,-11.6786,45.0
B061,LFP_graphite,46.07,2.285,2.232,0.553,730,-11.9782,45.0
B061,LFP_graphite,46.07,2.285,2.232,0.553,740,-12.2603,45.0
B061,LFP_graphite,46.07,2.285,2.232,0.553,750,-12.5424,45.0
B061,LFP_graphite,46.07,2.285,2.232,0.553,760,-12.8416,45.0
B061,LFP_graphite,46.07,2.285,2.232,0.553,770,-13.1294,45.0
B061,LFP_graphite,46.07,2.285,2.232,0.553,780,-13.4351,45.0
B061,LFP_graphite,46.07,2.285,2.232,0.553,790,-13.7229,45.0
B061,LFP_graphite,46.07,2.285,2.232,0.553,800,-14.0284,45.0
B061,LFP_graphite,46.07,2.285,2.232,0.553,810,-14.3254,45.0
B061,LFP_graphite,46.07,2.285,2.232,0.553,820,-14.6446,45.0
B061,LFP_graphite,46.07,2.285,2.232,0.553,830,-14.9326,45.0
B061,LFP_graphite,46.07,2.285,2.232,0.553,840,-15.2592,45.0
B061,LFP_graphite,46.07,2.285,2.232,0.553,850,-15.5641,45.0
B061,LFP_graphite,46.07,2.285,2.232,0.553,860,-15.8753,45.0
B061,LFP_graphite,46.07,2.285,2.232,0.553,870,-16.1886,45.0
B061,LFP_graphite,46.07,2.285,2.232,0.553,880,-16.5036,45.0
B061,LFP_graphite,46.07,2.285,2.232,0.553,890,-16.8179,45.0
B061,LFP_graphite,46.07,2.285,2.232,0.553,900,-17.1464,45.0
B061,LFP_graphite,46.07,2.285,2.232,0.553,910,-17.4697,45.0
B061,LFP_graphite,46.07,2.285,2.232,0.553,920,-17.7914,45.0
B061,LFP_graphite,46.07,2.285,2.232,0.553,930,-18.1133,45.0
B061,LFP_graphite,46.07,2.285,2.232,0.553,940,-18.4415,45.0
B061,LFP_graphite,46.07,2.285,2.232,0.553,950,-18.7668,45.0
B061,LFP_graphite,46.07,2.285,2.232,0.553,960,-19.1101,45.0
B061,LFP_graphite,46.07,2.285,2.232,0.553,970,-19.4379,45.0
B061,LFP_graphite,46.07,2.285,2.232,0.553,980,-19.7674,45.0
B061,LFP_graphite,46.07,2.285,2.232,0.553,990,-20.1199,45.0
B061,LFP_graphite,46.07,2.285,2.232,0.553,1000,-20.4448,45.0
B062,NMC_graphite,34.3,1.385,1.006,0.521,0,2.0639,99.884
B062,NMC_graphite,34.3,1.385,1.006,0.521,10,2.0601,99.703
B062,NMC_graphite,34.3,1.385,1.006,0.521,20,2.0375,98.61
B062,NMC_graphite,34.3,1.385,1.006,0.521,30,2.0377,98.619
B062,NMC_graphite,34.3,1.385,1.006,0.521,40,2.0239,97.95
B062,NMC_graphite,34.3,1.385,1.006,0.521,50,1.9857,96.099
B062,NMC_graphite,34.3,1.385,1.006,0.521,60,1.965,95.1
B062,NMC_graphite,34.3,1.385,1.006,0.521,70,1.9627,94.988
B062,NMC_graphite,34.3,1.385,1.006,0.521,80,1.9368,93.733
B062,NMC_graphite,34.3,1.385,1.006,0.521,90,1.9111,92.491
B062,NMC_graphite,34.3,1.385,1.006,0.521,100,1.8911,91.522
B062,NMC_graphite,34.3,1.385,1.006,0.521,110,1.8606,90.045
B062,NMC_graphite,34.3,1.385,1.006,0.521,120,1.8433,89.209
B062,NMC_graphite,34.3,1.385,1.006,0.521,130,1.7937,86.807
B062,NMC_graphite,34.3,1.385,1.006,0.521,140,1.7771,86.007
B062,NMC_graphite,34.3,1.385,1.006,0.521,150,1.7602,85.185
B062,NMC_graphite,34.3,1.385,1.006,0.521,160,1.7192,83.204
B062,NMC_graphite,34.3,1.385,1.006,0.521,170,1.6987,82.213
B062,NMC_graphite,34.3,1.385,1.006,0.521,180,1.6604,80.359
B062,NMC_graphite,34.3,1.385,1.006,0.521,190,1.6316,78.962
B062,NMC_graphite,34.3,1.385,1.006,0.521,200,1.6093,77.883
B062,NMC_graphite,34.3,1.385,1.006,0.521,210,1.57,75.981
B062,NMC_graphite,34.3,1.385,1.006,0.521,220,1.5442,74.734
B062,NMC_graphite,34.3,1.385,1.006,0.521,230,1.4965,72.427
B062,NMC_graphite,34.3,1.385,1.006,0.521,240,1.4826,71.755
B062,NMC_graphite,34.3,1.385,1.006,0.521,250,1.4411,69.746
B062,NMC_graphite,34.3,1.385,1.006,0.521,260,1.3979,67.651
B062,NMC_graphite,34.3,1.385,1.006,0.521,270,1.358,65.72
B062,NMC_graphite,34.3,1.385,1.006,0.521,280,1.3579,65.718
B062,NMC_graphite,34.3,1.385,1.006,0.521,290,1.3063,63.218
B062,NMC_graphite,34.3,1.385,1.006,0.521,300,1.266,61.27
B062,NMC_graphite,34.3,1.385,1.006,0.521,310,1.2187,58.979
B062,NMC_graphite,34.3,1.385,1.006,0.521,320,1.1964,57.9
B062,NMC_graphite,34.3,1.385,1.006,0.521,330,1.1621,56.239
B062,NMC_graphite,34.3,1.385,1.006,0.521,340,1.1161,54.015
B062,NMC_graphite,34.3,1.385,1.006,0.521,350,1.0643,51.511
B062,NMC_graphite,34.3,1.385,1.006,0.521,360,1.0301,49.854
B062,NMC_graphite,34.3,1.385,1.006,0.521,370,0.9801,47.433
B062,NMC_graphite,34.3,1.385,1.006,0.521,380,0.9685,46.872
B062,NMC_graphite,34.3,1.385,1.006,0.521,390,0.9076,45.0
B062,NMC_graphite,34.3,1.385,1.006,0.521,400,0.8757,45.0
B062,NMC_graphite,34.3,1.385,1.006,0.521,410,0.8322,45.0
B062,NMC_graphite,34.3,1.385,1.006,0.521,420,0.7936,45.0
B062,NMC_graphite,34.3,1.385,1.006,0.521,430,0.7469,45.0
B062,NMC_graphite,34.3,1.385,1.006,0.521,440,0.7071,45.0
B062,NMC_graphite,34.3,1.385,1.006,0.521,450,0.6728,45.0
B062,NMC_graphite,34.3,1.385,1.006,0.521,460,0.6139,45.0
B062,NMC_graphite,34.3,1.385,1.006,0.521,470,0.5736,45.0
B062,NMC_graphite,34.3,1.385,1.006,0.521,480,0.5324,45.0
B062,NMC_graphite,34.3,1.385,1.006,0.521,490,0.4819,45.0
B062,NMC_graphite,34.3,1.385,1.006,0.521,500,0.4496,45.0
B062,NMC_graphite,34.3,1.385,1.006,0.521,510,0.4016,45.0
B062,NMC_graphite,34.3,1.385,1.006,0.521,520,0.3689,45.0
B062,NMC_graphite,34.3,1.385,1.006,0.521,530,0.3139,45.0
B062,NMC_graphite,34.3,1.385,1.006,0.521,540,0.2747,45.0
B062,NMC_graphite,34.3,1.385,1.006,0.521,550,0.2069,45.0
B062,NMC_graphite,34.3,1.385,1.006,0.521,560,0.1827,45.0
B062,NMC_graphite,34.3,1.385,1.006,0.521,570,0.1273,45.0
B062,NMC_graphite,34.3,1.385,1.006,0.521,580,0.0814,45.0
B062,NMC_graphite,34.3,1.385,1.006,0.521,590,0.0266,45.0
B062,NMC_graphite,34.3,1.385,1.006,0.521,600,-0.0035,45.0
B062,NMC_graphite,34.3,1.385,1.006,0.521,610,-0.0577,45.0
B062,NMC_graphite,34.3,1.385,1.006,0.521,620,-0.1103,45.0
B062,NMC_graphite,34.3,1.385,1.006,0.521,630,-0.1561,45.0
B062,NMC_graphite,34.3,1.385,1.006,0.521,640,-0.2165,45.0
B062,NMC_graphite,34.3,1.385,1.006,0.521,650,-0.2617,45.0
B062,NMC_graphite,34.3,1.385,1.006,0.521,660,-0.3008,45.0
B062,NMC_graphite,34.3,1.385,1.006,0.521,670,-0.3567,45.0
B062,NMC_graphite,34.3,1.385,1.006,0.521,680,-0.4178,45.0
B062,NMC_graphite,34.3,1.385,1.006,0.521,690,-0.4636,45.0
B062,NMC_graphite,34.3,1.385,1.006,0.521,700,-0.4984,45.0
B062,NMC_graphite,34.3,1.385,1.006,0.521,710,-0.5502,45.0
B062,NMC_graphite,34.3,1.385,1.006,0.521,720,-0.6014,45.0
B062,NMC_graphite,34.3,1.385,1.006,0.521,730,-0.6636,45.0
B062,NMC_graphite,34.3,1.385,1.006,0.521,740,-0.7099,45.0
B062,NMC_graphite,34.3,1.385,1.006,0.521,750,-0.767,45.0
B062,NMC_graphite,34.3,1.385,1.006,0.521,760,-0.813,45.0
B062,NMC_graphite,34.3,1.385,1.006,0.521,770,-0.8733,45.0
B062,NMC_graphite,34.3,1.385,1.006,0.521,780,-0.9131,45.0
B062,NMC_graphite,34.3,1.385,1.006,0.521,790,-0.9776,45.0
B062,NMC_graphite,34.3,1.385,1.006,0.521,800,-1.0346,45.0
B062,NMC_graphite,34.3,1.385,1.006,0.521,810,-1.0647,45.0
B062,NMC_graphite,34.3,1.385,1.006,0.521,820,-1.138,45.0
B062,NMC_graphite,34.3,1.385,1.006,0.521,830,-1.1722,45.0
B062,NMC_graphite,34.3,1.385,1.006,0.521,840,-1.238,45.0
B062,NMC_graphite,34.3,1.385,1.006,0.521,850,-1.3096,45.0
B062,NMC_graphite,34.3,1.385,1.006,0.521,860,-1.3466,45.0
B062,NMC_graphite,34.3,1.385,1.006,0.521,870,-1.3895,45.0
B062,NMC_graphite,34.3,1.385,1.006,0.521,880,-1.4502,45.0
B062,NMC_graphite,34.3,1.385,1.006,0.521,890,-1.5087,45.0
B062,NMC_graphite,34.3,1.385,1.006,0.521,900,-1.5566,45.0
B062,NMC_graphite,34.3,1.385,1.006,0.521,910,-1.6231,45.0
B062,NMC_graphite,34.3,1.385,1.006,0.521,920,-1.6831,45.0
B062,NMC_graphite,34.3,1.385,1.006,0.521,930,-1.7312,45.0
B062,NMC_graphite,34.3,1.385,1.006,0.521,940,-1.7874,45.0
B062,NMC_graphite,34.3,1.385,1.006,0.521,950,-1.8593,45.0
B062,NMC_graphite,34.3,1.385,1.006,0.521,960,-1.907,45.0
B062,NMC_graphite,34.3,1.385,1.006,0.521,970,-1.9771,45.0
B062,NMC_graphite,34.3,1.385,1.006,0.521,980,-2.0192,45.0
B062,NMC_graphite,34.3,1.385,1.006,0.521,990,-2.0696,45.0
B062,NMC_graphite,34.3,1.385,1.006,0.521,1000,-2.1399,45.0
B063,NMC_graphite,25.27,0.921,2.769,0.809,0,2.205,99.754
B063,NMC_graphite,25.27,0.921,2.769,0.809,10,2.1999,99.523
B063,NMC_graphite,25.27,0.921,2.769,0.809,20,2.1674,98.051
B063,NMC_graphite,25.27,0.921,2.769,0.809,30,2.1268,96.215
B063,NMC_graphite,25.27,0.921,2.769,0.809,40,2.0994,94.979
B063,NMC_graphite,25.27,0.921,2.769,0.809,50,2.064,93.377
B063,NMC_graphite,25.27,0.921,2.769,0.809,60,2.0043,90.676
B063,NMC_graphite,25.27,0.921,2.769,0.809,70,1.9545,88.421
B063,NMC_graphite,25.27,0.921,2.769,0.809,80,1.8972,85.827
B063,NMC_graphite,25.27,0.921,2.769,0.809,90,1.8232,82.483
B063,NMC_graphite,25.27,0.921,2.769,0.809,100,1.7572,79.496
B063,NMC_graphite,25.27,0.921,2.769,0.809,110,1.7029,77.037
B063,NMC_graphite,25.27,0.921,2.769,0.809,120,1.6332,73.884
B063,NMC_graphite,25.27,0.921,2.769,0.809,130,1.5475,70.01
B063,NMC_graphite,25.27,0.921,2.769,0.809,140,1.4885,67.342
B063,NMC_graphite,25.27,0.921,2.769,0.809,150,1.4032,63.482
B063,NMC_graphite,25.27,0.921,2.769,0.809,160,1.321,59.762
B063,NMC_graphite,25.27,0.921,2.769,0.809,170,1.2263,55.477
B063,NMC_graphite,25.27,0.921,2.769,0.809,180,1.1378,51.474
B063,NMC_graphite,25.27,0.921,2.769,0.809,190,1.0513,47.56
B063,NMC_graphite,25.27,0.921,2.769,0.809,200,0.9743,45.0
B063,NMC_graphite,25.27,0.921,2.769,0.809,210,0.8542,45.0
B063,NMC_graphite,25.27,0.921,2.769,0.809,220,0.7688,45.0
B063,NMC_graphite,25.27,0.921,2.769,0.809,230,0.6766,45.0
B063,NMC_graphite,25.27,0.921,2.769,0.809,240,0.5735,45.0
B063,NMC_graphite,25.27,0.921,2.769,0.809,250,0.4663,45.0
B063,NMC_graphite,25.27,0.921,2.769,0.809,260,0.3536,45.0
B063,NMC_graphite,25.27,0.921,2.769,0.809,270,0.2554,45.0
B063,NMC_graphite,25.27,0.921,2.769,0.809,280,0.1396,45.0
B063,NMC_graphite,25.27,0.921,2.769,0.809,290,0.0434,45.0
B063,NMC_graphite,25.27,0.921,2.769,0.809,300,-0.0746,45.0
B063,NMC_graphite,25.27,0.921,2.769,0.809,310,-0.1963,45.0
B063,NMC_graphite,25.27,0.921,2.769,0.809,320,-0.3186,45.0
B063,NMC_graphite,25.27,0.921,2.769,0.809,330,-0.4484,45.0
B063,NMC_graphite,25.27,0.921,2.769,0.809,340,-0.5597,45.0
B063,NMC_graphite,25.27,0.921,2.769,0.809,350,-0.6746,45.0
B063,NMC_graphite,25.27,0.921,2.769,0.809,360,-0.8105,45.0
B063,NMC_graphite,25.27,0.921,2.769,0.809,370,-0.9299,45.0
B063,NMC_graphite,25.27,0.921,2.769,0.809,380,-1.0348,45.0
B063,NMC_graphite,25.27,0.921,2.769,0.809,390,-1.1949,45.0
B063,NMC_graphite,25.27,0.921,2.769,0.809,400,-1.3179,45.0
B063,NMC_graphite,25.27,0.921,2.769,0.809,410,-1.4448,45.0
B063,NMC_graphite,25.27,0.921,2.769,0.809,420,-1.5916,45.0
B063,NMC_graphite,25.27,0.921,2.769,0.809,430,-1.7102,45.0
B063,NMC_graphite,25.27,0.921,2.769,0.809,440,-1.8472,45.0
B063,NMC_graphite,25.27,0.921,2.769,0.809,450,-1.9997,45.0
B063,NMC_graphite,25.27,0.921,2.769,0.809,460,-2.1324,45.0
B063,NMC_graphite,25.27,0.921,2.769,0.809,470,-2.2907,45.0
B063,NMC_graphite,25.27,0.921,2.769,0.809,480,-2.4123,45.0
B063,NMC_graphite,25.27,0.921,2.769,0.809,490,-2.5758,45.0
B063,NMC_graphite,25.27,0.921,2.769,0.809,500,-2.7163,45.0
B063,NMC_graphite,25.27,0.921,2.769,0.809,510,-2.8703,45.0
B063,NMC_graphite,25.27,0.921,2.769,0.809,520,-3.0119,45.0
B063,NMC_graphite,25.27,0.921,2.769,0.809,530,-3.1701,45.0
B063,NMC_graphite,25.27,0.921,2.769,0.809,540,-3.3265,45.0
B063,NMC_graphite,25.27,0.921,2.769,0.809,550,-3.4683,45.0
B063,NMC_graphite,25.27,0.921,2.769,0.809,560,-3.633,45.0
B063,NMC_graphite,25.27,0.921,2.769,0.809,570,-3.7829,45.0
B063,NMC_graphite,25.27,0.921,2.769,0.809,580,-3.9463,45.0
B063,NMC_graphite,25.27,0.921,2.769,0.809,590,-4.1096,45.0
B063,NMC_graphite,25.27,0.921,2.769,0.809,600,-4.2688,45.0
B063,NMC_graphite,25.27,0.921,2.769,0.809,610,-4.4247,45.0
B063,NMC_graphite,25.27,0.921,2.769,0.809,620,-4.5931,45.0
B063,NMC_graphite,25.27,0.921,2.769,0.809,630,-4.7609,45.0
B063,NMC_graphite,25.27,0.921,2.769,0.809,640,-4.9302,45.0
B063,NMC_graphite,25.27,0.921,2.769,0.809,650,-5.0986,45.0
B063,NMC_graphite,25.27,0.921,2.769,0.809,660,-5.2677,45.0
B063,NMC_graphite,25.27,0.921,2.769,0.809,670,-5.4379,45.0
B063,NMC_graphite,25.27,0.921,2.769,0.809,680,-5.5896,45.0
B063,NMC_graphite,25.27,0.921,2.769,0.809,690,-5.7977,45.0
B063,NMC_graphite,25.27,0.921,2.769,0.809,700,-5.958,45.0
B063,NMC_graphite,25.27,0.921,2.769,0.809,710,-6.1393,45.0
B063,NMC_graphite,25.27,0.921,2.769,0.809,720,-6.3066,45.0
B063,NMC_graphite,25.27,0.921,2.769,0.809,730,-6.494,45.0
B063,NMC_graphite,25.27,0.921,2.769,0.809,740,-6.6652,45.0
B063,NMC_graphite,25.27,0.921,2.769,0.809,750,-6.8379,45.0
B063,NMC_graphite,25.27,0.921,2.769,0.809,760,-7.0289,45.0
B063,NMC_graphite,25.27,0.921,2.769,0.809,770,-7.1976,45.0
B063,NMC_graphite,25.27,0.921,2.769,0.809,780,-7.3935,45.0
B063,NMC_graphite,25.27,0.921,2.769,0.809,790,-7.5898,45.0
B063,NMC_graphite,25.27,0.921,2.769,0.809,800,-7.7672,45.0
B063,NMC_graphite,25.27,0.921,2.769,0.809,810,-7.9446,45.0
B063,NMC_graphite,25.27,0.921,2.769,0.809,820,-8.1385,45.0
B063,NMC_graphite,25.27,0.921,2.769,0.809,830,-8.3134,45.0
B063,NMC_graphite,25.27,0.921,2.769,0.809,840,-8.5153,45.0
B063,NMC_graphite,25.27,0.921,2.769,0.809,850,-8.7008,45.0
B063,NMC_graphite,25.27,0.921,2.769,0.809,860,-8.9211,45.0
B063,NMC_graphite,25.27,0.921,2.769,0.809,870,-9.0841,45.0
B063,NMC_graphite,25.27,0.921,2.769,0.809,880,-9.294,45.0
B063,NMC_graphite,25.27,0.921,2.769,0.809,890,-9.4974,45.0
B063,NMC_graphite,25.27,0.921,2.769,0.809,900,-9.6814,45.0
B063,NMC_graphite,25.27,0.921,2.769,0.809,910,-9.864,45.0
B063,NMC_graphite,25.27,0.921,2.769,0.809,920,-10.0831,45.0
B063,NMC_graphite,25.27,0.921,2.769,0.809,930,-10.2721,45.0
B063,NMC_graphite,25.27,0.921,2.769,0.809,940,-10.5054,45.0
B063,NMC_graphite,25.27,0.921,2.769,0.809,950,-10.6855,45.0
B063,NMC_graphite,25.27,0.921,2.769,0.809,960,-10.893,45.0
B063,NMC_graphite,25.27,0.921,2.769,0.809,970,-11.1042,45.0
B063,NMC_graphite,25.27,0.921,2.769,0.809,980,-11.3096,45.0
B063,NMC_graphite,25.27,0.921,2.769,0.809,990,-11.5212,45.0
B063,NMC_graphite,25.27,0.921,2.769,0.809,1000,-11.7224,45.0
B064,NMC_graphite,36.22,0.557,2.822,0.525,0,2.0782,100.4
B064,NMC_graphite,36.22,0.557,2.822,0.525,10,2.05,99.036
B064,NMC_graphite,36.22,0.557,2.822,0.525,20,2.0536,99.211
B064,NMC_graphite,36.22,0.557,2.822,0.525,30,2.0519,99.125
B064,NMC_graphite,36.22,0.557,2.822,0.525,40,2.0472,98.9
B064,NMC_graphite,36.22,0.557,2.822,0.525,50,2.0549,99.274
B064,NMC_graphite,36.22,0.557,2.822,0.525,60,2.035,98.309
B064,NMC_graphite,36.22,0.557,2.822,0.525,70,2.0404,98.57
B064,NMC_graphite,36.22,0.557,2.822,0.525,80,2.0163,97.408
B064,NMC_graphite,36.22,0.557,2.822,0.525,90,2.0155,97.368
B064,NMC_graphite,36.22,0.557,2.822,0.525,100,2.015,97.347
B064,NMC_graphite,36.22,0.557,2.822,0.525,110,1.9835,95.823
B064,NMC_graphite,36.22,0.557,2.822,0.525,120,1.9773,95.521
B064,NMC_graphite,36.22,0.557,2.822,0.525,130,1.9806,95.685
B064,NMC_graphite,36.22,0.557,2.822,0.525,140,1.9786,95.588
B064,NMC_graphite,36.22,0.557,2.822,0.525,150,1.9592,94.649
B064,NMC_graphite,36.22,0.557,2.822,0.525,160,1.9518,94.29
B064,NMC_graphite,36.22,0.557,2.822,0.525,170,1.9272,93.106
B064,NMC_graphite,36.22,0.557,2.822,0.525,180,1.9302,93.25
B064,NMC_graphite,36.22,0.557,2.822,0.525,190,1.918,92.657
B064,NMC_graphite,36.22,0.557,2.822,0.525,200,1.8897,91.294
B064,NMC_graphite,36.22,0.557,2.822,0.525,210,1.8796,90.805
B064,NMC_graphite,36.22,0.557,2.822,0.525,220,1.8933,91.467
B064,NMC_graphite,36.22,0.557,2.822,0.525,230,1.8837,91.004
B064,NMC_graphite,36.22,0.557,2.822,0.525,240,1.877,90.68
B064,NMC_graphite,36.22,0.557,2.822,0.525,250,1.8707,90.374
B064,NMC_graphite,36.22,0.557,2.822,0.525,260,1.8499,89.369
B064,NMC_graphite,36.22,0.557,2.822,0.525,270,1.8345,88.625
B064,NMC_graphite,36.22,0.557,2.822,0.525,280,1.8259,88.212
B064,NMC_graphite,36.22,0.557,2.822,0.525,290,1.8219,88.015
B064,NMC_graphite,36.22,0.557,2.822,0.525,300,1.8108,87.481
B064,NMC_graphite,36.22,0.557,2.822,0.525,310,1.781,86.039
B064,NMC_graphite,36.22,0.557,2.822,0.525,320,1.7992,86.922
B064,NMC_graphite,36.22,0.557,2.822,0.525,330,1.7765,85.824
B064,NMC_graphite,36.22,0.557,2.822,0.525,340,1.7638,85.21
B064,NMC_graphite,36.22,0.557,2.822,0.525,350,1.7433,84.221
B064,NMC_graphite,36.22,0.557,2.822,0.525,360,1.7552,84.792
B064,NMC_graphite,36.22,0.557,2.822,0.525,370,1.7427,84.192
B064,NMC_graphite,36.22,0.557,2.822,0.525,380,1.7265,83.408
B064,NMC_graphite,36.22,0.557,2.822,0.525,390,1.7139,82.799
B064,NMC_graphite,36.22,0.557,2.822,0.525,400,1.6935,81.815
B064,NMC_graphite,36.22,0.557,2.822,0.525,410,1.6994,82.096
B064,NMC_graphite,36.22,0.557,2.822,0.525,420,1.6771,81.021
B064,NMC_graphite,36.22,0.557,2.822,0.525,430,1.6718,80.766
B064,NMC_graphite,36.22,0.557,2.822,0.525,440,1.6548,79.945
B064,NMC_graphite,36.22,0.557,2.822,0.525,450,1.6447,79.454
B064,NMC_graphite,36.22,0.557,2.822,0.525,460,1.6359,79.028
B064,NMC_graphite,36.22,0.557,2.822,0.525,470,1.6128,77.917
B064,NMC_graphite,36.22,0.557,2.822,0.525,480,1.6115,77.852
B064,NMC_graphite,36.22,0.557,2.822,0.525,490,1.6049,77.534
B064,NMC_graphite,36.22,0.557,2.822,0.525,500,1.5824,76.446
B064,NMC_graphite,36.22,0.557,2.822,0.525,510,1.5733,76.006
B064,NMC_graphite,36.22,0.557,2.822,0.525,520,1.5738,76.032
B064,NMC_graphite,36.22,0.557,2.822,0.525,530,1.5726,75.972
B064,NMC_graphite,36.22,0.557,2.822,0.525,540,1.5275,73.794
B064,NMC_graphite,36.22,0.557,2.822,0.525,550,1.5431,74.547
B064,NMC_graphite,36.22,0.557,2.822,0.525,560,1.5256,73.701
B064,NMC_graphite,36.22,0.557,2.822,0.525,570,1.5236,73.606
B064,NMC_graphite,36.22,0.557,2.822,0.525,580,1.4864,71.81
B064,NMC_graphite,36.22,0.557,2.822,0.525,590,1.4756,71.287
B064,NMC_graphite,36.22,0.557,2.822,0.525,600,1.4794,71.468
B064,NMC_graphite,36.22,0.557,2.822,0.525,610,1.4558,70.329
B064,NMC_graphite,36.22,0.557,2.822,0.525,620,1.4392,69.527
B064,NMC_graphite,36.22,0.557,2.822,0.525,630,1.4395,69.541
B064,NMC_graphite,36.22,0.557,2.822,0.525,640,1.4245,68.816
B064,NMC_graphite,36.22,0.557,2.822,0.525,650,1.4154,68.38
B064,NMC_graphite,36.22,0.557,2.822,0.525,660,1.4208,68.64
B064,NMC_graphite,36.22,0.557,2.822,0.525,670,1.4083,68.037
B064,NMC_graphite,36.22,0.557,2.822,0.525,680,1.3721,66.285
B064,NMC_graphite,36.22,0.557,2.822,0.525,690,1.3551,65.464
B064,NMC_graphite,36.22,0.557,2.822,0.525,700,1.3444,64.947
B064,NMC_graphite,36.22,0.557,2.822,0.525,710,1.3495,65.197
B064,NMC_graphite,36.22,0.557,2.822,0.525,720,1.3328,64.39
B064,NMC_graphite,36.22,0.557,2.822,0.525,730,1.3176,63.652
B064,NMC_graphite,36.22,0.557,2.822,0.525,740,1.3111,63.339
B064,NMC_graphite,36.22,0.557,2.822,0.525,750,1.2891,62.278
B064,NMC_graphite,36.22,0.557,2.822,0.525,760,1.2736,61.529
B064,NMC_graphite,36.22,0.557,2.822,0.525,770,1.2725,61.476
B064,NMC_graphite,36.22,0.557,2.822,0.525,780,1.2631,61.019
B064,NMC_graphite,36.22,0.557,2.822,0.525,790,1.2461,60.197
B064,NMC_graphite,36.22,0.557,2.822,0.525,800,1.221,58.987
B064,NMC_graphite,36.22,0.557,2.822,0.525,810,1.2177,58.828
B064,NMC_graphite,36.22,0.557,2.822,0.525,820,1.2174,58.813
B064,NMC_graphite,36.22,0.557,2.822,0.525,830,1.1914,57.558
B064,NMC_graphite,36.22,0.557,2.822,0.525,840,1.1747,56.751
B064,NMC_graphite,36.22,0.557,2.822,0.525,850,1.1612,56.097
B064,NMC_graphite,36.22,0.557,2.822,0.525,860,1.1491,55.513
B064,NMC_graphite,36.22,0.557,2.822,0.525,870,1.1431,55.221
B064,NMC_graphite,36.22,0.557,2.822,0.525,880,1.1339,54.78
B064,NMC_graphite,36.22,0.557,2.822,0.525,890,1.1172,53.97
B064,NMC_graphite,36.22,0.557,2.822,0.525,900,1.1048,53.373
B064,NMC_graphite,36.22,0.557,2.822,0.525,910,1.0872,52.524
B064,NMC_graphite,36.22,0.557,2.822,0.525,920,1.0697,51.675
B064,NMC_graphite,36.22,0.557,2.822,0.525,930,1.0575,51.089
B064,NMC_graphite,36.22,0.557,2.822,0.525,940,1.0397,50.23
B064,NMC_graphite,36.22,0.557,2.822,0.525,950,1.0327,49.891
B064,NMC_graphite,36.22,0.557,2.822,0.525,960,1.0349,49.996
B064,NMC_graphite,36.22,0.557,2.822,0.525,970,1.027,49.615
B064,NMC_graphite,36.22,0.557,2.822,0.525,980,1.0012,48.366
B064,NMC_graphite,36.22,0.557,2.822,0.525,990,0.9893,47.794
B064,NMC_graphite,36.22,0.557,2.822,0.525,1000,0.9732,47.015
B065,NMC_graphite,45.04,0.957,1.969,0.891,0,2.0712,99.938
B065,NMC_graphite,45.04,0.957,1.969,0.891,10,2.0491,98.874
B065,NMC_graphite,45.04,0.957,1.969,0.891,20,1.9976,96.389
B065,NMC_graphite,45.04,0.957,1.969,0.891,30,1.937,93.464
B065,NMC_graphite,45.04,0.957,1.969,0.891,40,1.8377,88.67
B065,NMC_graphite,45.04,0.957,1.969,0.891,50,1.7822,85.995
B065,NMC_graphite,45.04,0.957,1.969,0.891,60,1.671,80.627
B065,NMC_graphite,45.04,0.957,1.969,0.891,70,1.5648,75.505
B065,NMC_graphite,45.04,0.957,1.969,0.891,80,1.4508,70.003
B065,NMC_graphite,45.04,0.957,1.969,0.891,90,1.3451,64.905
B065,NMC_graphite,45.04,0.957,1.969,0.891,100,1.2281,59.259
B065,NMC_graphite,45.04,0.957,1.969,0.891,110,1.086,52.403
B065,NMC_graphite,45.04,0.957,1.969,0.891,120,0.9498,45.83
B065,NMC_graphite,45.04,0.957,1.969,0.891,130,0.804,45.0
B065,NMC_graphite,45.04,0.957,1.969,0.891,140,0.6499,45.0
B065,NMC_graphite,45.04,0.957,1.969,0.891,150,0.5068,45.0
B065,NMC_graphite,45.04,0.957,1.969,0.891,160,0.3417,45.0
B065,NMC_graphite,45.04,0.957,1.969,0.891,170,0.1795,45.0
B065,NMC_graphite,45.04,0.957,1.969,0.891,180,0.0159,45.0
B065,NMC_graphite,45.04,0.957,1.969,0.891,190,-0.173,45.0
B065,NMC_graphite,45.04,0.957,1.969,0.891,200,-0.3458,45.0
B065,NMC_graphite,45.04,0.957,1.969,0.891,210,-0.5173,45.0
B065,NMC_graphite,45.04,0.957,1.969,0.891,220,-0.7186,45.0
B065,NMC_graphite,45.04,0.957,1.969,0.891,230,-0.9153,45.0
B065,NMC_graphite,45.04,0.957,1.969,0.891,240,-1.1068,45.0
B065,NMC_graphite,45.04,0.957,1.969,0.891,250,-1.3043,45.0
B065,NMC_graphite,45.04,0.957,1.969,0.891,260,-1.5096,45.0
B065,NMC_graphite,45.04,0.957,1.969,0.891,270,-1.7116,45.0
B065,NMC_graphite,45.04,0.957,1.969,0.891,280,-1.9335,45.0
B065,NMC_graphite,45.04,0.957,1.969,0.891,290,-2.142,45.0
B065,NMC_graphite,45.04,0.957,1.969,0.891,300,-2.388,45.0
B065,NMC_graphite,45.04,0.957,1.969,0.891,310,-2.5924,45.0
B065,NMC_graphite,45.04,0.957,1.969,0.891,320,-2.8034,45.0
B065,NMC_graphite,45.04,0.957,1.969,0.891,330,-3.0417,45.0
B065,NMC_graphite,45.04,0.957,1.969,0.891,340,-3.2543,45.0
B065,NMC_graphite,45.04,0.957,1.969,0.891,350,-3.5153,45.0
B065,NMC_graphite,45.04,0.957,1.969,0.891,360,-3.7622,45.0
B065,NMC_graphite,45.04,0.957,1.969,0.891,370,-4.0099,45.0
B065,NMC_graphite,45.04,0.957,1.969,0.891,380,-4.2464,45.0
B065,NMC_graphite,45.04,0.957,1.969,0.891,390,-4.4914,45.0
B065,NMC_graphite,45.04,0.957,1.969,0.891,400,-4.746,45.0
B065,NMC_graphite,45.04,0.957,1.969,0.891,410,-5.0059,45.0
B065,NMC_graphite,45.04,0.957,1.969,0.891,420,-5.2688,45.0
B065,NMC_graphite,45.04,0.957,1.969,0.891,430,-5.5404,45.0
B065,NMC_graphite,45.04,0.957,1.969,0.891,440,-5.8142,45.0
B065,NMC_graphite,45.04,0.957,1.969,0.891,450,-6.068,45.0
B065,NMC_graphite,45.04,0.957,1.969,0.891,460,-6.3308,45.0
B065,NMC_graphite,45.04,0.957,1.969,0.891,470,-6.6155,45.0
B065,NMC_graphite,45.04,0.957,1.969,0.891,480,-6.8887,45.0
B065,NMC_graphite,45.04,0.957,1.969,0.891,490,-7.1743,45.0
B065,NMC_graphite,45.04,0.957,1.969,0.891,500,-7.4499,45.0
B065,NMC_graphite,45.04,0.957,1.969,0.891,510,-7.7352,45.0
B065,NMC_graphite,45.04,0.957,1.969,0.891,520,-8.0227,45.0
B065,NMC_graphite,45.04,0.957,1.969,0.891,530,-8.3201,45.0
B065,NMC_graphite,45.04,0.957,1.969,0.891,540,-8.6231,45.0
B065,NMC_graphite,45.04,0.957,1.969,0.891,550,-8.9112,45.0
B065,NMC_graphite,45.04,0.957,1.969,0.891,560,-9.2122,45.0
B065,NMC_graphite,45.04,0.957,1.969,0.891,570,-9.5082,45.0
B065,NMC_graphite,45.04,0.957,1.969,0.891,580,-9.8246,45.0
B065,NMC_graphite,45.04,0.957,1.969,0.891,590,-10.1354,45.0
B065,NMC_graphite,45.04,0.957,1.969,0.891,600,-10.4489,45.0
B065,NMC_graphite,45.04,0.957,1.969,0.891,610,-10.7622,45.0
B065,NMC_graphite,45.04,0.957,1.969,0.891,620,-11.0825,45.0
B065,NMC_graphite,45.04,0.957,1.969,0.891,630,-11.3892,45.0
B065,NMC_graphite,45.04,0.957,1.969,0.891,640,-11.7242,45.0
B065,NMC_graphite,45.04,0.957,1.969,0.891,650,-12.0414,45.0
B065,NMC_graphite,45.04,0.957,1.969,0.891,660,-12.3775,45.0
B065,NMC_graphite,45.04,0.957,1.969,0.891,670,-12.6889,45.0
B065,NMC_graphite,45.04,0.957,1.969,0.891,680,-13.0174,45.0
B065,NMC_graphite,45.04,0.957,1.969,0.891,690,-13.3696,45.0
B065,NMC_graphite,45.04,0.957,1.969,0.891,700,-13.7066,45.0
B065,NMC_graphite,45.04,0.957,1.969,0.891,710,-14.0311,45.0
B065,NMC_graphite,45.04,0.957,1.969,0.891,720,-14.3799,45.0
B065,NMC_graphite,45.04,0.957,1.969,0.891,730,-14.7176,45.0
B065,NMC_graphite,45.04,0.957,1.969,0.891,740,-15.0597,45.0
B065,NMC_graphite,45.04,0.957,1.969,0.891,750,-15.4259,45.0
B065,NMC_graphite,45.04,0.957,1.969,0.891,760,-15.7467,45.0
B065,NMC_graphite,45.04,0.957,1.969,0.891,770,-16.1266,45.0
B065,NMC_graphite,45.04,0.957,1.969,0.891,780,-16.4611,45.0
B065,NMC_graphite,45.04,0.957,1.969,0.891,790,-16.8287,45.0
B065,NMC_graphite,45.04,0.957,1.969,0.891,800,-17.1995,45.0
B065,NMC_graphite,45.04,0.957,1.969,0.891,810,-17.5562,45.0
B065,NMC_graphite,45.04,0.957,1.969,0.891,820,-17.9254,45.0
B065,NMC_graphite,45.04,0.957,1.969,0.891,830,-18.2967,45.0
B065,NMC_graphite,45.04,0.957,1.969,0.891,840,-18.6398,45.0
B065,NMC_graphite,45.04,0.957,1.969,0.891,850,-19.0265,45.0
B065,NMC_graphite,45.04,0.957,1.969,0.891,860,-19.3918,45.0
B065,NMC_graphite,45.04,0.957,1.969,0.891,870,-19.7682,45.0
B065,NMC_graphite,45.04,0.957,1.969,0.891,880,-20.1426,45.0
B065,NMC_graphite,45.04,0.957,1.969,0.891,890,-20.5247,45.0
B065,NMC_graphite,45.04,0.957,1.969,0.891,900,-20.9103,45.0
B065,NMC_graphite,45.04,0.957,1.969,0.891,910,-21.2909,45.0
B065,NMC_graphite,45.04,0.957,1.969,0.891,920,-21.6767,45.0
B065,NMC_graphite,45.04,0.957,1.969,0.891,930,-22.0622,45.0
B065,NMC_graphite,45.04,0.957,1.969,0.891,940,-22.4368,45.0
B065,NMC_graphite,45.04,0.957,1.969,0.891,950,-22.8363,45.0
B065,NMC_graphite,45.04,0.957,1.969,0.891,960,-23.2338,45.0
B065,NMC_graphite,45.04,0.957,1.969,0.891,970,-23.6237,45.0
B065,NMC_graphite,45.04,0.957,1.969,0.891,980,-24.033,45.0
B065,NMC_graphite,45.04,0.957,1.969,0.891,990,-24.4255,45.0
B065,NMC_graphite,45.04,0.957,1.969,0.891,1000,-24.8408,45.0
B066,NMC_graphite,35.62,1.209,2.844,0.904,0,2.0853,100.16
B066,NMC_graphite,35.62,1.209,2.844,0.904,10,2.0626,99.07
B066,NMC_graphite,35.62,1.209,2.844,0.904,20,2.0271,97.363
B066,NMC_graphite,35.62,1.209,2.844,0.904,30,1.9439,93.368
B066,NMC_graphite,35.62,1.209,2.844,0.904,40,1.8809,90.344
B066,NMC_graphite,35.62,1.209,2.844,0.904,50,1.8133,87.097
B066,NMC_graphite,35.62,1.209,2.844,0.904,60,1.7378,83.47
B066,NMC_graphite,35.62,1.209,2.844,0.904,70,1.6406,78.8
B066,NMC_graphite,35.62,1.209,2.844,0.904,80,1.5248,73.239
B066,NMC_graphite,35.62,1.209,2.844,0.904,90,1.4374,69.041
B066,NMC_graphite,35.62,1.209,2.844,0.904,100,1.3335,64.05
B066,NMC_graphite,35.62,1.209,2.844,0.904,110,1.2062,57.933
B066,NMC_graphite,35.62,1.209,2.844,0.904,120,1.0834,52.036
B066,NMC_graphite,35.62,1.209,2.844,0.904,130,0.9734,46.752
B066,NMC_graphite,35.62,1.209,2.844,0.904,140,0.8474,45.0
B066,NMC_graphite,35.62,1.209,2.844,0.904,150,0.7147,45.0
B066,NMC_graphite,35.62,1.209,2.844,0.904,160,0.5755,45.0
B066,NMC_graphite,35.62,1.209,2.844,0.904,170,0.441,45.0
B066,NMC_graphite,35.62,1.209,2.844,0.904,180,0.3108,45.0
B066,NMC_graphite,35.62,1.209,2.844,0.904,190,0.1463,45.0
B066,NMC_graphite,35.62,1.209,2.844,0.904,200,0.0068,45.0
B066,NMC_graphite,35.62,1.209,2.844,0.904,210,-0.1551,45.0
B066,NMC_graphite,35.62,1.209,2.844,0.904,220,-0.3025,45.0
B066,NMC_graphite,35.62,1.209,2.844,0.904,230,-0.4577,45.0
B066,NMC_graphite,35.62,1.209,2.844,0.904,240,-0.6293,45.0
B066,NMC_graphite,35.62,1.209,2.844,0.904,250,-0.8034,45.0
B066,NMC_graphite,35.62,1.209,2.844,0.904,260,-0.9715,45.0
B066,NMC_graphite,35.62,1.209,2.844,0.904,270,-1.1279,45.0
B066,NMC_graphite,35.62,1.209,2.844,0.904,280,-1.3107,45.0
B066,NMC_graphite,35.62,1.209,2.844,0.904,290,-1.5026,45.0
B066,NMC_graphite,35.62,1.209,2.844,0.904,300,-1.6716,45.0
B066,NMC_graphite,35.62,1.209,2.844,0.904,310,-1.8601,45.0
B066,NMC_graphite,35.62,1.209,2.844,0.904,320,-2.0377,45.0
B066,NMC_graphite,35.62,1.209,2.844,0.904,330,-2.2206,45.0
B066,NMC_graphite,35.62,1.209,2.844,0.904,340,-2.4292,45.0
B066,NMC_graphite,35.62,1.209,2.844,0.904,350,-2.6328,45.0
B066,NMC_graphite,35.62,1.209,2.844,0.904,360,-2.8196,45.0
B066,NMC_graphite,35.62,1.209,2.844,0.904,370,-3.0278,45.0
B066,NMC_graphite,35.62,1.209,2.844,0.904,380,-3.2165,45.0
B066,NMC_graphite,35.62,1.209,2.844,0.904,390,-3.4286,45.0
B066,NMC_graphite,35.62,1.209,2.844,0.904,400,-3.6318,45.0
B066,NMC_graphite,35.62,1.209,2.844,0.904,410,-3.8483,45.0
B066,NMC_graphite,35.62,1.209,2.844,0.904,420,-4.0518,45.0
B066,NMC_graphite,35.62,1.209,2.844,0.904,430,-4.2517,45.0
B066,NMC_graphite,35.62,1.209,2.844,0.904,440,-4.4767,45.0
B066,NMC_graphite,35.62,1.209,2.844,0.904,450,-4.7081,45.0
B066,NMC_graphite,35.62,1.209,2.844,0.904,460,-4.9238,45.0
B066,NMC_graphite,35.62,1.209,2.844,0.904,470,-5.1516,45.0
B066,NMC_graphite,35.62,1.209,2.844,0.904,480,-5.3515,45.0
B066,NMC_graphite,35.62,1.209,2.844,0.904,490,-5.6154,45.0
B066,NMC_graphite,35.62,1.209,2.844,0.904,500,-5.8345,45.0
B066,NMC_graphite,35.62,1.209,2.844,0.904,510,-6.0564,45.0
B066,NMC_graphite,35.62,1.209,2.844,0.904,520,-6.2924,45.0
B066,NMC_graphite,35.62,1.209,2.844,0.904,530,-6.5361,45.0
B066,NMC_graphite,35.62,1.209,2.844,0.904,540,-6.778,45.0
B066,NMC_graphite,35.62,1.209,2.844,0.904,550,-7.0078,45.0
B066,NMC_graphite,35.62,1.209,2.844,0.904,560,-7.2479,45.0
B066,NMC_graphite,35.62,1.209,2.844,0.904,570,-7.4963,45.0
B066,NMC_graphite,35.62,1.209,2.844,0.904,580,-7.7474,45.0
B066,NMC_graphite,35.62,1.209,2.844,0.904,590,-7.9974,45.0
B066,NMC_graphite,35.62,1.209,2.844,0.904,600,-8.2425,45.0
B066,NMC_graphite,35.62,1.209,2.844,0.904,610,-8.4825,45.0
B066,NMC_graphite,35.62,1.209,2.844,0.904,620,-8.755,45.0
B066,NMC_graphite,35.62,1.209,2.844,0.904,630,-8.9938,45.0
B066,NMC_graphite,35.62,1.209,2.844,0.904,640,-9.2659,45.0
B066,NMC_graphite,35.62,1.209,2.844,0.904,650,-9.5252,45.0
B066,NMC_graphite,35.62,1.209,2.844,0.904,660,-9.785,45.0
B066,NMC_graphite,35.62,1.209,2.844,0.904,670,-10.0428,45.0
B066,NMC_graphite,35.62,1.209,2.844,0.904,680,-10.3177,45.0
B066,NMC_graphite,35.62,1.209,2.844,0.904,690,-10.5637,45.0
B066,NMC_graphite,35.62,1.209,2.844,0.904,700,-10.8448,45.0
B066,NMC_graphite,35.62,1.209,2.844,0.904,710,-11.1117,45.0
B066,NMC_graphite,35.62,1.209,2.844,0.904,720,-11.395,45.0
B066,NMC_graphite,35.62,1.209,2.844,0.904,730,-11.6675,45.0
B066,NMC_graphite,35.62,1.209,2.844,0.904,740,-11.9189,45.0
B066,NMC_graphite,35.62,1.209,2.844,0.904,750,-12.2022,45.0
B066,NMC_graphite,35.62,1.209,2.844,0.904,760,-12.4856,45.0
B066,NMC_graphite,35.62,1.209,2.844,0.904,770,-12.7826,45.0
B066,NMC_graphite,35.62,1.209,2.844,0.904,780,-13.0515,45.0
B066,NMC_graphite,35.62,1.209,2.844,0.904,790,-13.3236,45.0
B066,NMC_graphite,35.62,1.209,2.844,0.904,800,-13.6259,45.0
B066,NMC_graphite,35.62,1.209,2.844,0.904,810,-13.9195,45.0
B066,NMC_graphite,35.62,1.209,2.844,0.904,820,-14.2037,45.0
B066,NMC_graphite,35.62,1.209,2.844,0.904,830,-14.4795,45.0
B066,NMC_graphite,35.62,1.209,2.844,0.904,840,-14.7755,45.0
B066,NMC_graphite,35.62,1.209,2.844,0.904,850,-15.0777,45.0
B066,NMC_graphite,35.62,1.209,2.844,0.904,860,-15.3694,45.0
B066,NMC_graphite,35.62,1.209,2.844,0.904,870,-15.668,45.0
B066,NMC_graphite,35.62,1.209,2.844,0.904,880,-15.9739,45.0
B066,NMC_graphite,35.62,1.209,2.844,0.904,890,-16.2629,45.0
B066,NMC_graphite,35.62,1.209,2.844,0.904,900,-16.5683,45.0
B066,NMC_graphite,35.62,1.209,2.844,0.904,910,-16.8753,45.0
B066,NMC_graphite,35.62,1.209,2.844,0.904,920,-17.1633,45.0
B066,NMC_graphite,35.62,1.209,2.844,0.904,930,-17.4579,45.0
B066,NMC_graphite,35.62,1.209,2.844,0.904,940,-17.7873,45.0
B066,NMC_graphite,35.62,1.209,2.844,0.904,950,-18.1031,45.0
B066,NMC_graphite,35.62,1.209,2.844,0.904,960,-18.409,45.0
B066,NMC_graphite,35.62,1.209,2.844,0.904,970,-18.7149,45.0
B066,NMC_graphite,35.62,1.209,2.844,0.904,980,-19.0198,45.0
B066,NMC_graphite,35.62,1.209,2.844,0.904,990,-19.3704,45.0
B066,NMC_graphite,35.62,1.209,2.844,0.904,1000,-19.6652,45.0
B067,NMC_graphite,35.9,0.572,1.379,0.753,0,2.007,99.601
B067,NMC_graphite,35.9,0.572,1.379,0.753,10,2.0139,99.942
B067,NMC_graphite,35.9,0.572,1.379,0.753,20,1.9899,98.754
B067,NMC_graphite,35.9,0.572,1.379,0.753,30,1.976,98.063
B067,NMC_graphite,35.9,0.572,1.379,0.753,40,1.9575,97.144
B067,NMC_graphite,35.9,0.572,1.379,0.753,50,1.9456,96.556
B067,NMC_graphite,35.9,0.572,1.379,0.753,60,1.9287,95.717
B067,NMC_graphite,35.9,0.572,1.379,0.753,70,1.9134,94.958
B067,NMC_graphite,35.9,0.572,1.379,0.753,80,1.9037,94.477
B067,NMC_graphite,35.9,0.572,1.379,0.753,90,1.8744,93.02
B067,NMC_graphite,35.9,0.572,1.379,0.753,100,1.8563,92.122
B067,NMC_graphite,35.9,0.572,1.379,0.753,110,1.8331,90.97
B067,NMC_graphite,35.9,0.572,1.379,0.753,120,1.8198,90.313
B067,NMC_graphite,35.9,0.572,1.379,0.753,130,1.7955,89.105
B067,NMC_graphite,35.9,0.572,1.379,0.753,140,1.7572,87.206
B067,NMC_graphite,35.9,0.572,1.379,0.753,150,1.7295,85.832
B067,NMC_graphite,35.9,0.572,1.379,0.753,160,1.7033,84.533
B067,NMC_graphite,35.9,0.572,1.379,0.753,170,1.7,84.364
B067,NMC_graphite,35.9,0.572,1.379,0.753,180,1.6752,83.136
B067,NMC_graphite,35.9,0.572,1.379,0.753,190,1.6386,81.321
B067,NMC_graphite,35.9,0.572,1.379,0.753,200,1.61,79.902
B067,NMC_graphite,35.9,0.572,1.379,0.753,210,1.5689,77.859
B067,NMC_graphite,35.9,0.572,1.379,0.753,220,1.5647,77.652
B067,NMC_graphite,35.9,0.572,1.379,0.753,230,1.53,75.932
B067,NMC_graphite,35.9,0.572,1.379,0.753,240,1.4993,74.408
B067,NMC_graphite,35.9,0.572,1.379,0.753,250,1.4754,73.221
B067,NMC_graphite,35.9,0.572,1.379,0.753,260,1.4279,70.863
B067,NMC_graphite,35.9,0.572,1.379,0.753,270,1.4153,70.236
B067,NMC_graphite,35.9,0.572,1.379,0.753,280,1.3739,68.184
B067,NMC_graphite,35.9,0.572,1.379,0.753,290,1.3578,67.386
B067,NMC_graphite,35.9,0.572,1.379,0.753,300,1.3237,65.692
B067,NMC_graphite,35.9,0.572,1.379,0.753,310,1.2975,64.391
B067,NMC_graphite,35.9,0.572,1.379,0.753,320,1.2667,62.865
B067,NMC_graphite,35.9,0.572,1.379,0.753,330,1.2305,61.067
B067,NMC_graphite,35.9,0.572,1.379,0.753,340,1.1881,58.961
B067,NMC_graphite,35.9,0.572,1.379,0.753,350,1.161,57.618
B067,NMC_graphite,35.9,0.572,1.379,0.753,360,1.1325,56.203
B067,NMC_graphite,35.9,0.572,1.379,0.753,370,1.078,53.498
B067,NMC_graphite,35.9,0.572,1.379,0.753,380,1.059,52.555
B067,NMC_graphite,35.9,0.572,1.379,0.753,390,1.0307,51.152
B067,NMC_graphite,35.9,0.572,1.379,0.753,400,0.9966,49.461
B067,NMC_graphite,35.9,0.572,1.379,0.753,410,0.9623,47.756
B067,NMC_graphite,35.9,0.572,1.379,0.753,420,0.924,45.855
B067,NMC_graphite,35.9,0.572,1.379,0.753,430,0.8816,45.0
B067,NMC_graphite,35.9,0.572,1.379,0.753,440,0.8452,45.0
B067,NMC_graphite,35.9,0.572,1.379,0.753,450,0.815,45.0
B067,NMC_graphite,35.9,0.572,1.379,0.753,460,0.7915,45.0
B067,NMC_graphite,35.9,0.572,1.379,0.753,470,0.7422,45.0
B067,NMC_graphite,35.9,0.572,1.379,0.753,480,0.701,45.0
B067,NMC_graphite,35.9,0.572,1.379,0.753,490,0.6592,45.0
B067,NMC_graphite,35.9,0.572,1.379,0.753,500,0.6193,45.0
B067,NMC_graphite,35.9,0.572,1.379,0.753,510,0.5883,45.0
B067,NMC_graphite,35.9,0.572,1.379,0.753,520,0.5465,45.0
B067,NMC_graphite,35.9,0.572,1.379,0.753,530,0.5095,45.0
B067,NMC_graphite,35.9,0.572,1.379,0.753,540,0.4883,45.0
B067,NMC_graphite,35.9,0.572,1.379,0.753,550,0.4271,45.0
B067,NMC_graphite,35.9,0.572,1.379,0.753,560,0.4113,45.0
B067,NMC_graphite,35.9,0.572,1.379,0.753,570,0.361,45.0
B067,NMC_graphite,35.9,0.572,1.379,0.753,580,0.3194,45.0
B067,NMC_graphite,35.9,0.572,1.379,0.753,590,0.2988,45.0
B067,NMC_graphite,35.9,0.572,1.379,0.753,600,0.2422,45.0
B067,NMC_graphite,35.9,0.572,1.379,0.753,610,0.2009,45.0
B067,NMC_graphite,35.9,0.572,1.379,0.753,620,0.1746,45.0
B067,NMC_graphite,35.9,0.572,1.379,0.753,630,0.1383,45.0
B067,NMC_graphite,35.9,0.572,1.379,0.753,640,0.0913,45.0
B067,NMC_graphite,35.9,0.572,1.379,0.753,650,0.0621,45.0
B067,NMC_graphite,35.9,0.572,1.379,0.753,660,0.0148,45.0
B067,NMC_graphite,35.9,0.572,1.379,0.753,670,-0.0477,45.0
B067,NMC_graphite,35.9,0.572,1.379,0.753,680,-0.0812,45.0
B067,NMC_graphite,35.9,0.572,1.379,0.753,690,-0.1111,45.0
B067,NMC_graphite,35.9,0.572,1.379,0.753,700,-0.1779,45.0
B067,NMC_graphite,35.9,0.572,1.379,0.753,710,-0.204,45.0
B067,NMC_graphite,35.9,0.572,1.379,0.753,720,-0.2539,45.0
B067,NMC_graphite,35.9,0.572,1.379,0.753,730,-0.2929,45.0
B067,NMC_graphite,35.9,0.572,1.379,0.753,740,-0.3253,45.0
B067,NMC_graphite,35.9,0.572,1.379,0.753,750,-0.3731,45.0
B067,NMC_graphite,35.9,0.572,1.379,0.753,760,-0.4117,45.0
B067,NMC_graphite,35.9,0.572,1.379,0.753,770,-0.4599,45.0
B067,NMC_graphite,35.9,0.572,1.379,0.753,780,-0.4929,45.0
B067,NMC_graphite,35.9,0.572,1.379,0.753,790,-0.5557,45.0
B067,NMC_graphite,35.9,0.572,1.379,0.753,800,-0.5917,45.0
B067,NMC_graphite,35.9,0.572,1.379,0.753,810,-0.645,45.0
B067,NMC_graphite,35.9,0.572,1.379,0.753,820,-0.6859,45.0
B067,NMC_graphite,35.9,0.572,1.379,0.753,830,-0.7254,45.0
B067,NMC_graphite,35.9,0.572,1.379,0.753,840,-0.7632,45.0
B067,NMC_graphite,35.9,0.572,1.379,0.753,850,-0.7952,45.0
B067,NMC_graphite,35.9,0.572,1.379,0.753,860,-0.8482,45.0
B067,NMC_graphite,35.9,0.572,1.379,0.753,870,-0.9199,45.0
B067,NMC_graphite,35.9,0.572,1.379,0.753,880,-0.9507,45.0
B067,NMC_graphite,35.9,0.572,1.379,0.753,890,-0.998,45.0
B067,NMC_graphite,35.9,0.572,1.379,0.753,900,-1.0389,45.0
B067,NMC_graphite,35.9,0.572,1.379,0.753,910,-1.0764,45.0
B067,NMC_graphite,35.9,0.572,1.379,0.753,920,-1.1291,45.0
B067,NMC_graphite,35.9,0.572,1.379,0.753,930,-1.1744,45.0
B067,NMC_graphite,35.9,0.572,1.379,0.753,940,-1.2227,45.0
B067,NMC_graphite,35.9,0.572,1.379,0.753,950,-1.2717,45.0
B067,NMC_graphite,35.9,0.572,1.379,0.753,960,-1.3242,45.0
B067,NMC_graphite,35.9,0.572,1.379,0.753,970,-1.37,45.0
B067,NMC_graphite,35.9,0.572,1.379,0.753,980,-1.4273,45.0
B067,NMC_graphite,35.9,0.572,1.379,0.753,990,-1.4657,45.0
B067,NMC_graphite,35.9,0.572,1.379,0.753,1000,-1.5159,45.0
B068,LFP_graphite,23.23,1.331,0.804,0.527,0,2.0025,99.609
B068,LFP_graphite,23.23,1.331,0.804,0.527,10,2.0153,100.245
B068,LFP_graphite,23.23,1.331,0.804,0.527,20,2.0039,99.676
B068,LFP_graphite,23.23,1.331,0.804,0.527,30,2.0008,99.525
B068,LFP_graphite,23.23,1.331,0.804,0.527,40,1.9767,98.324
B068,LFP_graphite,23.23,1.331,0.804,0.527,50,1.965,97.742
B068,LFP_graphite,23.23,1.331,0.804,0.527,60,1.948,96.896
B068,LFP_graphite,23.23,1.331,0.804,0.527,70,1.9366,96.33
B068,LFP_graphite,23.23,1.331,0.804,0.527,80,1.9186,95.437
B068,LFP_graphite,23.23,1.331,0.804,0.527,90,1.888,93.914
B068,LFP_graphite,23.23,1.331,0.804,0.527,100,1.8688,92.958
B068,LFP_graphite,23.23,1.331,0.804,0.527,110,1.8526,92.153
B068,LFP_graphite,23.23,1.331,0.804,0.527,120,1.8313,91.093
B068,LFP_graphite,23.23,1.331,0.804,0.527,130,1.7971,89.393
B068,LFP_graphite,23.23,1.331,0.804,0.527,140,1.7805,88.566
B068,LFP_graphite,23.23,1.331,0.804,0.527,150,1.7667,87.878
B068,LFP_graphite,23.23,1.331,0.804,0.527,160,1.7373,86.419
B068,LFP_graphite,23.23,1.331,0.804,0.527,170,1.6853,83.832
B068,LFP_graphite,23.23,1.331,0.804,0.527,180,1.682,83.665
B068,LFP_graphite,23.23,1.331,0.804,0.527,190,1.6435,81.753
B068,LFP_graphite,23.23,1.331,0.804,0.527,200,1.6209,80.627
B068,LFP_graphite,23.23,1.331,0.804,0.527,210,1.581,78.644
B068,LFP_graphite,23.23,1.331,0.804,0.527,220,1.5419,76.699
B068,LFP_graphite,23.23,1.331,0.804,0.527,230,1.519,75.556
B068,LFP_graphite,23.23,1.331,0.804,0.527,240,1.4865,73.944
B068,LFP_graphite,23.23,1.331,0.804,0.527,250,1.4552,72.383
B068,LFP_graphite,23.23,1.331,0.804,0.527,260,1.4268,70.974
B068,LFP_graphite,23.23,1.331,0.804,0.527,270,1.4012,69.699
B068,LFP_graphite,23.23,1.331,0.804,0.527,280,1.3647,67.884
B068,LFP_graphite,23.23,1.331,0.804,0.527,290,1.3278,66.049
B068,LFP_graphite,23.23,1.331,0.804,0.527,300,1.2993,64.629
B068,LFP_graphite,23.23,1.331,0.804,0.527,310,1.265,62.922
B068,LFP_graphite,23.23,1.331,0.804,0.527,320,1.1998,59.678
B068,LFP_graphite,23.23,1.331,0.804,0.527,330,1.1886,59.124
B068,LFP_graphite,23.23,1.331,0.804,0.527,340,1.1458,56.993
B068,LFP_graphite,23.23,1.331,0.804,0.527,350,1.1082,55.125
B068,LFP_graphite,23.23,1.331,0.804,0.527,360,1.0631,52.879
B068,LFP_graphite,23.23,1.331,0.804,0.527,370,1.0275,51.108
B068,LFP_graphite,23.23,1.331,0.804,0.527,380,0.9716,48.327
B068,LFP_graphite,23.23,1.331,0.804,0.527,390,0.9405,46.781
B068,LFP_graphite,23.23,1.331,0.804,0.527,400,0.9094,45.238
B068,LFP_graphite,23.23,1.331,0.804,0.527,410,0.8477,45.0
B068,LFP_graphite,23.23,1.331,0.804,0.527,420,0.8203,45.0
B068,LFP_graphite,23.23,1.331,0.804,0.527,430,0.7577,45.0
B068,LFP_graphite,23.23,1.331,0.804,0.527,440,0.7169,45.0
B068,LFP_graphite,23.23,1.331,0.804,0.527,450,0.6749,45.0
B068,LFP_graphite,23.23,1.331,0.804,0.527,460,0.6168,45.0
B068,LFP_graphite,23.23,1.331,0.804,0.527,470,0.5881,45.0
B068,LFP_graphite,23.23,1.331,0.804,0.527,480,0.529,45.0
B068,LFP_graphite,23.23,1.331,0.804,0.527,490,0.5083,45.0
B068,LFP_graphite,23.23,1.331,0.804,0.527,500,0.4336,45.0
B068,LFP_graphite,23.23,1.331,0.804,0.527,510,0.3872,45.0
B068,LFP_graphite,23.23,1.331,0.804,0.527,520,0.344,45.0
B068,LFP_graphite,23.23,1.331,0.804,0.527,530,0.3012,45.0
B068,LFP_graphite,23.23,1.331,0.804,0.527,540,0.2362,45.0
B068,LFP_graphite,23.23,1.331,0.804,0.527,550,0.1941,45.0
B068,LFP_graphite,23.23,1.331,0.804,0.527,560,0.1517,45.0
B068,LFP_graphite,23.23,1.331,0.804,0.527,570,0.104,45.0
B068,LFP_graphite,23.23,1.331,0.804,0.527,580,0.0348,45.0
B068,LFP_graphite,23.23,1.331,0.804,0.527,590,0.0033,45.0
B068,LFP_graphite,23.23,1.331,0.804,0.527,600,-0.0666,45.0
B068,LFP_graphite,23.23,1.331,0.804,0.527,610,-0.1101,45.0
B068,LFP_graphite,23.23,1.331,0.804,0.527,620,-0.1599,45.0
B068,LFP_graphite,23.23,1.331,0.804,0.527,630,-0.2282,45.0
B068,LFP_graphite,23.23,1.331,0.804,0.527,640,-0.2698,45.0
B068,LFP_graphite,23.23,1.331,0.804,0.527,650,-0.3315,45.0
B068,LFP_graphite,23.23,1.331,0.804,0.527,660,-0.3772,45.0
B068,LFP_graphite,23.23,1.331,0.804,0.527,670,-0.4379,45.0
B068,LFP_graphite,23.23,1.331,0.804,0.527,680,-0.4955,45.0
B068,LFP_graphite,23.23,1.331,0.804,0.527,690,-0.527,45.0
B068,LFP_graphite,23.23,1.331,0.804,0.527,700,-0.5953,45.0
B068,LFP_graphite,23.23,1.331,0.804,0.527,710,-0.669,45.0
B068,LFP_graphite,23.23,1.331,0.804,0.527,720,-0.7354,45.0
B068,LFP_graphite,23.23,1.331,0.804,0.527,730,-0.7799,45.0
B068,LFP_graphite,23.23,1.331,0.804,0.527,740,-0.8385,45.0
B068,LFP_graphite,23.23,1.331,0.804,0.527,750,-0.8943,45.0
B068,LFP_graphite,23.23,1.331,0.804,0.527,760,-0.9505,45.0
B068,LFP_graphite,23.23,1.331,0.804,0.527,770,-1.0059,45.0
B068,LFP_graphite,23.23,1.331,0.804,0.527,780,-1.0752,45.0
B068,LFP_graphite,23.23,1.331,0.804,0.527,790,-1.1372,45.0
B068,LFP_graphite,23.23,1.331,0.804,0.527,800,-1.1897,45.0
B068,LFP_graphite,23.23,1.331,0.804,0.527,810,-1.2673,45.0
B068,LFP_graphite,23.23,1.331,0.804,0.527,820,-1.3273,45.0
B068,LFP_graphite,23.23,1.331,0.804,0.527,830,-1.3724,45.0
B068,LFP_graphite,23.23,1.331,0.804,0.527,840,-1.4294,45.0
B068,LFP_graphite,23.23,1.331,0.804,0.527,850,-1.509,45.0
B068,LFP_graphite,23.23,1.331,0.804,0.527,860,-1.5696,45.0
B068,LFP_graphite,23.23,1.331,0.804,0.527,870,-1.6379,45.0
B068,LFP_graphite,23.23,1.331,0.804,0.527,880,-1.6992,45.0
B068,LFP_graphite,23.23,1.331,0.804,0.527,890,-1.7644,45.0
B068,LFP_graphite,23.23,1.331,0.804,0.527,900,-1.8172,45.0
B068,LFP_graphite,23.23,1.331,0.804,0.527,910,-1.8851,45.0
B068,LFP_graphite,23.23,1.331,0.804,0.527,920,-1.9594,45.0
B068,LFP_graphite,23.23,1.331,0.804,0.527,930,-2.0417,45.0
B068,LFP_graphite,23.23,1.331,0.804,0.527,940,-2.0911,45.0
B068,LFP_graphite,23.23,1.331,0.804,0.527,950,-2.1616,45.0
B068,LFP_graphite,23.23,1.331,0.804,0.527,960,-2.2167,45.0
B068,LFP_graphite,23.23,1.331,0.804,0.527,970,-2.2913,45.0
B068,LFP_graphite,23.23,1.331,0.804,0.527,980,-2.3373,45.0
B068,LFP_graphite,23.23,1.331,0.804,0.527,990,-2.4363,45.0
B068,LFP_graphite,23.23,1.331,0.804,0.527,1000,-2.488,45.0
B069,NCA_graphite,34.01,0.615,0.525,0.744,0,2.0767,100.035
B069,NCA_graphite,34.01,0.615,0.525,0.744,10,2.0636,99.403
B069,NCA_graphite,34.01,0.615,0.525,0.744,20,2.0603,99.245
B069,NCA_graphite,34.01,0.615,0.525,0.744,30,2.0428,98.402
B069,NCA_graphite,34.01,0.615,0.525,0.744,40,2.01,96.822
B069,NCA_graphite,34.01,0.615,0.525,0.744,50,1.9823,95.485
B069,NCA_graphite,34.01,0.615,0.525,0.744,60,1.9406,93.48
B069,NCA_graphite,34.01,0.615,0.525,0.744,70,1.9149,92.24
B069,NCA_graphite,34.01,0.615,0.525,0.744,80,1.8784,90.482
B069,NCA_graphite,34.01,0.615,0.525,0.744,90,1.8415,88.704
B069,NCA_graphite,34.01,0.615,0.525,0.744,100,1.7982,86.617
B069,NCA_graphite,34.01,0.615,0.525,0.744,110,1.7634,84.941
B069,NCA_graphite,34.01,0.615,0.525,0.744,120,1.6979,81.789
B069,NCA_graphite,34.01,0.615,0.525,0.744,130,1.6566,79.799
B069,NCA_graphite,34.01,0.615,0.525,0.744,140,1.6049,77.307
B069,NCA_graphite,34.01,0.615,0.525,0.744,150,1.5609,75.188
B069,NCA_graphite,34.01,0.615,0.525,0.744,160,1.5105,72.762
B069,NCA_graphite,34.01,0.615,0.525,0.744,170,1.4401,69.367
B069,NCA_graphite,34.01,0.615,0.525,0.744,180,1.3851,66.722
B069,NCA_graphite,34.01,0.615,0.525,0.744,190,1.3342,64.27
B069,NCA_graphite,34.01,0.615,0.525,0.744,200,1.2761,61.47
B069,NCA_graphite,34.01,0.615,0.525,0.744,210,1.2211,58.819
B069,NCA_graphite,34.01,0.615,0.525,0.744,220,1.1331,54.58
B069,NCA_graphite,34.01,0.615,0.525,0.744,230,1.0837,52.2
B069,NCA_graphite,34.01,0.615,0.525,0.744,240,1.0054,48.429
B069,NCA_graphite,34.01,0.615,0.525,0.744,250,0.9422,45.384
B069,NCA_graphite,34.01,0.615,0.525,0.744,260,0.8785,45.0
B069,NCA_graphite,34.01,0.615,0.525,0.744,270,0.8147,45.0
B069,NCA_graphite,34.01,0.615,0.525,0.744,280,0.7341,45.0
B069,NCA_graphite,34.01,0.615,0.525,0.744,290,0.6501,45.0
B069,NCA_graphite,34.01,0.615,0.525,0.744,300,0.5962,45.0
B069,NCA_graphite,34.01,0.615,0.525,0.744,310,0.509,45.0
B069,NCA_graphite,34.01,0.615,0.525,0.744,320,0.425,45.0
B069,NCA_graphite,34.01,0.615,0.525,0.744,330,0.3561,45.0
B069,NCA_graphite,34.01,0.615,0.525,0.744,340,0.2758,45.0
B069,NCA_graphite,34.01,0.615,0.525,0.744,350,0.1897,45.0
B069,NCA_graphite,34.01,0.615,0.525,0.744,360,0.1159,45.0
B069,NCA_graphite,34.01,0.615,0.525,0.744,370,0.0165,45.0
B069,NCA_graphite,34.01,0.615,0.525,0.744,380,-0.0627,45.0
B069,NCA_graphite,34.01,0.615,0.525,0.744,390,-0.1493,45.0
B069,NCA_graphite,34.01,0.615,0.525,0.744,400,-0.2319,45.0
B069,NCA_graphite,34.01,0.615,0.525,0.744,410,-0.3221,45.0
B069,NCA_graphite,34.01,0.615,0.525,0.744,420,-0.4185,45.0
B069,NCA_graphite,34.01,0.615,0.525,0.744,430,-0.4985,45.0
B069,NCA_graphite,34.01,0.615,0.525,0.744,440,-0.579,45.0
B069,NCA_graphite,34.01,0.615,0.525,0.744,450,-0.6848,45.0
B069,NCA_graphite,34.01,0.615,0.525,0.744,460,-0.7799,45.0
B069,NCA_graphite,34.01,0.615,0.525,0.744,470,-0.8793,45.0
B069,NCA_graphite,34.01,0.615,0.525,0.744,480,-0.9766,45.0
B069,NCA_graphite,34.01,0.615,0.525,0.744,490,-1.0704,45.0
B069,NCA_graphite,34.01,0.615,0.525,0.744,500,-1.1731,45.0
B069,NCA_graphite,34.01,0.615,0.525,0.744,510,-1.2668,45.0
B069,NCA_graphite,34.01,0.615,0.525,0.744,520,-1.3715,45.0
B069,NCA_graphite,34.01,0.615,0.525,0.744,530,-1.4842,45.0
B069,NCA_graphite,34.01,0.615,0.525,0.744,540,-1.5817,45.0
B069,NCA_graphite,34.01,0.615,0.525,0.744,550,-1.69,45.0
B069,NCA_graphite,34.01,0.615,0.525,0.744,560,-1.7852,45.0
B069,NCA_graphite,34.01,0.615,0.525,0.744,570,-1.8972,45.0
B069,NCA_graphite,34.01,0.615,0.525,0.744,580,-2.0053,45.0
B069,NCA_graphite,34.01,0.615,0.525,0.744,590,-2.1119,45.0
B069,NCA_graphite,34.01,0.615,0.525,0.744,600,-2.2114,45.0
B069,NCA_graphite,34.01,0.615,0.525,0.744,610,-2.3252,45.0
B069,NCA_graphite,34.01,0.615,0.525,0.744,620,-2.4336,45.0
B069,NCA_graphite,34.01,0.615,0.525,0.744,630,-2.547,45.0
B069,NCA_graphite,34.01,0.615,0.525,0.744,640,-2.6838,45.0
B069,NCA_graphite,34.01,0.615,0.525,0.744,650,-2.7511,45.0
B069,NCA_graphite,34.01,0.615,0.525,0.744,660,-2.8827,45.0
B069,NCA_graphite,34.01,0.615,0.525,0.744,670,-2.997,45.0
B069,NCA_graphite,34.01,0.615,0.525,0.744,680,-3.1147,45.0
B069,NCA_graphite,34.01,0.615,0.525,0.744,690,-3.2312,45.0
B069,NCA_graphite,34.01,0.615,0.525,0.744,700,-3.3567,45.0
B069,NCA_graphite,34.01,0.615,0.525,0.744,710,-3.471,45.0
B069,NCA_graphite,34.01,0.615,0.525,0.744,720,-3.5945,45.0
B069,NCA_graphite,34.01,0.615,0.525,0.744,730,-3.716,45.0
B069,NCA_graphite,34.01,0.615,0.525,0.744,740,-3.8382,45.0
B069,NCA_graphite,34.01,0.615,0.525,0.744,750,-3.9569,45.0
B069,NCA_graphite,34.01,0.615,0.525,0.744,760,-4.0796,45.0
B069,NCA_graphite,34.01,0.615,0.525,0.744,770,-4.1958,45.0
B069,NCA_graphite,34.01,0.615,0.525,0.744,780,-4.327,45.0
B069,NCA_graphite,34.01,0.615,0.525,0.744,790,-4.4639,45.0
B069,NCA_graphite,34.01,0.615,0.525,0.744,800,-4.5864,45.0
B069,NCA_graphite,34.01,0.615,0.525,0.744,810,-4.6986,45.0
B069,NCA_graphite,34.01,0.615,0.525,0.744,820,-4.8276,45.0
B069,NCA_graphite,34.01,0.615,0.525,0.744,830,-4.9548,45.0
B069,NCA_graphite,34.01,0.615,0.525,0.744,840,-5.107,45.0
B069,NCA_graphite,34.01,0.615,0.525,0.744,850,-5.2332,45.0
B069,NCA_graphite,34.01,0.615,0.525,0.744,860,-5.3532,45.0
B069,NCA_graphite,34.01,0.615,0.525,0.744,870,-5.4928,45.0
B069,NCA_graphite,34.01,0.615,0.525,0.744,880,-5.6138,45.0
B069,NCA_graphite,34.01,0.615,0.525,0.744,890,-5.7588,45.0
B069,NCA_graphite,34.01,0.615,0.525,0.744,900,-5.8879,45.0
B069,NCA_graphite,34.01,0.615,0.525,0.744,910,-6.0344,45.0
B069,NCA_graphite,34.01,0.615,0.525,0.744,920,-6.1728,45.0
B069,NCA_graphite,34.01,0.615,0.525,0.744,930,-6.2936,45.0
B069,NCA_graphite,34.01,0.615,0.525,0.744,940,-6.4441,45.0
B069,NCA_graphite,34.01,0.615,0.525,0.744,950,-6.5734,45.0
B069,NCA_graphite,34.01,0.615,0.525,0.744,960,-6.7164,45.0
B069,NCA_graphite,34.01,0.615,0.525,0.744,970,-6.8522,45.0
B069,NCA_graphite,34.01,0.615,0.525,0.744,980,-6.9815,45.0
B069,NCA_graphite,34.01,0.615,0.525,0.744,990,-7.1302,45.0
B069,NCA_graphite,34.01,0.615,0.525,0.744,1000,-7.2732,45.0
B070,NCA_graphite,34.25,0.966,1.277,0.626,0,2.1991,100.332
B070,NCA_graphite,34.25,0.966,1.277,0.626,10,2.2017,100.453
B070,NCA_graphite,34.25,0.966,1.277,0.626,20,2.1707,99.037
B070,NCA_graphite,34.25,0.966,1.277,0.626,30,2.1587,98.492
B070,NCA_graphite,34.25,0.966,1.277,0.626,40,2.137,97.5
B070,NCA_graphite,34.25,0.966,1.277,0.626,50,2.1317,97.259
B070,NCA_graphite,34.25,0.966,1.277,0.626,60,2.1009,95.852
B070,NCA_graphite,34.25,0.966,1.277,0.626,70,2.1044,96.015
B070,NCA_graphite,34.25,0.966,1.277,0.626,80,2.0731,94.583
B070,NCA_graphite,34.25,0.966,1.277,0.626,90,2.0559,93.799
B070,NCA_graphite,34.25,0.966,1.277,0.626,100,2.0381,92.986
B070,NCA_graphite,34.25,0.966,1.277,0.626,110,2.0197,92.15
B070,NCA_graphite,34.25,0.966,1.277,0.626,120,2.0042,91.439
B070,NCA_graphite,34.25,0.966,1.277,0.626,130,1.9785,90.266
B070,NCA_graphite,34.25,0.966,1.277,0.626,140,1.9557,89.227
B070,NCA_graphite,34.25,0.966,1.277,0.626,150,1.951,89.012
B070,NCA_graphite,34.25,0.966,1.277,0.626,160,1.9073,87.018
B070,NCA_graphite,34.25,0.966,1.277,0.626,170,1.8914,86.293
B070,NCA_graphite,34.25,0.966,1.277,0.626,180,1.8797,85.762
B070,NCA_graphite,34.25,0.966,1.277,0.626,190,1.8453,84.192
B070,NCA_graphite,34.25,0.966,1.277,0.626,200,1.8255,83.287
B070,NCA_graphite,34.25,0.966,1.277,0.626,210,1.8007,82.155
B070,NCA_graphite,34.25,0.966,1.277,0.626,220,1.7824,81.322
B070,NCA_graphite,34.25,0.966,1.277,0.626,230,1.7562,80.125
B070,NCA_graphite,34.25,0.966,1.277,0.626,240,1.7324,79.039
B070,NCA_graphite,34.25,0.966,1.277,0.626,250,1.707,77.88
B070,NCA_graphite,34.25,0.966,1.277,0.626,260,1.6894,77.076
B070,NCA_graphite,34.25,0.966,1.277,0.626,270,1.6508,75.318
B070,NCA_graphite,34.25,0.966,1.277,0.626,280,1.6243,74.109
B070,NCA_graphite,34.25,0.966,1.277,0.626,290,1.6019,73.085
B070,NCA_graphite,34.25,0.966,1.277,0.626,300,1.5765,71.929
B070,NCA_graphite,34.25,0.966,1.277,0.626,310,1.559,71.129
B070,NCA_graphite,34.25,0.966,1.277,0.626,320,1.5363,70.095
B070,NCA_graphite,34.25,0.966,1.277,0.626,330,1.4978,68.335
B070,NCA_graphite,34.25,0.966,1.277,0.626,340,1.4754,67.315
B070,NCA_graphite,34.25,0.966,1.277,0.626,350,1.4608,66.648
B070,NCA_graphite,34.25,0.966,1.277,0.626,360,1.4278,65.145
B070,NCA_graphite,34.25,0.966,1.277,0.626,370,1.3989,63.825
B070,NCA_graphite,34.25,0.966,1.277,0.626,380,1.3796,62.943
B070,NCA_graphite,34.25,0.966,1.277,0.626,390,1.3293,60.651
B070,NCA_graphite,34.25,0.966,1.277,0.626,400,1.3095,59.748
B070,NCA_graphite,34.25,0.966,1.277,0.626,410,1.2739,58.122
B070,NCA_graphite,34.25,0.966,1.277,0.626,420,1.2464,56.868
B070,NCA_graphite,34.25,0.966,1.277,0.626,430,1.2237,55.829
B070,NCA_graphite,34.25,0.966,1.277,0.626,440,1.1901,54.298
B070,NCA_graphite,34.25,0.966,1.277,0.626,450,1.165,53.153
B070,NCA_graphite,34.25,0.966,1.277,0.626,460,1.1179,51.004
B070,NCA_graphite,34.25,0.966,1.277,0.626,470,1.1124,50.755
B070,NCA_graphite,34.25,0.966,1.277,0.626,480,1.0793,49.241
B070,NCA_graphite,34.25,0.966,1.277,0.626,490,1.0419,47.535
B070,NCA_graphite,34.25,0.966,1.277,0.626,500,1.0078,45.981
B070,NCA_graphite,34.25,0.966,1.277,0.626,510,0.9888,45.115
B070,NCA_graphite,34.25,0.966,1.277,0.626,520,0.96,45.0
B070,NCA_graphite,34.25,0.966,1.277,0.626,530,0.9379,45.0
B070,NCA_graphite,34.25,0.966,1.277,0.626,540,0.8983,45.0
B070,NCA_graphite,34.25,0.966,1.277,0.626,550,0.8684,45.0
B070,NCA_graphite,34.25,0.966,1.277,0.626,560,0.8367,45.0
B070,NCA_graphite,34.25,0.966,1.277,0.626,570,0.8015,45.0
B070,NCA_graphite,34.25,0.966,1.277,0.626,580,0.7776,45.0
B070,NCA_graphite,34.25,0.966,1.277,0.626,590,0.7487,45.0
B070,NCA_graphite,34.25,0.966,1.277,0.626,600,0.6941,45.0
B070,NCA_graphite,34.25,0.966,1.277,0.626,610,0.6852,45.0
B070,NCA_graphite,34.25,0.966,1.277,0.626,620,0.6409,45.0
B070,NCA_graphite,34.25,0.966,1.277,0.626,630,0.6219,45.0
B070,NCA_graphite,34.25,0.966,1.277,0.626,640,0.5836,45.0
B070,NCA_graphite,34.25,0.966,1.277,0.626,650,0.561,45.0
B070,NCA_graphite,34.25,0.966,1.277,0.626,660,0.5299,45.0
B070,NCA_graphite,34.25,0.966,1.277,0.626,670,0.4782,45.0
B070,NCA_graphite,34.25,0.966,1.277,0.626,680,0.4633,45.0
B070,NCA_graphite,34.25,0.966,1.277,0.626,690,0.4287,45.0
B070,NCA_graphite,34.25,0.966,1.277,0.626,700,0.395,45.0
B070,NCA_graphite,34.25,0.966,1.277,0.626,710,0.3506,45.0
B070,NCA_graphite,34.25,0.966,1.277,0.626,720,0.318,45.0
B070,NCA_graphite,34.25,0.966,1.277,0.626,730,0.2897,45.0
B070,NCA_graphite,34.25,0.966,1.277,0.626,740,0.2461,45.0
B070,NCA_graphite,34.25,0.966,1.277,0.626,750,0.2333,45.0
B070,NCA_graphite,34.25,0.966,1.277,0.626,760,0.1857,45.0
B070,NCA_graphite,34.25,0.966,1.277,0.626,770,0.1711,45.0
B070,NCA_graphite,34.25,0.966,1.277,0.626,780,0.1284,45.0
B070,NCA_graphite,34.25,0.966,1.277,0.626,790,0.0734,45.0
B070,NCA_graphite,34.25,0.966,1.277,0.626,800,0.0659,45.0
B070,NCA_graphite,34.25,0.966,1.277,0.626,810,0.0179,45.0
B070,NCA_graphite,34.25,0.966,1.277,0.626,820,-0.0175,45.0
B070,NCA_graphite,34.25,0.966,1.277,0.626,830,-0.0581,45.0
B070,NCA_graphite,34.25,0.966,1.277,0.626,840,-0.0869,45.0
B070,NCA_graphite,34.25,0.966,1.277,0.626,850,-0.1137,45.0
B070,NCA_graphite,34.25,0.966,1.277,0.626,860,-0.1485,45.0
B070,NCA_graphite,34.25,0.966,1.277,0.626,870,-0.1896,45.0
B070,NCA_graphite,34.25,0.966,1.277,0.626,880,-0.2169,45.0
B070,NCA_graphite,34.25,0.966,1.277,0.626,890,-0.2493,45.0
B070,NCA_graphite,34.25,0.966,1.277,0.626,900,-0.2866,45.0
B070,NCA_graphite,34.25,0.966,1.277,0.626,910,-0.3327,45.0
B070,NCA_graphite,34.25,0.966,1.277,0.626,920,-0.3624,45.0
B070,NCA_graphite,34.25,0.966,1.277,0.626,930,-0.4003,45.0
B070,NCA_graphite,34.25,0.966,1.277,0.626,940,-0.4406,45.0
B070,NCA_graphite,34.25,0.966,1.277,0.626,950,-0.4772,45.0
B070,NCA_graphite,34.25,0.966,1.277,0.626,960,-0.5033,45.0
B070,NCA_graphite,34.25,0.966,1.277,0.626,970,-0.5484,45.0
B070,NCA_graphite,34.25,0.966,1.277,0.626,980,-0.5701,45.0
B070,NCA_graphite,34.25,0.966,1.277,0.626,990,-0.6145,45.0
B070,NCA_graphite,34.25,0.966,1.277,0.626,1000,-0.6333,45.0
B071,NCA_graphite,46.92,1.628,2.907,0.506,0,1.9953,99.661
B071,NCA_graphite,46.92,1.628,2.907,0.506,10,1.9848,99.135
B071,NCA_graphite,46.92,1.628,2.907,0.506,20,1.9768,98.736
B071,NCA_graphite,46.92,1.628,2.907,0.506,30,1.9591,97.853
B071,NCA_graphite,46.92,1.628,2.907,0.506,40,1.9374,96.766
B071,NCA_graphite,46.92,1.628,2.907,0.506,50,1.9251,96.156
B071,NCA_graphite,46.92,1.628,2.907,0.506,60,1.919,95.851
B071,NCA_graphite,46.92,1.628,2.907,0.506,70,1.8847,94.135
B071,NCA_graphite,46.92,1.628,2.907,0.506,80,1.8576,92.782
B071,NCA_graphite,46.92,1.628,2.907,0.506,90,1.844,92.101
B071,NCA_graphite,46.92,1.628,2.907,0.506,100,1.8075,90.277
B071,NCA_graphite,46.92,1.628,2.907,0.506,110,1.8132,90.565
B071,NCA_graphite,46.92,1.628,2.907,0.506,120,1.7788,88.846
B071,NCA_graphite,46.92,1.628,2.907,0.506,130,1.7499,87.403
B071,NCA_graphite,46.92,1.628,2.907,0.506,140,1.7245,86.133
B071,NCA_graphite,46.92,1.628,2.907,0.506,150,1.7119,85.506
B071,NCA_graphite,46.92,1.628,2.907,0.506,160,1.6993,84.875
B071,NCA_graphite,46.92,1.628,2.907,0.506,170,1.6545,82.636
B071,NCA_graphite,46.92,1.628,2.907,0.506,180,1.6402,81.924
B071,NCA_graphite,46.92,1.628,2.907,0.506,190,1.6177,80.801
B071,NCA_graphite,46.92,1.628,2.907,0.506,200,1.6004,79.937
B071,NCA_graphite,46.92,1.628,2.907,0.506,210,1.5748,78.658
B071,NCA_graphite,46.92,1.628,2.907,0.506,220,1.5297,76.403
B071,NCA_graphite,46.92,1.628,2.907,0.506,230,1.5195,75.894
B071,NCA_graphite,46.92,1.628,2.907,0.506,240,1.488,74.323
B071,NCA_graphite,46.92,1.628,2.907,0.506,250,1.4782,73.83
B071,NCA_graphite,46.92,1.628,2.907,0.506,260,1.4525,72.546
B071,NCA_graphite,46.92,1.628,2.907,0.506,270,1.4399,71.921
B071,NCA_graphite,46.92,1.628,2.907,0.506,280,1.4058,70.216
B071,NCA_graphite,46.92,1.628,2.907,0.506,290,1.3654,68.198
B071,NCA_graphite,46.92,1.628,2.907,0.506,300,1.3387,66.864
B071,NCA_graphite,46.92,1.628,2.907,0.506,310,1.3135,65.607
B071,NCA_graphite,46.92,1.628,2.907,0.506,320,1.2931,64.586
B071,NCA_graphite,46.92,1.628,2.907,0.506,330,1.2758,63.723
B071,NCA_graphite,46.92,1.628,2.907,0.506,340,1.2474,62.304
B071,NCA_graphite,46.92,1.628,2.907,0.506,350,1.2336,61.617
B071,NCA_graphite,46.92,1.628,2.907,0.506,360,1.2004,59.955
B071,NCA_graphite,46.92,1.628,2.907,0.506,370,1.1598,57.927
B071,NCA_graphite,46.92,1.628,2.907,0.506,380,1.1372,56.799
B071,NCA_graphite,46.92,1.628,2.907,0.506,390,1.1131,55.594
B071,NCA_graphite,46.92,1.628,2.907,0.506,400,1.0803,53.958
B071,NCA_graphite,46.92,1.628,2.907,0.506,410,1.0603,52.957
B071,NCA_graphite,46.92,1.628,2.907,0.506,420,1.0371,51.8
B071,NCA_graphite,46.92,1.628,2.907,0.506,430,1.0186,50.878
B071,NCA_graphite,46.92,1.628,2.907,0.506,440,0.9908,49.487
B071,NCA_graphite,46.92,1.628,2.907,0.506,450,0.9593,47.917
B071,NCA_graphite,46.92,1.628,2.907,0.506,460,0.9306,46.481
B071,NCA_graphite,46.92,1.628,2.907,0.506,470,0.9005,45.0
B071,NCA_graphite,46.92,1.628,2.907,0.506,480,0.879,45.0
B071,NCA_graphite,46.92,1.628,2.907,0.506,490,0.8483,45.0
B071,NCA_graphite,46.92,1.628,2.907,0.506,500,0.8256,45.0
B071,NCA_graphite,46.92,1.628,2.907,0.506,510,0.7827,45.0
B071,NCA_graphite,46.92,1.628,2.907,0.506,520,0.7716,45.0
B071,NCA_graphite,46.92,1.628,2.907,0.506,530,0.7444,45.0
B071,NCA_graphite,46.92,1.628,2.907,0.506,540,0.6945,45.0
B071,NCA_graphite,46.92,1.628,2.907,0.506,550,0.6844,45.0
B071,NCA_graphite,46.92,1.628,2.907,0.506,560,0.6455,45.0
B071,NCA_graphite,46.92,1.628,2.907,0.506,570,0.6228,45.0
B071,NCA_graphite,46.92,1.628,2.907,0.506,580,0.5915,45.0
B071,NCA_graphite,46.92,1.628,2.907,0.506,590,0.5853,45.0
B071,NCA_graphite,46.92,1.628,2.907,0.506,600,0.5386,45.0
B071,NCA_graphite,46.92,1.628,2.907,0.506,610,0.5106,45.0
B071,NCA_graphite,46.92,1.628,2.907,0.506,620,0.4798,45.0
B071,NCA_graphite,46.92,1.628,2.907,0.506,630,0.4757,45.0
B071,NCA_graphite,46.92,1.628,2.907,0.506,640,0.4327,45.0
B071,NCA_graphite,46.92,1.628,2.907,0.506,650,0.3841,45.0
B071,NCA_graphite,46.92,1.628,2.907,0.506,660,0.3759,45.0
B071,NCA_graphite,46.92,1.628,2.907,0.506,670,0.3474,45.0
B071,NCA_graphite,46.92,1.628,2.907,0.506,680,0.3154,45.0
B071,NCA_graphite,46.92,1.628,2.907,0.506,690,0.2782,45.0
B071,NCA_graphite,46.92,1.628,2.907,0.506,700,0.2576,45.0
B071,NCA_graphite,46.92,1.628,2.907,0.506,710,0.2245,45.0
B071,NCA_graphite,46.92,1.628,2.907,0.506,720,0.1957,45.0
B071,NCA_graphite,46.92,1.628,2.907,0.506,730,0.1746,45.0
B071,NCA_graphite,46.92,1.628,2.907,0.506,740,0.1502,45.0
B071,NCA_graphite,46.92,1.628,2.907,0.506,750,0.1178,45.0
B071,NCA_graphite,46.92,1.628,2.907,0.506,760,0.078,45.0
B071,NCA_graphite,46.92,1.628,2.907,0.506,770,0.0554,45.0
B071,NCA_graphite,46.92,1.628,2.907,0.506,780,0.0251,45.0
B071,NCA_graphite,46.92,1.628,2.907,0.506,790,-0.0198,45.0
B071,NCA_graphite,46.92,1.628,2.907,0.506,800,-0.045,45.0
B071,NCA_graphite,46.92,1.628,2.907,0.506,810,-0.0701,45.0
B071,NCA_graphite,46.92,1.628,2.907,0.506,820,-0.0981,45.0
B071,NCA_graphite,46.92,1.628,2.907,0.506,830,-0.1263,45.0
B071,NCA_graphite,46.92,1.628,2.907,0.506,840,-0.1601,45.0
B071,NCA_graphite,46.92,1.628,2.907,0.506,850,-0.1794,45.0
B071,NCA_graphite,46.92,1.628,2.907,0.506,860,-0.2134,45.0
B071,NCA_graphite,46.92,1.628,2.907,0.506,870,-0.2372,45.0
B071,NCA_graphite,46.92,1.628,2.907,0.506,880,-0.2864,45.0
B071,NCA_graphite,46.92,1.628,2.907,0.506,890,-0.3098,45.0
B071,NCA_graphite,46.92,1.628,2.907,0.506,900,-0.33,45.0
B071,NCA_graphite,46.92,1.628,2.907,0.506,910,-0.3638,45.0
B071,NCA_graphite,46.92,1.628,2.907,0.506,920,-0.4039,45.0
B071,NCA_graphite,46.92,1.628,2.907,0.506,930,-0.4294,45.0
B071,NCA_graphite,46.92,1.628,2.907,0.506,940,-0.4569,45.0
B071,NCA_graphite,46.92,1.628,2.907,0.506,950,-0.4859,45.0
B071,NCA_graphite,46.92,1.628,2.907,0.506,960,-0.5208,45.0
B071,NCA_graphite,46.92,1.628,2.907,0.506,970,-0.5601,45.0
B071,NCA_graphite,46.92,1.628,2.907,0.506,980,-0.5792,45.0
B071,NCA_graphite,46.92,1.628,2.907,0.506,990,-0.61,45.0
B071,NCA_graphite,46.92,1.628,2.907,0.506,1000,-0.6525,45.0
B072,NMC_graphite,35.75,0.704,1.685,0.583,0,1.9226,100.026
B072,NMC_graphite,35.75,0.704,1.685,0.583,10,1.9149,99.624
B072,NMC_graphite,35.75,0.704,1.685,0.583,20,1.891,98.383
B072,NMC_graphite,35.75,0.704,1.685,0.583,30,1.8791,97.762
B072,NMC_graphite,35.75,0.704,1.685,0.583,40,1.867,97.133
B072,NMC_graphite,35.75,0.704,1.685,0.583,50,1.8265,95.025
B072,NMC_graphite,35.75,0.704,1.685,0.583,60,1.8023,93.769
B072,NMC_graphite,35.75,0.704,1.685,0.583,70,1.7772,92.462
B072,NMC_graphite,35.75,0.704,1.685,0.583,80,1.7296,89.982
B072,NMC_graphite,35.75,0.704,1.685,0.583,90,1.6992,88.404
B072,NMC_graphite,35.75,0.704,1.685,0.583,100,1.6532,86.013
B072,NMC_graphite,35.75,0.704,1.685,0.583,110,1.6233,84.457
B072,NMC_graphite,35.75,0.704,1.685,0.583,120,1.5854,82.482
B072,NMC_graphite,35.75,0.704,1.685,0.583,130,1.5411,80.179
B072,NMC_graphite,35.75,0.704,1.685,0.583,140,1.4926,77.657
B072,NMC_graphite,35.75,0.704,1.685,0.583,150,1.4619,76.056
B072,NMC_graphite,35.75,0.704,1.685,0.583,160,1.4085,73.281
B072,NMC_graphite,35.75,0.704,1.685,0.583,170,1.3578,70.641
B072,NMC_graphite,35.75,0.704,1.685,0.583,180,1.3113,68.222
B072,NMC_graphite,35.75,0.704,1.685,0.583,190,1.2691,66.028
B072,NMC_graphite,35.75,0.704,1.685,0.583,200,1.2122,63.067
B072,NMC_graphite,35.75,0.704,1.685,0.583,210,1.1548,60.08
B072,NMC_graphite,35.75,0.704,1.685,0.583,220,1.1124,57.875
B072,NMC_graphite,35.75,0.704,1.685,0.583,230,1.0417,54.195
B072,NMC_graphite,35.75,0.704,1.685,0.583,240,0.9959,51.814
B072,NMC_graphite,35.75,0.704,1.685,0.583,250,0.9208,47.906
B072,NMC_graphite,35.75,0.704,1.685,0.583,260,0.876,45.575
B072,NMC_graphite,35.75,0.704,1.685,0.583,270,0.8208,45.0
B072,NMC_graphite,35.75,0.704,1.685,0.583,280,0.7495,45.0
B072,NMC_graphite,35.75,0.704,1.685,0.583,290,0.682,45.0
B072,NMC_graphite,35.75,0.704,1.685,0.583,300,0.6148,45.0
B072,NMC_graphite,35.75,0.704,1.685,0.583,310,0.5535,45.0
B072,NMC_graphite,35.75,0.704,1.685,0.583,320,0.5072,45.0
B072,NMC_graphite,35.75,0.704,1.685,0.583,330,0.4219,45.0
B072,NMC_graphite,35.75,0.704,1.685,0.583,340,0.3559,45.0
B072,NMC_graphite,35.75,0.704,1.685,0.583,350,0.271,45.0
B072,NMC_graphite,35.75,0.704,1.685,0.583,360,0.2094,45.0
B072,NMC_graphite,35.75,0.704,1.685,0.583,370,0.1504,45.0
B072,NMC_graphite,35.75,0.704,1.685,0.583,380,0.0734,45.0
B072,NMC_graphite,35.75,0.704,1.685,0.583,390,-0.0022,45.0
B072,NMC_graphite,35.75,0.704,1.685,0.583,400,-0.074,45.0
B072,NMC_graphite,35.75,0.704,1.685,0.583,410,-0.1608,45.0
B072,NMC_graphite,35.75,0.704,1.685,0.583,420,-0.219,45.0
B072,NMC_graphite,35.75,0.704,1.685,0.583,430,-0.2979,45.0
B072,NMC_graphite,35.75,0.704,1.685,0.583,440,-0.3826,45.0
B072,NMC_graphite,35.75,0.704,1.685,0.583,450,-0.4524,45.0
B072,NMC_graphite,35.75,0.704,1.685,0.583,460,-0.5272,45.0
B072,NMC_graphite,35.75,0.704,1.685,0.583,470,-0.6196,45.0
B072,NMC_graphite,35.75,0.704,1.685,0.583,480,-0.6955,45.0
B072,NMC_graphite,35.75,0.704,1.685,0.583,490,-0.7796,45.0
B072,NMC_graphite,35.75,0.704,1.685,0.583,500,-0.86,45.0
B072,NMC_graphite,35.75,0.704,1.685,0.583,510,-0.9421,45.0
B072,NMC_graphite,35.75,0.704,1.685,0.583,520,-1.0154,45.0
B072,NMC_graphite,35.75,0.704,1.685,0.583,530,-1.1188,45.0
B072,NMC_graphite,35.75,0.704,1.685,0.583,540,-1.1987,45.0
B072,NMC_graphite,35.75,0.704,1.685,0.583,550,-1.2847,45.0
B072,NMC_graphite,35.75,0.704,1.685,0.583,560,-1.3759,45.0
B072,NMC_graphite,35.75,0.704,1.685,0.583,570,-1.4579,45.0
B072,NMC_graphite,35.75,0.704,1.685,0.583,580,-1.5382,45.0
B072,NMC_graphite,35.75,0.704,1.685,0.583,590,-1.6262,45.0
B072,NMC_graphite,35.75,0.704,1.685,0.583,600,-1.7152,45.0
B072,NMC_graphite,35.75,0.704,1.685,0.583,610,-1.8122,45.0
B072,NMC_graphite,35.75,0.704,1.685,0.583,620,-1.9022,45.0
B072,NMC_graphite,35.75,0.704,1.685,0.583,630,-1.989,45.0
B072,NMC_graphite,35.75,0.704,1.685,0.583,640,-2.0943,45.0
B072,NMC_graphite,35.75,0.704,1.685,0.583,650,-2.174,45.0
B072,NMC_graphite,35.75,0.704,1.685,0.583,660,-2.291,45.0
B072,NMC_graphite,35.75,0.704,1.685,0.583,670,-2.3652,45.0
B072,NMC_graphite,35.75,0.704,1.685,0.583,680,-2.4521,45.0
B072,NMC_graphite,35.75,0.704,1.685,0.583,690,-2.5712,45.0
B072,NMC_graphite,35.75,0.704,1.685,0.583,700,-2.6506,45.0
B072,NMC_graphite,35.75,0.704,1.685,0.583,710,-2.7619,45.0
B072,NMC_graphite,35.75,0.704,1.685,0.583,720,-2.8485,45.0
B072,NMC_graphite,35.75,0.704,1.685,0.583,730,-2.9547,45.0
B072,NMC_graphite,35.75,0.704,1.685,0.583,740,-3.0407,45.0
B072,NMC_graphite,35.75,0.704,1.685,0.583,750,-3.162,45.0
B072,NMC_graphite,35.75,0.704,1.685,0.583,760,-3.2562,45.0
B072,NMC_graphite,35.75,0.704,1.685,0.583,770,-3.3466,45.0
B072,NMC_graphite,35.75,0.704,1.685,0.583,780,-3.4591,45.0
B072,NMC_graphite,35.75,0.704,1.685,0.583,790,-3.5556,45.0
B072,NMC_graphite,35.75,0.704,1.685,0.583,800,-3.6645,45.0
B072,NMC_graphite,35.75,0.704,1.685,0.583,810,-3.7736,45.0
B072,NMC_graphite,35.75,0.704,1.685,0.583,820,-3.8572,45.0
B072,NMC_graphite,35.75,0.704,1.685,0.583,830,-3.9662,45.0
B072,NMC_graphite,35.75,0.704,1.685,0.583,840,-4.0789,45.0
B072,NMC_graphite,35.75,0.704,1.685,0.583,850,-4.1905,45.0
B072,NMC_graphite,35.75,0.704,1.685,0.583,860,-4.2844,45.0
B072,NMC_graphite,35.75,0.704,1.685,0.583,870,-4.3845,45.0
B072,NMC_graphite,35.75,0.704,1.685,0.583,880,-4.5142,45.0
B072,NMC_graphite,35.75,0.704,1.685,0.583,890,-4.5936,45.0
B072,NMC_graphite,35.75,0.704,1.685,0.583,900,-4.7232,45.0
B072,NMC_graphite,35.75,0.704,1.685,0.583,910,-4.8213,45.0
B072,NMC_graphite,35.75,0.704,1.685,0.583,920,-4.9551,45.0
B072,NMC_graphite,35.75,0.704,1.685,0.583,930,-5.0337,45.0
B072,NMC_graphite,35.75,0.704,1.685,0.583,940,-5.1698,45.0
B072,NMC_graphite,35.75,0.704,1.685,0.583,950,-5.2725,45.0
B072,NMC_graphite,35.75,0.704,1.685,0.583,960,-5.3822,45.0
B072,NMC_graphite,35.75,0.704,1.685,0.583,970,-5.4998,45.0
B072,NMC_graphite,35.75,0.704,1.685,0.583,980,-5.61,45.0
B072,NMC_graphite,35.75,0.704,1.685,0.583,990,-5.735,45.0
B072,NMC_graphite,35.75,0.704,1.685,0.583,1000,-5.8512,45.0
B073,LFP_graphite,25.83,0.898,0.74,0.803,0,2.1084,100.611
B073,LFP_graphite,25.83,0.898,0.74,0.803,10,2.087,99.59
B073,LFP_graphite,25.83,0.898,0.74,0.803,20,2.0681,98.687
B073,LFP_graphite,25.83,0.898,0.74,0.803,30,2.057,98.155
B073,LFP_graphite,25.83,0.898,0.74,0.803,40,2.0496,97.803
B073,LFP_graphite,25.83,0.898,0.74,0.803,50,2.0248,96.623
B073,LFP_graphite,25.83,0.898,0.74,0.803,60,1.9922,95.067
B073,LFP_graphite,25.83,0.898,0.74,0.803,70,1.9664,93.836
B073,LFP_graphite,25.83,0.898,0.74,0.803,80,1.9546,93.274
B073,LFP_graphite,25.83,0.898,0.74,0.803,90,1.9032,90.818
B073,LFP_graphite,25.83,0.898,0.74,0.803,100,1.8715,89.304
B073,LFP_graphite,25.83,0.898,0.74,0.803,110,1.8565,88.592
B073,LFP_graphite,25.83,0.898,0.74,0.803,120,1.8152,86.619
B073,LFP_graphite,25.83,0.898,0.74,0.803,130,1.7747,84.686
B073,LFP_graphite,25.83,0.898,0.74,0.803,140,1.7153,81.851
B073,LFP_graphite,25.83,0.898,0.74,0.803,150,1.6866,80.481
B073,LFP_graphite,25.83,0.898,0.74,0.803,160,1.651,78.783
B073,LFP_graphite,25.83,0.898,0.74,0.803,170,1.6003,76.364
B073,LFP_graphite,25.83,0.898,0.74,0.803,180,1.5665,74.752
B073,LFP_graphite,25.83,0.898,0.74,0.803,190,1.5316,73.084
B073,LFP_graphite,25.83,0.898,0.74,0.803,200,1.4481,69.101
B073,LFP_graphite,25.83,0.898,0.74,0.803,210,1.4077,67.174
B073,LFP_graphite,25.83,0.898,0.74,0.803,220,1.355,64.66
B073,LFP_graphite,25.83,0.898,0.74,0.803,230,1.302,62.13
B073,LFP_graphite,25.83,0.898,0.74,0.803,240,1.2422,59.275
B073,LFP_graphite,25.83,0.898,0.74,0.803,250,1.186,56.595
B073,LFP_graphite,25.83,0.898,0.74,0.803,260,1.1418,54.484
B073,LFP_graphite,25.83,0.898,0.74,0.803,270,1.0787,51.475
B073,LFP_graphite,25.83,0.898,0.74,0.803,280,1.0206,48.7
B073,LFP_graphite,25.83,0.898,0.74,0.803,290,0.9643,46.014
B073,LFP_graphite,25.83,0.898,0.74,0.803,300,0.8973,45.0
B073,LFP_graphite,25.83,0.898,0.74,0.803,310,0.8457,45.0
B073,LFP_graphite,25.83,0.898,0.74,0.803,320,0.773,45.0
B073,LFP_graphite,25.83,0.898,0.74,0.803,330,0.7116,45.0
B073,LFP_graphite,25.83,0.898,0.74,0.803,340,0.6469,45.0
B073,LFP_graphite,25.83,0.898,0.74,0.803,350,0.5802,45.0
B073,LFP_graphite,25.83,0.898,0.74,0.803,360,0.5306,45.0
B073,LFP_graphite,25.83,0.898,0.74,0.803,370,0.4481,45.0
B073,LFP_graphite,25.83,0.898,0.74,0.803,380,0.3883,45.0
B073,LFP_graphite,25.83,0.898,0.74,0.803,390,0.2887,45.0
B073,LFP_graphite,25.83,0.898,0.74,0.803,400,0.2374,45.0
B073,LFP_graphite,25.83,0.898,0.74,0.803,410,0.1699,45.0
B073,LFP_graphite,25.83,0.898,0.74,0.803,420,0.0948,45.0
B073,LFP_graphite,25.83,0.898,0.74,0.803,430,0.0181,45.0
B073,LFP_graphite,25.83,0.898,0.74,0.803,440,-0.0578,45.0
B073,LFP_graphite,25.83,0.898,0.74,0.803,450,-0.1283,45.0
B073,LFP_graphite,25.83,0.898,0.74,0.803,460,-0.2137,45.0
B073,LFP_graphite,25.83,0.898,0.74,0.803,470,-0.3075,45.0
B073,LFP_graphite,25.83,0.898,0.74,0.803,480,-0.368,45.0
B073,LFP_graphite,25.83,0.898,0.74,0.803,490,-0.45,45.0
B073,LFP_graphite,25.83,0.898,0.74,0.803,500,-0.5434,45.0
B073,LFP_graphite,25.83,0.898,0.74,0.803,510,-0.6132,45.0
B073,LFP_graphite,25.83,0.898,0.74,0.803,520,-0.6936,45.0
B073,LFP_graphite,25.83,0.898,0.74,0.803,530,-0.785,45.0
B073,LFP_graphite,25.83,0.898,0.74,0.803,540,-0.8723,45.0
B073,LFP_graphite,25.83,0.898,0.74,0.803,550,-0.9372,45.0
B073,LFP_graphite,25.83,0.898,0.74,0.803,560,-1.0362,45.0
B073,LFP_graphite,25.83,0.898,0.74,0.803,570,-1.1017,45.0
B073,LFP_graphite,25.83,0.898,0.74,0.803,580,-1.2031,45.0
B073,LFP_graphite,25.83,0.898,0.74,0.803,590,-1.3034,45.0
B073,LFP_graphite,25.83,0.898,0.74,0.803,600,-1.3834,45.0
B073,LFP_graphite,25.83,0.898,0.74,0.803,610,-1.4683,45.0
B073,LFP_graphite,25.83,0.898,0.74,0.803,620,-1.5628,45.0
B073,LFP_graphite,25.83,0.898,0.74,0.803,630,-1.6355,45.0
B073,LFP_graphite,25.83,0.898,0.74,0.803,640,-1.7546,45.0
B073,LFP_graphite,25.83,0.898,0.74,0.803,650,-1.8526,45.0
B073,LFP_graphite,25.83,0.898,0.74,0.803,660,-1.9319,45.0
B073,LFP_graphite,25.83,0.898,0.74,0.803,670,-2.037,45.0
B073,LFP_graphite,25.83,0.898,0.74,0.803,680,-2.1258,45.0
B073,LFP_graphite,25.83,0.898,0.74,0.803,690,-2.2265,45.0
B073,LFP_graphite,25.83,0.898,0.74,0.803,700,-2.3147,45.0
B073,LFP_graphite,25.83,0.898,0.74,0.803,710,-2.41,45.0
B073,LFP_graphite,25.83,0.898,0.74,0.803,720,-2.5144,45.0
B073,LFP_graphite,25.83,0.898,0.74,0.803,730,-2.6257,45.0
B073,LFP_graphite,25.83,0.898,0.74,0.803,740,-2.7173,45.0
B073,LFP_graphite,25.83,0.898,0.74,0.803,750,-2.81,45.0
B073,LFP_graphite,25.83,0.898,0.74,0.803,760,-2.915,45.0
B073,LFP_graphite,25.83,0.898,0.74,0.803,770,-3.0114,45.0
B073,LFP_graphite,25.83,0.898,0.74,0.803,780,-3.1228,45.0
B073,LFP_graphite,25.83,0.898,0.74,0.803,790,-3.2045,45.0
B073,LFP_graphite,25.83,0.898,0.74,0.803,800,-3.3357,45.0
B073,LFP_graphite,25.83,0.898,0.74,0.803,810,-3.4363,45.0
B073,LFP_graphite,25.83,0.898,0.74,0.803,820,-3.5265,45.0
B073,LFP_graphite,25.83,0.898,0.74,0.803,830,-3.6316,45.0
B073,LFP_graphite,25.83,0.898,0.74,0.803,840,-3.7519,45.0
B073,LFP_graphite,25.83,0.898,0.74,0.803,850,-3.856,45.0
B073,LFP_graphite,25.83,0.898,0.74,0.803,860,-3.9639,45.0
B073,LFP_graphite,25.83,0.898,0.74,0.803,870,-4.0901,45.0
B073,LFP_graphite,25.83,0.898,0.74,0.803,880,-4.1891,45.0
B073,LFP_graphite,25.83,0.898,0.74,0.803,890,-4.293,45.0
B073,LFP_graphite,25.83,0.898,0.74,0.803,900,-4.4121,45.0
B073,LFP_graphite,25.83,0.898,0.74,0.803,910,-4.5097,45.0
B073,LFP_graphite,25.83,0.898,0.74,0.803,920,-4.6236,45.0
B073,LFP_graphite,25.83,0.898,0.74,0.803,930,-4.7544,45.0
B073,LFP_graphite,25.83,0.898,0.74,0.803,940,-4.8575,45.0
B073,LFP_graphite,25.83,0.898,0.74,0.803,950,-4.9764,45.0
B073,LFP_graphite,25.83,0.898,0.74,0.803,960,-5.1077,45.0
B073,LFP_graphite,25.83,0.898,0.74,0.803,970,-5.2172,45.0
B073,LFP_graphite,25.83,0.898,0.74,0.803,980,-5.3133,45.0
B073,LFP_graphite,25.83,0.898,0.74,0.803,990,-5.437,45.0
B073,LFP_graphite,25.83,0.898,0.74,0.803,1000,-5.5384,45.0
B074,LFP_graphite,26.49,1.563,2.175,0.518,0,2.0592,100.222
B074,LFP_graphite,26.49,1.563,2.175,0.518,10,2.0443,99.495
B074,LFP_graphite,26.49,1.563,2.175,0.518,20,2.0426,99.412
B074,LFP_graphite,26.49,1.563,2.175,0.518,30,2.0467,99.612
B074,LFP_graphite,26.49,1.563,2.175,0.518,40,2.0246,98.537
B074,LFP_graphite,26.49,1.563,2.175,0.518,50,2.0171,98.171
B074,LFP_graphite,26.49,1.563,2.175,0.518,60,2.0095,97.803
B074,LFP_graphite,26.49,1.563,2.175,0.518,70,2.0002,97.353
B074,LFP_graphite,26.49,1.563,2.175,0.518,80,1.9787,96.304
B074,LFP_graphite,26.49,1.563,2.175,0.518,90,1.9677,95.77
B074,LFP_graphite,26.49,1.563,2.175,0.518,100,1.9775,96.246
B074,LFP_graphite,26.49,1.563,2.175,0.518,110,1.9612,95.452
B074,LFP_graphite,26.49,1.563,2.175,0.518,120,1.9386,94.353
B074,LFP_graphite,26.49,1.563,2.175,0.518,130,1.9508,94.944
B074,LFP_graphite,26.49,1.563,2.175,0.518,140,1.9043,92.684
B074,LFP_graphite,26.49,1.563,2.175,0.518,150,1.9101,92.965
B074,LFP_graphite,26.49,1.563,2.175,0.518,160,1.8742,91.218
B074,LFP_graphite,26.49,1.563,2.175,0.518,170,1.877,91.356
B074,LFP_graphite,26.49,1.563,2.175,0.518,180,1.859,90.478
B074,LFP_graphite,26.49,1.563,2.175,0.518,190,1.8485,89.969
B074,LFP_graphite,26.49,1.563,2.175,0.518,200,1.831,89.114
B074,LFP_graphite,26.49,1.563,2.175,0.518,210,1.8243,88.791
B074,LFP_graphite,26.49,1.563,2.175,0.518,220,1.8054,87.867
B074,LFP_graphite,26.49,1.563,2.175,0.518,230,1.7933,87.279
B074,LFP_graphite,26.49,1.563,2.175,0.518,240,1.7736,86.322
B074,LFP_graphite,26.49,1.563,2.175,0.518,250,1.7602,85.67
B074,LFP_graphite,26.49,1.563,2.175,0.518,260,1.7428,84.821
B074,LFP_graphite,26.49,1.563,2.175,0.518,270,1.7424,84.804
B074,LFP_graphite,26.49,1.563,2.175,0.518,280,1.7132,83.384
B074,LFP_graphite,26.49,1.563,2.175,0.518,290,1.7098,83.218
B074,LFP_graphite,26.49,1.563,2.175,0.518,300,1.6829,81.908
B074,LFP_graphite,26.49,1.563,2.175,0.518,310,1.6722,81.386
B074,LFP_graphite,26.49,1.563,2.175,0.518,320,1.6502,80.317
B074,LFP_graphite,26.49,1.563,2.175,0.518,330,1.6329,79.472
B074,LFP_graphite,26.49,1.563,2.175,0.518,340,1.633,79.476
B074,LFP_graphite,26.49,1.563,2.175,0.518,350,1.6175,78.723
B074,LFP_graphite,26.49,1.563,2.175,0.518,360,1.6032,78.028
B074,LFP_graphite,26.49,1.563,2.175,0.518,370,1.5816,76.976
B074,LFP_graphite,26.49,1.563,2.175,0.518,380,1.5694,76.383
B074,LFP_graphite,26.49,1.563,2.175,0.518,390,1.544,75.145
B074,LFP_graphite,26.49,1.563,2.175,0.518,400,1.5205,74.003
B074,LFP_graphite,26.49,1.563,2.175,0.518,410,1.5122,73.601
B074,LFP_graphite,26.49,1.563,2.175,0.518,420,1.4845,72.251
B074,LFP_graphite,26.49,1.563,2.175,0.518,430,1.4676,71.427
B074,LFP_graphite,26.49,1.563,2.175,0.518,440,1.4442,70.291
B074,LFP_graphite,26.49,1.563,2.175,0.518,450,1.4426,70.212
B074,LFP_graphite,26.49,1.563,2.175,0.518,460,1.4316,69.678
B074,LFP_graphite,26.49,1.563,2.175,0.518,470,1.3953,67.911
B074,LFP_graphite,26.49,1.563,2.175,0.518,480,1.3977,68.027
B074,LFP_graphite,26.49,1.563,2.175,0.518,490,1.3634,66.355
B074,LFP_graphite,26.49,1.563,2.175,0.518,500,1.3485,65.632
B074,LFP_graphite,26.49,1.563,2.175,0.518,510,1.3283,64.65
B074,LFP_graphite,26.49,1.563,2.175,0.518,520,1.3187,64.182
B074,LFP_graphite,26.49,1.563,2.175,0.518,530,1.2905,62.811
B074,LFP_graphite,26.49,1.563,2.175,0.518,540,1.2805,62.324
B074,LFP_graphite,26.49,1.563,2.175,0.518,550,1.2571,61.183
B074,LFP_graphite,26.49,1.563,2.175,0.518,560,1.2282,59.776
B074,LFP_graphite,26.49,1.563,2.175,0.518,570,1.2143,59.099
B074,LFP_graphite,26.49,1.563,2.175,0.518,580,1.1898,57.909
B074,LFP_graphite,26.49,1.563,2.175,0.518,590,1.1835,57.603
B074,LFP_graphite,26.49,1.563,2.175,0.518,600,1.1696,56.926
B074,LFP_graphite,26.49,1.563,2.175,0.518,610,1.1534,56.134
B074,LFP_graphite,26.49,1.563,2.175,0.518,620,1.1364,55.308
B074,LFP_graphite,26.49,1.563,2.175,0.518,630,1.1065,53.854
B074,LFP_graphite,26.49,1.563,2.175,0.518,640,1.0923,53.163
B074,LFP_graphite,26.49,1.563,2.175,0.518,650,1.0626,51.715
B074,LFP_graphite,26.49,1.563,2.175,0.518,660,1.0404,50.638
B074,LFP_graphite,26.49,1.563,2.175,0.518,670,1.0265,49.962
B074,LFP_graphite,26.49,1.563,2.175,0.518,680,1.0318,50.216
B074,LFP_graphite,26.49,1.563,2.175,0.518,690,0.9884,48.105
B074,LFP_graphite,26.49,1.563,2.175,0.518,700,0.9863,48.004
B074,LFP_graphite,26.49,1.563,2.175,0.518,710,0.9493,46.204
B074,LFP_graphite,26.49,1.563,2.175,0.518,720,0.9372,45.613
B074,LFP_graphite,26.49,1.563,2.175,0.518,730,0.9213,45.0
B074,LFP_graphite,26.49,1.563,2.175,0.518,740,0.8885,45.0
B074,LFP_graphite,26.49,1.563,2.175,0.518,750,0.8742,45.0
B074,LFP_graphite,26.49,1.563,2.175,0.518,760,0.8513,45.0
B074,LFP_graphite,26.49,1.563,2.175,0.518,770,0.8256,45.0
B074,LFP_graphite,26.49,1.563,2.175,0.518,780,0.8184,45.0
B074,LFP_graphite,26.49,1.563,2.175,0.518,790,0.7925,45.0
B074,LFP_graphite,26.49,1.563,2.175,0.518,800,0.7647,45.0
B074,LFP_graphite,26.49,1.563,2.175,0.518,810,0.736,45.0
B074,LFP_graphite,26.49,1.563,2.175,0.518,820,0.7378,45.0
B074,LFP_graphite,26.49,1.563,2.175,0.518,830,0.7088,45.0
B074,LFP_graphite,26.49,1.563,2.175,0.518,840,0.684,45.0
B074,LFP_graphite,26.49,1.563,2.175,0.518,850,0.6699,45.0
B074,LFP_graphite,26.49,1.563,2.175,0.518,860,0.6492,45.0
B074,LFP_graphite,26.49,1.563,2.175,0.518,870,0.6272,45.0
B074,LFP_graphite,26.49,1.563,2.175,0.518,880,0.609,45.0
B074,LFP_graphite,26.49,1.563,2.175,0.518,890,0.5771,45.0
B074,LFP_graphite,26.49,1.563,2.175,0.518,900,0.5686,45.0
B074,LFP_graphite,26.49,1.563,2.175,0.518,910,0.5372,45.0
B074,LFP_graphite,26.49,1.563,2.175,0.518,920,0.5037,45.0
B074,LFP_graphite,26.49,1.563,2.175,0.518,930,0.4948,45.0
B074,LFP_graphite,26.49,1.563,2.175,0.518,940,0.4772,45.0
B074,LFP_graphite,26.49,1.563,2.175,0.518,950,0.4475,45.0
B074,LFP_graphite,26.49,1.563,2.175,0.518,960,0.4464,45.0
B074,LFP_graphite,26.49,1.563,2.175,0.518,970,0.4177,45.0
B074,LFP_graphite,26.49,1.563,2.175,0.518,980,0.3946,45.0
B074,LFP_graphite,26.49,1.563,2.175,0.518,990,0.3698,45.0
B074,LFP_graphite,26.49,1.563,2.175,0.518,1000,0.3419,45.0
B075,NCA_graphite,34.09,0.682,2.318,0.696,0,2.0227,100.469
B075,NCA_graphite,34.09,0.682,2.318,0.696,10,1.9914,98.914
B075,NCA_graphite,34.09,0.682,2.318,0.696,20,2.0027,99.476
B075,NCA_graphite,34.09,0.682,2.318,0.696,30,1.9838,98.537
B075,NCA_graphite,34.09,0.682,2.318,0.696,40,1.9788,98.287
B075,NCA_graphite,34.09,0.682,2.318,0.696,50,1.9586,97.286
B075,NCA_graphite,34.09,0.682,2.318,0.696,60,1.9498,96.85
B075,NCA_graphite,34.09,0.682,2.318,0.696,70,1.9639,97.549
B075,NCA_graphite,34.09,0.682,2.318,0.696,80,1.9336,96.042
B075,NCA_graphite,34.09,0.682,2.318,0.696,90,1.9283,95.778
B075,NCA_graphite,34.09,0.682,2.318,0.696,100,1.9134,95.037
B075,NCA_graphite,34.09,0.682,2.318,0.696,110,1.9187,95.304
B075,NCA_graphite,34.09,0.682,2.318,0.696,120,1.9075,94.745
B075,NCA_graphite,34.09,0.682,2.318,0.696,130,1.8849,93.622
B075,NCA_graphite,34.09,0.682,2.318,0.696,140,1.8768,93.221
B075,NCA_graphite,34.09,0.682,2.318,0.696,150,1.8715,92.959
B075,NCA_graphite,34.09,0.682,2.318,0.696,160,1.8501,91.897
B075,NCA_graphite,34.09,0.682,2.318,0.696,170,1.8413,91.459
B075,NCA_graphite,34.09,0.682,2.318,0.696,180,1.8438,91.583
B075,NCA_graphite,34.09,0.682,2.318,0.696,190,1.8155,90.177
B075,NCA_graphite,34.09,0.682,2.318,0.696,200,1.7962,89.218
B075,NCA_graphite,34.09,0.682,2.318,0.696,210,1.7896,88.892
B075,NCA_graphite,34.09,0.682,2.318,0.696,220,1.776,88.214
B075,NCA_graphite,34.09,0.682,2.318,0.696,230,1.7649,87.665
B075,NCA_graphite,34.09,0.682,2.318,0.696,240,1.7625,87.545
B075,NCA_graphite,34.09,0.682,2.318,0.696,250,1.73,85.93
B075,NCA_graphite,34.09,0.682,2.318,0.696,260,1.7223,85.546
B075,NCA_graphite,34.09,0.682,2.318,0.696,270,1.7179,85.331
B075,NCA_graphite,34.09,0.682,2.318,0.696,280,1.6986,84.368
B075,NCA_graphite,34.09,0.682,2.318,0.696,290,1.7029,84.582
B075,NCA_graphite,34.09,0.682,2.318,0.696,300,1.665,82.702
B075,NCA_graphite,34.09,0.682,2.318,0.696,310,1.654,82.156
B075,NCA_graphite,34.09,0.682,2.318,0.696,320,1.6488,81.895
B075,NCA_graphite,34.09,0.682,2.318,0.696,330,1.6467,81.793
B075,NCA_graphite,34.09,0.682,2.318,0.696,340,1.6323,81.077
B075,NCA_graphite,34.09,0.682,2.318,0.696,350,1.6133,80.133
B075,NCA_graphite,34.09,0.682,2.318,0.696,360,1.6091,79.925
B075,NCA_graphite,34.09,0.682,2.318,0.696,370,1.5999,79.469
B075,NCA_graphite,34.09,0.682,2.318,0.696,380,1.5639,77.68
B075,NCA_graphite,34.09,0.682,2.318,0.696,390,1.5625,77.61
B075,NCA_graphite,34.09,0.682,2.318,0.696,400,1.5465,76.815
B075,NCA_graphite,34.09,0.682,2.318,0.696,410,1.5195,75.475
B075,NCA_graphite,34.09,0.682,2.318,0.696,420,1.5167,75.334
B075,NCA_graphite,34.09,0.682,2.318,0.696,430,1.4957,74.294
B075,NCA_graphite,34.09,0.682,2.318,0.696,440,1.4914,74.08
B075,NCA_graphite,34.09,0.682,2.318,0.696,450,1.4584,72.441
B075,NCA_graphite,34.09,0.682,2.318,0.696,460,1.4533,72.184
B075,NCA_graphite,34.09,0.682,2.318,0.696,470,1.4616,72.6
B075,NCA_graphite,34.09,0.682,2.318,0.696,480,1.4171,70.388
B075,NCA_graphite,34.09,0.682,2.318,0.696,490,1.4235,70.704
B075,NCA_graphite,34.09,0.682,2.318,0.696,500,1.4028,69.679
B075,NCA_graphite,34.09,0.682,2.318,0.696,510,1.3806,68.575
B075,NCA_graphite,34.09,0.682,2.318,0.696,520,1.365,67.801
B075,NCA_graphite,34.09,0.682,2.318,0.696,530,1.3587,67.489
B075,NCA_graphite,34.09,0.682,2.318,0.696,540,1.3462,66.866
B075,NCA_graphite,34.09,0.682,2.318,0.696,550,1.3318,66.151
B075,NCA_graphite,34.09,0.682,2.318,0.696,560,1.3122,65.176
B075,NCA_graphite,34.09,0.682,2.318,0.696,570,1.3016,64.651
B075,NCA_graphite,34.09,0.682,2.318,0.696,580,1.2678,62.972
B075,NCA_graphite,34.09,0.682,2.318,0.696,590,1.2835,63.753
B075,NCA_graphite,34.09,0.682,2.318,0.696,600,1.2678,62.975
B075,NCA_graphite,34.09,0.682,2.318,0.696,610,1.2415,61.667
B075,NCA_graphite,34.09,0.682,2.318,0.696,620,1.2219,60.691
B075,NCA_graphite,34.09,0.682,2.318,0.696,630,1.2211,60.651
B075,NCA_graphite,34.09,0.682,2.318,0.696,640,1.192,59.209
B075,NCA_graphite,34.09,0.682,2.318,0.696,650,1.1854,58.879
B075,NCA_graphite,34.09,0.682,2.318,0.696,660,1.169,58.066
B075,NCA_graphite,34.09,0.682,2.318,0.696,670,1.1346,56.356
B075,NCA_graphite,34.09,0.682,2.318,0.696,680,1.1192,55.592
B075,NCA_graphite,34.09,0.682,2.318,0.696,690,1.126,55.93
B075,NCA_graphite,34.09,0.682,2.318,0.696,700,1.1091,55.089
B075,NCA_graphite,34.09,0.682,2.318,0.696,710,1.0745,53.372
B075,NCA_graphite,34.09,0.682,2.318,0.696,720,1.0686,53.079
B075,NCA_graphite,34.09,0.682,2.318,0.696,730,1.0479,52.05
B075,NCA_graphite,34.09,0.682,2.318,0.696,740,1.0426,51.789
B075,NCA_graphite,34.09,0.682,2.318,0.696,750,1.0177,50.552
B075,NCA_graphite,34.09,0.682,2.318,0.696,760,1.0082,50.079
B075,NCA_graphite,34.09,0.682,2.318,0.696,770,0.9884,49.096
B075,NCA_graphite,34.09,0.682,2.318,0.696,780,0.9742,48.387
B075,NCA_graphite,34.09,0.682,2.318,0.696,790,0.9613,47.746
B075,NCA_graphite,34.09,0.682,2.318,0.696,800,0.9539,47.379
B075,NCA_graphite,34.09,0.682,2.318,0.696,810,0.937,46.541
B075,NCA_graphite,34.09,0.682,2.318,0.696,820,0.9229,45.842
B075,NCA_graphite,34.09,0.682,2.318,0.696,830,0.9179,45.594
B075,NCA_graphite,34.09,0.682,2.318,0.696,840,0.867,45.0
B075,NCA_graphite,34.09,0.682,2.318,0.696,850,0.8559,45.0
B075,NCA_graphite,34.09,0.682,2.318,0.696,860,0.8735,45.0
B075,NCA_graphite,34.09,0.682,2.318,0.696,870,0.8434,45.0
B075,NCA_graphite,34.09,0.682,2.318,0.696,880,0.8222,45.0
B075,NCA_graphite,34.09,0.682,2.318,0.696,890,0.8058,45.0
B075,NCA_graphite,34.09,0.682,2.318,0.696,900,0.8112,45.0
B075,NCA_graphite,34.09,0.682,2.318,0.696,910,0.787,45.0
B075,NCA_graphite,34.09,0.682,2.318,0.696,920,0.7595,45.0
B075,NCA_graphite,34.09,0.682,2.318,0.696,930,0.7496,45.0
B075,NCA_graphite,34.09,0.682,2.318,0.696,940,0.7206,45.0
B075,NCA_graphite,34.09,0.682,2.318,0.696,950,0.7242,45.0
B075,NCA_graphite,34.09,0.682,2.318,0.696,960,0.6884,45.0
B075,NCA_graphite,34.09,0.682,2.318,0.696,970,0.6973,45.0
B075,NCA_graphite,34.09,0.682,2.318,0.696,980,0.6818,45.0
B075,NCA_graphite,34.09,0.682,2.318,0.696,990,0.6433,45.0
B075,NCA_graphite,34.09,0.682,2.318,0.696,1000,0.6174,45.0
B076,NCA_graphite,46.11,1.468,0.967,0.852,0,2.0423,100.611
B076,NCA_graphite,46.11,1.468,0.967,0.852,10,2.0095,98.997
B076,NCA_graphite,46.11,1.468,0.967,0.852,20,1.9969,98.372
B076,NCA_graphite,46.11,1.468,0.967,0.852,30,1.9723,97.161
B076,NCA_graphite,46.11,1.468,0.967,0.852,40,1.9494,96.036
B076,NCA_graphite,46.11,1.468,0.967,0.852,50,1.9281,94.984
B076,NCA_graphite,46.11,1.468,0.967,0.852,60,1.9046,93.828
B076,NCA_graphite,46.11,1.468,0.967,0.852,70,1.8789,92.561
B076,NCA_graphite,46.11,1.468,0.967,0.852,80,1.853,91.284
B076,NCA_graphite,46.11,1.468,0.967,0.852,90,1.8156,89.441
B076,NCA_graphite,46.11,1.468,0.967,0.852,100,1.7945,88.401
B076,NCA_graphite,46.11,1.468,0.967,0.852,110,1.7584,86.624
B076,NCA_graphite,46.11,1.468,0.967,0.852,120,1.7361,85.527
B076,NCA_graphite,46.11,1.468,0.967,0.852,130,1.692,83.354
B076,NCA_graphite,46.11,1.468,0.967,0.852,140,1.6703,82.284
B076,NCA_graphite,46.11,1.468,0.967,0.852,150,1.6362,80.604
B076,NCA_graphite,46.11,1.468,0.967,0.852,160,1.6015,78.896
B076,NCA_graphite,46.11,1.468,0.967,0.852,170,1.5755,77.613
B076,NCA_graphite,46.11,1.468,0.967,0.852,180,1.5405,75.892
B076,NCA_graphite,46.11,1.468,0.967,0.852,190,1.4998,73.884
B076,NCA_graphite,46.11,1.468,0.967,0.852,200,1.4789,72.856
B076,NCA_graphite,46.11,1.468,0.967,0.852,210,1.4415,71.011
B076,NCA_graphite,46.11,1.468,0.967,0.852,220,1.4085,69.389
B076,NCA_graphite,46.11,1.468,0.967,0.852,230,1.391,68.524
B076,NCA_graphite,46.11,1.468,0.967,0.852,240,1.3405,66.036
B076,NCA_graphite,46.11,1.468,0.967,0.852,250,1.3092,64.495
B076,NCA_graphite,46.11,1.468,0.967,0.852,260,1.2626,62.201
B076,NCA_graphite,46.11,1.468,0.967,0.852,270,1.2255,60.374
B076,NCA_graphite,46.11,1.468,0.967,0.852,280,1.2062,59.42
B076,NCA_graphite,46.11,1.468,0.967,0.852,290,1.1546,56.879
B076,NCA_graphite,46.11,1.468,0.967,0.852,300,1.1216,55.254
B076,NCA_graphite,46.11,1.468,0.967,0.852,310,1.0948,53.932
B076,NCA_graphite,46.11,1.468,0.967,0.852,320,1.0613,52.285
B076,NCA_graphite,46.11,1.468,0.967,0.852,330,1.0126,49.883
B076,NCA_graphite,46.11,1.468,0.967,0.852,340,0.9752,48.04
B076,NCA_graphite,46.11,1.468,0.967,0.852,350,0.9466,46.631
B076,NCA_graphite,46.11,1.468,0.967,0.852,360,0.9087,45.0
B076,NCA_graphite,46.11,1.468,0.967,0.852,370,0.8615,45.0
B076,NCA_graphite,46.11,1.468,0.967,0.852,380,0.8281,45.0
B076,NCA_graphite,46.11,1.468,0.967,0.852,390,0.7904,45.0
B076,NCA_graphite,46.11,1.468,0.967,0.852,400,0.7461,45.0
B076,NCA_graphite,46.11,1.468,0.967,0.852,410,0.7238,45.0
B076,NCA_graphite,46.11,1.468,0.967,0.852,420,0.6809,45.0
B076,NCA_graphite,46.11,1.468,0.967,0.852,430,0.6287,45.0
B076,NCA_graphite,46.11,1.468,0.967,0.852,440,0.6017,45.0
B076,NCA_graphite,46.11,1.468,0.967,0.852,450,0.558,45.0
B076,NCA_graphite,46.11,1.468,0.967,0.852,460,0.5192,45.0
B076,NCA_graphite,46.11,1.468,0.967,0.852,470,0.4701,45.0
B076,NCA_graphite,46.11,1.468,0.967,0.852,480,0.4399,45.0
B076,NCA_graphite,46.11,1.468,0.967,0.852,490,0.4008,45.0
B076,NCA_graphite,46.11,1.468,0.967,0.852,500,0.3586,45.0
B076,NCA_graphite,46.11,1.468,0.967,0.852,510,0.3264,45.0
B076,NCA_graphite,46.11,1.468,0.967,0.852,520,0.2839,45.0
B076,NCA_graphite,46.11,1.468,0.967,0.852,530,0.2548,45.0
B076,NCA_graphite,46.11,1.468,0.967,0.852,540,0.1866,45.0
B076,NCA_graphite,46.11,1.468,0.967,0.852,550,0.1779,45.0
B076,NCA_graphite,46.11,1.468,0.967,0.852,560,0.1179,45.0
B076,NCA_graphite,46.11,1.468,0.967,0.852,570,0.0736,45.0
B076,NCA_graphite,46.11,1.468,0.967,0.852,580,0.0362,45.0
B076,NCA_graphite,46.11,1.468,0.967,0.852,590,0.0073,45.0
B076,NCA_graphite,46.11,1.468,0.967,0.852,600,-0.0434,45.0
B076,NCA_graphite,46.11,1.468,0.967,0.852,610,-0.0964,45.0
B076,NCA_graphite,46.11,1.468,0.967,0.852,620,-0.1181,45.0
B076,NCA_graphite,46.11,1.468,0.967,0.852,630,-0.1607,45.0
B076,NCA_graphite,46.11,1.468,0.967,0.852,640,-0.2048,45.0
B076,NCA_graphite,46.11,1.468,0.967,0.852,650,-0.2615,45.0
B076,NCA_graphite,46.11,1.468,0.967,0.852,660,-0.2935,45.0
B076,NCA_graphite,46.11,1.468,0.967,0.852,670,-0.3302,45.0
B076,NCA_graphite,46.11,1.468,0.967,0.852,680,-0.3822,45.0
B076,NCA_graphite,46.11,1.468,0.967,0.852,690,-0.4211,45.0
B076,NCA_graphite,46.11,1.468,0.967,0.852,700,-0.4715,45.0
B076,NCA_graphite,46.11,1.468,0.967,0.852,710,-0.5215,45.0
B076,NCA_graphite,46.11,1.468,0.967,0.852,720,-0.5414,45.0
B076,NCA_graphite,46.11,1.468,0.967,0.852,730,-0.6064,45.0
B076,NCA_graphite,46.11,1.468,0.967,0.852,740,-0.6398,45.0
B076,NCA_graphite,46.11,1.468,0.967,0.852,750,-0.6821,45.0
B076,NCA_graphite,46.11,1.468,0.967,0.852,760,-0.7309,45.0
B076,NCA_graphite,46.11,1.468,0.967,0.852,770,-0.7585,45.0
B076,NCA_graphite,46.11,1.468,0.967,0.852,780,-0.8048,45.0
B076,NCA_graphite,46.11,1.468,0.967,0.852,790,-0.8389,45.0
B076,NCA_graphite,46.11,1.468,0.967,0.852,800,-0.9046,45.0
B076,NCA_graphite,46.11,1.468,0.967,0.852,810,-0.9377,45.0
B076,NCA_graphite,46.11,1.468,0.967,0.852,820,-0.9873,45.0
B076,NCA_graphite,46.11,1.468,0.967,0.852,830,-1.0407,45.0
B076,NCA_graphite,46.11,1.468,0.967,0.852,840,-1.0686,45.0
B076,NCA_graphite,46.11,1.468,0.967,0.852,850,-1.1113,45.0
B076,NCA_graphite,46.11,1.468,0.967,0.852,860,-1.1698,45.0
B076,NCA_graphite,46.11,1.468,0.967,0.852,870,-1.2107,45.0
B076,NCA_graphite,46.11,1.468,0.967,0.852,880,-1.2513,45.0
B076,NCA_graphite,46.11,1.468,0.967,0.852,890,-1.3124,45.0
B076,NCA_graphite,46.11,1.468,0.967,0.852,900,-1.3502,45.0
B076,NCA_graphite,46.11,1.468,0.967,0.852,910,-1.3816,45.0
B076,NCA_graphite,46.11,1.468,0.967,0.852,920,-1.4363,45.0
B076,NCA_graphite,46.11,1.468,0.967,0.852,930,-1.468,45.0
B076,NCA_graphite,46.11,1.468,0.967,0.852,940,-1.5243,45.0
B076,NCA_graphite,46.11,1.468,0.967,0.852,950,-1.5586,45.0
B076,NCA_graphite,46.11,1.468,0.967,0.852,960,-1.6056,45.0
B076,NCA_graphite,46.11,1.468,0.967,0.852,970,-1.6514,45.0
B076,NCA_graphite,46.11,1.468,0.967,0.852,980,-1.6967,45.0
B076,NCA_graphite,46.11,1.468,0.967,0.852,990,-1.7251,45.0
B076,NCA_graphite,46.11,1.468,0.967,0.852,1000,-1.8033,45.0
B077,NMC_graphite,14.21,1.951,1.42,0.881,0,2.0149,100.371
B077,NMC_graphite,14.21,1.951,1.42,0.881,10,1.9903,99.147
B077,NMC_graphite,14.21,1.951,1.42,0.881,20,1.9961,99.436
B077,NMC_graphite,14.21,1.951,1.42,0.881,30,1.9749,98.379
B077,NMC_graphite,14.21,1.951,1.42,0.881,40,1.9614,97.705
B077,NMC_graphite,14.21,1.951,1.42,0.881,50,1.9551,97.395
B077,NMC_graphite,14.21,1.951,1.42,0.881,60,1.926,95.942
B077,NMC_graphite,14.21,1.951,1.42,0.881,70,1.9197,95.629
B077,NMC_graphite,14.21,1.951,1.42,0.881,80,1.9052,94.908
B077,NMC_graphite,14.21,1.951,1.42,0.881,90,1.8704,93.174
B077,NMC_graphite,14.21,1.951,1.42,0.881,100,1.8514,92.225
B077,NMC_graphite,14.21,1.951,1.42,0.881,110,1.8366,91.491
B077,NMC_graphite,14.21,1.951,1.42,0.881,120,1.8174,90.532
B077,NMC_graphite,14.21,1.951,1.42,0.881,130,1.7797,88.656
B077,NMC_graphite,14.21,1.951,1.42,0.881,140,1.7402,86.689
B077,NMC_graphite,14.21,1.951,1.42,0.881,150,1.7283,86.092
B077,NMC_graphite,14.21,1.951,1.42,0.881,160,1.7128,85.321
B077,NMC_graphite,14.21,1.951,1.42,0.881,170,1.6927,84.32
B077,NMC_graphite,14.21,1.951,1.42,0.881,180,1.6393,81.664
B077,NMC_graphite,14.21,1.951,1.42,0.881,190,1.6177,80.587
B077,NMC_graphite,14.21,1.951,1.42,0.881,200,1.5948,79.445
B077,NMC_graphite,14.21,1.951,1.42,0.881,210,1.5687,78.142
B077,NMC_graphite,14.21,1.951,1.42,0.881,220,1.5433,76.879
B077,NMC_graphite,14.21,1.951,1.42,0.881,230,1.4997,74.708
B077,NMC_graphite,14.21,1.951,1.42,0.881,240,1.4751,73.481
B077,NMC_graphite,14.21,1.951,1.42,0.881,250,1.4251,70.991
B077,NMC_graphite,14.21,1.951,1.42,0.881,260,1.4036,69.918
B077,NMC_graphite,14.21,1.951,1.42,0.881,270,1.3811,68.797
B077,NMC_graphite,14.21,1.951,1.42,0.881,280,1.3503,67.265
B077,NMC_graphite,14.21,1.951,1.42,0.881,290,1.2951,64.515
B077,NMC_graphite,14.21,1.951,1.42,0.881,300,1.2596,62.748
B077,NMC_graphite,14.21,1.951,1.42,0.881,310,1.2406,61.799
B077,NMC_graphite,14.21,1.951,1.42,0.881,320,1.2178,60.665
B077,NMC_graphite,14.21,1.951,1.42,0.881,330,1.1722,58.392
B077,NMC_graphite,14.21,1.951,1.42,0.881,340,1.1367,56.625
B077,NMC_graphite,14.21,1.951,1.42,0.881,350,1.1003,54.81
B077,NMC_graphite,14.21,1.951,1.42,0.881,360,1.0471,52.159
B077,NMC_graphite,14.21,1.951,1.42,0.881,370,1.0199,50.806
B077,NMC_graphite,14.21,1.951,1.42,0.881,380,0.9731,48.473
B077,NMC_graphite,14.21,1.951,1.42,0.881,390,0.9368,46.667
B077,NMC_graphite,14.21,1.951,1.42,0.881,400,0.9025,45.0
B077,NMC_graphite,14.21,1.951,1.42,0.881,410,0.8663,45.0
B077,NMC_graphite,14.21,1.951,1.42,0.881,420,0.8314,45.0
B077,NMC_graphite,14.21,1.951,1.42,0.881,430,0.7895,45.0
B077,NMC_graphite,14.21,1.951,1.42,0.881,440,0.7481,45.0
B077,NMC_graphite,14.21,1.951,1.42,0.881,450,0.7161,45.0
B077,NMC_graphite,14.21,1.951,1.42,0.881,460,0.6631,45.0
B077,NMC_graphite,14.21,1.951,1.42,0.881,470,0.6201,45.0
B077,NMC_graphite,14.21,1.951,1.42,0.881,480,0.5824,45.0
B077,NMC_graphite,14.21,1.951,1.42,0.881,490,0.5549,45.0
B077,NMC_graphite,14.21,1.951,1.42,0.881,500,0.4951,45.0
B077,NMC_graphite,14.21,1.951,1.42,0.881,510,0.4649,45.0
B077,NMC_graphite,14.21,1.951,1.42,0.881,520,0.408,45.0
B077,NMC_graphite,14.21,1.951,1.42,0.881,530,0.3657,45.0
B077,NMC_graphite,14.21,1.951,1.42,0.881,540,0.3158,45.0
B077,NMC_graphite,14.21,1.951,1.42,0.881,550,0.2868,45.0
B077,NMC_graphite,14.21,1.951,1.42,0.881,560,0.2317,45.0
B077,NMC_graphite,14.21,1.951,1.42,0.881,570,0.1843,45.0
B077,NMC_graphite,14.21,1.951,1.42,0.881,580,0.14,45.0
B077,NMC_graphite,14.21,1.951,1.42,0.881,590,0.0982,45.0
B077,NMC_graphite,14.21,1.951,1.42,0.881,600,0.0438,45.0
B077,NMC_graphite,14.21,1.951,1.42,0.881,610,-0.0073,45.0
B077,NMC_graphite,14.21,1.951,1.42,0.881,620,-0.0459,45.0
B077,NMC_graphite,14.21,1.951,1.42,0.881,630,-0.0784,45.0
B077,NMC_graphite,14.21,1.951,1.42,0.881,640,-0.1387,45.0
B077,NMC_graphite,14.21,1.951,1.42,0.881,650,-0.1739,45.0
B077,NMC_graphite,14.21,1.951,1.42,0.881,660,-0.2284,45.0
B077,NMC_graphite,14.21,1.951,1.42,0.881,670,-0.2812,45.0
B077,NMC_graphite,14.21,1.951,1.42,0.881,680,-0.3368,45.0
B077,NMC_graphite,14.21,1.951,1.42,0.881,690,-0.3741,45.0
B077,NMC_graphite,14.21,1.951,1.42,0.881,700,-0.4309,45.0
B077,NMC_graphite,14.21,1.951,1.42,0.881,710,-0.4723,45.0
B077,NMC_graphite,14.21,1.951,1.42,0.881,720,-0.524,45.0
B077,NMC_graphite,14.21,1.951,1.42,0.881,730,-0.5725,45.0
B077,NMC_graphite,14.21,1.951,1.42,0.881,740,-0.6208,45.0
B077,NMC_graphite,14.21,1.951,1.42,0.881,750,-0.6871,45.0
B077,NMC_graphite,14.21,1.951,1.42,0.881,760,-0.725,45.0
B077,NMC_graphite,14.21,1.951,1.42,0.881,770,-0.7817,45.0
B077,NMC_graphite,14.21,1.951,1.42,0.881,780,-0.8212,45.0
B077,NMC_graphite,14.21,1.951,1.42,0.881,790,-0.8909,45.0
B077,NMC_graphite,14.21,1.951,1.42,0.881,800,-0.9077,45.0
B077,NMC_graphite,14.21,1.951,1.42,0.881,810,-0.9987,45.0
B077,NMC_graphite,14.21,1.951,1.42,0.881,820,-1.0344,45.0
B077,NMC_graphite,14.21,1.951,1.42,0.881,830,-1.0985,45.0
B077,NMC_graphite,14.21,1.951,1.42,0.881,840,-1.1306,45.0
B077,NMC_graphite,14.21,1.951,1.42,0.881,850,-1.1973,45.0
B077,NMC_graphite,14.21,1.951,1.42,0.881,860,-1.265,45.0
B077,NMC_graphite,14.21,1.951,1.42,0.881,870,-1.3039,45.0
B077,NMC_graphite,14.21,1.951,1.42,0.881,880,-1.3441,45.0
B077,NMC_graphite,14.21,1.951,1.42,0.881,890,-1.405,45.0
B077,NMC_graphite,14.21,1.951,1.42,0.881,900,-1.46,45.0
B077,NMC_graphite,14.21,1.951,1.42,0.881,910,-1.5158,45.0
B077,NMC_graphite,14.21,1.951,1.42,0.881,920,-1.5608,45.0
B077,NMC_graphite,14.21,1.951,1.42,0.881,930,-1.6189,45.0
B077,NMC_graphite,14.21,1.951,1.42,0.881,940,-1.6892,45.0
B077,NMC_graphite,14.21,1.951,1.42,0.881,950,-1.7333,45.0
B077,NMC_graphite,14.21,1.951,1.42,0.881,960,-1.7787,45.0
B077,NMC_graphite,14.21,1.951,1.42,0.881,970,-1.834,45.0
B077,NMC_graphite,14.21,1.951,1.42,0.881,980,-1.9,45.0
B077,NMC_graphite,14.21,1.951,1.42,0.881,990,-1.9605,45.0
B077,NMC_graphite,14.21,1.951,1.42,0.881,1000,-2.0191,45.0
B078,NCA_graphite,33.94,1.431,2.917,0.986,0,1.9785,100.102
B078,NCA_graphite,33.94,1.431,2.917,0.986,10,1.9609,99.212
B078,NCA_graphite,33.94,1.431,2.917,0.986,20,1.9207,97.175
B078,NCA_graphite,33.94,1.431,2.917,0.986,30,1.858,94.003
B078,NCA_graphite,33.94,1.431,2.917,0.986,40,1.8254,92.354
B078,NCA_graphite,33.94,1.431,2.917,0.986,50,1.7704,89.573
B078,NCA_graphite,33.94,1.431,2.917,0.986,60,1.708,86.413
B078,NCA_graphite,33.94,1.431,2.917,0.986,70,1.6722,84.604
B078,NCA_graphite,33.94,1.431,2.917,0.986,80,1.6065,81.281
B078,NCA_graphite,33.94,1.431,2.917,0.986,90,1.5375,77.789
B078,NCA_graphite,33.94,1.431,2.917,0.986,100,1.4807,74.917
B078,NCA_graphite,33.94,1.431,2.917,0.986,110,1.4202,71.855
B078,NCA_graphite,33.94,1.431,2.917,0.986,120,1.3409,67.84
B078,NCA_graphite,33.94,1.431,2.917,0.986,130,1.2792,64.72
B078,NCA_graphite,33.94,1.431,2.917,0.986,140,1.1928,60.349
B078,NCA_graphite,33.94,1.431,2.917,0.986,150,1.1242,56.878
B078,NCA_graphite,33.94,1.431,2.917,0.986,160,1.0524,53.245
B078,NCA_graphite,33.94,1.431,2.917,0.986,170,0.971,49.129
B078,NCA_graphite,33.94,1.431,2.917,0.986,180,0.912,46.142
B078,NCA_graphite,33.94,1.431,2.917,0.986,190,0.8212,45.0
B078,NCA_graphite,33.94,1.431,2.917,0.986,200,0.7398,45.0
B078,NCA_graphite,33.94,1.431,2.917,0.986,210,0.6518,45.0
B078,NCA_graphite,33.94,1.431,2.917,0.986,220,0.5804,45.0
B078,NCA_graphite,33.94,1.431,2.917,0.986,230,0.4876,45.0
B078,NCA_graphite,33.94,1.431,2.917,0.986,240,0.409,45.0
B078,NCA_graphite,33.94,1.431,2.917,0.986,250,0.3365,45.0
B078,NCA_graphite,33.94,1.431,2.917,0.986,260,0.2326,45.0
B078,NCA_graphite,33.94,1.431,2.917,0.986,270,0.1469,45.0
B078,NCA_graphite,33.94,1.431,2.917,0.986,280,0.0628,45.0
B078,NCA_graphite,33.94,1.431,2.917,0.986,290,-0.0305,45.0
B078,NCA_graphite,33.94,1.431,2.917,0.986,300,-0.117,45.0
B078,NCA_graphite,33.94,1.431,2.917,0.986,310,-0.2158,45.0
B078,NCA_graphite,33.94,1.431,2.917,0.986,320,-0.3118,45.0
B078,NCA_graphite,33.94,1.431,2.917,0.986,330,-0.3989,45.0
B078,NCA_graphite,33.94,1.431,2.917,0.986,340,-0.5024,45.0
B078,NCA_graphite,33.94,1.431,2.917,0.986,350,-0.6092,45.0
B078,NCA_graphite,33.94,1.431,2.917,0.986,360,-0.6994,45.0
B078,NCA_graphite,33.94,1.431,2.917,0.986,370,-0.7854,45.0
B078,NCA_graphite,33.94,1.431,2.917,0.986,380,-0.8813,45.0
B078,NCA_graphite,33.94,1.431,2.917,0.986,390,-0.9839,45.0
B078,NCA_graphite,33.94,1.431,2.917,0.986,400,-1.0875,45.0
B078,NCA_graphite,33.94,1.431,2.917,0.986,410,-1.174,45.0
B078,NCA_graphite,33.94,1.431,2.917,0.986,420,-1.2834,45.0
B078,NCA_graphite,33.94,1.431,2.917,0.986,430,-1.3921,45.0
B078,NCA_graphite,33.94,1.431,2.917,0.986,440,-1.4974,45.0
B078,NCA_graphite,33.94,1.431,2.917,0.986,450,-1.5815,45.0
B078,NCA_graphite,33.94,1.431,2.917,0.986,460,-1.692,45.0
B078,NCA_graphite,33.94,1.431,2.917,0.986,470,-1.8196,45.0
B078,NCA_graphite,33.94,1.431,2.917,0.986,480,-1.9045,45.0
B078,NCA_graphite,33.94,1.431,2.917,0.986,490,-2.0083,45.0
B078,NCA_graphite,33.94,1.431,2.917,0.986,500,-2.1338,45.0
B078,NCA_graphite,33.94,1.431,2.917,0.986,510,-2.2509,45.0
B078,NCA_graphite,33.94,1.431,2.917,0.986,520,-2.3505,45.0
B078,NCA_graphite,33.94,1.431,2.917,0.986,530,-2.4575,45.0
B078,NCA_graphite,33.94,1.431,2.917,0.986,540,-2.5569,45.0
B078,NCA_graphite,33.94,1.431,2.917,0.986,550,-2.6617,45.0
B078,NCA_graphite,33.94,1.431,2.917,0.986,560,-2.7859,45.0
B078,NCA_graphite,33.94,1.431,2.917,0.986,570,-2.907,45.0
B078,NCA_graphite,33.94,1.431,2.917,0.986,580,-3.0053,45.0
B078,NCA_graphite,33.94,1.431,2.917,0.986,590,-3.1105,45.0
B078,NCA_graphite,33.94,1.431,2.917,0.986,600,-3.2324,45.0
B078,NCA_graphite,33.94,1.431,2.917,0.986,610,-3.3561,45.0
B078,NCA_graphite,33.94,1.431,2.917,0.986,620,-3.4646,45.0
B078,NCA_graphite,33.94,1.431,2.917,0.986,630,-3.5783,45.0
B078,NCA_graphite,33.94,1.431,2.917,0.986,640,-3.6964,45.0
B078,NCA_graphite,33.94,1.431,2.917,0.986,650,-3.8146,45.0
B078,NCA_graphite,33.94,1.431,2.917,0.986,660,-3.946,45.0
B078,NCA_graphite,33.94,1.431,2.917,0.986,670,-4.0528,45.0
B078,NCA_graphite,33.94,1.431,2.917,0.986,680,-4.1574,45.0
B078,NCA_graphite,33.94,1.431,2.917,0.986,690,-4.2837,45.0
B078,NCA_graphite,33.94,1.431,2.917,0.986,700,-4.4104,45.0
B078,NCA_graphite,33.94,1.431,2.917,0.986,710,-4.5139,45.0
B078,NCA_graphite,33.94,1.431,2.917,0.986,720,-4.6475,45.0
B078,NCA_graphite,33.94,1.431,2.917,0.986,730,-4.7822,45.0
B078,NCA_graphite,33.94,1.431,2.917,0.986,740,-4.8966,45.0
B078,NCA_graphite,33.94,1.431,2.917,0.986,750,-5.0221,45.0
B078,NCA_graphite,33.94,1.431,2.917,0.986,760,-5.1439,45.0
B078,NCA_graphite,33.94,1.431,2.917,0.986,770,-5.2539,45.0
B078,NCA_graphite,33.94,1.431,2.917,0.986,780,-5.3653,45.0
B078,NCA_graphite,33.94,1.431,2.917,0.986,790,-5.5115,45.0
B078,NCA_graphite,33.94,1.431,2.917,0.986,800,-5.6161,45.0
B078,NCA_graphite,33.94,1.431,2.917,0.986,810,-5.7644,45.0
B078,NCA_graphite,33.94,1.431,2.917,0.986,820,-5.8699,45.0
B078,NCA_graphite,33.94,1.431,2.917,0.986,830,-5.9914,45.0
B078,NCA_graphite,33.94,1.431,2.917,0.986,840,-6.126,45.0
B078,NCA_graphite,33.94,1.431,2.917,0.986,850,-6.2583,45.0
B078,NCA_graphite,33.94,1.431,2.917,0.986,860,-6.3771,45.0
B078,NCA_graphite,33.94,1.431,2.917,0.986,870,-6.5113,45.0
B078,NCA_graphite,33.94,1.431,2.917,0.986,880,-6.6462,45.0
B078,NCA_graphite,33.94,1.431,2.917,0.986,890,-6.7873,45.0
B078,NCA_graphite,33.94,1.431,2.917,0.986,900,-6.9004,45.0
B078,NCA_graphite,33.94,1.431,2.917,0.986,910,-7.0279,45.0
B078,NCA_graphite,33.94,1.431,2.917,0.986,920,-7.1594,45.0
B078,NCA_graphite,33.94,1.431,2.917,0.986,930,-7.2916,45.0
B078,NCA_graphite,33.94,1.431,2.917,0.986,940,-7.4221,45.0
B078,NCA_graphite,33.94,1.431,2.917,0.986,950,-7.5488,45.0
B078,NCA_graphite,33.94,1.431,2.917,0.986,960,-7.6847,45.0
B078,NCA_graphite,33.94,1.431,2.917,0.986,970,-7.8138,45.0
B078,NCA_graphite,33.94,1.431,2.917,0.986,980,-7.9522,45.0
B078,NCA_graphite,33.94,1.431,2.917,0.986,990,-8.0729,45.0
B078,NCA_graphite,33.94,1.431,2.917,0.986,1000,-8.2184,45.0
B079,NCA_graphite,26.15,0.658,2.04,0.521,0,2.044,100.362
B079,NCA_graphite,26.15,0.658,2.04,0.521,10,2.0407,100.199
B079,NCA_graphite,26.15,0.658,2.04,0.521,20,2.0277,99.557
B079,NCA_graphite,26.15,0.658,2.04,0.521,30,2.0052,98.455
B079,NCA_graphite,26.15,0.658,2.04,0.521,40,2.0017,98.284
B079,NCA_graphite,26.15,0.658,2.04,0.521,50,2.0135,98.863
B079,NCA_graphite,26.15,0.658,2.04,0.521,60,1.9896,97.689
B079,NCA_graphite,26.15,0.658,2.04,0.521,70,1.9682,96.637
B079,NCA_graphite,26.15,0.658,2.04,0.521,80,1.9613,96.297
B079,NCA_graphite,26.15,0.658,2.04,0.521,90,1.9559,96.035
B079,NCA_graphite,26.15,0.658,2.04,0.521,100,1.934,94.959
B079,NCA_graphite,26.15,0.658,2.04,0.521,110,1.9268,94.605
B079,NCA_graphite,26.15,0.658,2.04,0.521,120,1.914,93.976
B079,NCA_graphite,26.15,0.658,2.04,0.521,130,1.9013,93.352
B079,NCA_graphite,26.15,0.658,2.04,0.521,140,1.8875,92.678
B079,NCA_graphite,26.15,0.658,2.04,0.521,150,1.8648,91.56
B079,NCA_graphite,26.15,0.658,2.04,0.521,160,1.8705,91.841
B079,NCA_graphite,26.15,0.658,2.04,0.521,170,1.8329,89.996
B079,NCA_graphite,26.15,0.658,2.04,0.521,180,1.8276,89.737
B079,NCA_graphite,26.15,0.658,2.04,0.521,190,1.8114,88.941
B079,NCA_graphite,26.15,0.658,2.04,0.521,200,1.7892,87.848
B079,NCA_graphite,26.15,0.658,2.04,0.521,210,1.7851,87.646
B079,NCA_graphite,26.15,0.658,2.04,0.521,220,1.7619,86.51
B079,NCA_graphite,26.15,0.658,2.04,0.521,230,1.7369,85.283
B079,NCA_graphite,26.15,0.658,2.04,0.521,240,1.7182,84.363
B079,NCA_graphite,26.15,0.658,2.04,0.521,250,1.7149,84.2
B079,NCA_graphite,26.15,0.658,2.04,0.521,260,1.6863,82.799
B079,NCA_graphite,26.15,0.658,2.04,0.521,270,1.6585,81.432
B079,NCA_graphite,26.15,0.658,2.04,0.521,280,1.6617,81.587
B079,NCA_graphite,26.15,0.658,2.04,0.521,290,1.6296,80.014
B079,NCA_graphite,26.15,0.658,2.04,0.521,300,1.6097,79.037
B079,NCA_graphite,26.15,0.658,2.04,0.521,310,1.6036,78.735
B079,NCA_graphite,26.15,0.658,2.04,0.521,320,1.5805,77.603
B079,NCA_graphite,26.15,0.658,2.04,0.521,330,1.5606,76.627
B079,NCA_graphite,26.15,0.658,2.04,0.521,340,1.5463,75.923
B079,NCA_graphite,26.15,0.658,2.04,0.521,350,1.5126,74.268
B079,NCA_graphite,26.15,0.658,2.04,0.521,360,1.5061,73.947
B079,NCA_graphite,26.15,0.658,2.04,0.521,370,1.472,72.274
B079,NCA_graphite,26.15,0.658,2.04,0.521,380,1.4408,70.743
B079,NCA_graphite,26.15,0.658,2.04,0.521,390,1.4299,70.21
B079,NCA_graphite,26.15,0.658,2.04,0.521,400,1.4142,69.437
B079,NCA_graphite,26.15,0.658,2.04,0.521,410,1.3972,68.603
B079,NCA_graphite,26.15,0.658,2.04,0.521,420,1.3703,67.28
B079,NCA_graphite,26.15,0.658,2.04,0.521,430,1.3472,66.15
B079,NCA_graphite,26.15,0.658,2.04,0.521,440,1.3205,64.834
B079,NCA_graphite,26.15,0.658,2.04,0.521,450,1.2998,63.82
B079,NCA_graphite,26.15,0.658,2.04,0.521,460,1.2819,62.94
B079,NCA_graphite,26.15,0.658,2.04,0.521,470,1.2666,62.189
B079,NCA_graphite,26.15,0.658,2.04,0.521,480,1.2391,60.838
B079,NCA_graphite,26.15,0.658,2.04,0.521,490,1.2192,59.861
B079,NCA_graphite,26.15,0.658,2.04,0.521,500,1.194,58.623
B079,NCA_graphite,26.15,0.658,2.04,0.521,510,1.1782,57.848
B079,NCA_graphite,26.15,0.658,2.04,0.521,520,1.1431,56.128
B079,NCA_graphite,26.15,0.658,2.04,0.521,530,1.1269,55.329
B079,NCA_graphite,26.15,0.658,2.04,0.521,540,1.109,54.451
B079,NCA_graphite,26.15,0.658,2.04,0.521,550,1.0856,53.305
B079,NCA_graphite,26.15,0.658,2.04,0.521,560,1.0477,51.442
B079,NCA_graphite,26.15,0.658,2.04,0.521,570,1.0234,50.25
B079,NCA_graphite,26.15,0.658,2.04,0.521,580,1.0086,49.522
B079,NCA_graphite,26.15,0.658,2.04,0.521,590,0.9881,48.515
B079,NCA_graphite,26.15,0.658,2.04,0.521,600,0.9604,47.154
B079,NCA_graphite,26.15,0.658,2.04,0.521,610,0.9491,46.6
B079,NCA_graphite,26.15,0.658,2.04,0.521,620,0.9174,45.046
B079,NCA_graphite,26.15,0.658,2.04,0.521,630,0.9021,45.0
B079,NCA_graphite,26.15,0.658,2.04,0.521,640,0.8704,45.0
B079,NCA_graphite,26.15,0.658,2.04,0.521,650,0.8431,45.0
B079,NCA_graphite,26.15,0.658,2.04,0.521,660,0.8257,45.0
B079,NCA_graphite,26.15,0.658,2.04,0.521,670,0.7909,45.0
B079,NCA_graphite,26.15,0.658,2.04,0.521,680,0.7801,45.0
B079,NCA_graphite,26.15,0.658,2.04,0.521,690,0.7388,45.0
B079,NCA_graphite,26.15,0.658,2.04,0.521,700,0.7026,45.0
B079,NCA_graphite,26.15,0.658,2.04,0.521,710,0.6727,45.0
B079,NCA_graphite,26.15,0.658,2.04,0.521,720,0.6658,45.0
B079,NCA_graphite,26.15,0.658,2.04,0.521,730,0.6315,45.0
B079,NCA_graphite,26.15,0.658,2.04,0.521,740,0.6142,45.0
B079,NCA_graphite,26.15,0.658,2.04,0.521,750,0.5891,45.0
B079,NCA_graphite,26.15,0.658,2.04,0.521,760,0.5646,45.0
B079,NCA_graphite,26.15,0.658,2.04,0.521,770,0.537,45.0
B079,NCA_graphite,26.15,0.658,2.04,0.521,780,0.4988,45.0
B079,NCA_graphite,26.15,0.658,2.04,0.521,790,0.483,45.0
B079,NCA_graphite,26.15,0.658,2.04,0.521,800,0.4554,45.0
B079,NCA_graphite,26.15,0.658,2.04,0.521,810,0.4301,45.0
B079,NCA_graphite,26.15,0.658,2.04,0.521,820,0.4123,45.0
B079,NCA_graphite,26.15,0.658,2.04,0.521,830,0.3742,45.0
B079,NCA_graphite,26.15,0.658,2.04,0.521,840,0.3636,45.0
B079,NCA_graphite,26.15,0.658,2.04,0.521,850,0.3266,45.0
B079,NCA_graphite,26.15,0.658,2.04,0.521,860,0.3041,45.0
B079,NCA_graphite,26.15,0.658,2.04,0.521,870,0.2832,45.0
B079,NCA_graphite,26.15,0.658,2.04,0.521,880,0.2402,45.0
B079,NCA_graphite,26.15,0.658,2.04,0.521,890,0.2294,45.0
B079,NCA_graphite,26.15,0.658,2.04,0.521,900,0.19,45.0
B079,NCA_graphite,26.15,0.658,2.04,0.521,910,0.1695,45.0
B079,NCA_graphite,26.15,0.658,2.04,0.521,920,0.1347,45.0
B079,NCA_graphite,26.15,0.658,2.04,0.521,930,0.1002,45.0
B079,NCA_graphite,26.15,0.658,2.04,0.521,940,0.0849,45.0
B079,NCA_graphite,26.15,0.658,2.04,0.521,950,0.0454,45.0
B079,NCA_graphite,26.15,0.658,2.04,0.521,960,0.0234,45.0
B079,NCA_graphite,26.15,0.658,2.04,0.521,970,-0.0088,45.0
B079,NCA_graphite,26.15,0.658,2.04,0.521,980,-0.0427,45.0
B079,NCA_graphite,26.15,0.658,2.04,0.521,990,-0.0513,45.0
B079,NCA_graphite,26.15,0.658,2.04,0.521,1000,-0.074,45.0
B080,NMC_graphite,14.21,0.774,2.915,0.777,0,2.0189,99.753
B080,NMC_graphite,14.21,0.774,2.915,0.777,10,2.0207,99.846
B080,NMC_graphite,14.21,0.774,2.915,0.777,20,2.0244,100.025
B080,NMC_graphite,14.21,0.774,2.915,0.777,30,2.0173,99.676
B080,NMC_graphite,14.21,0.774,2.915,0.777,40,2.0135,99.489
B080,NMC_graphite,14.21,0.774,2.915,0.777,50,1.9852,98.091
B080,NMC_graphite,14.21,0.774,2.915,0.777,60,1.9845,98.057
B080,NMC_graphite,14.21,0.774,2.915,0.777,70,1.9909,98.371
B080,NMC_graphite,14.21,0.774,2.915,0.777,80,1.9758,97.624
B080,NMC_graphite,14.21,0.774,2.915,0.777,90,1.9697,97.323
B080,NMC_graphite,14.21,0.774,2.915,0.777,100,1.9501,96.353
B080,NMC_graphite,14.21,0.774,2.915,0.777,110,1.9384,95.775
B080,NMC_graphite,14.21,0.774,2.915,0.777,120,1.9572,96.704
B080,NMC_graphite,14.21,0.774,2.915,0.777,130,1.941,95.907
B080,NMC_graphite,14.21,0.774,2.915,0.777,140,1.9319,95.455
B080,NMC_graphite,14.21,0.774,2.915,0.777,150,1.9086,94.303
B080,NMC_graphite,14.21,0.774,2.915,0.777,160,1.9193,94.833
B080,NMC_graphite,14.21,0.774,2.915,0.777,170,1.9017,93.963
B080,NMC_graphite,14.21,0.774,2.915,0.777,180,1.887,93.235
B080,NMC_graphite,14.21,0.774,2.915,0.777,190,1.8704,92.418
B080,NMC_graphite,14.21,0.774,2.915,0.777,200,1.8565,91.733
B080,NMC_graphite,14.21,0.774,2.915,0.777,210,1.8448,91.154
B080,NMC_graphite,14.21,0.774,2.915,0.777,220,1.8397,90.902
B080,NMC_graphite,14.21,0.774,2.915,0.777,230,1.8232,90.085
B080,NMC_graphite,14.21,0.774,2.915,0.777,240,1.8168,89.77
B080,NMC_graphite,14.21,0.774,2.915,0.777,250,1.793,88.592
B080,NMC_graphite,14.21,0.774,2.915,0.777,260,1.7872,88.308
B080,NMC_graphite,14.21,0.774,2.915,0.777,270,1.7879,88.341
B080,NMC_graphite,14.21,0.774,2.915,0.777,280,1.7496,86.451
B080,NMC_graphite,14.21,0.774,2.915,0.777,290,1.7645,87.183
B080,NMC_graphite,14.21,0.774,2.915,0.777,300,1.7397,85.958
B080,NMC_graphite,14.21,0.774,2.915,0.777,310,1.7209,85.028
B080,NMC_graphite,14.21,0.774,2.915,0.777,320,1.7096,84.471
B080,NMC_graphite,14.21,0.774,2.915,0.777,330,1.7079,84.387
B080,NMC_graphite,14.21,0.774,2.915,0.777,340,1.6865,83.33
B080,NMC_graphite,14.21,0.774,2.915,0.777,350,1.6871,83.359
B080,NMC_graphite,14.21,0.774,2.915,0.777,360,1.6592,81.983
B080,NMC_graphite,14.21,0.774,2.915,0.777,370,1.6578,81.911
B080,NMC_graphite,14.21,0.774,2.915,0.777,380,1.6204,80.063
B080,NMC_graphite,14.21,0.774,2.915,0.777,390,1.6181,79.949
B080,NMC_graphite,14.21,0.774,2.915,0.777,400,1.5952,78.82
B080,NMC_graphite,14.21,0.774,2.915,0.777,410,1.5761,77.878
B080,NMC_graphite,14.21,0.774,2.915,0.777,420,1.5776,77.949
B080,NMC_graphite,14.21,0.774,2.915,0.777,430,1.5621,77.186
B080,NMC_graphite,14.21,0.774,2.915,0.777,440,1.5494,76.557
B080,NMC_graphite,14.21,0.774,2.915,0.777,450,1.5525,76.709
B080,NMC_graphite,14.21,0.774,2.915,0.777,460,1.5232,75.264
B080,NMC_graphite,14.21,0.774,2.915,0.777,470,1.5112,74.671
B080,NMC_graphite,14.21,0.774,2.915,0.777,480,1.4878,73.514
B080,NMC_graphite,14.21,0.774,2.915,0.777,490,1.4812,73.186
B080,NMC_graphite,14.21,0.774,2.915,0.777,500,1.4723,72.748
B080,NMC_graphite,14.21,0.774,2.915,0.777,510,1.4497,71.628
B080,NMC_graphite,14.21,0.774,2.915,0.777,520,1.4401,71.155
B080,NMC_graphite,14.21,0.774,2.915,0.777,530,1.408,69.571
B080,NMC_graphite,14.21,0.774,2.915,0.777,540,1.403,69.323
B080,NMC_graphite,14.21,0.774,2.915,0.777,550,1.3881,68.587
B080,NMC_graphite,14.21,0.774,2.915,0.777,560,1.3635,67.37
B080,NMC_graphite,14.21,0.774,2.915,0.777,570,1.3467,66.542
B080,NMC_graphite,14.21,0.774,2.915,0.777,580,1.3319,65.808
B080,NMC_graphite,14.21,0.774,2.915,0.777,590,1.3169,65.066
B080,NMC_graphite,14.21,0.774,2.915,0.777,600,1.3152,64.985
B080,NMC_graphite,14.21,0.774,2.915,0.777,610,1.3005,64.26
B080,NMC_graphite,14.21,0.774,2.915,0.777,620,1.2801,63.248
B080,NMC_graphite,14.21,0.774,2.915,0.777,630,1.2551,62.016
B080,NMC_graphite,14.21,0.774,2.915,0.777,640,1.2512,61.822
B080,NMC_graphite,14.21,0.774,2.915,0.777,650,1.2228,60.419
B080,NMC_graphite,14.21,0.774,2.915,0.777,660,1.2117,59.871
B080,NMC_graphite,14.21,0.774,2.915,0.777,670,1.201,59.34
B080,NMC_graphite,14.21,0.774,2.915,0.777,680,1.1782,58.214
B080,NMC_graphite,14.21,0.774,2.915,0.777,690,1.1582,57.226
B080,NMC_graphite,14.21,0.774,2.915,0.777,700,1.1474,56.692
B080,NMC_graphite,14.21,0.774,2.915,0.777,710,1.1215,55.412
B080,NMC_graphite,14.21,0.774,2.915,0.777,720,1.1161,55.148
B080,NMC_graphite,14.21,0.774,2.915,0.777,730,1.0829,53.507
B080,NMC_graphite,14.21,0.774,2.915,0.777,740,1.0737,53.051
B080,NMC_graphite,14.21,0.774,2.915,0.777,750,1.0528,52.019
B080,NMC_graphite,14.21,0.774,2.915,0.777,760,1.0514,51.953
B080,NMC_graphite,14.21,0.774,2.915,0.777,770,1.0391,51.344
B080,NMC_graphite,14.21,0.774,2.915,0.777,780,0.9999,49.404
B080,NMC_graphite,14.21,0.774,2.915,0.777,790,0.9896,48.899
B080,NMC_graphite,14.21,0.774,2.915,0.777,800,0.984,48.62
B080,NMC_graphite,14.21,0.774,2.915,0.777,810,0.9375,46.322
B080,NMC_graphite,14.21,0.774,2.915,0.777,820,0.9373,46.313
B080,NMC_graphite,14.21,0.774,2.915,0.777,830,0.9276,45.832
B080,NMC_graphite,14.21,0.774,2.915,0.777,840,0.9101,45.0
B080,NMC_graphite,14.21,0.774,2.915,0.777,850,0.8841,45.0
B080,NMC_graphite,14.21,0.774,2.915,0.777,860,0.8719,45.0
B080,NMC_graphite,14.21,0.774,2.915,0.777,870,0.8366,45.0
B080,NMC_graphite,14.21,0.774,2.915,0.777,880,0.8311,45.0
B080,NMC_graphite,14.21,0.774,2.915,0.777,890,0.8133,45.0
B080,NMC_graphite,14.21,0.774,2.915,0.777,900,0.8003,45.0
B080,NMC_graphite,14.21,0.774,2.915,0.777,910,0.7811,45.0
B080,NMC_graphite,14.21,0.774,2.915,0.777,920,0.7593,45.0
B080,NMC_graphite,14.21,0.774,2.915,0.777,930,0.7353,45.0
B080,NMC_graphite,14.21,0.774,2.915,0.777,940,0.7367,45.0
B080,NMC_graphite,14.21,0.774,2.915,0.777,950,0.6954,45.0
B080,NMC_graphite,14.21,0.774,2.915,0.777,960,0.6931,45.0
B080,NMC_graphite,14.21,0.774,2.915,0.777,970,0.6644,45.0
B080,NMC_graphite,14.21,0.774,2.915,0.777,980,0.6294,45.0
B080,NMC_graphite,14.21,0.774,2.915,0.777,990,0.6405,45.0
B080,NMC_graphite,14.21,0.774,2.915,0.777,1000,0.6044,45.0
B081,NCA_graphite,26.44,1.692,2.991,0.979,0,2.2044,100.481
B081,NCA_graphite,26.44,1.692,2.991,0.979,10,2.1723,99.019
B081,NCA_graphite,26.44,1.692,2.991,0.979,20,2.1364,97.384
B081,NCA_graphite,26.44,1.692,2.991,0.979,30,2.112,96.269
B081,NCA_graphite,26.44,1.692,2.991,0.979,40,2.0704,94.373
B081,NCA_graphite,26.44,1.692,2.991,0.979,50,2.0132,91.766
B081,NCA_graphite,26.44,1.692,2.991,0.979,60,1.9697,89.786
B081,NCA_graphite,26.44,1.692,2.991,0.979,70,1.9256,87.775
B081,NCA_graphite,26.44,1.692,2.991,0.979,80,1.8694,85.214
B081,NCA_graphite,26.44,1.692,2.991,0.979,90,1.8253,83.2
B081,NCA_graphite,26.44,1.692,2.991,0.979,100,1.7842,81.328
B081,NCA_graphite,26.44,1.692,2.991,0.979,110,1.7067,77.796
B081,NCA_graphite,26.44,1.692,2.991,0.979,120,1.6482,75.131
B081,NCA_graphite,26.44,1.692,2.991,0.979,130,1.6051,73.165
B081,NCA_graphite,26.44,1.692,2.991,0.979,140,1.5299,69.737
B081,NCA_graphite,26.44,1.692,2.991,0.979,150,1.472,67.1
B081,NCA_graphite,26.44,1.692,2.991,0.979,160,1.4258,64.991
B081,NCA_graphite,26.44,1.692,2.991,0.979,170,1.3518,61.62
B081,NCA_graphite,26.44,1.692,2.991,0.979,180,1.2841,58.535
B081,NCA_graphite,26.44,1.692,2.991,0.979,190,1.2276,55.957
B081,NCA_graphite,26.44,1.692,2.991,0.979,200,1.1518,52.501
B081,NCA_graphite,26.44,1.692,2.991,0.979,210,1.0943,49.879
B081,NCA_graphite,26.44,1.692,2.991,0.979,220,1.0183,46.418
B081,NCA_graphite,26.44,1.692,2.991,0.979,230,0.9527,45.0
B081,NCA_graphite,26.44,1.692,2.991,0.979,240,0.8725,45.0
B081,NCA_graphite,26.44,1.692,2.991,0.979,250,0.7949,45.0
B081,NCA_graphite,26.44,1.692,2.991,0.979,260,0.7392,45.0
B081,NCA_graphite,26.44,1.692,2.991,0.979,270,0.6547,45.0
B081,NCA_graphite,26.44,1.692,2.991,0.979,280,0.5847,45.0
B081,NCA_graphite,26.44,1.692,2.991,0.979,290,0.5031,45.0
B081,NCA_graphite,26.44,1.692,2.991,0.979,300,0.4313,45.0
B081,NCA_graphite,26.44,1.692,2.991,0.979,310,0.3536,45.0
B081,NCA_graphite,26.44,1.692,2.991,0.979,320,0.2753,45.0
B081,NCA_graphite,26.44,1.692,2.991,0.979,330,0.1877,45.0
B081,NCA_graphite,26.44,1.692,2.991,0.979,340,0.1151,45.0
B081,NCA_graphite,26.44,1.692,2.991,0.979,350,0.0559,45.0
B081,NCA_graphite,26.44,1.692,2.991,0.979,360,-0.0541,45.0
B081,NCA_graphite,26.44,1.692,2.991,0.979,370,-0.141,45.0
B081,NCA_graphite,26.44,1.692,2.991,0.979,380,-0.2006,45.0
B081,NCA_graphite,26.44,1.692,2.991,0.979,390,-0.2867,45.0
B081,NCA_graphite,26.44,1.692,2.991,0.979,400,-0.369,45.0
B081,NCA_graphite,26.44,1.692,2.991,0.979,410,-0.4616,45.0
B081,NCA_graphite,26.44,1.692,2.991,0.979,420,-0.5383,45.0
B081,NCA_graphite,26.44,1.692,2.991,0.979,430,-0.6042,45.0
B081,NCA_graphite,26.44,1.692,2.991,0.979,440,-0.7093,45.0
B081,NCA_graphite,26.44,1.692,2.991,0.979,450,-0.7956,45.0
B081,NCA_graphite,26.44,1.692,2.991,0.979,460,-0.8674,45.0
B081,NCA_graphite,26.44,1.692,2.991,0.979,470,-0.9604,45.0
B081,NCA_graphite,26.44,1.692,2.991,0.979,480,-1.0643,45.0
B081,NCA_graphite,26.44,1.692,2.991,0.979,490,-1.143,45.0
B081,NCA_graphite,26.44,1.692,2.991,0.979,500,-1.2203,45.0
B081,NCA_graphite,26.44,1.692,2.991,0.979,510,-1.3293,45.0
B081,NCA_graphite,26.44,1.692,2.991,0.979,520,-1.4084,45.0
B081,NCA_graphite,26.44,1.692,2.991,0.979,530,-1.5143,45.0
B081,NCA_graphite,26.44,1.692,2.991,0.979,540,-1.5928,45.0
B081,NCA_graphite,26.44,1.692,2.991,0.979,550,-1.6697,45.0
B081,NCA_graphite,26.44,1.692,2.991,0.979,560,-1.7844,45.0
B081,NCA_graphite,26.44,1.692,2.991,0.979,570,-1.8646,45.0
B081,NCA_graphite,26.44,1.692,2.991,0.979,580,-1.9678,45.0
B081,NCA_graphite,26.44,1.692,2.991,0.979,590,-2.0629,45.0
B081,NCA_graphite,26.44,1.692,2.991,0.979,600,-2.1429,45.0
B081,NCA_graphite,26.44,1.692,2.991,0.979,610,-2.2511,45.0
B081,NCA_graphite,26.44,1.692,2.991,0.979,620,-2.3372,45.0
B081,NCA_graphite,26.44,1.692,2.991,0.979,630,-2.4311,45.0
B081,NCA_graphite,26.44,1.692,2.991,0.979,640,-2.5172,45.0
B081,NCA_graphite,26.44,1.692,2.991,0.979,650,-2.6309,45.0
B081,NCA_graphite,26.44,1.692,2.991,0.979,660,-2.7157,45.0
B081,NCA_graphite,26.44,1.692,2.991,0.979,670,-2.7971,45.0
B081,NCA_graphite,26.44,1.692,2.991,0.979,680,-2.8985,45.0
B081,NCA_graphite,26.44,1.692,2.991,0.979,690,-3.0155,45.0
B081,NCA_graphite,26.44,1.692,2.991,0.979,700,-3.094,45.0
B081,NCA_graphite,26.44,1.692,2.991,0.979,710,-3.2033,45.0
B081,NCA_graphite,26.44,1.692,2.991,0.979,720,-3.3091,45.0
B081,NCA_graphite,26.44,1.692,2.991,0.979,730,-3.4019,45.0
B081,NCA_graphite,26.44,1.692,2.991,0.979,740,-3.5185,45.0
B081,NCA_graphite,26.44,1.692,2.991,0.979,750,-3.6041,45.0
B081,NCA_graphite,26.44,1.692,2.991,0.979,760,-3.6957,45.0
B081,NCA_graphite,26.44,1.692,2.991,0.979,770,-3.8168,45.0
B081,NCA_graphite,26.44,1.692,2.991,0.979,780,-3.8985,45.0
B081,NCA_graphite,26.44,1.692,2.991,0.979,790,-4.0043,45.0
B081,NCA_graphite,26.44,1.692,2.991,0.979,800,-4.0897,45.0
B081,NCA_graphite,26.44,1.692,2.991,0.979,810,-4.2133,45.0
B081,NCA_graphite,26.44,1.692,2.991,0.979,820,-4.3147,45.0
B081,NCA_graphite,26.44,1.692,2.991,0.979,830,-4.4174,45.0
B081,NCA_graphite,26.44,1.692,2.991,0.979,840,-4.5298,45.0
B081,NCA_graphite,26.44,1.692,2.991,0.979,850,-4.6124,45.0
B081,NCA_graphite,26.44,1.692,2.991,0.979,860,-4.7327,45.0
B081,NCA_graphite,26.44,1.692,2.991,0.979,870,-4.8264,45.0
B081,NCA_graphite,26.44,1.692,2.991,0.979,880,-4.9321,45.0
B081,NCA_graphite,26.44,1.692,2.991,0.979,890,-5.0468,45.0
B081,NCA_graphite,26.44,1.692,2.991,0.979,900,-5.1529,45.0
B081,NCA_graphite,26.44,1.692,2.991,0.979,910,-5.2429,45.0
B081,NCA_graphite,26.44,1.692,2.991,0.979,920,-5.3668,45.0
B081,NCA_graphite,26.44,1.692,2.991,0.979,930,-5.4819,45.0
B081,NCA_graphite,26.44,1.692,2.991,0.979,940,-5.5739,45.0
B081,NCA_graphite,26.44,1.692,2.991,0.979,950,-5.6779,45.0
B081,NCA_graphite,26.44,1.692,2.991,0.979,960,-5.795,45.0
B081,NCA_graphite,26.44,1.692,2.991,0.979,970,-5.905,45.0
B081,NCA_graphite,26.44,1.692,2.991,0.979,980,-6.0063,45.0
B081,NCA_graphite,26.44,1.692,2.991,0.979,990,-6.1095,45.0
B081,NCA_graphite,26.44,1.692,2.991,0.979,1000,-6.2371,45.0
B082,NCA_graphite,35.74,1.118,1.142,0.555,0,1.9487,100.061
B082,NCA_graphite,35.74,1.118,1.142,0.555,10,1.9254,98.866
B082,NCA_graphite,35.74,1.118,1.142,0.555,20,1.9303,99.114
B082,NCA_graphite,35.74,1.118,1.142,0.555,30,1.9174,98.451
B082,NCA_graphite,35.74,1.118,1.142,0.555,40,1.8869,96.884
B082,NCA_graphite,35.74,1.118,1.142,0.555,50,1.868,95.918
B082,NCA_graphite,35.74,1.118,1.142,0.555,60,1.8672,95.877
B082,NCA_graphite,35.74,1.118,1.142,0.555,70,1.8486,94.918
B082,NCA_graphite,35.74,1.118,1.142,0.555,80,1.8146,93.173
B082,NCA_graphite,35.74,1.118,1.142,0.555,90,1.7979,92.317
B082,NCA_graphite,35.74,1.118,1.142,0.555,100,1.7719,90.979
B082,NCA_graphite,35.74,1.118,1.142,0.555,110,1.7691,90.837
B082,NCA_graphite,35.74,1.118,1.142,0.555,120,1.733,88.982
B082,NCA_graphite,35.74,1.118,1.142,0.555,130,1.6975,87.163
B082,NCA_graphite,35.74,1.118,1.142,0.555,140,1.6882,86.686
B082,NCA_graphite,35.74,1.118,1.142,0.555,150,1.667,85.597
B082,NCA_graphite,35.74,1.118,1.142,0.555,160,1.6439,84.41
B082,NCA_graphite,35.74,1.118,1.142,0.555,170,1.6163,82.991
B082,NCA_graphite,35.74,1.118,1.142,0.555,180,1.587,81.49
B082,NCA_graphite,35.74,1.118,1.142,0.555,190,1.5537,79.78
B082,NCA_graphite,35.74,1.118,1.142,0.555,200,1.5213,78.116
B082,NCA_graphite,35.74,1.118,1.142,0.555,210,1.4918,76.599
B082,NCA_graphite,35.74,1.118,1.142,0.555,220,1.4797,75.98
B082,NCA_graphite,35.74,1.118,1.142,0.555,230,1.4375,73.812
B082,NCA_graphite,35.74,1.118,1.142,0.555,240,1.4167,72.742
B082,NCA_graphite,35.74,1.118,1.142,0.555,250,1.3845,71.088
B082,NCA_graphite,35.74,1.118,1.142,0.555,260,1.3503,69.334
B082,NCA_graphite,35.74,1.118,1.142,0.555,270,1.3236,67.963
B082,NCA_graphite,35.74,1.118,1.142,0.555,280,1.2942,66.455
B082,NCA_graphite,35.74,1.118,1.142,0.555,290,1.2753,65.482
B082,NCA_graphite,35.74,1.118,1.142,0.555,300,1.2344,63.383
B082,NCA_graphite,35.74,1.118,1.142,0.555,310,1.2016,61.701
B082,NCA_graphite,35.74,1.118,1.142,0.555,320,1.1654,59.841
B082,NCA_graphite,35.74,1.118,1.142,0.555,330,1.1189,57.453
B082,NCA_graphite,35.74,1.118,1.142,0.555,340,1.0943,56.189
B082,NCA_graphite,35.74,1.118,1.142,0.555,350,1.0588,54.365
B082,NCA_graphite,35.74,1.118,1.142,0.555,360,1.0178,52.263
B082,NCA_graphite,35.74,1.118,1.142,0.555,370,0.9946,51.067
B082,NCA_graphite,35.74,1.118,1.142,0.555,380,0.965,49.549
B082,NCA_graphite,35.74,1.118,1.142,0.555,390,0.9313,47.82
B082,NCA_graphite,35.74,1.118,1.142,0.555,400,0.8956,45.984
B082,NCA_graphite,35.74,1.118,1.142,0.555,410,0.8466,45.0
B082,NCA_graphite,35.74,1.118,1.142,0.555,420,0.8178,45.0
B082,NCA_graphite,35.74,1.118,1.142,0.555,430,0.7948,45.0
B082,NCA_graphite,35.74,1.118,1.142,0.555,440,0.7541,45.0
B082,NCA_graphite,35.74,1.118,1.142,0.555,450,0.7039,45.0
B082,NCA_graphite,35.74,1.118,1.142,0.555,460,0.6598,45.0
B082,NCA_graphite,35.74,1.118,1.142,0.555,470,0.6415,45.0
B082,NCA_graphite,35.74,1.118,1.142,0.555,480,0.6066,45.0
B082,NCA_graphite,35.74,1.118,1.142,0.555,490,0.5504,45.0
B082,NCA_graphite,35.74,1.118,1.142,0.555,500,0.5147,45.0
B082,NCA_graphite,35.74,1.118,1.142,0.555,510,0.4908,45.0
B082,NCA_graphite,35.74,1.118,1.142,0.555,520,0.4542,45.0
B082,NCA_graphite,35.74,1.118,1.142,0.555,530,0.4116,45.0
B082,NCA_graphite,35.74,1.118,1.142,0.555,540,0.3634,45.0
B082,NCA_graphite,35.74,1.118,1.142,0.555,550,0.3322,45.0
B082,NCA_graphite,35.74,1.118,1.142,0.555,560,0.2914,45.0
B082,NCA_graphite,35.74,1.118,1.142,0.555,570,0.2544,45.0
B082,NCA_graphite,35.74,1.118,1.142,0.555,580,0.2071,45.0
B082,NCA_graphite,35.74,1.118,1.142,0.555,590,0.1815,45.0
B082,NCA_graphite,35.74,1.118,1.142,0.555,600,0.1296,45.0
B082,NCA_graphite,35.74,1.118,1.142,0.555,610,0.0872,45.0
B082,NCA_graphite,35.74,1.118,1.142,0.555,620,0.0366,45.0
B082,NCA_graphite,35.74,1.118,1.142,0.555,630,0.0196,45.0
B082,NCA_graphite,35.74,1.118,1.142,0.555,640,-0.0341,45.0
B082,NCA_graphite,35.74,1.118,1.142,0.555,650,-0.0822,45.0
B082,NCA_graphite,35.74,1.118,1.142,0.555,660,-0.1202,45.0
B082,NCA_graphite,35.74,1.118,1.142,0.555,670,-0.1633,45.0
B082,NCA_graphite,35.74,1.118,1.142,0.555,680,-0.182,45.0
B082,NCA_graphite,35.74,1.118,1.142,0.555,690,-0.2312,45.0
B082,NCA_graphite,35.74,1.118,1.142,0.555,700,-0.2823,45.0
B082,NCA_graphite,35.74,1.118,1.142,0.555,710,-0.3167,45.0
B082,NCA_graphite,35.74,1.118,1.142,0.555,720,-0.3576,45.0
B082,NCA_graphite,35.74,1.118,1.142,0.555,730,-0.404,45.0
B082,NCA_graphite,35.74,1.118,1.142,0.555,740,-0.4459,45.0
B082,NCA_graphite,35.74,1.118,1.142,0.555,750,-0.495,45.0
B082,NCA_graphite,35.74,1.118,1.142,0.555,760,-0.5511,45.0
B082,NCA_graphite,35.74,1.118,1.142,0.555,770,-0.5855,45.0
B082,NCA_graphite,35.74,1.118,1.142,0.555,780,-0.6338,45.0
B082,NCA_graphite,35.74,1.118,1.142,0.555,790,-0.6619,45.0
B082,NCA_graphite,35.74,1.118,1.142,0.555,800,-0.7201,45.0
B082,NCA_graphite,35.74,1.118,1.142,0.555,810,-0.7611,45.0
B082,NCA_graphite,35.74,1.118,1.142,0.555,820,-0.7957,45.0
B082,NCA_graphite,35.74,1.118,1.142,0.555,830,-0.8429,45.0
B082,NCA_graphite,35.74,1.118,1.142,0.555,840,-0.9024,45.0
B082,NCA_graphite,35.74,1.118,1.142,0.555,850,-0.9364,45.0
B082,NCA_graphite,35.74,1.118,1.142,0.555,860,-0.9968,45.0
B082,NCA_graphite,35.74,1.118,1.142,0.555,870,-1.0386,45.0
B082,NCA_graphite,35.74,1.118,1.142,0.555,880,-1.0594,45.0
B082,NCA_graphite,35.74,1.118,1.142,0.555,890,-1.135,45.0
B082,NCA_graphite,35.74,1.118,1.142,0.555,900,-1.1759,45.0
B082,NCA_graphite,35.74,1.118,1.142,0.555,910,-1.2055,45.0
B082,NCA_graphite,35.74,1.118,1.142,0.555,920,-1.2597,45.0
B082,NCA_graphite,35.74,1.118,1.142,0.555,930,-1.3121,45.0
B082,NCA_graphite,35.74,1.118,1.142,0.555,940,-1.3675,45.0
B082,NCA_graphite,35.74,1.118,1.142,0.555,950,-1.4091,45.0
B082,NCA_graphite,35.74,1.118,1.142,0.555,960,-1.4444,45.0
B082,NCA_graphite,35.74,1.118,1.142,0.555,970,-1.4912,45.0
B082,NCA_graphite,35.74,1.118,1.142,0.555,980,-1.5537,45.0
B082,NCA_graphite,35.74,1.118,1.142,0.555,990,-1.6063,45.0
B082,NCA_graphite,35.74,1.118,1.142,0.555,1000,-1.6294,45.0
B083,LFP_graphite,26.42,2.485,2.968,0.608,0,2.092,99.662
B083,LFP_graphite,26.42,2.485,2.968,0.608,10,2.0961,99.858
B083,LFP_graphite,26.42,2.485,2.968,0.608,20,2.0613,98.201
B083,LFP_graphite,26.42,2.485,2.968,0.608,30,2.052,97.756
B083,LFP_graphite,26.42,2.485,2.968,0.608,40,2.0224,96.348
B083,LFP_graphite,26.42,2.485,2.968,0.608,50,1.9981,95.19
B083,LFP_graphite,26.42,2.485,2.968,0.608,60,1.9869,94.657
B083,LFP_graphite,26.42,2.485,2.968,0.608,70,1.9456,92.685
B083,LFP_graphite,26.42,2.485,2.968,0.608,80,1.9333,92.1
B083,LFP_graphite,26.42,2.485,2.968,0.608,90,1.911,91.038
B083,LFP_graphite,26.42,2.485,2.968,0.608,100,1.8696,89.066
B083,LFP_graphite,26.42,2.485,2.968,0.608,110,1.8384,87.583
B083,LFP_graphite,26.42,2.485,2.968,0.608,120,1.8046,85.971
B083,LFP_graphite,26.42,2.485,2.968,0.608,130,1.7715,84.392
B083,LFP_graphite,26.42,2.485,2.968,0.608,140,1.7472,83.237
B083,LFP_graphite,26.42,2.485,2.968,0.608,150,1.7026,81.11
B083,LFP_graphite,26.42,2.485,2.968,0.608,160,1.6649,79.315
B083,LFP_graphite,26.42,2.485,2.968,0.608,170,1.6304,77.671
B083,LFP_graphite,26.42,2.485,2.968,0.608,180,1.5987,76.161
B083,LFP_graphite,26.42,2.485,2.968,0.608,190,1.553,73.985
B083,LFP_graphite,26.42,2.485,2.968,0.608,200,1.5114,72.001
B083,LFP_graphite,26.42,2.485,2.968,0.608,210,1.4687,69.97
B083,LFP_graphite,26.42,2.485,2.968,0.608,220,1.4228,67.779
B083,LFP_graphite,26.42,2.485,2.968,0.608,230,1.3945,66.432
B083,LFP_graphite,26.42,2.485,2.968,0.608,240,1.3611,64.844
B083,LFP_graphite,26.42,2.485,2.968,0.608,250,1.3166,62.723
B083,LFP_graphite,26.42,2.485,2.968,0.608,260,1.2779,60.88
B083,LFP_graphite,26.42,2.485,2.968,0.608,270,1.2244,58.331
B083,LFP_graphite,26.42,2.485,2.968,0.608,280,1.1731,55.885
B083,LFP_graphite,26.42,2.485,2.968,0.608,290,1.1417,54.39
B083,LFP_graphite,26.42,2.485,2.968,0.608,300,1.0879,51.829
B083,LFP_graphite,26.42,2.485,2.968,0.608,310,1.0428,49.68
B083,LFP_graphite,26.42,2.485,2.968,0.608,320,0.9907,47.197
B083,LFP_graphite,26.42,2.485,2.968,0.608,330,0.9519,45.346
B083,LFP_graphite,26.42,2.485,2.968,0.608,340,0.8928,45.0
B083,LFP_graphite,26.42,2.485,2.968,0.608,350,0.872,45.0
B083,LFP_graphite,26.42,2.485,2.968,0.608,360,0.7998,45.0
B083,LFP_graphite,26.42,2.485,2.968,0.608,370,0.7538,45.0
B083,LFP_graphite,26.42,2.485,2.968,0.608,380,0.7218,45.0
B083,LFP_graphite,26.42,2.485,2.968,0.608,390,0.6541,45.0
B083,LFP_graphite,26.42,2.485,2.968,0.608,400,0.6146,45.0
B083,LFP_graphite,26.42,2.485,2.968,0.608,410,0.54,45.0
B083,LFP_graphite,26.42,2.485,2.968,0.608,420,0.5071,45.0
B083,LFP_graphite,26.42,2.485,2.968,0.608,430,0.4454,45.0
B083,LFP_graphite,26.42,2.485,2.968,0.608,440,0.4097,45.0
B083,LFP_graphite,26.42,2.485,2.968,0.608,450,0.3507,45.0
B083,LFP_graphite,26.42,2.485,2.968,0.608,460,0.3071,45.0
B083,LFP_graphite,26.42,2.485,2.968,0.608,470,0.2421,45.0
B083,LFP_graphite,26.42,2.485,2.968,0.608,480,0.1926,45.0
B083,LFP_graphite,26.42,2.485,2.968,0.608,490,0.1573,45.0
B083,LFP_graphite,26.42,2.485,2.968,0.608,500,0.0819,45.0
B083,LFP_graphite,26.42,2.485,2.968,0.608,510,0.034,45.0
B083,LFP_graphite,26.42,2.485,2.968,0.608,520,-0.0169,45.0
B083,LFP_graphite,26.42,2.485,2.968,0.608,530,-0.0745,45.0
B083,LFP_graphite,26.42,2.485,2.968,0.608,540,-0.1205,45.0
B083,LFP_graphite,26.42,2.485,2.968,0.608,550,-0.2046,45.0
B083,LFP_graphite,26.42,2.485,2.968,0.608,560,-0.262,45.0
B083,LFP_graphite,26.42,2.485,2.968,0.608,570,-0.2879,45.0
B083,LFP_graphite,26.42,2.485,2.968,0.608,580,-0.3435,45.0
B083,LFP_graphite,26.42,2.485,2.968,0.608,590,-0.4093,45.0
B083,LFP_graphite,26.42,2.485,2.968,0.608,600,-0.4787,45.0
B083,LFP_graphite,26.42,2.485,2.968,0.608,610,-0.5232,45.0
B083,LFP_graphite,26.42,2.485,2.968,0.608,620,-0.5914,45.0
B083,LFP_graphite,26.42,2.485,2.968,0.608,630,-0.6413,45.0
B083,LFP_graphite,26.42,2.485,2.968,0.608,640,-0.7155,45.0
B083,LFP_graphite,26.42,2.485,2.968,0.608,650,-0.7546,45.0
B083,LFP_graphite,26.42,2.485,2.968,0.608,660,-0.8182,45.0
B083,LFP_graphite,26.42,2.485,2.968,0.608,670,-0.8754,45.0
B083,LFP_graphite,26.42,2.485,2.968,0.608,680,-0.933,45.0
B083,LFP_graphite,26.42,2.485,2.968,0.608,690,-0.9895,45.0
B083,LFP_graphite,26.42,2.485,2.968,0.608,700,-1.0504,45.0
B083,LFP_graphite,26.42,2.485,2.968,0.608,710,-1.1308,45.0
B083,LFP_graphite,26.42,2.485,2.968,0.608,720,-1.1887,45.0
B083,LFP_graphite,26.42,2.485,2.968,0.608,730,-1.2524,45.0
B083,LFP_graphite,26.42,2.485,2.968,0.608,740,-1.3117,45.0
B083,LFP_graphite,26.42,2.485,2.968,0.608,750,-1.366,45.0
B083,LFP_graphite,26.42,2.485,2.968,0.608,760,-1.4329,45.0
B083,LFP_graphite,26.42,2.485,2.968,0.608,770,-1.4968,45.0
B083,LFP_graphite,26.42,2.485,2.968,0.608,780,-1.552,45.0
B083,LFP_graphite,26.42,2.485,2.968,0.608,790,-1.6198,45.0
B083,LFP_graphite,26.42,2.485,2.968,0.608,800,-1.6894,45.0
B083,LFP_graphite,26.42,2.485,2.968,0.608,810,-1.7502,45.0
B083,LFP_graphite,26.42,2.485,2.968,0.608,820,-1.8184,45.0
B083,LFP_graphite,26.42,2.485,2.968,0.608,830,-1.8839,45.0
B083,LFP_graphite,26.42,2.485,2.968,0.608,840,-1.9473,45.0
B083,LFP_graphite,26.42,2.485,2.968,0.608,850,-2.0182,45.0
B083,LFP_graphite,26.42,2.485,2.968,0.608,860,-2.0793,45.0
B083,LFP_graphite,26.42,2.485,2.968,0.608,870,-2.1251,45.0
B083,LFP_graphite,26.42,2.485,2.968,0.608,880,-2.2183,45.0
B083,LFP_graphite,26.42,2.485,2.968,0.608,890,-2.2575,45.0
B083,LFP_graphite,26.42,2.485,2.968,0.608,900,-2.345,45.0
B083,LFP_graphite,26.42,2.485,2.968,0.608,910,-2.4056,45.0
B083,LFP_graphite,26.42,2.485,2.968,0.608,920,-2.4673,45.0
B083,LFP_graphite,26.42,2.485,2.968,0.608,930,-2.542,45.0
B083,LFP_graphite,26.42,2.485,2.968,0.608,940,-2.6123,45.0
B083,LFP_graphite,26.42,2.485,2.968,0.608,950,-2.6681,45.0
B083,LFP_graphite,26.42,2.485,2.968,0.608,960,-2.7291,45.0
B083,LFP_graphite,26.42,2.485,2.968,0.608,970,-2.7928,45.0
B083,LFP_graphite,26.42,2.485,2.968,0.608,980,-2.8716,45.0
B083,LFP_graphite,26.42,2.485,2.968,0.608,990,-2.9397,45.0
B083,LFP_graphite,26.42,2.485,2.968,0.608,1000,-3.0197,45.0
B084,NMC_graphite,23.02,0.88,1.173,0.627,0,1.9366,100.013
B084,NMC_graphite,23.02,0.88,1.173,0.627,10,1.9299,99.666
B084,NMC_graphite,23.02,0.88,1.173,0.627,20,1.928,99.569
B084,NMC_graphite,23.02,0.88,1.173,0.627,30,1.9272,99.527
B084,NMC_graphite,23.02,0.88,1.173,0.627,40,1.9244,99.384
B084,NMC_graphite,23.02,0.88,1.173,0.627,50,1.9261,99.47
B084,NMC_graphite,23.02,0.88,1.173,0.627,60,1.9156,98.926
B084,NMC_graphite,23.02,0.88,1.173,0.627,70,1.9013,98.191
B084,NMC_graphite,23.02,0.88,1.173,0.627,80,1.9026,98.257
B084,NMC_graphite,23.02,0.88,1.173,0.627,90,1.9049,98.374
B084,NMC_graphite,23.02,0.88,1.173,0.627,100,1.8972,97.978
B084,NMC_graphite,23.02,0.88,1.173,0.627,110,1.8921,97.713
B084,NMC_graphite,23.02,0.88,1.173,0.627,120,1.8798,97.078
B084,NMC_graphite,23.02,0.88,1.173,0.627,130,1.8865,97.424
B084,NMC_graphite,23.02,0.88,1.173,0.627,140,1.8813,97.156
B084,NMC_graphite,23.02,0.88,1.173,0.627,150,1.8715,96.65
B084,NMC_graphite,23.02,0.88,1.173,0.627,160,1.8888,97.543
B084,NMC_graphite,23.02,0.88,1.173,0.627,170,1.8696,96.554
B084,NMC_graphite,23.02,0.88,1.173,0.627,180,1.8588,95.996
B084,NMC_graphite,23.02,0.88,1.173,0.627,190,1.8592,96.017
B084,NMC_graphite,23.02,0.88,1.173,0.627,200,1.8536,95.724
B084,NMC_graphite,23.02,0.88,1.173,0.627,210,1.8304,94.529
B084,NMC_graphite,23.02,0.88,1.173,0.627,220,1.8431,95.186
B084,NMC_graphite,23.02,0.88,1.173,0.627,230,1.8265,94.325
B084,NMC_graphite,23.02,0.88,1.173,0.627,240,1.8118,93.566
B084,NMC_graphite,23.02,0.88,1.173,0.627,250,1.8298,94.499
B084,NMC_graphite,23.02,0.88,1.173,0.627,260,1.8229,94.14
B084,NMC_graphite,23.02,0.88,1.173,0.627,270,1.8118,93.566
B084,NMC_graphite,23.02,0.88,1.173,0.627,280,1.8092,93.43
B084,NMC_graphite,23.02,0.88,1.173,0.627,290,1.8054,93.237
B084,NMC_graphite,23.02,0.88,1.173,0.627,300,1.802,93.059
B084,NMC_graphite,23.02,0.88,1.173,0.627,310,1.7794,91.896
B084,NMC_graphite,23.02,0.88,1.173,0.627,320,1.755,90.632
B084,NMC_graphite,23.02,0.88,1.173,0.627,330,1.7584,90.811
B084,NMC_graphite,23.02,0.88,1.173,0.627,340,1.7743,91.629
B084,NMC_graphite,23.02,0.88,1.173,0.627,350,1.773,91.563
B084,NMC_graphite,23.02,0.88,1.173,0.627,360,1.7585,90.813
B084,NMC_graphite,23.02,0.88,1.173,0.627,370,1.7593,90.856
B084,NMC_graphite,23.02,0.88,1.173,0.627,380,1.7583,90.807
B084,NMC_graphite,23.02,0.88,1.173,0.627,390,1.7319,89.44
B084,NMC_graphite,23.02,0.88,1.173,0.627,400,1.7326,89.475
B084,NMC_graphite,23.02,0.88,1.173,0.627,410,1.7292,89.303
B084,NMC_graphite,23.02,0.88,1.173,0.627,420,1.7299,89.339
B084,NMC_graphite,23.02,0.88,1.173,0.627,430,1.717,88.673
B084,NMC_graphite,23.02,0.88,1.173,0.627,440,1.7141,88.523
B084,NMC_graphite,23.02,0.88,1.173,0.627,450,1.7002,87.805
B084,NMC_graphite,23.02,0.88,1.173,0.627,460,1.6959,87.582
B084,NMC_graphite,23.02,0.88,1.173,0.627,470,1.7076,88.184
B084,NMC_graphite,23.02,0.88,1.173,0.627,480,1.6969,87.632
B084,NMC_graphite,23.02,0.88,1.173,0.627,490,1.6824,86.884
B084,NMC_graphite,23.02,0.88,1.173,0.627,500,1.6838,86.958
B084,NMC_graphite,23.02,0.88,1.173,0.627,510,1.664,85.937
B084,NMC_graphite,23.02,0.88,1.173,0.627,520,1.6505,85.238
B084,NMC_graphite,23.02,0.88,1.173,0.627,530,1.6598,85.718
B084,NMC_graphite,23.02,0.88,1.173,0.627,540,1.6417,84.781
B084,NMC_graphite,23.02,0.88,1.173,0.627,550,1.6393,84.659
B084,NMC_graphite,23.02,0.88,1.173,0.627,560,1.6242,83.881
B084,NMC_graphite,23.02,0.88,1.173,0.627,570,1.6351,84.444
B084,NMC_graphite,23.02,0.88,1.173,0.627,580,1.6167,83.493
B084,NMC_graphite,23.02,0.88,1.173,0.627,590,1.6186,83.588
B084,NMC_graphite,23.02,0.88,1.173,0.627,600,1.6095,83.118
B084,NMC_graphite,23.02,0.88,1.173,0.627,610,1.6165,83.481
B084,NMC_graphite,23.02,0.88,1.173,0.627,620,1.5984,82.545
B084,NMC_graphite,23.02,0.88,1.173,0.627,630,1.5942,82.331
B084,NMC_graphite,23.02,0.88,1.173,0.627,640,1.5833,81.769
B084,NMC_graphite,23.02,0.88,1.173,0.627,650,1.5799,81.59
B084,NMC_graphite,23.02,0.88,1.173,0.627,660,1.5856,81.887
B084,NMC_graphite,23.02,0.88,1.173,0.627,670,1.5759,81.384
B084,NMC_graphite,23.02,0.88,1.173,0.627,680,1.566,80.872
B084,NMC_graphite,23.02,0.88,1.173,0.627,690,1.5499,80.04
B084,NMC_graphite,23.02,0.88,1.173,0.627,700,1.561,80.614
B084,NMC_graphite,23.02,0.88,1.173,0.627,710,1.5365,79.35
B084,NMC_graphite,23.02,0.88,1.173,0.627,720,1.541,79.582
B084,NMC_graphite,23.02,0.88,1.173,0.627,730,1.541,79.583
B084,NMC_graphite,23.02,0.88,1.173,0.627,740,1.536,79.324
B084,NMC_graphite,23.02,0.88,1.173,0.627,750,1.5192,78.458
B084,NMC_graphite,23.02,0.88,1.173,0.627,760,1.5125,78.112
B084,NMC_graphite,23.02,0.88,1.173,0.627,770,1.504,77.672
B084,NMC_graphite,23.02,0.88,1.173,0.627,780,1.4901,76.952
B084,NMC_graphite,23.02,0.88,1.173,0.627,790,1.4863,76.757
B084,NMC_graphite,23.02,0.88,1.173,0.627,800,1.4864,76.764
B084,NMC_graphite,23.02,0.88,1.173,0.627,810,1.4812,76.496
B084,NMC_graphite,23.02,0.88,1.173,0.627,820,1.4806,76.465
B084,NMC_graphite,23.02,0.88,1.173,0.627,830,1.4718,76.007
B084,NMC_graphite,23.02,0.88,1.173,0.627,840,1.4593,75.363
B084,NMC_graphite,23.02,0.88,1.173,0.627,850,1.4333,74.019
B084,NMC_graphite,23.02,0.88,1.173,0.627,860,1.44,74.366
B084,NMC_graphite,23.02,0.88,1.173,0.627,870,1.4542,75.102
B084,NMC_graphite,23.02,0.88,1.173,0.627,880,1.4227,73.47
B084,NMC_graphite,23.02,0.88,1.173,0.627,890,1.419,73.282
B084,NMC_graphite,23.02,0.88,1.173,0.627,900,1.4166,73.155
B084,NMC_graphite,23.02,0.88,1.173,0.627,910,1.4056,72.589
B084,NMC_graphite,23.02,0.88,1.173,0.627,920,1.41,72.816
B084,NMC_graphite,23.02,0.88,1.173,0.627,930,1.4031,72.459
B084,NMC_graphite,23.02,0.88,1.173,0.627,940,1.3933,71.952
B084,NMC_graphite,23.02,0.88,1.173,0.627,950,1.3817,71.354
B084,NMC_graphite,23.02,0.88,1.173,0.627,960,1.3699,70.747
B084,NMC_graphite,23.02,0.88,1.173,0.627,970,1.3609,70.279
B084,NMC_graphite,23.02,0.88,1.173,0.627,980,1.3693,70.717
B084,NMC_graphite,23.02,0.88,1.173,0.627,990,1.3469,69.557
B084,NMC_graphite,23.02,0.88,1.173,0.627,1000,1.3505,69.744
B085,NCA_graphite,24.12,0.833,1.772,0.681,0,2.111,100.45
B085,NCA_graphite,24.12,0.833,1.772,0.681,10,2.0974,99.802
B085,NCA_graphite,24.12,0.833,1.772,0.681,20,2.0919,99.539
B085,NCA_graphite,24.12,0.833,1.772,0.681,30,2.0389,97.019
B085,NCA_graphite,24.12,0.833,1.772,0.681,40,2.0259,96.399
B085,NCA_graphite,24.12,0.833,1.772,0.681,50,2.024,96.306
B085,NCA_graphite,24.12,0.833,1.772,0.681,60,1.9852,94.461
B085,NCA_graphite,24.12,0.833,1.772,0.681,70,1.953,92.928
B085,NCA_graphite,24.12,0.833,1.772,0.681,80,1.9271,91.699
B085,NCA_graphite,24.12,0.833,1.772,0.681,90,1.8884,89.857
B085,NCA_graphite,24.12,0.833,1.772,0.681,100,1.8514,88.096
B085,NCA_graphite,24.12,0.833,1.772,0.681,110,1.8109,86.167
B085,NCA_graphite,24.12,0.833,1.772,0.681,120,1.7957,85.443
B085,NCA_graphite,24.12,0.833,1.772,0.681,130,1.7402,82.806
B085,NCA_graphite,24.12,0.833,1.772,0.681,140,1.7101,81.369
B085,NCA_graphite,24.12,0.833,1.772,0.681,150,1.6663,79.287
B085,NCA_graphite,24.12,0.833,1.772,0.681,160,1.63,77.559
B085,NCA_graphite,24.12,0.833,1.772,0.681,170,1.5779,75.079
B085,NCA_graphite,24.12,0.833,1.772,0.681,180,1.5397,73.263
B085,NCA_graphite,24.12,0.833,1.772,0.681,190,1.4736,70.118
B085,NCA_graphite,24.12,0.833,1.772,0.681,200,1.4439,68.704
B085,NCA_graphite,24.12,0.833,1.772,0.681,210,1.3831,65.813
B085,NCA_graphite,24.12,0.833,1.772,0.681,220,1.3454,64.017
B085,NCA_graphite,24.12,0.833,1.772,0.681,230,1.2913,61.446
B085,NCA_graphite,24.12,0.833,1.772,0.681,240,1.2338,58.709
B085,NCA_graphite,24.12,0.833,1.772,0.681,250,1.1909,56.665
B085,NCA_graphite,24.12,0.833,1.772,0.681,260,1.1279,53.671
B085,NCA_graphite,24.12,0.833,1.772,0.681,270,1.0811,51.44
B085,NCA_graphite,24.12,0.833,1.772,0.681,280,1.0171,48.396
B085,NCA_graphite,24.12,0.833,1.772,0.681,290,0.965,45.918
B085,NCA_graphite,24.12,0.833,1.772,0.681,300,0.9101,45.0
B085,NCA_graphite,24.12,0.833,1.772,0.681,310,0.8637,45.0
B085,NCA_graphite,24.12,0.833,1.772,0.681,320,0.7917,45.0
B085,NCA_graphite,24.12,0.833,1.772,0.681,330,0.7121,45.0
B085,NCA_graphite,24.12,0.833,1.772,0.681,340,0.6546,45.0
B085,NCA_graphite,24.12,0.833,1.772,0.681,350,0.611,45.0
B085,NCA_graphite,24.12,0.833,1.772,0.681,360,0.5459,45.0
B085,NCA_graphite,24.12,0.833,1.772,0.681,370,0.4767,45.0
B085,NCA_graphite,24.12,0.833,1.772,0.681,380,0.4215,45.0
B085,NCA_graphite,24.12,0.833,1.772,0.681,390,0.3533,45.0
B085,NCA_graphite,24.12,0.833,1.772,0.681,400,0.2816,45.0
B085,NCA_graphite,24.12,0.833,1.772,0.681,410,0.2297,45.0
B085,NCA_graphite,24.12,0.833,1.772,0.681,420,0.1616,45.0
B085,NCA_graphite,24.12,0.833,1.772,0.681,430,0.0822,45.0
B085,NCA_graphite,24.12,0.833,1.772,0.681,440,0.0222,45.0
B085,NCA_graphite,24.12,0.833,1.772,0.681,450,-0.0689,45.0
B085,NCA_graphite,24.12,0.833,1.772,0.681,460,-0.1344,45.0
B085,NCA_graphite,24.12,0.833,1.772,0.681,470,-0.1958,45.0
B085,NCA_graphite,24.12,0.833,1.772,0.681,480,-0.2591,45.0
B085,NCA_graphite,24.12,0.833,1.772,0.681,490,-0.3479,45.0
B085,NCA_graphite,24.12,0.833,1.772,0.681,500,-0.4028,45.0
B085,NCA_graphite,24.12,0.833,1.772,0.681,510,-0.4884,45.0
B085,NCA_graphite,24.12,0.833,1.772,0.681,520,-0.5643,45.0
B085,NCA_graphite,24.12,0.833,1.772,0.681,530,-0.6364,45.0
B085,NCA_graphite,24.12,0.833,1.772,0.681,540,-0.7343,45.0
B085,NCA_graphite,24.12,0.833,1.772,0.681,550,-0.7931,45.0
B085,NCA_graphite,24.12,0.833,1.772,0.681,560,-0.8612,45.0
B085,NCA_graphite,24.12,0.833,1.772,0.681,570,-0.9507,45.0
B085,NCA_graphite,24.12,0.833,1.772,0.681,580,-1.0196,45.0
B085,NCA_graphite,24.12,0.833,1.772,0.681,590,-1.1017,45.0
B085,NCA_graphite,24.12,0.833,1.772,0.681,600,-1.1859,45.0
B085,NCA_graphite,24.12,0.833,1.772,0.681,610,-1.2668,45.0
B085,NCA_graphite,24.12,0.833,1.772,0.681,620,-1.3331,45.0
B085,NCA_graphite,24.12,0.833,1.772,0.681,630,-1.4284,45.0
B085,NCA_graphite,24.12,0.833,1.772,0.681,640,-1.5101,45.0
B085,NCA_graphite,24.12,0.833,1.772,0.681,650,-1.5909,45.0
B085,NCA_graphite,24.12,0.833,1.772,0.681,660,-1.6784,45.0
B085,NCA_graphite,24.12,0.833,1.772,0.681,670,-1.764,45.0
B085,NCA_graphite,24.12,0.833,1.772,0.681,680,-1.8534,45.0
B085,NCA_graphite,24.12,0.833,1.772,0.681,690,-1.9285,45.0
B085,NCA_graphite,24.12,0.833,1.772,0.681,700,-2.0048,45.0
B085,NCA_graphite,24.12,0.833,1.772,0.681,710,-2.1192,45.0
B085,NCA_graphite,24.12,0.833,1.772,0.681,720,-2.1853,45.0
B085,NCA_graphite,24.12,0.833,1.772,0.681,730,-2.2793,45.0
B085,NCA_graphite,24.12,0.833,1.772,0.681,740,-2.3611,45.0
B085,NCA_graphite,24.12,0.833,1.772,0.681,750,-2.4599,45.0
B085,NCA_graphite,24.12,0.833,1.772,0.681,760,-2.539,45.0
B085,NCA_graphite,24.12,0.833,1.772,0.681,770,-2.6173,45.0
B085,NCA_graphite,24.12,0.833,1.772,0.681,780,-2.7203,45.0
B085,NCA_graphite,24.12,0.833,1.772,0.681,790,-2.7969,45.0
B085,NCA_graphite,24.12,0.833,1.772,0.681,800,-2.9071,45.0
B085,NCA_graphite,24.12,0.833,1.772,0.681,810,-2.983,45.0
B085,NCA_graphite,24.12,0.833,1.772,0.681,820,-3.0903,45.0
B085,NCA_graphite,24.12,0.833,1.772,0.681,830,-3.1661,45.0
B085,NCA_graphite,24.12,0.833,1.772,0.681,840,-3.2631,45.0
B085,NCA_graphite,24.12,0.833,1.772,0.681,850,-3.3618,45.0
B085,NCA_graphite,24.12,0.833,1.772,0.681,860,-3.4505,45.0
B085,NCA_graphite,24.12,0.833,1.772,0.681,870,-3.5519,45.0
B085,NCA_graphite,24.12,0.833,1.772,0.681,880,-3.646,45.0
B085,NCA_graphite,24.12,0.833,1.772,0.681,890,-3.7338,45.0
B085,NCA_graphite,24.12,0.833,1.772,0.681,900,-3.8305,45.0
B085,NCA_graphite,24.12,0.833,1.772,0.681,910,-3.9409,45.0
B085,NCA_graphite,24.12,0.833,1.772,0.681,920,-4.0345,45.0
B085,NCA_graphite,24.12,0.833,1.772,0.681,930,-4.1342,45.0
B085,NCA_graphite,24.12,0.833,1.772,0.681,940,-4.2332,45.0
B085,NCA_graphite,24.12,0.833,1.772,0.681,950,-4.3159,45.0
B085,NCA_graphite,24.12,0.833,1.772,0.681,960,-4.4249,45.0
B085,NCA_graphite,24.12,0.833,1.772,0.681,970,-4.5297,45.0
B085,NCA_graphite,24.12,0.833,1.772,0.681,980,-4.6185,45.0
B085,NCA_graphite,24.12,0.833,1.772,0.681,990,-4.7218,45.0
B085,NCA_graphite,24.12,0.833,1.772,0.681,1000,-4.8254,45.0
B086,LFP_graphite,24.24,0.628,0.557,0.797,0,2.0778,100.108
B086,LFP_graphite,24.24,0.628,0.557,0.797,10,2.0614,99.318
B086,LFP_graphite,24.24,0.628,0.557,0.797,20,2.0668,99.577
B086,LFP_graphite,24.24,0.628,0.557,0.797,30,2.06,99.247
B086,LFP_graphite,24.24,0.628,0.557,0.797,40,2.0587,99.185
B086,LFP_graphite,24.24,0.628,0.557,0.797,50,2.0447,98.51
B086,LFP_graphite,24.24,0.628,0.557,0.797,60,2.0451,98.529
B086,LFP_graphite,24.24,0.628,0.557,0.797,70,2.0466,98.601
B086,LFP_graphite,24.24,0.628,0.557,0.797,80,2.0412,98.342
B086,LFP_graphite,24.24,0.628,0.557,0.797,90,2.0569,99.098
B086,LFP_graphite,24.24,0.628,0.557,0.797,100,2.0483,98.687
B086,LFP_graphite,24.24,0.628,0.557,0.797,110,2.0181,97.231
B086,LFP_graphite,24.24,0.628,0.557,0.797,120,2.0216,97.402
B086,LFP_graphite,24.24,0.628,0.557,0.797,130,2.0083,96.76
B086,LFP_graphite,24.24,0.628,0.557,0.797,140,2.0019,96.451
B086,LFP_graphite,24.24,0.628,0.557,0.797,150,1.9994,96.33
B086,LFP_graphite,24.24,0.628,0.557,0.797,160,2.0073,96.711
B086,LFP_graphite,24.24,0.628,0.557,0.797,170,1.9961,96.172
B086,LFP_graphite,24.24,0.628,0.557,0.797,180,1.9832,95.548
B086,LFP_graphite,24.24,0.628,0.557,0.797,190,1.9777,95.284
B086,LFP_graphite,24.24,0.628,0.557,0.797,200,1.9717,94.995
B086,LFP_graphite,24.24,0.628,0.557,0.797,210,1.9664,94.738
B086,LFP_graphite,24.24,0.628,0.557,0.797,220,1.9638,94.615
B086,LFP_graphite,24.24,0.628,0.557,0.797,230,1.9577,94.322
B086,LFP_graphite,24.24,0.628,0.557,0.797,240,1.9491,93.907
B086,LFP_graphite,24.24,0.628,0.557,0.797,250,1.938,93.371
B086,LFP_graphite,24.24,0.628,0.557,0.797,260,1.932,93.084
B086,LFP_graphite,24.24,0.628,0.557,0.797,270,1.9059,91.826
B086,LFP_graphite,24.24,0.628,0.557,0.797,280,1.9238,92.685
B086,LFP_graphite,24.24,0.628,0.557,0.797,290,1.9077,91.91
B086,LFP_graphite,24.24,0.628,0.557,0.797,300,1.9013,91.603
B086,LFP_graphite,24.24,0.628,0.557,0.797,310,1.9078,91.916
B086,LFP_graphite,24.24,0.628,0.557,0.797,320,1.8856,90.845
B086,LFP_graphite,24.24,0.628,0.557,0.797,330,1.8697,90.082
B086,LFP_graphite,24.24,0.628,0.557,0.797,340,1.8589,89.562
B086,LFP_graphite,24.24,0.628,0.557,0.797,350,1.8711,90.15
B086,LFP_graphite,24.24,0.628,0.557,0.797,360,1.8455,88.915
B086,LFP_graphite,24.24,0.628,0.557,0.797,370,1.8471,88.992
B086,LFP_graphite,24.24,0.628,0.557,0.797,380,1.8384,88.571
B086,LFP_graphite,24.24,0.628,0.557,0.797,390,1.8398,88.638
B086,LFP_graphite,24.24,0.628,0.557,0.797,400,1.8251,87.934
B086,LFP_graphite,24.24,0.628,0.557,0.797,410,1.8252,87.937
B086,LFP_graphite,24.24,0.628,0.557,0.797,420,1.7982,86.638
B086,LFP_graphite,24.24,0.628,0.557,0.797,430,1.8046,86.945
B086,LFP_graphite,24.24,0.628,0.557,0.797,440,1.7794,85.733
B086,LFP_graphite,24.24,0.628,0.557,0.797,450,1.7762,85.578
B086,LFP_graphite,24.24,0.628,0.557,0.797,460,1.7809,85.803
B086,LFP_graphite,24.24,0.628,0.557,0.797,470,1.747,84.172
B086,LFP_graphite,24.24,0.628,0.557,0.797,480,1.7525,84.435
B086,LFP_graphite,24.24,0.628,0.557,0.797,490,1.7345,83.568
B086,LFP_graphite,24.24,0.628,0.557,0.797,500,1.7442,84.035
B086,LFP_graphite,24.24,0.628,0.557,0.797,510,1.7183,82.785
B086,LFP_graphite,24.24,0.628,0.557,0.797,520,1.7199,82.862
B086,LFP_graphite,24.24,0.628,0.557,0.797,530,1.7104,82.404
B086,LFP_graphite,24.24,0.628,0.557,0.797,540,1.7049,82.143
B086,LFP_graphite,24.24,0.628,0.557,0.797,550,1.683,81.086
B086,LFP_graphite,24.24,0.628,0.557,0.797,560,1.6867,81.262
B086,LFP_graphite,24.24,0.628,0.557,0.797,570,1.6603,79.993
B086,LFP_graphite,24.24,0.628,0.557,0.797,580,1.662,80.072
B086,LFP_graphite,24.24,0.628,0.557,0.797,590,1.6533,79.656
B086,LFP_graphite,24.24,0.628,0.557,0.797,600,1.6455,79.277
B086,LFP_graphite,24.24,0.628,0.557,0.797,610,1.6322,78.64
B086,LFP_graphite,24.24,0.628,0.557,0.797,620,1.6248,78.28
B086,LFP_graphite,24.24,0.628,0.557,0.797,630,1.6252,78.302
B086,LFP_graphite,24.24,0.628,0.557,0.797,640,1.6131,77.72
B086,LFP_graphite,24.24,0.628,0.557,0.797,650,1.5933,76.762
B086,LFP_graphite,24.24,0.628,0.557,0.797,660,1.5867,76.447
B086,LFP_graphite,24.24,0.628,0.557,0.797,670,1.5886,76.537
B086,LFP_graphite,24.24,0.628,0.557,0.797,680,1.5766,75.958
B086,LFP_graphite,24.24,0.628,0.557,0.797,690,1.5574,75.033
B086,LFP_graphite,24.24,0.628,0.557,0.797,700,1.5442,74.398
B086,LFP_graphite,24.24,0.628,0.557,0.797,710,1.5468,74.522
B086,LFP_graphite,24.24,0.628,0.557,0.797,720,1.5334,73.876
B086,LFP_graphite,24.24,0.628,0.557,0.797,730,1.5243,73.442
B086,LFP_graphite,24.24,0.628,0.557,0.797,740,1.4978,72.162
B086,LFP_graphite,24.24,0.628,0.557,0.797,750,1.4802,71.314
B086,LFP_graphite,24.24,0.628,0.557,0.797,760,1.4829,71.445
B086,LFP_graphite,24.24,0.628,0.557,0.797,770,1.4863,71.61
B086,LFP_graphite,24.24,0.628,0.557,0.797,780,1.4736,70.998
B086,LFP_graphite,24.24,0.628,0.557,0.797,790,1.4589,70.288
B086,LFP_graphite,24.24,0.628,0.557,0.797,800,1.4645,70.56
B086,LFP_graphite,24.24,0.628,0.557,0.797,810,1.4483,69.78
B086,LFP_graphite,24.24,0.628,0.557,0.797,820,1.4405,69.404
B086,LFP_graphite,24.24,0.628,0.557,0.797,830,1.4204,68.434
B086,LFP_graphite,24.24,0.628,0.557,0.797,840,1.4161,68.227
B086,LFP_graphite,24.24,0.628,0.557,0.797,850,1.3981,67.357
B086,LFP_graphite,24.24,0.628,0.557,0.797,860,1.3946,67.192
B086,LFP_graphite,24.24,0.628,0.557,0.797,870,1.3846,66.707
B086,LFP_graphite,24.24,0.628,0.557,0.797,880,1.3697,65.993
B086,LFP_graphite,24.24,0.628,0.557,0.797,890,1.3636,65.697
B086,LFP_graphite,24.24,0.628,0.557,0.797,900,1.3647,65.752
B086,LFP_graphite,24.24,0.628,0.557,0.797,910,1.3577,65.413
B086,LFP_graphite,24.24,0.628,0.557,0.797,920,1.3414,64.625
B086,LFP_graphite,24.24,0.628,0.557,0.797,930,1.3008,62.67
B086,LFP_graphite,24.24,0.628,0.557,0.797,940,1.3163,63.42
B086,LFP_graphite,24.24,0.628,0.557,0.797,950,1.284,61.863
B086,LFP_graphite,24.24,0.628,0.557,0.797,960,1.2947,62.377
B086,LFP_graphite,24.24,0.628,0.557,0.797,970,1.2919,62.243
B086,LFP_graphite,24.24,0.628,0.557,0.797,980,1.2605,60.732
B086,LFP_graphite,24.24,0.628,0.557,0.797,990,1.2622,60.813
B086,LFP_graphite,24.24,0.628,0.557,0.797,1000,1.2504,60.243
B087,NMC_graphite,24.77,1.96,2.737,0.849,0,1.9966,99.71
B087,NMC_graphite,24.77,1.96,2.737,0.849,10,1.977,98.734
B087,NMC_graphite,24.77,1.96,2.737,0.849,20,1.965,98.136
B087,NMC_graphite,24.77,1.96,2.737,0.849,30,1.9422,96.996
B087,NMC_graphite,24.77,1.96,2.737,0.849,40,1.9138,95.58
B087,NMC_graphite,24.77,1.96,2.737,0.849,50,1.8725,93.513
B087,NMC_graphite,24.77,1.96,2.737,0.849,60,1.8489,92.334
B087,NMC_graphite,24.77,1.96,2.737,0.849,70,1.8112,90.451
B087,NMC_graphite,24.77,1.96,2.737,0.849,80,1.7814,88.964
B087,NMC_graphite,24.77,1.96,2.737,0.849,90,1.7468,87.236
B087,NMC_graphite,24.77,1.96,2.737,0.849,100,1.7008,84.94
B087,NMC_graphite,24.77,1.96,2.737,0.849,110,1.6655,83.179
B087,NMC_graphite,24.77,1.96,2.737,0.849,120,1.6169,80.75
B087,NMC_graphite,24.77,1.96,2.737,0.849,130,1.5873,79.272
B087,NMC_graphite,24.77,1.96,2.737,0.849,140,1.5319,76.505
B087,NMC_graphite,24.77,1.96,2.737,0.849,150,1.4991,74.866
B087,NMC_graphite,24.77,1.96,2.737,0.849,160,1.441,71.968
B087,NMC_graphite,24.77,1.96,2.737,0.849,170,1.4097,70.403
B087,NMC_graphite,24.77,1.96,2.737,0.849,180,1.3658,68.212
B087,NMC_graphite,24.77,1.96,2.737,0.849,190,1.3145,65.646
B087,NMC_graphite,24.77,1.96,2.737,0.849,200,1.2656,63.207
B087,NMC_graphite,24.77,1.96,2.737,0.849,210,1.2178,60.82
B087,NMC_graphite,24.77,1.96,2.737,0.849,220,1.1719,58.528
B087,NMC_graphite,24.77,1.96,2.737,0.849,230,1.112,55.535
B087,NMC_graphite,24.77,1.96,2.737,0.849,240,1.063,53.088
B087,NMC_graphite,24.77,1.96,2.737,0.849,250,1.0135,50.615
B087,NMC_graphite,24.77,1.96,2.737,0.849,260,0.9538,47.635
B087,NMC_graphite,24.77,1.96,2.737,0.849,270,0.9007,45.0
B087,NMC_graphite,24.77,1.96,2.737,0.849,280,0.8542,45.0
B087,NMC_graphite,24.77,1.96,2.737,0.849,290,0.7962,45.0
B087,NMC_graphite,24.77,1.96,2.737,0.849,300,0.7547,45.0
B087,NMC_graphite,24.77,1.96,2.737,0.849,310,0.6894,45.0
B087,NMC_graphite,24.77,1.96,2.737,0.849,320,0.6389,45.0
B087,NMC_graphite,24.77,1.96,2.737,0.849,330,0.5891,45.0
B087,NMC_graphite,24.77,1.96,2.737,0.849,340,0.5318,45.0
B087,NMC_graphite,24.77,1.96,2.737,0.849,350,0.4682,45.0
B087,NMC_graphite,24.77,1.96,2.737,0.849,360,0.4074,45.0
B087,NMC_graphite,24.77,1.96,2.737,0.849,370,0.3366,45.0
B087,NMC_graphite,24.77,1.96,2.737,0.849,380,0.2962,45.0
B087,NMC_graphite,24.77,1.96,2.737,0.849,390,0.2423,45.0
B087,NMC_graphite,24.77,1.96,2.737,0.849,400,0.1717,45.0
B087,NMC_graphite,24.77,1.96,2.737,0.849,410,0.1044,45.0
B087,NMC_graphite,24.77,1.96,2.737,0.849,420,0.0514,45.0
B087,NMC_graphite,24.77,1.96,2.737,0.849,430,-0.0155,45.0
B087,NMC_graphite,24.77,1.96,2.737,0.849,440,-0.0751,45.0
B087,NMC_graphite,24.77,1.96,2.737,0.849,450,-0.1307,45.0
B087,NMC_graphite,24.77,1.96,2.737,0.849,460,-0.2065,45.0
B087,NMC_graphite,24.77,1.96,2.737,0.849,470,-0.2602,45.0
B087,NMC_graphite,24.77,1.96,2.737,0.849,480,-0.3272,45.0
B087,NMC_graphite,24.77,1.96,2.737,0.849,490,-0.3842,45.0
B087,NMC_graphite,24.77,1.96,2.737,0.849,500,-0.4502,45.0
B087,NMC_graphite,24.77,1.96,2.737,0.849,510,-0.5101,45.0
B087,NMC_graphite,24.77,1.96,2.737,0.849,520,-0.5791,45.0
B087,NMC_graphite,24.77,1.96,2.737,0.849,530,-0.6303,45.0
B087,NMC_graphite,24.77,1.96,2.737,0.849,540,-0.7168,45.0
B087,NMC_graphite,24.77,1.96,2.737,0.849,550,-0.7779,45.0
B087,NMC_graphite,24.77,1.96,2.737,0.849,560,-0.8473,45.0
B087,NMC_graphite,24.77,1.96,2.737,0.849,570,-0.896,45.0
B087,NMC_graphite,24.77,1.96,2.737,0.849,580,-0.9869,45.0
B087,NMC_graphite,24.77,1.96,2.737,0.849,590,-1.0391,45.0
B087,NMC_graphite,24.77,1.96,2.737,0.849,600,-1.1158,45.0
B087,NMC_graphite,24.77,1.96,2.737,0.849,610,-1.1984,45.0
B087,NMC_graphite,24.77,1.96,2.737,0.849,620,-1.2616,45.0
B087,NMC_graphite,24.77,1.96,2.737,0.849,630,-1.3244,45.0
B087,NMC_graphite,24.77,1.96,2.737,0.849,640,-1.3874,45.0
B087,NMC_graphite,24.77,1.96,2.737,0.849,650,-1.4492,45.0
B087,NMC_graphite,24.77,1.96,2.737,0.849,660,-1.5262,45.0
B087,NMC_graphite,24.77,1.96,2.737,0.849,670,-1.6078,45.0
B087,NMC_graphite,24.77,1.96,2.737,0.849,680,-1.6685,45.0
B087,NMC_graphite,24.77,1.96,2.737,0.849,690,-1.7459,45.0
B087,NMC_graphite,24.77,1.96,2.737,0.849,700,-1.8179,45.0
B087,NMC_graphite,24.77,1.96,2.737,0.849,710,-1.8883,45.0
B087,NMC_graphite,24.77,1.96,2.737,0.849,720,-1.9575,45.0
B087,NMC_graphite,24.77,1.96,2.737,0.849,730,-2.0313,45.0
B087,NMC_graphite,24.77,1.96,2.737,0.849,740,-2.1147,45.0
B087,NMC_graphite,24.77,1.96,2.737,0.849,750,-2.1678,45.0
B087,NMC_graphite,24.77,1.96,2.737,0.849,760,-2.2659,45.0
B087,NMC_graphite,24.77,1.96,2.737,0.849,770,-2.3297,45.0
B087,NMC_graphite,24.77,1.96,2.737,0.849,780,-2.3911,45.0
B087,NMC_graphite,24.77,1.96,2.737,0.849,790,-2.4706,45.0
B087,NMC_graphite,24.77,1.96,2.737,0.849,800,-2.5558,45.0
B087,NMC_graphite,24.77,1.96,2.737,0.849,810,-2.6384,45.0
B087,NMC_graphite,24.77,1.96,2.737,0.849,820,-2.6826,45.0
B087,NMC_graphite,24.77,1.96,2.737,0.849,830,-2.7723,45.0
B087,NMC_graphite,24.77,1.96,2.737,0.849,840,-2.8583,45.0
B087,NMC_graphite,24.77,1.96,2.737,0.849,850,-2.9209,45.0
B087,NMC_graphite,24.77,1.96,2.737,0.849,860,-3.0097,45.0
B087,NMC_graphite,24.77,1.96,2.737,0.849,870,-3.083,45.0
B087,NMC_graphite,24.77,1.96,2.737,0.849,880,-3.14,45.0
B087,NMC_graphite,24.77,1.96,2.737,0.849,890,-3.2221,45.0
B087,NMC_graphite,24.77,1.96,2.737,0.849,900,-3.299,45.0
B087,NMC_graphite,24.77,1.96,2.737,0.849,910,-3.3761,45.0
B087,NMC_graphite,24.77,1.96,2.737,0.849,920,-3.4506,45.0
B087,NMC_graphite,24.77,1.96,2.737,0.849,930,-3.5468,45.0
B087,NMC_graphite,24.77,1.96,2.737,0.849,940,-3.6257,45.0
B087,NMC_graphite,24.77,1.96,2.737,0.849,950,-3.69,45.0
B087,NMC_graphite,24.77,1.96,2.737,0.849,960,-3.7733,45.0
B087,NMC_graphite,24.77,1.96,2.737,0.849,970,-3.8456,45.0
B087,NMC_graphite,24.77,1.96,2.737,0.849,980,-3.9338,45.0
B087,NMC_graphite,24.77,1.96,2.737,0.849,990,-4.0007,45.0
B087,NMC_graphite,24.77,1.96,2.737,0.849,1000,-4.0914,45.0
B088,NMC_graphite,24.39,2.154,1.327,0.622,0,1.9402,100.439
B088,NMC_graphite,24.39,2.154,1.327,0.622,10,1.9396,100.408
B088,NMC_graphite,24.39,2.154,1.327,0.622,20,1.9133,99.043
B088,NMC_graphite,24.39,2.154,1.327,0.622,30,1.8908,97.879
B088,NMC_graphite,24.39,2.154,1.327,0.622,40,1.8819,97.42
B088,NMC_graphite,24.39,2.154,1.327,0.622,50,1.8467,95.597
B088,NMC_graphite,24.39,2.154,1.327,0.622,60,1.8369,95.091
B088,NMC_graphite,24.39,2.154,1.327,0.622,70,1.8189,94.158
B088,NMC_graphite,24.39,2.154,1.327,0.622,80,1.7923,92.779
B088,NMC_graphite,24.39,2.154,1.327,0.622,90,1.7769,91.984
B088,NMC_graphite,24.39,2.154,1.327,0.622,100,1.75,90.593
B088,NMC_graphite,24.39,2.154,1.327,0.622,110,1.7134,88.698
B088,NMC_graphite,24.39,2.154,1.327,0.622,120,1.7002,88.015
B088,NMC_graphite,24.39,2.154,1.327,0.622,130,1.6733,86.621
B088,NMC_graphite,24.39,2.154,1.327,0.622,140,1.6473,85.277
B088,NMC_graphite,24.39,2.154,1.327,0.622,150,1.6233,84.035
B088,NMC_graphite,24.39,2.154,1.327,0.622,160,1.5995,82.799
B088,NMC_graphite,24.39,2.154,1.327,0.622,170,1.5683,81.183
B088,NMC_graphite,24.39,2.154,1.327,0.622,180,1.532,79.306
B088,NMC_graphite,24.39,2.154,1.327,0.622,190,1.5085,78.092
B088,NMC_graphite,24.39,2.154,1.327,0.622,200,1.4687,76.032
B088,NMC_graphite,24.39,2.154,1.327,0.622,210,1.4412,74.606
B088,NMC_graphite,24.39,2.154,1.327,0.622,220,1.4207,73.545
B088,NMC_graphite,24.39,2.154,1.327,0.622,230,1.3812,71.499
B088,NMC_graphite,24.39,2.154,1.327,0.622,240,1.3582,70.311
B088,NMC_graphite,24.39,2.154,1.327,0.622,250,1.3134,67.993
B088,NMC_graphite,24.39,2.154,1.327,0.622,260,1.2832,66.428
B088,NMC_graphite,24.39,2.154,1.327,0.622,270,1.2582,65.131
B088,NMC_graphite,24.39,2.154,1.327,0.622,280,1.2006,62.149
B088,NMC_graphite,24.39,2.154,1.327,0.622,290,1.1824,61.208
B088,NMC_graphite,24.39,2.154,1.327,0.622,300,1.1327,58.635
B088,NMC_graphite,24.39,2.154,1.327,0.622,310,1.1086,57.386
B088,NMC_graphite,24.39,2.154,1.327,0.622,320,1.0744,55.616
B088,NMC_graphite,24.39,2.154,1.327,0.622,330,1.0268,53.155
B088,NMC_graphite,24.39,2.154,1.327,0.622,340,0.9851,50.997
B088,NMC_graphite,24.39,2.154,1.327,0.622,350,0.9459,48.964
B088,NMC_graphite,24.39,2.154,1.327,0.622,360,0.9162,47.43
B088,NMC_graphite,24.39,2.154,1.327,0.622,370,0.8877,45.951
B088,NMC_graphite,24.39,2.154,1.327,0.622,380,0.8433,45.0
B088,NMC_graphite,24.39,2.154,1.327,0.622,390,0.7893,45.0
B088,NMC_graphite,24.39,2.154,1.327,0.622,400,0.7572,45.0
B088,NMC_graphite,24.39,2.154,1.327,0.622,410,0.7382,45.0
B088,NMC_graphite,24.39,2.154,1.327,0.622,420,0.6927,45.0
B088,NMC_graphite,24.39,2.154,1.327,0.622,430,0.639,45.0
B088,NMC_graphite,24.39,2.154,1.327,0.622,440,0.616,45.0
B088,NMC_graphite,24.39,2.154,1.327,0.622,450,0.5588,45.0
B088,NMC_graphite,24.39,2.154,1.327,0.622,460,0.5354,45.0
B088,NMC_graphite,24.39,2.154,1.327,0.622,470,0.4816,45.0
B088,NMC_graphite,24.39,2.154,1.327,0.622,480,0.4494,45.0
B088,NMC_graphite,24.39,2.154,1.327,0.622,490,0.4022,45.0
B088,NMC_graphite,24.39,2.154,1.327,0.622,500,0.3515,45.0
B088,NMC_graphite,24.39,2.154,1.327,0.622,510,0.3141,45.0
B088,NMC_graphite,24.39,2.154,1.327,0.622,520,0.2796,45.0
B088,NMC_graphite,24.39,2.154,1.327,0.622,530,0.2193,45.0
B088,NMC_graphite,24.39,2.154,1.327,0.622,540,0.1827,45.0
B088,NMC_graphite,24.39,2.154,1.327,0.622,550,0.1446,45.0
B088,NMC_graphite,24.39,2.154,1.327,0.622,560,0.0989,45.0
B088,NMC_graphite,24.39,2.154,1.327,0.622,570,0.0635,45.0
B088,NMC_graphite,24.39,2.154,1.327,0.622,580,0.0067,45.0
B088,NMC_graphite,24.39,2.154,1.327,0.622,590,-0.0296,45.0
B088,NMC_graphite,24.39,2.154,1.327,0.622,600,-0.0744,45.0
B088,NMC_graphite,24.39,2.154,1.327,0.622,610,-0.1351,45.0
B088,NMC_graphite,24.39,2.154,1.327,0.622,620,-0.1794,45.0
B088,NMC_graphite,24.39,2.154,1.327,0.622,630,-0.2004,45.0
B088,NMC_graphite,24.39,2.154,1.327,0.622,640,-0.2538,45.0
B088,NMC_graphite,24.39,2.154,1.327,0.622,650,-0.31,45.0
B088,NMC_graphite,24.39,2.154,1.327,0.622,660,-0.3556,45.0
B088,NMC_graphite,24.39,2.154,1.327,0.622,670,-0.3882,45.0
B088,NMC_graphite,24.39,2.154,1.327,0.622,680,-0.4433,45.0
B088,NMC_graphite,24.39,2.154,1.327,0.622,690,-0.498,45.0
B088,NMC_graphite,24.39,2.154,1.327,0.622,700,-0.5335,45.0
B088,NMC_graphite,24.39,2.154,1.327,0.622,710,-0.6007,45.0
B088,NMC_graphite,24.39,2.154,1.327,0.622,720,-0.6425,45.0
B088,NMC_graphite,24.39,2.154,1.327,0.622,730,-0.6882,45.0
B088,NMC_graphite,24.39,2.154,1.327,0.622,740,-0.7355,45.0
B088,NMC_graphite,24.39,2.154,1.327,0.622,750,-0.7796,45.0
B088,NMC_graphite,24.39,2.154,1.327,0.622,760,-0.8354,45.0
B088,NMC_graphite,24.39,2.154,1.327,0.622,770,-0.8817,45.0
B088,NMC_graphite,24.39,2.154,1.327,0.622,780,-0.9348,45.0
B088,NMC_graphite,24.39,2.154,1.327,0.622,790,-0.9852,45.0
B088,NMC_graphite,24.39,2.154,1.327,0.622,800,-1.0241,45.0
B088,NMC_graphite,24.39,2.154,1.327,0.622,810,-1.0716,45.0
B088,NMC_graphite,24.39,2.154,1.327,0.622,820,-1.1304,45.0
B088,NMC_graphite,24.39,2.154,1.327,0.622,830,-1.1728,45.0
B088,NMC_graphite,24.39,2.154,1.327,0.622,840,-1.2423,45.0
B088,NMC_graphite,24.39,2.154,1.327,0.622,850,-1.2817,45.0
B088,NMC_graphite,24.39,2.154,1.327,0.622,860,-1.3393,45.0
B088,NMC_graphite,24.39,2.154,1.327,0.622,870,-1.3779,45.0
B088,NMC_graphite,24.39,2.154,1.327,0.622,880,-1.4357,45.0
B088,NMC_graphite,24.39,2.154,1.327,0.622,890,-1.4861,45.0
B088,NMC_graphite,24.39,2.154,1.327,0.622,900,-1.5306,45.0
B088,NMC_graphite,24.39,2.154,1.327,0.622,910,-1.581,45.0
B088,NMC_graphite,24.39,2.154,1.327,0.622,920,-1.6416,45.0
B088,NMC_graphite,24.39,2.154,1.327,0.622,930,-1.6876,45.0
B088,NMC_graphite,24.39,2.154,1.327,0.622,940,-1.7423,45.0
B088,NMC_graphite,24.39,2.154,1.327,0.622,950,-1.8004,45.0
B088,NMC_graphite,24.39,2.154,1.327,0.622,960,-1.8579,45.0
B088,NMC_graphite,24.39,2.154,1.327,0.622,970,-1.9119,45.0
B088,NMC_graphite,24.39,2.154,1.327,0.622,980,-1.9569,45.0
B088,NMC_graphite,24.39,2.154,1.327,0.622,990,-2.0167,45.0
B088,NMC_graphite,24.39,2.154,1.327,0.622,1000,-2.0561,45.0
B089,LFP_graphite,44.64,1.158,1.775,0.917,0,2.0981,100.469
B089,LFP_graphite,44.64,1.158,1.775,0.917,10,2.0682,99.035
B089,LFP_graphite,44.64,1.158,1.775,0.917,20,2.0191,96.684
B089,LFP_graphite,44.64,1.158,1.775,0.917,30,1.9785,94.741
B089,LFP_graphite,44.64,1.158,1.775,0.917,40,1.965,94.096
B089,LFP_graphite,44.64,1.158,1.775,0.917,50,1.8987,90.921
B089,LFP_graphite,44.64,1.158,1.775,0.917,60,1.8453,88.363
B089,LFP_graphite,44.64,1.158,1.775,0.917,70,1.7728,84.892
B089,LFP_graphite,44.64,1.158,1.775,0.917,80,1.7049,81.638
B089,LFP_graphite,44.64,1.158,1.775,0.917,90,1.6184,77.496
B089,LFP_graphite,44.64,1.158,1.775,0.917,100,1.5625,74.818
B089,LFP_graphite,44.64,1.158,1.775,0.917,110,1.4729,70.528
B089,LFP_graphite,44.64,1.158,1.775,0.917,120,1.395,66.797
B089,LFP_graphite,44.64,1.158,1.775,0.917,130,1.3261,63.499
B089,LFP_graphite,44.64,1.158,1.775,0.917,140,1.239,59.33
B089,LFP_graphite,44.64,1.158,1.775,0.917,150,1.1224,53.748
B089,LFP_graphite,44.64,1.158,1.775,0.917,160,1.0518,50.366
B089,LFP_graphite,44.64,1.158,1.775,0.917,170,0.9541,45.687
B089,LFP_graphite,44.64,1.158,1.775,0.917,180,0.8577,45.0
B089,LFP_graphite,44.64,1.158,1.775,0.917,190,0.7573,45.0
B089,LFP_graphite,44.64,1.158,1.775,0.917,200,0.6603,45.0
B089,LFP_graphite,44.64,1.158,1.775,0.917,210,0.5465,45.0
B089,LFP_graphite,44.64,1.158,1.775,0.917,220,0.4498,45.0
B089,LFP_graphite,44.64,1.158,1.775,0.917,230,0.3419,45.0
B089,LFP_graphite,44.64,1.158,1.775,0.917,240,0.2291,45.0
B089,LFP_graphite,44.64,1.158,1.775,0.917,250,0.1132,45.0
B089,LFP_graphite,44.64,1.158,1.775,0.917,260,0.0024,45.0
B089,LFP_graphite,44.64,1.158,1.775,0.917,270,-0.1088,45.0
B089,LFP_graphite,44.64,1.158,1.775,0.917,280,-0.2321,45.0
B089,LFP_graphite,44.64,1.158,1.775,0.917,290,-0.3488,45.0
B089,LFP_graphite,44.64,1.158,1.775,0.917,300,-0.4728,45.0
B089,LFP_graphite,44.64,1.158,1.775,0.917,310,-0.6082,45.0
B089,LFP_graphite,44.64,1.158,1.775,0.917,320,-0.723,45.0
B089,LFP_graphite,44.64,1.158,1.775,0.917,330,-0.8501,45.0
B089,LFP_graphite,44.64,1.158,1.775,0.917,340,-0.9856,45.0
B089,LFP_graphite,44.64,1.158,1.775,0.917,350,-1.1093,45.0
B089,LFP_graphite,44.64,1.158,1.775,0.917,360,-1.253,45.0
B089,LFP_graphite,44.64,1.158,1.775,0.917,370,-1.3724,45.0
B089,LFP_graphite,44.64,1.158,1.775,0.917,380,-1.5243,45.0
B089,LFP_graphite,44.64,1.158,1.775,0.917,390,-1.6405,45.0
B089,LFP_graphite,44.64,1.158,1.775,0.917,400,-1.7851,45.0
B089,LFP_graphite,44.64,1.158,1.775,0.917,410,-1.9122,45.0
B089,LFP_graphite,44.64,1.158,1.775,0.917,420,-2.0695,45.0
B089,LFP_graphite,44.64,1.158,1.775,0.917,430,-2.2124,45.0
B089,LFP_graphite,44.64,1.158,1.775,0.917,440,-2.3662,45.0
B089,LFP_graphite,44.64,1.158,1.775,0.917,450,-2.5027,45.0
B089,LFP_graphite,44.64,1.158,1.775,0.917,460,-2.6543,45.0
B089,LFP_graphite,44.64,1.158,1.775,0.917,470,-2.7962,45.0
B089,LFP_graphite,44.64,1.158,1.775,0.917,480,-2.9518,45.0
B089,LFP_graphite,44.64,1.158,1.775,0.917,490,-3.0989,45.0
B089,LFP_graphite,44.64,1.158,1.775,0.917,500,-3.2585,45.0
B089,LFP_graphite,44.64,1.158,1.775,0.917,510,-3.4174,45.0
B089,LFP_graphite,44.64,1.158,1.775,0.917,520,-3.5642,45.0
B089,LFP_graphite,44.64,1.158,1.775,0.917,530,-3.7301,45.0
B089,LFP_graphite,44.64,1.158,1.775,0.917,540,-3.8853,45.0
B089,LFP_graphite,44.64,1.158,1.775,0.917,550,-4.0418,45.0
B089,LFP_graphite,44.64,1.158,1.775,0.917,560,-4.2055,45.0
B089,LFP_graphite,44.64,1.158,1.775,0.917,570,-4.363,45.0
B089,LFP_graphite,44.64,1.158,1.775,0.917,580,-4.5267,45.0
B089,LFP_graphite,44.64,1.158,1.775,0.917,590,-4.6993,45.0
B089,LFP_graphite,44.64,1.158,1.775,0.917,600,-4.8663,45.0
B089,LFP_graphite,44.64,1.158,1.775,0.917,610,-5.0235,45.0
B089,LFP_graphite,44.64,1.158,1.775,0.917,620,-5.19,45.0
B089,LFP_graphite,44.64,1.158,1.775,0.917,630,-5.3551,45.0
B089,LFP_graphite,44.64,1.158,1.775,0.917,640,-5.55,45.0
B089,LFP_graphite,44.64,1.158,1.775,0.917,650,-5.7081,45.0
B089,LFP_graphite,44.64,1.158,1.775,0.917,660,-5.87,45.0
B089,LFP_graphite,44.64,1.158,1.775,0.917,670,-6.0501,45.0
B089,LFP_graphite,44.64,1.158,1.775,0.917,680,-6.2302,45.0
B089,LFP_graphite,44.64,1.158,1.775,0.917,690,-6.396,45.0
B089,LFP_graphite,44.64,1.158,1.775,0.917,700,-6.5867,45.0
B089,LFP_graphite,44.64,1.158,1.775,0.917,710,-6.746,45.0
B089,LFP_graphite,44.64,1.158,1.775,0.917,720,-6.9344,45.0
B089,LFP_graphite,44.64,1.158,1.775,0.917,730,-7.1075,45.0
B089,LFP_graphite,44.64,1.158,1.775,0.917,740,-7.2975,45.0
B089,LFP_graphite,44.64,1.158,1.775,0.917,750,-7.4827,45.0
B089,LFP_graphite,44.64,1.158,1.775,0.917,760,-7.6642,45.0
B089,LFP_graphite,44.64,1.158,1.775,0.917,770,-7.8398,45.0
B089,LFP_graphite,44.64,1.158,1.775,0.917,780,-8.0376,45.0
B089,LFP_graphite,44.64,1.158,1.775,0.917,790,-8.2242,45.0
B089,LFP_graphite,44.64,1.158,1.775,0.917,800,-8.4173,45.0
B089,LFP_graphite,44.64,1.158,1.775,0.917,810,-8.6037,45.0
B089,LFP_graphite,44.64,1.158,1.775,0.917,820,-8.7915,45.0
B089,LFP_graphite,44.64,1.158,1.775,0.917,830,-8.983,45.0
B089,LFP_graphite,44.64,1.158,1.775,0.917,840,-9.1805,45.0
B089,LFP_graphite,44.64,1.158,1.775,0.917,850,-9.3789,45.0
B089,LFP_graphite,44.64,1.158,1.775,0.917,860,-9.5656,45.0
B089,LFP_graphite,44.64,1.158,1.775,0.917,870,-9.7691,45.0
B089,LFP_graphite,44.64,1.158,1.775,0.917,880,-9.989,45.0
B089,LFP_graphite,44.64,1.158,1.775,0.917,890,-10.1378,45.0
B089,LFP_graphite,44.64,1.158,1.775,0.917,900,-10.3674,45.0
B089,LFP_graphite,44.64,1.158,1.775,0.917,910,-10.5545,45.0
B089,LFP_graphite,44.64,1.158,1.775,0.917,920,-10.7552,45.0
B089,LFP_graphite,44.64,1.158,1.775,0.917,930,-10.9293,45.0
B089,LFP_graphite,44.64,1.158,1.775,0.917,940,-11.1504,45.0
B089,LFP_graphite,44.64,1.158,1.775,0.917,950,-11.3549,45.0
B089,LFP_graphite,44.64,1.158,1.775,0.917,960,-11.5691,45.0
B089,LFP_graphite,44.64,1.158,1.775,0.917,970,-11.7529,45.0
B089,LFP_graphite,44.64,1.158,1.775,0.917,980,-11.9721,45.0
B089,LFP_graphite,44.64,1.158,1.775,0.917,990,-12.1826,45.0
B089,LFP_graphite,44.64,1.158,1.775,0.917,1000,-12.3814,45.0
B090,NMC_graphite,24.21,2.208,2.061,0.897,0,2.0637,99.857
B090,NMC_graphite,24.21,2.208,2.061,0.897,10,2.0522,99.301
B090,NMC_graphite,24.21,2.208,2.061,0.897,20,2.026,98.033
B090,NMC_graphite,24.21,2.208,2.061,0.897,30,2.0037,96.957
B090,NMC_graphite,24.21,2.208,2.061,0.897,40,1.9435,94.04
B090,NMC_graphite,24.21,2.208,2.061,0.897,50,1.8878,91.348
B090,NMC_graphite,24.21,2.208,2.061,0.897,60,1.8378,88.929
B090,NMC_graphite,24.21,2.208,2.061,0.897,70,1.7915,86.689
B090,NMC_graphite,24.21,2.208,2.061,0.897,80,1.755,84.922
B090,NMC_graphite,24.21,2.208,2.061,0.897,90,1.689,81.727
B090,NMC_graphite,24.21,2.208,2.061,0.897,100,1.6438,79.541
B090,NMC_graphite,24.21,2.208,2.061,0.897,110,1.5609,75.527
B090,NMC_graphite,24.21,2.208,2.061,0.897,120,1.5168,73.395
B090,NMC_graphite,24.21,2.208,2.061,0.897,130,1.449,70.112
B090,NMC_graphite,24.21,2.208,2.061,0.897,140,1.3724,66.409
B090,NMC_graphite,24.21,2.208,2.061,0.897,150,1.3061,63.197
B090,NMC_graphite,24.21,2.208,2.061,0.897,160,1.2414,60.067
B090,NMC_graphite,24.21,2.208,2.061,0.897,170,1.1751,56.859
B090,NMC_graphite,24.21,2.208,2.061,0.897,180,1.0847,52.488
B090,NMC_graphite,24.21,2.208,2.061,0.897,190,0.9998,48.378
B090,NMC_graphite,24.21,2.208,2.061,0.897,200,0.9261,45.0
B090,NMC_graphite,24.21,2.208,2.061,0.897,210,0.8544,45.0
B090,NMC_graphite,24.21,2.208,2.061,0.897,220,0.7683,45.0
B090,NMC_graphite,24.21,2.208,2.061,0.897,230,0.6846,45.0
B090,NMC_graphite,24.21,2.208,2.061,0.897,240,0.6211,45.0
B090,NMC_graphite,24.21,2.208,2.061,0.897,250,0.526,45.0
B090,NMC_graphite,24.21,2.208,2.061,0.897,260,0.4303,45.0
B090,NMC_graphite,24.21,2.208,2.061,0.897,270,0.34,45.0
B090,NMC_graphite,24.21,2.208,2.061,0.897,280,0.2601,45.0
B090,NMC_graphite,24.21,2.208,2.061,0.897,290,0.1603,45.0
B090,NMC_graphite,24.21,2.208,2.061,0.897,300,0.0775,45.0
B090,NMC_graphite,24.21,2.208,2.061,0.897,310,-0.0296,45.0
B090,NMC_graphite,24.21,2.208,2.061,0.897,320,-0.115,45.0
B090,NMC_graphite,24.21,2.208,2.061,0.897,330,-0.2048,45.0
B090,NMC_graphite,24.21,2.208,2.061,0.897,340,-0.3097,45.0
B090,NMC_graphite,24.21,2.208,2.061,0.897,350,-0.4017,45.0
B090,NMC_graphite,24.21,2.208,2.061,0.897,360,-0.5094,45.0
B090,NMC_graphite,24.21,2.208,2.061,0.897,370,-0.5975,45.0
B090,NMC_graphite,24.21,2.208,2.061,0.897,380,-0.704,45.0
B090,NMC_graphite,24.21,2.208,2.061,0.897,390,-0.8046,45.0
B090,NMC_graphite,24.21,2.208,2.061,0.897,400,-0.9042,45.0
B090,NMC_graphite,24.21,2.208,2.061,0.897,410,-1.0001,45.0
B090,NMC_graphite,24.21,2.208,2.061,0.897,420,-1.102,45.0
B090,NMC_graphite,24.21,2.208,2.061,0.897,430,-1.2288,45.0
B090,NMC_graphite,24.21,2.208,2.061,0.897,440,-1.3381,45.0
B090,NMC_graphite,24.21,2.208,2.061,0.897,450,-1.4314,45.0
B090,NMC_graphite,24.21,2.208,2.061,0.897,460,-1.5377,45.0
B090,NMC_graphite,24.21,2.208,2.061,0.897,470,-1.6409,45.0
B090,NMC_graphite,24.21,2.208,2.061,0.897,480,-1.7582,45.0
B090,NMC_graphite,24.21,2.208,2.061,0.897,490,-1.8663,45.0
B090,NMC_graphite,24.21,2.208,2.061,0.897,500,-1.9916,45.0
B090,NMC_graphite,24.21,2.208,2.061,0.897,510,-2.0768,45.0
B090,NMC_graphite,24.21,2.208,2.061,0.897,520,-2.2048,45.0
B090,NMC_graphite,24.21,2.208,2.061,0.897,530,-2.328,45.0
B090,NMC_graphite,24.21,2.208,2.061,0.897,540,-2.4338,45.0
B090,NMC_graphite,24.21,2.208,2.061,0.897,550,-2.5456,45.0
B090,NMC_graphite,24.21,2.208,2.061,0.897,560,-2.6542,45.0
B090,NMC_graphite,24.21,2.208,2.061,0.897,570,-2.7885,45.0
B090,NMC_graphite,24.21,2.208,2.061,0.897,580,-2.9051,45.0
B090,NMC_graphite,24.21,2.208,2.061,0.897,590,-3.0212,45.0
B090,NMC_graphite,24.21,2.208,2.061,0.897,600,-3.1492,45.0
B090,NMC_graphite,24.21,2.208,2.061,0.897,610,-3.2657,45.0
B090,NMC_graphite,24.21,2.208,2.061,0.897,620,-3.3811,45.0
B090,NMC_graphite,24.21,2.208,2.061,0.897,630,-3.5092,45.0
B090,NMC_graphite,24.21,2.208,2.061,0.897,640,-3.6391,45.0
B090,NMC_graphite,24.21,2.208,2.061,0.897,650,-3.7439,45.0
B090,NMC_graphite,24.21,2.208,2.061,0.897,660,-3.8689,45.0
B090,NMC_graphite,24.21,2.208,2.061,0.897,670,-4.0078,45.0
B090,NMC_graphite,24.21,2.208,2.061,0.897,680,-4.1282,45.0
B090,NMC_graphite,24.21,2.208,2.061,0.897,690,-4.2577,45.0
B090,NMC_graphite,24.21,2.208,2.061,0.897,700,-4.3835,45.0
B090,NMC_graphite,24.21,2.208,2.061,0.897,710,-4.5097,45.0
B090,NMC_graphite,24.21,2.208,2.061,0.897,720,-4.6521,45.0
B090,NMC_graphite,24.21,2.208,2.061,0.897,730,-4.7822,45.0
B090,NMC_graphite,24.21,2.208,2.061,0.897,740,-4.9061,45.0
B090,NMC_graphite,24.21,2.208,2.061,0.897,750,-5.0406,45.0
B090,NMC_graphite,24.21,2.208,2.061,0.897,760,-5.1591,45.0
B090,NMC_graphite,24.21,2.208,2.061,0.897,770,-5.3063,45.0
B090,NMC_graphite,24.21,2.208,2.061,0.897,780,-5.4393,45.0
B090,NMC_graphite,24.21,2.208,2.061,0.897,790,-5.5663,45.0
B090,NMC_graphite,24.21,2.208,2.061,0.897,800,-5.7097,45.0
B090,NMC_graphite,24.21,2.208,2.061,0.897,810,-5.8324,45.0
B090,NMC_graphite,24.21,2.208,2.061,0.897,820,-5.9653,45.0
B090,NMC_graphite,24.21,2.208,2.061,0.897,830,-6.1269,45.0
B090,NMC_graphite,24.21,2.208,2.061,0.897,840,-6.2449,45.0
B090,NMC_graphite,24.21,2.208,2.061,0.897,850,-6.3919,45.0
B090,NMC_graphite,24.21,2.208,2.061,0.897,860,-6.5303,45.0
B090,NMC_graphite,24.21,2.208,2.061,0.897,870,-6.6622,45.0
B090,NMC_graphite,24.21,2.208,2.061,0.897,880,-6.8092,45.0
B090,NMC_graphite,24.21,2.208,2.061,0.897,890,-6.9474,45.0
B090,NMC_graphite,24.21,2.208,2.061,0.897,900,-7.0803,45.0
B090,NMC_graphite,24.21,2.208,2.061,0.897,910,-7.2402,45.0
B090,NMC_graphite,24.21,2.208,2.061,0.897,920,-7.3622,45.0
B090,NMC_graphite,24.21,2.208,2.061,0.897,930,-7.5166,45.0
B090,NMC_graphite,24.21,2.208,2.061,0.897,940,-7.6628,45.0
B090,NMC_graphite,24.21,2.208,2.061,0.897,950,-7.7982,45.0
B090,NMC_graphite,24.21,2.208,2.061,0.897,960,-7.9331,45.0
B090,NMC_graphite,24.21,2.208,2.061,0.897,970,-8.0923,45.0
B090,NMC_graphite,24.21,2.208,2.061,0.897,980,-8.2343,45.0
B090,NMC_graphite,24.21,2.208,2.061,0.897,990,-8.3785,45.0
B090,NMC_graphite,24.21,2.208,2.061,0.897,1000,-8.5281,45.0
