cement_kg_m3,blast_furnace_slag_kg_m3,fly_ash_kg_m3,water_kg_m3,superplasticizer_kg_m3,coarse_aggregate_kg_m3,fine_aggregate_kg_m3,age_days,compressive_strength_mpa,estimated_co2_kg_m3,estimated_material_cost_index
263.55,31.28,93.67,207.12,9.01,934.52,668.27,7,17.581,242.5,60.09
429.19,194.79,52.06,126.67,19.96,831.45,750.07,365,89.336,411.42,117.12
340.14,175.39,115.63,235.4,27.4,1101.59,852.38,1,32.387,347.54,126.21
212.03,198.09,126.67,162.05,28.46,1125.41,670.16,56,51.755,242.16,115.52
532.96,87.17,47.15,209.23,9.17,885.32,943.35,28,61.81,474.74,94.87
418.93,193.85,189.8,155.01,5.42,1066.1,727.14,14,61.341,382.13,84.98
314.05,50.41,176.24,211.85,23.86,1149.42,590.92,1,30.508,312.17,107.91
129.14,148.94,3.34,163.04,17.57,1091.66,764.23,180,19.575,148.36,69.97
481.32,42.46,160.54,159.28,8.6,1045.68,754.28,90,80.878,429.08,88.66
311.64,166.37,65.39,165.52,25.08,1036.05,834.79,365,69.786,317.99,114.37
357.12,127.46,196.88,166.13,18.4,1085.94,804.64,90,66.339,345.86,105.66
516.24,4.31,40.52,150.95,28.42,838.32,603.49,1,39.077,485.39,134.92
441.67,89.19,170.01,162.62,8.73,886.69,889.6,7,53.372,399.02,87.86
242.05,22.58,119.65,239.93,4.13,1134.57,642.13,365,22.554,216.33,45.74
504.21,159.56,177.12,231.35,12.38,896.42,589.51,365,92.621,463.1,109.71
324.39,180.81,170.15,146.26,1.15,949.9,805.88,3,41.243,293.64,61.28
340.39,58.66,65.59,135.02,26.94,1081.41,604.42,180,67.333,337.85,114.92
186.66,50.05,188.63,128.41,5.5,1023.97,740.48,90,33.543,174.74,47.2
370.5,188.58,42.79,171.36,11.33,913.67,787.92,7,40.214,347.12,87.7
175.12,114.16,55.03,229.68,12.83,983.8,761.41,90,18.023,178.48,63.29
279.04,143.38,108.35,150.86,16.09,893.44,800.29,28,41.673,275.14,88.09
225.88,109.18,90.73,120.94,12.95,1031.26,711.73,3,34.791,222.18,70.76
234.25,37.42,110.86,194.08,16.81,800.45,581.82,56,26.894,230.85,77.19
330.78,93.88,150.88,127.21,10.14,841.7,776.0,28,55.544,306.98,77.65
289.21,145.9,60.74,120.65,8.24,1046.51,874.32,56,41.16,270.44,67.94
130.4,75.6,192.82,139.95,20.92,888.62,750.32,7,23.507,153.45,80.94
345.77,194.18,159.0,149.01,19.06,880.34,885.22,3,52.659,341.17,109.08
281.39,165.53,199.14,160.31,0.67,1024.09,700.63,28,48.943,255.82,54.99
509.24,38.93,23.48,152.94,18.61,1121.66,586.79,1,37.162,465.83,111.31
451.3,94.59,112.45,139.06,17.83,860.75,599.61,180,74.159,420.99,109.84
483.03,3.33,132.26,203.5,25.12,935.42,625.87,14,48.816,453.64,126.28
248.59,36.34,65.03,130.9,28.72,1049.6,815.25,14,27.756,261.09,106.77
411.33,191.51,138.27,136.23,18.42,854.22,921.09,28,69.378,395.27,114.34
418.99,57.16,84.86,229.48,6.16,978.82,628.94,56,52.191,371.69,73.07
365.85,34.85,162.71,216.46,20.45,843.88,912.54,365,67.12,349.38,103.97
475.27,77.0,174.14,128.55,10.18,861.64,928.05,90,78.813,429.14,94.84
243.33,40.3,181.14,208.58,8.07,1046.83,924.09,14,22.76,226.19,59.45
151.54,59.1,139.53,187.89,5.84,952.86,858.72,180,30.56,145.08,42.5
463.87,17.41,115.61,171.58,17.31,1100.17,915.93,180,79.301,425.51,104.77
489.12,170.73,78.18,181.79,27.98,1050.82,877.01,56,81.24,474.03,143.72
178.32,152.35,43.03,206.72,26.08,938.17,694.12,14,23.623,204.83,98.99
142.24,217.54,7.36,185.29,10.49,865.09,553.08,14,19.546,153.07,58.82
214.85,72.61,80.86,155.76,5.37,1142.21,916.61,56,22.386,197.91,47.53
494.35,68.78,162.97,159.09,4.94,1121.37,626.1,1,41.334,436.17,83.0
535.08,155.35,94.67,134.55,9.82,1039.96,619.11,3,54.813,483.29,103.41
359.99,131.22,121.65,207.52,18.22,1044.97,841.75,56,50.645,346.76,102.8
245.68,127.53,41.85,127.32,12.78,1069.37,807.39,7,33.339,239.04,72.04
397.14,2.76,114.1,222.92,25.51,1000.71,553.17,7,35.822,380.86,116.18
183.04,109.71,150.67,170.33,24.88,1087.06,932.02,90,42.661,206.08,97.86
490.28,15.45,2.6,198.88,26.78,906.48,657.61,7,44.79,460.72,126.97
456.89,12.14,5.86,150.67,20.02,1027.9,572.46,14,41.417,421.35,105.95
178.08,49.22,62.39,233.58,13.86,1079.05,693.56,28,3.0,178.23,61.95
218.72,133.39,118.09,163.08,0.18,1067.05,769.37,56,35.819,197.9,40.76
359.81,142.75,132.56,166.65,29.53,1010.09,659.05,3,43.489,365.74,132.31
353.65,156.73,10.23,152.93,9.99,1092.35,914.82,3,40.825,327.76,78.78
219.78,88.26,28.77,185.46,12.95,950.83,780.07,90,21.693,214.28,66.07
404.94,152.42,91.96,185.9,16.61,1085.97,572.62,28,55.839,383.28,104.46
495.06,30.39,171.44,197.34,22.78,907.24,829.43,28,70.94,462.81,125.35
501.72,14.92,140.16,136.65,7.82,1015.35,667.73,14,63.211,442.82,86.41
485.68,218.5,79.79,132.16,10.52,905.55,644.87,7,66.147,446.54,103.06
443.59,196.86,82.66,120.2,3.71,895.07,687.76,56,74.474,398.42,79.6
256.34,99.13,174.49,138.24,21.96,828.37,948.54,90,54.255,263.45,99.58
207.06,196.71,32.34,195.38,0.32,1127.94,635.7,90,30.037,190.93,40.7
425.06,43.83,161.56,122.86,18.47,1112.15,892.53,180,76.666,397.16,106.72
151.03,144.36,148.3,178.29,18.77,999.47,640.19,1,19.197,171.47,81.07
362.06,23.71,164.28,154.16,1.03,1117.16,585.35,90,56.509,314.35,54.26
353.06,193.82,23.48,164.11,21.19,1127.32,749.03,7,46.566,348.05,109.86
386.88,133.2,0.05,183.92,14.08,1148.62,583.01,3,28.47,360.7,90.95
484.82,78.05,69.22,120.88,10.85,1135.89,613.82,14,61.537,436.31,93.54
364.53,7.27,135.2,132.75,0.28,1138.47,730.52,56,56.552,313.51,50.37
382.72,210.47,177.2,158.7,21.65,927.86,562.91,180,87.345,378.24,121.88
443.35,185.9,101.0,152.27,20.62,943.65,569.48,7,58.644,424.87,121.8
132.19,2.06,108.82,221.61,5.38,1062.03,687.67,1,3.0,123.28,33.8
434.93,192.43,115.82,127.66,17.22,893.52,592.87,1,44.338,413.02,113.34
510.08,112.51,93.75,138.37,22.76,1124.94,563.96,28,73.667,479.73,129.73
319.78,108.75,173.07,145.08,4.39,868.97,851.77,1,31.8,289.91,63.88
294.82,187.46,67.49,129.3,12.98,1140.83,833.56,28,45.374,285.84,83.65
264.84,74.86,103.6,194.63,2.86,938.48,816.63,90,38.032,237.01,48.32
382.01,179.04,76.77,151.69,0.73,839.38,837.96,56,64.623,339.95,63.27
376.89,190.24,37.62,199.39,29.46,974.68,835.06,365,75.375,381.56,133.7
372.98,178.02,161.81,227.51,18.33,859.19,641.67,365,81.773,362.06,109.53
500.81,143.3,47.24,221.7,18.41,859.22,555.49,365,85.73,466.12,118.05
455.2,188.03,176.84,194.74,15.61,1093.12,676.27,56,88.598,428.59,113.88
412.68,107.53,94.94,213.02,23.84,993.56,802.99,28,47.646,398.35,120.46
526.27,118.81,115.97,129.35,0.7,1146.34,850.03,3,55.694,459.09,77.86
216.86,159.67,56.63,154.28,26.42,944.94,769.92,56,40.548,238.92,105.52
413.96,77.67,100.54,125.26,0.23,868.48,911.31,365,70.413,359.68,59.7
158.29,77.21,87.54,148.02,19.65,1030.12,823.62,14,17.939,173.14,77.02
227.36,22.19,43.76,195.22,2.01,924.54,918.38,14,13.189,198.91,35.62
206.7,216.47,133.99,216.73,15.74,1075.67,808.16,56,45.907,218.72,84.67
184.32,3.3,98.91,138.03,6.17,1110.46,629.75,14,14.036,168.76,41.74
465.91,44.93,67.1,215.45,26.05,981.11,767.83,14,47.954,442.19,126.87
217.71,219.49,41.47,132.41,11.58,1105.56,639.34,3,24.917,219.78,72.11
499.42,86.61,184.23,211.98,22.97,935.95,674.23,1,49.366,471.0,130.78
316.64,195.07,78.86,152.39,8.5,832.29,892.45,365,66.471,297.98,76.06
327.52,191.68,148.08,145.13,16.64,1138.11,729.36,365,84.163,321.39,100.23
293.76,142.53,167.87,205.97,0.51,943.65,904.44,3,37.95,263.84,53.21
365.37,174.91,58.34,218.2,17.19,1089.56,857.19,56,60.298,351.48,101.39
436.15,62.52,5.47,130.48,29.24,1039.01,573.28,90,60.209,422.01,130.05
459.5,28.06,119.99,196.92,17.09,930.65,785.45,28,56.078,422.29,104.63
149.31,52.24,156.11,130.6,2.01,872.14,738.49,14,26.88,136.91,32.84
173.37,12.62,50.03,165.31,0.42,894.41,621.55,3,3.0,149.92,24.74
484.76,120.39,70.98,139.76,10.63,878.33,606.63,7,55.307,438.9,96.0
345.03,32.86,189.68,189.08,9.51,1121.14,882.26,180,63.193,314.58,75.06
148.36,53.48,118.28,224.71,4.19,874.08,782.23,180,13.914,138.92,36.75
212.47,216.11,148.86,203.63,20.12,1001.65,725.4,3,26.539,230.91,96.89
124.98,19.73,138.43,220.52,27.97,1143.76,870.02,56,5.712,155.13,91.83
155.24,209.21,125.41,206.51,2.92,1133.43,646.1,7,28.621,153.77,45.58
259.98,215.39,57.93,216.93,17.12,1071.28,895.65,90,46.028,264.62,91.4
347.5,213.25,74.71,227.95,2.15,927.82,553.05,7,44.511,315.24,65.0
535.14,82.7,115.68,180.6,11.66,917.51,934.3,28,70.083,481.63,103.78
484.47,215.78,39.51,171.23,4.74,916.68,781.74,56,74.034,435.28,86.67
473.14,31.43,159.2,132.93,3.8,1048.85,820.48,90,70.096,413.63,74.83
131.75,33.3,137.22,129.42,9.46,943.0,757.52,180,17.007,132.2,47.27
243.5,125.45,23.5,200.77,23.74,1071.85,674.67,28,27.457,254.21,98.3
356.54,151.42,126.87,175.61,26.19,864.97,802.78,1,36.161,358.1,123.92
520.88,37.59,81.32,123.92,24.6,1007.57,870.28,365,94.835,486.37,129.9
324.93,214.85,122.44,182.76,3.66,814.64,629.0,14,49.704,299.53,68.07
532.46,81.74,125.9,139.19,23.45,1007.54,821.67,56,80.235,498.35,133.28
374.24,166.16,49.07,235.63,0.67,853.37,860.66,28,48.827,331.8,60.18
468.88,30.02,157.89,223.1,17.45,886.78,869.94,56,63.114,431.73,108.31
326.47,138.68,60.65,154.85,18.68,1144.66,808.92,7,40.8,318.31,98.01
289.06,152.34,69.94,216.59,8.92,900.77,884.61,3,19.007,272.03,70.44
130.37,17.1,15.13,142.2,10.05,1142.16,631.83,3,3.0,128.39,42.56
171.86,104.41,185.71,155.36,5.38,892.64,763.84,14,27.184,165.71,48.81
319.11,86.12,125.61,186.26,5.07,1100.03,769.05,7,31.029,287.89,62.01
243.48,145.86,171.38,203.26,10.92,890.56,650.26,3,34.465,238.08,73.59
179.07,174.15,15.84,190.68,23.15,920.25,825.89,1,14.144,201.75,92.18
296.71,174.97,151.48,168.67,21.33,912.44,864.3,56,62.808,301.61,107.24
436.83,14.01,39.89,168.05,0.99,1098.88,755.56,90,53.077,374.66,57.46
517.3,162.94,60.27,217.61,24.63,948.35,832.99,180,89.633,491.73,137.47
195.94,138.21,144.78,146.68,2.11,1128.86,584.97,90,34.896,182.5,44.26
287.62,192.45,188.99,204.59,7.48,1098.14,713.58,1,31.453,273.7,74.24
308.23,144.56,70.3,145.39,12.56,1047.32,728.27,180,62.675,293.61,81.32
454.97,50.18,124.96,213.35,21.83,1066.61,786.77,1,37.723,427.66,117.68
127.47,21.88,135.35,167.64,11.25,904.6,754.23,7,4.551,130.59,50.36
273.52,74.66,87.23,158.44,19.08,835.36,657.56,3,25.728,269.99,89.23
252.92,151.7,195.66,207.21,3.06,1061.85,647.8,365,59.703,234.41,56.45
399.37,141.85,160.34,157.31,28.78,985.76,603.55,7,58.31,398.64,136.21
274.29,201.2,157.1,136.6,10.93,906.54,936.02,3,39.261,267.85,80.6
432.38,74.03,173.82,168.5,28.81,942.2,777.58,56,65.793,422.28,136.05
521.0,92.27,75.65,129.15,23.35,908.26,913.86,7,52.912,488.17,130.37
175.46,24.81,55.36,171.02,23.34,1146.29,794.1,90,17.593,189.33,83.36
135.02,161.98,37.2,159.95,12.3,934.6,898.59,90,22.776,146.53,59.78
153.79,144.18,111.94,232.13,13.54,984.08,830.59,1,13.605,164.71,66.87
301.47,177.12,37.55,126.63,21.56,814.74,898.81,14,44.756,303.9,103.98
291.7,17.7,47.63,157.76,0.97,1131.02,606.03,180,36.632,251.68,40.57
431.44,62.11,197.36,151.71,26.7,1082.71,719.68,56,75.643,417.74,130.77
346.57,170.54,82.34,163.9,5.41,824.33,794.11,56,61.804,316.82,70.35
445.53,97.0,119.83,206.19,13.13,983.05,869.18,7,48.55,408.89,97.86
472.53,5.98,131.59,146.56,25.66,889.34,897.32,365,73.102,445.76,126.54
332.53,5.11,75.08,184.21,0.29,1039.42,768.42,56,31.181,284.97,43.99
448.97,65.56,171.23,187.77,11.75,894.46,730.72,56,66.776,408.44,94.69
461.86,169.34,196.65,121.89,16.61,846.65,671.37,3,56.3,434.94,116.66
150.46,83.96,66.01,218.08,5.12,880.22,876.29,56,4.434,143.28,39.36
255.09,69.03,151.17,223.41,4.45,826.32,667.9,365,35.073,231.81,52.63
413.31,152.15,191.8,176.74,10.6,877.74,803.75,7,57.396,382.76,94.43
355.54,111.72,78.2,230.21,1.82,965.47,667.57,28,39.364,314.5,58.16
156.64,161.17,52.98,157.41,15.07,1114.67,798.86,1,8.902,169.6,69.88
476.25,102.62,56.97,139.05,22.36,836.94,937.73,14,58.834,448.91,122.51
225.12,139.49,175.89,235.63,22.28,977.57,626.18,365,52.592,240.28,99.51
310.81,146.12,190.64,149.42,29.76,1137.73,634.66,1,47.942,325.84,129.54
209.88,7.5,133.71,224.58,10.57,1067.67,600.27,28,10.915,198.51,57.49
419.64,191.83,19.28,229.21,0.64,820.68,730.78,7,46.107,371.53,66.15
205.18,95.07,138.63,223.24,17.47,945.85,720.91,3,20.833,211.79,80.51
267.45,37.6,148.67,199.99,7.55,970.16,854.27,56,43.887,245.01,59.54
520.21,70.11,163.95,219.11,13.12,1085.99,903.51,1,46.085,471.35,106.68
372.26,36.63,42.98,133.79,15.44,954.23,652.87,1,27.552,344.55,87.54
311.67,89.33,191.47,171.67,27.33,893.58,675.42,180,65.044,318.73,119.65
284.62,81.24,20.95,219.56,1.89,808.41,575.73,1,6.599,251.05,45.39
440.06,196.83,118.52,224.47,27.45,991.89,792.0,1,48.049,434.13,139.96
515.34,32.94,184.81,141.42,10.32,987.74,593.96,56,79.372,460.55,97.33
167.98,72.0,180.51,164.23,29.14,937.36,818.02,14,30.431,198.05,105.26
475.17,99.07,96.21,141.92,0.67,876.04,597.5,365,82.341,413.83,69.48
306.99,36.52,140.47,194.21,11.51,839.52,613.85,1,24.146,284.72,73.79
300.38,146.01,188.35,191.38,9.8,1074.47,717.0,56,52.116,284.98,78.29
289.25,1.48,30.71,210.47,13.51,892.08,646.08,7,10.643,268.2,69.82
479.29,58.19,78.1,203.54,27.75,1118.09,928.91,7,54.442,457.43,134.08
513.21,119.04,124.48,124.1,27.74,1095.24,796.01,1,51.301,491.43,144.24
352.44,120.22,107.61,156.21,24.0,1096.86,750.0,1,32.738,348.54,115.01
371.25,213.24,184.23,174.3,14.76,802.17,797.04,7,61.613,357.78,103.74
132.31,207.18,180.56,230.93,28.33,910.08,934.44,3,25.455,175.91,108.43
357.35,165.79,127.23,146.55,12.8,818.22,628.37,7,56.667,338.38,91.58
472.84,214.09,1.12,135.74,17.32,903.32,556.85,90,76.953,444.63,115.07
218.58,187.1,161.02,143.19,2.22,844.36,674.79,14,37.985,205.67,51.32
222.08,77.9,138.31,164.58,6.53,803.05,556.38,365,45.018,207.43,53.95
196.32,138.8,191.88,147.66,23.63,1064.76,901.08,90,45.965,218.24,100.03
411.97,196.68,46.3,231.35,18.23,877.11,553.24,28,55.779,394.04,110.64
263.13,140.67,146.1,194.71,17.43,926.7,709.41,365,62.394,264.32,90.85
220.51,32.73,38.64,214.26,25.83,994.51,640.06,365,21.488,231.82,94.86
459.44,121.1,80.73,230.67,18.44,858.04,904.0,28,64.429,430.12,112.94
176.39,134.23,138.38,211.3,24.35,1033.64,629.51,90,27.076,201.05,96.97
321.14,42.14,188.82,160.68,18.4,920.1,807.25,14,41.342,309.14,95.04
389.02,35.52,101.15,217.63,21.09,1140.0,932.93,14,42.267,368.91,105.93
528.67,153.76,14.0,211.15,1.53,897.15,876.02,28,63.766,462.85,78.58
487.13,40.23,171.82,139.22,17.33,952.3,831.68,14,69.948,448.05,111.47
199.81,69.21,188.4,149.18,14.84,1117.11,878.01,365,50.687,202.19,73.45
375.26,107.51,122.31,237.29,11.07,965.8,685.34,3,37.513,346.65,85.11
463.69,142.14,53.67,156.9,1.37,901.5,768.49,7,48.982,407.35,71.16
286.56,58.26,47.84,213.59,21.76,865.99,755.6,3,15.559,283.43,94.78
320.46,167.42,38.59,217.63,28.82,1076.76,906.52,14,43.5,331.0,123.77
133.26,139.96,72.56,140.27,13.59,975.2,801.36,14,22.641,146.25,62.65
374.35,13.93,63.18,144.16,26.61,902.12,707.45,56,46.531,363.01,114.94
431.1,108.85,150.2,140.56,8.51,938.82,831.81,1,40.183,390.68,86.64
428.7,69.5,84.01,217.38,23.29,1078.75,676.15,28,52.996,408.21,117.91
474.44,149.18,27.24,186.47,24.87,1130.55,734.55,28,66.453,454.06,130.65
353.55,90.08,173.25,128.63,23.06,1067.01,802.73,180,77.044,347.19,113.32
311.64,68.89,33.06,131.59,0.02,883.8,785.53,180,49.515,270.41,43.59
407.46,0.34,178.68,175.94,20.81,1066.36,876.43,14,50.258,383.25,108.1
453.87,63.94,12.07,239.21,23.88,887.07,701.24,365,65.949,428.72,119.13
308.35,9.72,101.87,200.44,12.33,863.63,716.99,7,19.426,284.54,72.58
210.97,142.95,112.23,222.72,27.94,814.11,559.92,56,37.0,236.28,109.67
342.78,172.67,57.0,145.33,7.16,1060.93,656.9,3,38.864,316.04,73.4
505.16,219.41,169.5,216.32,15.44,1017.45,774.87,28,83.933,472.84,121.36
461.1,171.32,103.93,136.36,7.38,962.91,594.31,180,92.919,417.81,89.93
424.16,136.17,155.8,142.2,19.27,810.95,732.52,365,95.0,404.02,114.85
408.07,176.4,70.67,203.51,22.06,963.63,820.52,28,66.125,395.91,119.29
400.45,127.84,64.44,124.82,13.9,1060.2,654.72,365,76.351,372.86,94.33
501.9,2.82,194.02,202.71,28.36,1136.15,691.49,1,41.357,476.06,139.07
351.47,122.21,125.65,197.22,12.94,821.41,677.08,1,28.151,330.53,88.11
443.91,64.84,42.34,226.72,29.19,943.34,603.18,90,60.33,429.41,132.47
359.43,92.29,197.71,225.0,29.66,866.7,576.13,180,61.352,363.38,131.64
432.65,33.81,178.32,164.52,22.53,893.79,609.79,3,46.548,409.73,117.74
496.08,161.8,60.41,195.0,9.21,1042.03,608.99,3,47.497,448.94,96.31
428.37,138.85,115.89,225.17,27.74,835.41,911.77,56,64.272,420.54,135.12
202.64,134.93,32.4,182.55,21.95,926.02,620.38,7,24.375,217.45,89.92
459.38,120.87,29.31,134.77,27.63,856.2,766.07,180,75.72,443.73,133.84
520.92,123.73,108.86,190.42,5.65,881.72,937.24,14,60.861,462.67,89.66
150.46,119.56,24.83,163.5,17.06,993.12,910.97,1,3.865,164.05,70.06
385.34,108.95,197.72,233.87,23.43,1149.03,738.13,28,55.357,376.61,120.36
502.56,203.46,45.58,120.15,14.55,1053.05,664.6,56,78.049,465.61,112.75
175.58,79.53,46.75,237.76,27.43,992.3,934.47,1,3.0,199.64,97.09
481.68,127.08,63.66,124.04,21.65,870.08,589.03,180,88.938,454.24,123.37
355.66,72.28,58.5,148.36,12.44,975.09,597.01,28,43.519,328.44,81.17
346.03,87.85,168.99,123.45,9.88,1002.96,765.63,14,53.916,319.47,79.14
328.07,103.9,189.33,233.16,23.67,935.85,810.33,56,52.053,327.78,113.38
442.42,84.02,171.46,204.09,12.86,1080.46,826.86,3,48.696,405.95,97.99
297.33,158.97,41.68,124.8,13.46,1088.93,635.15,28,41.934,286.23,82.12
332.48,59.18,186.96,204.88,19.03,1145.79,658.07,56,47.519,320.94,99.1
239.56,158.42,77.25,231.92,15.78,906.92,785.86,365,50.32,241.51,82.38
201.5,36.65,173.85,234.45,15.14,805.02,550.18,3,10.049,201.55,71.56
382.66,77.27,145.14,198.85,13.99,1110.4,728.29,7,49.595,355.95,92.1
186.7,81.26,128.76,188.7,10.58,1138.04,916.87,90,29.442,183.89,59.69
191.12,212.53,152.83,168.64,18.59,1053.82,809.61,1,25.619,210.13,90.4
505.43,155.24,39.09,144.36,7.04,800.08,731.33,180,89.423,452.53,90.68
435.39,5.88,88.89,231.63,12.53,1016.56,629.09,1,26.868,392.31,87.53
369.9,136.82,67.88,226.7,4.78,1091.65,621.43,365,63.25,332.99,68.62
329.14,138.89,62.91,233.84,7.07,862.96,704.44,28,36.326,302.05,69.4
167.95,192.77,160.15,223.21,5.41,855.67,657.41,1,25.299,168.1,53.57
524.91,121.62,24.61,237.11,4.75,1089.71,580.07,365,83.284,462.78,84.36
507.31,52.2,65.64,147.62,10.9,816.04,766.22,7,51.568,453.63,94.41
429.23,219.95,197.87,208.46,13.95,1025.19,921.23,28,75.958,406.53,109.7
477.17,137.75,117.32,237.41,0.43,1069.72,694.74,180,78.462,418.27,72.67
352.65,170.42,195.99,200.86,16.97,864.77,672.25,90,67.39,342.76,104.52
286.54,166.33,188.46,139.31,13.32,1011.32,897.29,90,61.989,280.28,86.86
459.34,129.15,143.95,143.98,17.64,1114.86,817.3,90,82.18,430.58,114.02
483.73,155.43,11.33,239.4,0.48,1003.02,833.43,1,33.939,423.05,70.59
136.68,47.54,130.94,239.66,2.03,1026.75,849.39,14,3.0,125.38,30.05
234.25,85.37,174.26,154.21,24.81,850.78,709.81,56,45.273,248.26,103.07
475.69,212.18,18.25,128.92,4.97,873.68,565.0,14,60.015,427.51,85.09
131.69,25.16,60.75,183.31,21.6,1072.76,935.93,28,3.0,149.47,73.98
440.08,183.95,18.87,188.35,11.98,935.87,630.26,7,45.598,406.48,96.38
139.3,131.91,117.42,121.55,9.75,962.92,558.55,56,36.5,145.59,55.02
225.63,41.46,129.21,236.22,5.99,1086.05,946.34,1,6.98,206.85,50.11
129.18,47.66,100.63,197.76,26.88,1014.75,819.66,14,8.019,158.15,90.05
415.33,181.35,146.85,230.86,9.42,811.34,585.93,7,53.309,383.73,91.95
520.54,27.34,180.94,205.59,21.46,803.53,778.85,14,62.807,482.32,125.25
213.81,207.2,21.1,177.68,8.33,804.98,763.34,365,46.699,209.99,61.83
185.84,197.69,130.12,203.76,8.25,917.46,675.23,28,40.162,187.61,61.97
276.81,152.41,129.72,186.91,23.81,1104.59,612.34,56,51.794,286.65,108.6
172.68,202.88,107.93,207.14,6.02,1122.84,805.94,7,27.844,172.77,54.29
360.79,74.72,5.33,162.84,9.65,906.95,885.29,3,29.792,327.45,72.87
454.7,91.27,140.49,219.06,2.06,1118.74,652.08,14,57.495,398.99,71.72
478.6,210.5,77.49,179.25,16.96,1089.33,716.19,3,52.382,450.23,117.66
440.69,64.5,148.72,216.3,14.64,1025.34,674.12,90,69.987,405.5,99.95
282.98,59.89,124.73,226.14,13.8,1129.62,682.17,1,15.587,269.3,77.63
302.17,134.2,178.08,139.82,10.4,923.11,808.22,90,62.164,286.44,78.78
286.01,122.12,143.65,208.87,7.85,855.71,863.38,90,55.092,267.09,68.24
446.93,104.72,181.4,228.7,17.36,979.92,785.29,90,63.954,418.63,111.62
275.5,199.56,178.87,126.72,26.51,830.23,889.23,1,34.111,294.14,120.45
293.41,58.15,79.31,168.79,28.42,919.83,657.02,28,41.286,300.52,113.5
423.47,123.41,195.01,207.62,18.77,1143.49,936.72,3,51.977,402.52,114.18
369.41,190.53,173.6,165.76,24.97,857.57,610.46,7,51.027,370.76,127.04
193.68,115.5,20.02,162.13,20.89,1123.7,560.13,28,25.981,206.53,84.35
457.24,55.92,1.75,216.08,0.42,930.69,745.63,3,27.553,393.28,59.91
487.04,16.37,52.92,136.85,19.97,1006.34,861.74,1,39.44,448.15,111.64
394.1,46.91,72.34,134.89,15.23,805.33,584.93,365,64.815,364.09,91.54
467.06,61.63,199.59,225.79,9.0,915.63,766.11,14,55.036,419.72,90.86
491.74,15.75,53.05,128.19,3.75,820.47,701.02,28,58.763,426.15,71.62
141.77,96.62,22.42,126.55,21.8,929.94,940.29,3,8.434,162.6,79.18
257.43,33.87,198.65,211.63,14.09,983.72,644.1,28,30.342,247.7,76.43
120.5,15.24,123.1,153.81,27.54,1078.45,930.79,90,14.036,150.02,89.31
487.13,16.38,174.61,226.33,17.2,1044.95,584.46,180,76.653,446.22,109.59
307.69,53.29,171.89,238.46,15.45,1078.66,949.19,56,45.047,293.43,86.16
337.63,180.13,120.37,147.31,27.27,942.05,587.33,7,54.762,345.64,126.12
538.2,53.97,177.04,128.05,24.45,1128.41,630.22,28,75.983,503.91,136.57
189.57,27.69,20.5,235.27,24.89,811.38,592.95,7,3.0,203.32,87.74
216.74,129.49,109.3,195.43,21.03,1038.9,733.01,56,27.918,229.12,92.01
508.05,74.87,94.26,163.85,12.09,840.44,610.92,56,64.039,458.31,100.2
523.08,114.78,46.61,217.09,25.01,987.14,789.13,180,85.741,493.6,135.19
455.23,189.96,155.99,232.85,21.67,938.74,901.72,180,90.523,438.04,128.35
436.74,219.59,124.64,207.98,2.97,1009.3,764.98,90,71.994,393.85,80.2
317.74,8.06,63.88,227.06,26.73,1116.77,824.63,56,27.246,314.68,108.07
125.78,92.58,176.04,171.4,4.75,952.94,803.16,7,15.699,124.51,40.49
323.82,21.06,148.68,165.78,2.53,1144.6,662.98,28,42.074,283.74,52.6
468.53,84.0,165.19,237.79,5.43,980.51,585.46,56,71.645,416.12,82.28
450.08,153.96,14.09,214.34,28.79,827.92,762.49,28,63.54,439.68,137.32
292.54,103.6,110.5,216.07,20.38,1067.81,716.58,1,21.708,290.73,97.73
270.98,186.28,54.3,209.47,13.55,1074.54,581.55,180,56.29,266.13,81.59
174.73,190.2,57.57,145.39,8.6,964.47,774.71,28,29.97,176.75,58.08
371.65,132.22,4.25,172.05,22.79,1120.37,930.49,56,52.362,361.71,111.0
340.47,200.52,152.41,133.68,16.73,824.2,882.94,90,71.382,333.26,102.82
309.15,174.39,134.29,194.66,3.31,832.67,799.79,365,70.064,282.97,62.95
449.03,127.41,126.06,207.93,28.38,878.17,550.41,28,67.5,438.52,138.79
149.79,164.0,12.72,213.96,26.44,1081.74,637.35,1,4.731,181.36,96.05
341.57,201.97,87.85,192.51,7.88,1143.96,827.9,14,52.141,318.83,78.33
160.79,168.77,38.8,171.74,1.27,969.43,557.59,1,11.665,151.3,35.85
471.95,60.82,23.83,142.99,0.94,1019.8,801.57,90,61.471,407.39,64.19
164.1,171.91,8.39,220.37,9.28,994.64,721.28,180,19.373,166.53,55.25
392.16,4.16,6.52,178.08,25.83,959.43,785.4,56,43.635,375.09,112.19
274.28,173.96,144.34,162.68,6.29,989.65,582.1,1,30.649,258.27,66.6
127.42,152.41,136.02,176.09,15.46,1034.44,874.51,180,27.0,146.43,70.04
283.86,91.69,41.72,193.34,12.27,1145.41,671.92,56,36.833,268.17,72.84
193.02,24.89,2.31,127.26,11.32,837.02,792.69,1,3.0,183.96,53.3
442.66,55.43,165.51,207.91,0.12,1059.53,941.07,365,77.766,383.65,63.93
275.89,182.72,176.21,227.52,2.98,914.67,928.42,3,44.982,255.59,60.39
500.57,93.58,185.41,191.88,13.64,1083.75,699.0,56,84.058,457.56,108.13
217.11,1.12,59.84,174.9,10.49,827.81,583.46,7,8.949,202.61,54.76
447.27,171.41,187.47,198.81,3.65,824.54,629.37,90,86.566,401.76,82.29
524.95,170.36,165.99,150.74,25.46,1109.97,788.11,1,55.41,502.19,145.21
498.92,107.32,108.41,148.42,18.12,1006.76,870.01,7,51.765,462.76,117.02
381.41,198.3,195.16,147.2,9.95,812.4,556.11,365,91.703,357.91,92.34
522.9,183.67,25.76,128.31,7.54,881.33,749.47,1,45.3,469.9,95.48
295.82,34.5,130.13,207.54,26.19,918.79,644.71,365,44.455,298.37,108.59
234.45,95.53,44.22,139.69,23.73,903.78,892.65,28,29.065,244.82,95.91
378.8,123.98,55.16,124.16,25.58,1115.5,672.27,180,66.572,372.68,120.28
391.64,53.48,195.9,159.8,22.05,1105.44,876.35,7,49.607,375.85,113.71
418.15,133.29,67.32,239.47,9.24,800.96,568.87,180,66.824,380.89,85.3
527.01,214.73,88.28,186.29,23.49,878.88,911.72,180,95.0,502.34,140.53
428.1,29.53,23.66,135.22,26.23,1036.31,831.32,90,52.442,408.4,119.97
223.03,50.29,108.4,152.23,15.73,1066.35,593.11,14,26.994,220.44,73.95
485.46,105.76,158.15,124.47,4.55,1098.96,578.57,7,55.188,430.49,83.37
257.31,119.94,172.84,204.77,4.33,914.82,568.67,28,34.793,237.49,57.01
244.4,54.65,112.02,126.72,23.33,894.61,875.32,7,36.79,251.14,95.97
527.98,29.48,27.5,218.9,13.95,943.0,806.21,56,63.419,473.71,101.39
244.17,70.09,46.34,157.34,18.0,935.98,927.91,1,8.565,242.17,81.05
260.21,189.61,46.29,211.98,4.42,1030.74,724.5,1,18.255,242.45,57.4
262.48,131.39,134.25,172.94,1.59,961.64,556.47,365,46.25,237.53,50.04
358.45,74.34,146.62,170.62,13.81,808.86,920.4,3,40.948,334.91,88.61
388.77,211.44,52.66,235.94,4.17,1006.81,796.92,3,39.242,352.98,73.99
204.5,80.3,177.47,135.18,12.31,897.89,766.44,14,32.511,202.7,68.05
525.28,59.27,18.82,234.43,23.61,989.92,559.94,3,39.855,488.79,126.97
266.51,105.35,23.87,206.95,11.8,1117.58,837.47,1,3.0,253.27,69.82
412.33,36.07,33.59,224.11,16.92,893.11,598.47,90,54.098,380.76,95.66
528.56,15.07,64.4,153.36,27.39,886.77,685.73,56,72.386,495.45,135.54
157.89,27.29,159.86,147.13,16.64,996.81,824.54,365,22.141,165.94,68.86
253.42,85.81,101.22,138.47,8.96,996.79,681.36,365,52.664,237.78,62.88
395.86,13.49,18.21,191.32,3.83,1037.52,612.55,3,23.087,343.93,58.76
182.36,175.13,39.92,149.9,18.53,838.86,690.84,365,45.776,197.72,82.08
122.94,76.03,158.8,134.11,16.57,805.88,710.98,3,6.403,139.51,67.85
184.91,99.33,113.19,204.48,9.47,1046.61,692.11,56,28.402,181.54,57.34
308.15,116.4,117.99,188.9,11.85,1058.72,939.24,7,41.965,291.4,79.47
405.63,11.87,51.35,225.17,20.97,896.75,564.35,180,54.704,380.2,103.99
267.34,71.78,107.18,170.83,21.82,1133.71,852.63,7,24.078,269.33,95.95
298.05,65.63,184.54,144.14,23.62,1106.91,886.13,365,60.713,299.42,106.79
133.25,200.67,170.83,143.15,19.18,1020.25,716.77,1,27.516,161.42,84.82
507.23,0.78,82.66,223.37,18.1,832.18,631.57,7,43.408,461.8,109.47
281.7,159.2,167.29,177.7,17.71,897.1,596.42,56,54.971,282.27,95.91
413.0,203.66,107.32,126.34,13.7,895.91,747.16,14,62.036,389.37,102.37
512.56,164.55,103.31,164.78,8.68,1023.33,759.2,56,78.979,463.14,98.85
245.07,154.23,60.92,220.92,19.18,914.25,930.55,365,44.418,251.01,90.59
487.92,176.5,189.51,220.59,23.56,1119.74,802.25,90,95.0,468.58,137.39
184.63,35.12,28.66,176.93,11.24,1022.72,898.88,1,3.0,177.95,53.86
258.04,207.41,97.72,133.16,11.21,873.41,921.68,7,35.688,253.75,77.43
426.94,152.86,159.26,214.24,22.58,1092.46,761.94,3,47.946,412.92,124.76
134.71,37.28,58.77,120.19,17.27,1113.05,716.32,14,9.153,145.93,64.31
143.42,132.08,100.32,128.4,13.52,866.43,851.89,90,41.574,154.8,64.28
375.36,213.15,116.52,150.08,19.49,992.16,815.91,180,84.271,367.5,113.36
521.8,175.37,21.43,179.55,13.02,1058.52,833.18,365,94.788,477.07,108.31
294.36,30.28,13.91,219.94,18.46,1120.14,833.11,90,22.253,282.14,84.15
426.88,163.74,54.82,134.49,21.53,884.72,927.95,14,64.976,409.86,118.71
231.97,12.77,61.7,148.08,13.67,939.43,671.95,1,12.525,221.17,65.37
349.79,60.34,179.16,158.03,13.82,1021.37,775.19,28,50.913,327.23,87.91
222.05,32.44,194.37,164.7,3.61,1079.07,804.78,14,29.616,200.68,45.72
459.95,171.5,144.4,156.19,5.84,876.93,727.43,7,60.156,415.2,87.59
361.64,115.92,49.71,224.33,18.95,1073.33,566.09,1,26.466,346.82,100.87
334.74,141.35,129.79,178.59,9.66,1102.81,695.21,90,55.864,312.47,79.4
168.28,136.06,192.58,225.63,19.06,974.92,660.67,14,32.826,186.91,85.08
161.86,216.08,151.83,130.78,10.41,1006.62,769.48,180,51.343,172.4,66.65
134.27,106.82,7.41,202.38,11.63,1018.65,619.55,180,3.0,140.37,52.97
300.87,96.8,18.4,166.33,22.3,1018.07,646.57,365,45.578,298.56,99.36
225.88,144.9,176.14,220.67,2.14,800.57,616.55,3,30.242,209.09,49.64
401.65,25.09,127.2,239.97,15.81,811.28,789.42,56,49.966,371.0,94.58
475.55,182.23,53.39,124.82,11.19,961.61,749.17,28,74.845,435.95,99.94
537.69,156.22,89.07,238.37,10.14,835.84,672.96,7,54.333,485.98,104.37
209.14,180.29,97.7,138.86,26.19,831.82,657.63,14,38.844,234.25,107.11
199.25,97.11,10.64,130.22,20.71,850.22,823.37,90,28.109,209.51,82.91
202.46,30.52,30.24,180.38,1.0,958.96,754.38,180,15.734,176.44,30.15
316.61,89.04,199.91,227.15,17.98,1071.29,879.84,3,29.062,308.12,97.18
233.49,96.98,110.85,126.81,1.06,884.69,711.53,365,48.882,209.16,41.89
254.06,196.7,149.28,201.01,29.26,1036.76,941.52,365,64.825,279.52,123.38
219.67,28.28,114.71,217.99,5.22,992.92,946.27,90,18.933,199.34,45.97
352.46,23.76,11.28,126.14,16.47,970.92,648.48,365,55.482,327.83,85.58
134.61,145.25,188.61,183.24,1.63,913.04,922.58,90,29.251,130.97,37.95
537.42,189.04,164.82,211.4,16.19,817.12,902.22,90,88.449,499.24,124.79
485.82,92.2,144.35,147.6,1.12,1056.86,919.94,14,52.681,424.08,73.32
162.62,59.03,194.81,232.0,25.02,1105.77,689.23,365,42.631,186.29,93.99
514.71,130.8,106.7,139.9,10.54,1052.43,945.15,56,82.759,465.65,101.53
452.33,96.25,50.82,226.8,27.5,1035.37,708.33,1,29.489,436.23,131.79
137.48,151.76,42.25,178.89,5.24,1123.39,932.27,56,17.739,136.71,41.91
493.99,65.59,196.42,141.52,6.39,904.56,934.2,56,75.532,438.63,87.7
383.8,60.11,177.61,211.0,19.54,841.05,836.86,3,39.293,365.25,106.22
420.97,149.42,81.59,206.76,19.0,838.52,885.41,90,64.51,400.31,111.73
218.18,18.16,131.03,130.49,26.6,1037.56,925.87,56,27.562,231.91,99.19
411.74,6.5,89.91,235.79,5.89,908.71,697.59,28,41.821,361.66,68.2
341.74,148.45,30.46,172.84,16.71,1146.65,602.88,28,42.894,328.21,94.38
337.6,168.17,100.29,167.82,0.81,888.99,878.71,28,50.604,302.03,58.32
197.73,85.24,86.12,189.76,24.33,1124.23,864.42,3,11.281,214.69,93.96
165.77,168.5,28.36,189.8,4.23,900.03,936.22,1,10.598,160.03,43.38
348.69,95.6,1.67,158.3,16.41,848.55,896.79,90,53.893,329.37,89.62
498.64,32.02,129.08,235.45,12.91,911.91,785.1,1,36.204,449.32,99.52
431.36,158.65,37.42,141.99,29.41,965.51,590.39,28,64.212,425.57,137.9
135.14,154.64,83.14,228.36,6.86,808.71,904.82,14,7.903,138.33,47.51
270.44,134.96,129.47,192.67,13.37,927.18,723.11,180,55.388,263.3,80.51
509.07,159.77,40.88,124.87,4.53,918.28,583.78,7,63.215,451.95,85.22
207.89,191.27,189.2,220.76,15.24,850.49,922.46,7,35.123,218.27,84.01
385.42,84.45,58.45,208.48,15.58,1081.83,859.51,3,32.203,359.62,93.46
456.9,130.88,154.28,195.01,3.73,1089.45,836.54,56,64.854,406.58,79.49
331.93,190.87,181.29,160.01,5.39,903.88,624.84,365,79.774,307.76,73.93
262.82,150.35,157.28,129.47,29.11,874.71,609.35,7,48.993,283.63,121.12
344.84,0.05,11.9,219.63,29.16,923.63,795.03,3,8.439,340.01,114.75
148.53,44.62,163.35,208.22,19.4,1136.97,814.95,3,3.165,163.68,75.98
263.36,199.68,64.84,187.8,10.95,926.72,640.01,365,55.258,256.65,75.54
411.91,81.91,195.07,174.92,6.5,1047.37,946.7,365,77.724,370.15,79.22
343.85,130.96,42.96,161.47,5.97,842.39,750.45,180,58.752,311.86,67.08
432.23,81.84,95.34,152.26,4.28,1036.79,656.68,3,46.476,381.88,72.11
442.17,173.39,18.8,191.86,18.82,1008.63,815.09,90,63.076,418.47,113.0
167.99,77.42,179.05,188.61,15.05,1051.61,948.93,28,26.055,175.87,70.36
168.24,27.13,1.21,238.65,8.63,826.59,745.79,90,3.0,158.74,43.71
327.41,204.62,23.16,169.5,3.21,1009.33,728.03,14,36.019,298.23,62.57
121.82,4.69,161.76,156.03,25.88,1088.56,566.18,1,3.0,148.52,86.11
424.63,101.7,28.39,235.18,6.23,939.14,607.85,90,57.684,378.59,74.79
281.79,81.55,170.09,156.16,14.07,902.24,704.23,14,39.518,271.15,81.5
309.46,89.28,5.06,178.59,1.53,1039.47,806.23,28,36.622,271.84,47.41
126.44,99.74,11.88,164.45,16.22,1107.16,735.07,90,3.772,140.65,63.19
242.38,169.05,1.38,156.97,15.5,852.16,900.47,14,37.987,242.68,79.71
149.06,108.12,88.46,219.82,16.77,805.28,608.17,28,18.401,162.86,70.91
161.72,103.32,49.53,132.09,8.33,823.96,944.68,56,23.37,159.01,49.44
461.82,7.18,90.63,121.98,20.35,1107.93,675.15,365,77.327,427.41,110.41
219.5,157.17,123.25,203.72,6.32,1088.04,629.87,365,52.994,210.16,58.08
142.82,31.98,175.18,140.58,28.54,885.92,570.06,14,18.228,172.81,97.74
526.34,65.19,169.94,128.47,22.45,829.64,559.96,28,78.856,491.28,130.66
417.88,159.27,175.08,189.3,11.49,947.97,678.55,14,61.145,388.23,97.02
500.91,217.52,67.17,190.31,2.0,828.16,941.66,28,70.675,445.55,83.03
223.32,139.6,198.75,229.84,2.11,847.64,630.39,7,25.827,206.94,49.79
339.17,181.22,151.55,211.68,19.63,1069.38,853.4,56,53.538,335.42,108.53
530.75,144.88,77.37,235.5,17.36,1073.14,901.49,90,76.494,490.61,120.33
352.88,191.66,4.82,132.04,22.24,896.92,598.17,56,56.201,349.05,111.56
198.88,116.51,78.31,121.68,29.93,1017.62,650.28,90,43.209,226.65,109.97
418.0,68.37,52.47,216.76,0.82,951.44,576.89,7,29.014,362.44,59.09
351.12,152.3,28.75,197.87,26.74,1129.42,701.61,14,44.014,352.48,120.81
476.33,212.29,135.25,185.17,10.74,1063.72,633.71,365,95.0,439.62,104.28
415.19,179.09,37.7,146.84,14.66,1003.3,617.99,180,81.607,389.65,100.51
331.2,162.71,163.84,209.63,9.57,1036.6,900.52,365,73.874,311.49,81.6
283.13,178.6,121.41,202.98,23.65,1046.71,883.81,56,57.714,293.44,110.47
159.85,142.37,129.01,160.34,4.11,1110.6,863.57,3,22.886,154.99,44.58
327.81,48.8,190.73,125.69,0.93,884.56,932.2,7,44.942,287.36,52.71
358.63,112.3,85.43,137.3,15.12,1101.15,576.06,14,43.906,338.6,92.12
201.72,45.7,4.03,123.21,18.46,1092.91,585.11,14,21.757,204.28,73.71
148.33,93.24,176.71,135.71,13.43,842.61,905.56,1,25.162,157.63,64.97
251.72,194.14,2.91,155.2,24.74,1062.28,931.79,180,43.671,267.2,105.77
139.26,100.09,39.5,127.77,1.78,909.18,715.71,14,15.159,129.02,29.75
241.06,15.53,147.14,172.79,24.81,1013.39,891.07,14,22.442,248.63,97.93
328.22,16.04,93.03,157.05,26.17,1100.47,943.1,28,39.629,323.84,109.65
239.55,123.89,153.44,134.67,6.73,837.44,858.49,1,29.402,226.12,60.38
133.23,94.6,111.39,141.5,26.34,944.38,682.35,28,26.612,164.23,92.91
358.04,204.06,22.21,187.99,8.17,1076.1,764.5,7,31.767,332.13,78.55
184.28,89.17,178.22,215.93,22.56,1023.91,599.33,90,30.986,202.53,91.88
534.38,215.25,70.56,178.29,23.86,825.52,665.31,7,61.513,508.88,141.66
248.71,10.43,15.43,165.63,21.31,1132.6,731.05,3,5.852,246.55,84.48
418.21,128.08,156.25,139.46,1.17,854.16,665.08,180,82.938,369.44,68.32
252.65,141.32,194.87,219.21,27.97,1117.43,691.54,90,49.831,273.29,117.92
365.4,57.29,163.84,203.63,29.69,1094.46,930.04,7,42.016,365.38,128.63
159.83,44.49,6.71,127.56,26.15,1046.04,834.17,56,11.046,180.95,87.94
293.24,71.32,41.13,213.93,0.87,898.62,666.32,1,6.665,256.47,44.01
283.17,26.91,127.83,175.07,22.73,968.49,710.6,7,33.272,281.51,97.81
323.0,39.28,12.94,182.74,27.31,1030.37,586.72,7,24.139,321.26,110.31
293.71,6.76,170.78,122.98,25.66,1113.4,780.56,14,39.21,294.59,106.69
284.25,69.15,187.87,137.13,16.41,823.94,641.08,3,34.108,276.47,87.49
301.17,20.66,42.31,156.88,5.18,879.0,860.95,7,24.447,266.57,52.22
198.75,99.95,65.91,127.45,13.81,1001.86,651.34,56,39.203,199.34,68.0
413.04,136.2,122.29,126.22,28.95,1075.81,688.25,90,77.265,409.39,136.36
260.6,68.1,182.6,136.02,15.58,1097.31,934.02,365,56.225,254.85,82.29
174.93,34.69,68.6,198.76,17.17,852.25,752.96,56,4.465,179.96,69.09
419.84,138.46,175.16,186.07,1.94,1080.22,600.65,3,46.206,373.17,71.93
354.5,214.54,5.77,239.49,19.67,1057.45,811.53,56,51.964,347.94,106.97
512.52,35.35,162.51,239.14,16.52,899.09,705.94,14,59.089,467.8,111.78
364.41,165.58,9.73,132.17,21.84,843.85,810.83,7,48.45,356.49,110.32
358.62,152.11,160.56,223.11,1.17,910.26,823.0,56,59.575,320.56,63.03
475.61,50.31,123.09,175.25,22.52,1058.66,752.49,90,76.337,446.29,121.82
456.26,103.49,17.2,125.82,14.51,835.54,595.31,14,51.274,418.63,98.96
430.28,218.99,134.15,199.05,15.99,832.47,563.12,3,47.528,409.33,112.3
237.3,62.84,190.57,176.61,19.16,827.94,867.83,3,26.006,240.58,88.4
248.4,123.11,162.26,230.94,8.78,908.47,670.65,7,25.651,237.05,66.86
316.18,13.88,176.29,120.4,11.23,1148.81,919.48,90,52.768,291.21,74.03
394.34,59.3,126.51,177.97,21.96,946.61,825.64,365,74.508,377.01,111.44
336.56,6.71,11.52,170.27,7.66,862.79,619.05,365,38.438,299.03,60.46
221.83,192.16,24.14,158.42,2.96,887.74,693.69,56,35.839,207.22,48.43
338.09,166.44,161.45,192.59,19.99,940.17,902.7,365,77.862,334.23,108.64
360.06,54.43,6.3,190.38,22.64,916.78,790.61,1,20.334,346.21,103.87
208.65,85.26,84.3,165.38,6.37,885.43,694.7,365,44.191,195.21,50.31
465.05,12.91,3.15,217.76,19.59,910.4,745.51,1,32.657,427.6,105.8
300.09,18.25,122.31,148.77,24.49,1030.5,783.87,14,30.874,297.99,103.41
293.79,143.9,151.05,195.31,0.53,954.96,780.02,365,65.518,263.66,52.69
393.6,209.35,179.29,120.25,15.23,1087.1,572.71,3,56.98,377.17,107.13
324.93,175.08,135.22,161.82,25.99,1148.29,899.67,1,43.286,332.74,121.64
423.75,140.22,170.94,231.27,2.35,1093.48,754.5,28,59.412,377.18,73.37
463.5,114.43,199.81,160.17,25.78,808.54,721.02,7,61.36,447.22,136.06
213.42,191.48,99.29,133.44,14.29,1037.2,864.78,14,31.304,219.67,78.72
270.62,5.44,67.21,166.17,11.09,1027.89,913.58,365,31.095,249.49,63.26
380.1,186.58,113.77,178.73,28.06,852.52,767.12,90,71.516,383.31,133.36
461.4,205.49,5.38,195.8,11.82,1063.26,635.12,365,79.454,425.6,99.52
465.39,187.46,160.29,191.85,14.04,1099.67,782.08,365,95.0,434.37,110.48
174.51,180.44,171.34,185.48,18.19,906.96,790.86,7,32.787,193.5,85.91
179.79,9.43,192.12,197.96,19.04,1105.5,791.52,7,16.998,187.79,77.52
529.47,4.94,97.96,209.47,4.7,1062.92,900.27,90,68.633,459.88,79.56
438.49,100.85,164.61,238.07,0.97,1123.52,560.02,7,48.033,384.62,68.69
323.35,16.85,141.62,187.82,15.54,1075.2,903.05,28,35.893,303.72,84.49
436.97,25.04,5.47,182.31,27.14,978.29,742.31,14,42.72,416.7,122.25
255.95,199.92,170.97,212.12,2.29,1058.78,816.7,7,38.582,238.63,57.27
128.49,196.63,135.89,204.2,26.0,982.35,911.06,90,38.064,167.3,99.62
437.31,196.63,98.25,204.06,2.27,1116.65,857.09,56,77.705,391.08,75.85
425.84,92.28,60.97,227.74,7.72,1132.56,573.5,14,52.74,381.99,79.29
171.64,203.94,23.84,202.1,11.18,890.49,669.25,1,13.878,178.53,63.77
282.38,172.97,123.0,137.18,8.8,916.71,926.2,90,58.928,268.68,72.92
448.35,21.76,36.34,122.4,13.47,860.86,906.72,1,41.061,404.89,90.44
255.73,205.54,128.76,220.7,21.15,965.48,611.94,14,45.231,268.18,103.11
269.32,134.12,43.41,233.65,4.88,1128.26,782.59,14,20.542,246.99,55.65
177.23,28.0,8.43,188.89,15.78,932.63,584.84,365,4.201,178.02,63.02
155.69,16.72,103.78,236.81,6.83,1119.72,839.81,3,3.0,146.51,41.08
383.67,60.61,164.99,191.83,22.72,953.96,736.0,1,30.528,370.02,113.69
491.59,174.18,86.64,132.66,23.58,852.35,898.64,180,91.765,469.5,133.6
502.39,67.18,25.02,193.48,12.25,1095.74,831.29,180,73.055,451.84,96.62
308.8,3.77,96.34,224.45,3.53,904.49,887.4,3,15.333,270.33,50.01
411.48,94.93,63.48,220.18,25.9,1014.17,657.39,56,57.271,399.11,123.3
452.79,216.55,85.74,143.46,10.48,1129.7,644.38,56,74.701,418.5,99.12
505.5,64.75,107.92,187.08,6.06,1092.3,799.6,180,78.178,446.05,84.65
232.78,183.02,42.88,174.13,18.45,1044.58,732.78,14,34.909,241.06,88.6
341.98,102.91,31.7,224.67,4.64,819.83,654.14,14,28.745,305.94,61.11
432.76,192.66,190.31,200.34,13.55,1038.89,591.46,28,66.405,406.81,106.89
413.09,11.76,164.29,201.0,27.02,987.86,825.87,180,64.549,398.47,124.51
521.06,214.93,107.23,135.24,10.42,961.28,761.08,3,64.963,476.77,107.92
313.8,11.06,132.74,153.79,29.16,1031.33,600.72,7,34.253,316.81,116.63
531.02,182.68,72.62,202.93,11.31,1016.54,674.05,3,58.086,483.69,107.68
457.72,56.79,173.5,221.97,28.9,1103.35,831.21,7,56.556,442.75,138.1
505.35,147.28,94.48,227.6,13.07,941.12,929.07,180,88.401,462.66,107.4
183.96,21.36,35.74,155.79,9.64,837.98,610.32,90,11.374,173.99,49.1
429.27,193.65,33.15,202.98,16.68,964.26,712.75,7,51.262,405.79,108.1
175.01,104.59,119.82,175.21,6.34,931.66,719.86,365,32.205,168.61,48.96
309.57,117.44,120.56,162.42,21.57,915.22,740.66,14,44.753,308.27,104.11
206.27,196.34,167.36,233.92,26.78,898.89,809.63,180,59.021,235.27,112.14
233.22,208.73,7.12,225.15,20.94,912.77,578.89,1,13.68,246.49,95.23
184.86,108.55,150.2,185.4,25.7,1005.06,576.15,180,40.546,208.85,100.03
485.78,194.5,115.32,238.65,20.67,928.62,587.51,14,68.344,461.91,128.2
348.09,179.61,73.94,168.76,23.0,1114.88,762.55,56,56.682,346.73,114.81
259.85,19.85,16.51,182.77,21.94,999.03,718.94,3,10.292,257.7,88.08
163.33,17.46,26.83,204.2,25.04,1020.29,839.12,3,3.0,180.65,84.49
202.96,12.07,153.11,158.19,3.01,968.73,759.91,1,12.038,181.24,38.85
167.66,199.11,48.23,136.57,17.99,978.22,612.46,3,27.164,186.2,80.97
216.87,70.49,138.85,126.53,19.98,967.86,649.34,7,25.363,224.01,86.45
528.79,173.15,53.39,162.11,11.39,885.02,743.65,90,77.035,480.88,106.18
471.17,106.25,142.07,127.6,21.38,1062.24,908.94,14,70.577,444.98,123.11
366.34,13.75,8.79,131.29,27.65,1113.45,911.63,7,31.916,356.77,114.41
225.18,62.6,66.95,166.21,16.46,900.15,551.21,180,36.394,223.46,75.23
338.03,143.0,180.5,169.54,0.91,862.74,611.17,14,47.431,302.41,60.08
144.04,21.75,47.75,230.2,16.41,1135.24,624.14,180,3.0,151.16,61.74
370.81,26.28,32.26,209.32,12.69,840.0,719.5,28,35.568,337.98,79.36
257.71,1.74,160.47,140.01,25.7,1073.48,942.15,90,40.694,263.51,101.73
386.83,31.28,52.75,181.65,13.39,1037.56,826.14,90,50.412,353.47,84.19
391.51,79.68,112.14,148.35,7.95,852.24,738.1,1,28.27,353.33,76.93
227.06,72.77,46.12,198.15,21.49,978.37,855.84,56,23.995,233.4,87.91
463.71,204.59,197.91,130.74,25.98,870.66,887.33,28,85.873,454.01,142.84
163.01,187.1,104.93,143.54,28.7,873.93,755.15,3,31.351,199.67,108.6
389.19,47.46,157.25,236.05,6.57,1005.16,747.56,28,51.702,347.8,72.74
251.93,159.92,152.7,155.81,26.09,1073.16,733.98,14,42.509,270.13,112.75
424.5,122.04,126.04,121.76,3.13,840.41,884.77,14,56.619,376.89,72.34
446.13,99.56,75.84,165.33,27.48,1022.54,774.05,3,50.554,431.66,132.24
151.53,126.22,96.29,186.85,10.73,1005.97,789.41,180,30.403,156.73,57.7
420.05,104.36,49.65,202.41,21.0,888.2,869.03,14,43.459,398.94,112.19
186.61,155.75,192.9,182.82,3.18,856.62,804.88,3,35.74,178.47,48.97
486.75,29.34,15.24,209.6,12.05,1033.72,560.52,90,55.724,435.38,91.21
321.82,130.84,74.8,237.15,1.34,845.1,795.17,7,33.242,286.34,54.11
232.11,191.59,2.49,128.03,24.52,948.19,742.41,365,54.423,249.99,102.67
156.67,132.07,165.67,220.52,17.13,933.72,682.54,365,38.493,173.14,77.5
223.12,54.28,84.13,165.4,26.08,1043.58,798.97,28,34.105,236.86,99.13
229.85,71.33,49.98,212.41,1.98,1063.41,686.96,365,31.82,204.54,39.53
148.71,20.59,172.93,122.97,26.28,1078.22,928.18,180,36.184,173.35,91.91
120.38,127.39,196.31,232.76,1.87,1070.99,834.59,180,31.592,118.16,35.89
400.11,190.06,150.52,175.42,14.78,1060.47,897.45,7,50.83,380.06,104.29
443.11,91.18,187.65,194.94,4.74,940.0,817.05,1,35.984,394.36,78.91
444.35,43.41,158.02,196.28,16.85,930.55,666.76,365,77.645,410.85,104.79
407.26,145.33,186.26,198.83,9.11,1112.33,796.15,7,55.411,374.65,89.27
141.83,41.28,145.73,182.2,24.13,966.0,715.5,180,20.897,164.96,86.05
202.19,217.42,103.86,215.17,27.59,811.96,905.98,3,30.466,233.31,112.62
403.54,170.1,191.28,223.38,10.04,976.67,885.38,1,43.592,374.8,93.08
233.47,191.05,1.17,133.11,4.78,1143.93,778.22,1,26.38,219.49,53.39
232.7,207.47,87.51,208.93,7.12,871.19,693.97,28,39.695,225.46,63.75
483.19,120.06,158.43,199.77,8.52,1071.45,710.05,1,39.271,435.91,94.02
505.69,44.24,94.09,221.46,20.14,859.1,946.63,28,63.157,467.04,117.9
200.03,134.24,161.18,202.06,17.46,1097.1,552.76,3,30.935,210.59,83.51
342.89,168.83,74.44,231.33,4.42,1057.45,937.48,14,46.021,311.84,67.0
234.61,71.65,161.57,123.2,19.22,813.29,631.59,90,41.875,238.42,87.68
476.19,143.52,69.84,124.45,20.28,1083.89,922.51,90,79.235,448.66,120.69
257.52,190.14,164.63,131.28,8.46,1081.88,686.35,28,50.867,249.03,71.95
204.46,45.35,36.7,121.2,24.8,906.8,791.33,180,23.32,217.39,91.19
319.85,202.21,3.17,208.18,23.39,1026.67,767.9,90,55.354,323.51,111.14
412.18,66.98,70.44,189.9,17.27,1122.1,713.55,14,47.347,384.09,100.14
344.2,82.16,25.6,205.38,29.66,1047.19,614.17,56,50.492,346.28,122.22
200.35,9.46,7.76,131.47,28.11,1091.81,715.41,90,11.438,216.1,95.3
191.18,62.9,136.69,173.36,20.03,1033.63,755.27,180,33.976,201.69,82.89
181.36,17.1,80.7,128.53,17.0,1127.93,601.88,28,21.66,184.17,68.69
319.36,145.85,2.36,143.58,23.26,846.13,624.33,3,26.847,318.92,106.76
285.66,201.99,138.55,195.68,18.7,1145.54,816.14,56,52.111,289.64,100.71
151.52,182.56,109.13,193.7,26.13,808.49,568.39,56,36.228,185.55,100.64
163.59,165.57,82.89,217.07,13.65,979.6,781.64,14,17.151,174.15,68.67
417.17,172.62,153.87,128.18,9.41,1027.82,866.67,14,63.164,384.82,91.83
524.7,118.92,119.66,212.91,19.2,974.23,831.2,180,95.0,487.43,124.08
388.74,161.17,106.09,156.1,7.0,909.73,794.2,56,66.394,355.04,79.68
152.34,47.34,191.2,173.99,17.09,895.21,755.83,28,21.264,163.97,71.96
455.8,95.36,27.7,162.54,0.32,981.4,848.57,3,36.663,395.17,63.28
363.79,203.1,195.13,132.81,8.22,929.46,687.78,1,43.154,340.5,86.24
248.34,43.59,47.39,134.9,9.46,817.68,684.45,1,16.013,230.23,58.41
237.01,213.11,109.29,228.84,10.58,852.39,751.7,3,23.579,235.49,74.19
536.48,48.91,95.09,160.04,8.11,1060.75,604.31,365,90.352,474.32,91.89
462.28,195.88,7.61,205.65,15.41,832.77,906.03,14,56.781,431.46,108.02
449.07,207.61,53.39,134.86,22.52,962.81,815.78,3,51.689,433.33,126.85
335.69,153.98,178.18,134.01,0.19,919.03,874.71,365,79.556,299.98,58.66
383.44,95.17,100.61,125.98,21.98,932.68,910.39,14,48.727,369.76,111.64
381.03,28.33,161.75,180.58,8.98,900.49,733.91,90,55.489,343.46,76.62
401.25,99.75,59.01,123.65,3.8,902.86,634.62,3,39.737,355.3,66.99
443.01,148.8,84.3,121.7,24.29,1027.5,833.0,7,59.413,427.53,127.69
216.11,137.52,37.75,170.28,19.51,989.13,687.88,28,26.696,225.29,85.84
169.32,69.82,10.2,179.11,27.79,1132.6,576.03,365,12.712,193.48,95.08
499.02,106.02,109.14,185.35,3.49,819.87,807.07,365,91.963,439.37,80.41
367.96,146.12,11.98,150.23,17.5,944.57,750.56,14,45.559,351.24,98.62
335.26,154.76,46.24,134.67,5.74,1043.69,577.55,180,59.168,305.92,67.27
377.16,140.13,149.06,134.27,4.13,831.67,615.59,14,54.646,339.99,71.37
407.59,168.72,14.77,174.6,3.49,1022.45,865.67,180,66.317,364.15,70.05
411.73,121.75,42.72,121.33,1.97,813.66,759.63,7,48.896,362.49,64.55
254.91,35.12,144.7,198.88,27.39,835.59,867.43,180,46.601,265.85,107.31
268.78,188.56,2.57,202.36,28.04,863.16,749.5,3,31.767,286.57,115.65
363.89,148.25,83.91,120.73,4.72,1140.3,577.18,28,62.47,328.91,69.19
313.91,85.53,143.75,208.4,7.52,1110.06,839.27,28,46.376,287.72,68.21
134.15,3.34,168.14,121.23,27.23,1075.99,820.92,3,17.235,161.2,91.13
335.82,115.75,162.31,230.32,16.24,895.77,590.29,56,51.802,322.78,95.49
298.21,181.8,5.88,173.17,11.59,820.09,879.29,365,51.622,284.86,77.71
257.46,5.01,141.14,208.95,27.72,1130.24,570.44,56,30.41,266.36,106.19
188.27,17.63,175.05,124.31,6.22,1134.26,569.53,90,27.694,174.73,46.39
226.44,26.54,172.28,201.91,16.4,866.12,908.98,3,16.552,224.02,76.92
407.98,155.52,68.69,172.24,6.98,955.31,738.69,7,45.17,370.21,80.04
195.24,36.59,35.94,152.12,22.94,949.56,767.44,14,15.692,205.93,84.77
292.61,12.13,166.3,168.95,5.04,927.62,794.2,365,48.785,260.95,55.21
265.5,184.54,73.2,200.91,6.87,1038.78,922.59,14,34.319,251.05,64.89
484.51,12.64,147.51,165.5,14.46,1065.98,553.79,28,67.137,438.8,101.07
492.04,192.87,37.87,194.14,24.61,899.94,880.57,180,88.092,471.88,135.6
408.04,11.49,22.27,183.3,24.5,1023.69,653.64,56,46.8,387.29,111.92
487.32,161.45,11.49,190.79,26.7,837.34,590.45,56,77.04,468.48,136.99
491.77,73.78,8.17,234.92,28.68,863.6,879.47,56,61.788,469.22,136.2
273.8,9.64,168.14,142.47,0.93,1015.06,692.78,7,27.369,238.26,42.58
124.36,113.73,33.57,186.53,16.06,889.73,920.84,365,18.262,140.03,64.37
386.99,138.39,115.2,186.42,4.47,899.44,944.31,180,71.924,348.08,71.9
193.14,51.73,147.15,137.39,26.19,897.99,602.7,180,37.432,212.64,98.16
527.13,85.22,70.62,169.44,28.83,966.76,683.42,365,92.627,501.56,144.11
415.95,206.91,108.95,227.04,8.49,1013.33,639.05,56,63.283,383.8,89.98
152.75,194.95,43.82,156.47,17.81,1015.42,933.16,1,13.546,172.86,78.25
134.91,64.78,54.11,174.71,4.56,977.29,766.58,90,6.014,127.59,34.29
408.88,165.49,138.25,186.5,17.11,1097.97,821.26,180,84.909,389.28,108.96
250.68,46.72,134.82,232.88,19.91,1136.76,890.02,1,7.341,250.91,88.53
532.08,161.8,63.6,227.16,20.01,1085.31,779.53,3,56.058,496.87,127.74
252.02,103.05,131.57,201.71,5.01,837.88,938.36,14,34.71,232.07,55.24
264.94,36.04,153.74,209.75,28.51,1009.26,709.78,14,25.907,276.41,111.74
525.99,83.78,125.96,189.83,11.49,944.4,792.07,90,86.187,473.87,102.75
436.19,126.69,44.32,188.51,28.41,974.77,837.11,1,37.689,425.97,134.01
202.72,105.08,84.17,196.62,14.0,1142.94,706.54,56,23.655,203.76,70.06
462.02,53.07,159.46,178.53,18.79,1045.25,587.68,7,51.969,429.68,112.51
172.47,38.96,161.32,163.12,19.36,992.07,940.18,7,21.584,183.52,78.27
215.6,74.69,26.5,199.87,8.24,844.25,739.45,14,15.291,202.21,52.77
455.6,209.53,64.25,190.3,5.63,957.63,554.14,56,73.503,412.22,85.98
218.96,63.63,137.5,164.4,7.81,1034.24,742.2,180,36.59,205.82,55.77
147.78,151.04,24.32,169.15,16.35,872.47,791.61,3,6.493,162.84,70.17
261.35,124.83,166.22,232.04,24.4,1135.74,838.15,28,47.781,273.25,107.75
234.51,172.42,107.03,167.95,17.49,986.08,622.66,180,51.299,241.53,88.22
477.73,109.4,50.69,160.2,5.81,1086.15,576.06,90,71.211,424.05,81.55
235.28,191.29,138.23,238.74,16.75,976.28,863.88,1,27.606,242.95,89.03
170.95,121.96,40.67,135.42,19.56,1099.08,744.17,365,35.313,185.96,79.58
262.41,80.58,142.68,182.05,4.17,886.13,760.52,14,34.523,238.22,53.27
399.04,79.98,34.17,187.95,13.54,1120.45,740.36,7,34.477,367.12,88.69
233.21,172.01,29.29,186.21,15.95,1142.56,894.29,28,30.139,236.36,81.06
474.87,202.84,60.7,148.07,6.31,1043.23,630.07,1,45.15,429.14,89.38
481.54,152.8,96.23,229.8,24.0,808.32,636.28,90,81.126,460.33,132.32
251.01,115.65,19.26,152.81,0.93,990.16,630.25,56,30.419,223.33,41.31
484.62,93.58,123.01,123.28,28.99,926.33,943.91,14,70.001,467.33,142.11
313.93,78.51,181.06,219.77,5.72,1028.42,754.94,14,43.062,285.1,64.71
304.54,9.39,49.89,142.5,6.67,906.13,856.22,56,29.188,271.18,55.87
157.94,191.47,136.27,221.84,2.23,894.99,707.97,180,33.824,153.95,43.39
402.81,108.92,57.55,162.22,17.62,1108.74,948.24,7,48.569,379.36,102.31
460.34,97.12,149.74,172.54,0.39,1026.72,912.01,56,66.034,401.71,69.01
399.67,125.63,161.66,214.35,2.56,890.63,819.17,1,36.169,355.85,69.63
532.18,94.11,197.47,207.23,8.75,880.42,806.02,7,63.264,476.89,100.22
184.27,147.03,45.76,205.03,2.47,845.28,599.58,365,34.482,171.79,40.41
135.75,89.51,60.4,131.19,13.58,877.59,782.93,365,20.414,144.59,58.91
433.97,158.23,103.5,125.06,1.91,1001.39,589.54,28,66.922,385.07,72.06
257.67,108.43,158.88,142.08,7.15,950.13,554.56,3,29.511,241.23,62.75
396.68,57.75,172.38,168.63,22.28,1088.51,692.34,1,40.628,380.31,114.23
308.5,23.31,156.65,166.18,15.29,1089.77,699.14,7,32.75,291.44,83.13
266.14,124.28,59.2,146.72,10.41,917.79,760.81,28,35.167,252.76,69.03
199.39,138.97,19.56,121.5,9.93,818.52,764.97,365,29.648,195.49,59.26
419.45,135.26,161.6,221.83,29.01,1057.01,610.1,3,51.226,415.65,138.78
447.16,69.23,133.58,124.15,5.67,947.38,868.63,7,52.799,396.68,78.03
380.59,186.06,154.65,123.12,8.39,979.66,672.05,7,55.723,353.03,85.85
495.24,215.24,176.36,214.28,25.74,1016.42,751.8,14,73.872,480.74,145.9
296.99,183.14,53.82,234.57,5.35,979.67,732.53,14,36.123,274.9,63.99
180.78,145.75,50.05,212.27,22.39,978.57,649.73,14,15.827,200.7,89.88
192.12,187.28,43.16,170.77,4.69,989.12,597.06,56,30.775,184.77,49.6
198.67,95.16,2.24,122.43,14.94,842.82,739.16,28,23.972,199.48,67.95
325.17,68.26,159.06,169.86,17.37,1145.83,722.78,56,48.319,312.14,93.57
243.25,131.52,103.03,207.46,9.04,926.65,893.67,7,29.197,232.49,65.11
337.43,156.99,166.71,148.21,2.9,898.66,948.34,1,42.584,305.78,65.4
361.01,182.88,130.2,225.91,21.9,891.41,855.18,28,58.387,357.3,116.07
177.23,11.47,14.78,179.32,9.72,830.28,847.68,14,3.0,167.29,46.96
445.01,55.24,12.04,163.59,2.09,974.21,719.07,365,66.311,385.7,62.97
448.04,5.9,6.8,156.93,8.33,1029.87,585.23,90,52.612,394.71,75.26
408.9,130.22,1.94,210.37,28.28,874.09,690.02,365,62.378,401.98,128.97
498.78,148.32,18.74,221.77,27.16,1093.99,612.78,14,56.071,478.18,138.89
452.11,26.66,40.77,143.12,22.38,995.25,744.79,14,49.203,422.78,113.7
229.17,95.47,177.06,210.16,9.36,855.33,711.59,180,49.365,220.0,64.67
361.39,187.96,136.17,207.13,1.53,1012.25,852.23,14,48.719,325.51,65.79
134.55,76.95,116.72,148.34,4.77,958.5,783.45,365,26.891,129.72,38.14
253.73,151.32,17.74,126.74,24.23,874.32,600.22,7,35.309,265.38,102.32
185.11,164.33,59.31,168.7,1.54,1112.18,693.27,7,14.293,172.5,39.94
225.12,92.05,72.14,135.4,13.47,873.66,942.53,28,30.09,220.8,70.03
139.87,176.67,179.15,149.62,11.58,1020.83,593.17,3,21.893,153.37,65.27
269.68,93.58,23.12,220.04,17.24,964.25,848.55,1,9.62,263.83,82.94
347.13,33.01,23.94,167.4,2.22,934.16,589.03,3,23.959,301.4,50.48
304.05,217.4,83.2,162.23,0.02,1066.27,877.97,28,55.314,275.35,55.07
198.66,207.62,94.91,191.82,24.67,1128.45,920.03,90,44.206,224.77,103.85
459.11,198.59,91.0,182.74,18.41,851.88,578.39,3,51.029,435.42,118.66
425.38,99.02,160.69,191.86,22.07,1075.11,642.88,1,42.239,407.04,119.59
234.14,7.55,77.17,184.09,25.52,1003.24,695.92,1,11.649,241.92,95.5
350.29,182.42,112.75,157.35,17.98,1012.82,739.61,28,64.59,341.54,104.26
371.17,80.88,71.81,175.74,21.46,993.55,930.03,28,43.566,356.92,106.72
337.4,62.53,15.52,221.53,29.93,911.71,836.45,1,21.369,339.37,120.32
310.16,210.85,36.49,234.79,1.97,1083.62,638.04,14,35.379,282.28,58.37
327.52,60.03,192.33,143.89,19.99,969.04,883.78,56,51.302,318.42,101.17
374.44,26.12,175.95,122.12,18.55,1063.78,704.57,3,37.947,353.3,100.18
512.57,179.36,163.45,233.54,12.26,962.94,661.59,365,95.0,471.13,111.26
145.38,67.84,195.73,229.63,6.8,902.85,650.29,28,15.876,143.12,47.02
154.25,0.8,49.04,211.39,7.72,1070.17,590.34,3,3.0,144.5,39.83
414.54,93.51,122.53,210.92,6.01,1099.84,906.16,3,37.272,370.97,76.21
201.22,184.62,195.65,231.15,13.21,1114.65,732.73,90,49.016,209.01,77.91
349.5,136.42,190.03,157.14,3.35,932.34,749.09,7,50.296,315.78,67.45
464.08,66.5,79.27,167.05,18.03,859.65,569.61,7,45.974,429.56,108.6
367.25,178.86,37.41,184.19,10.78,931.49,576.52,180,62.92,342.68,85.05
158.92,131.68,128.55,153.69,1.65,934.95,928.8,56,29.503,149.5,37.55
370.84,98.82,63.46,166.66,19.82,884.37,726.98,1,24.365,355.11,103.5
440.64,36.32,173.53,158.7,5.17,852.75,901.76,1,47.23,388.83,75.3
416.28,90.16,37.56,162.13,29.79,1113.63,855.38,365,67.272,408.57,132.25
212.8,117.25,158.84,164.9,7.72,1057.83,878.57,14,29.634,204.61,59.39
123.76,4.16,130.29,223.08,26.95,826.45,700.59,3,3.0,151.21,87.73
314.22,137.02,12.81,205.34,21.59,918.21,672.54,14,28.91,311.48,101.78
521.57,61.11,121.13,171.1,23.02,957.01,929.11,180,87.239,486.86,129.25
196.58,174.32,123.47,206.29,4.41,871.89,698.73,3,18.932,188.82,51.75
228.22,58.18,42.22,158.77,1.35,842.81,582.35,14,12.334,201.07,36.53
449.14,79.83,165.51,138.15,27.28,837.9,560.15,3,54.788,434.31,134.3
303.99,196.35,61.63,190.22,3.4,917.24,629.76,90,53.449,278.81,61.18
367.81,163.19,95.68,218.66,26.17,1108.6,675.79,28,58.312,367.85,124.81
506.65,15.72,41.91,186.23,16.22,1057.48,555.1,1,35.807,458.54,104.12
331.93,79.14,98.87,140.08,21.04,816.97,806.84,3,43.559,323.32,101.93
226.16,56.7,161.5,233.02,14.99,1104.73,598.65,28,25.912,223.42,75.04
513.25,108.01,66.71,210.89,16.01,966.83,719.85,14,63.527,470.78,111.85
183.89,40.13,49.52,122.38,20.55,976.91,833.65,28,21.64,192.98,78.23
226.01,96.95,86.71,177.28,15.85,1134.41,622.48,56,33.584,225.99,77.0
375.37,66.62,124.95,135.91,1.03,1126.84,698.5,180,66.257,327.88,57.28
257.08,173.28,182.51,137.48,25.46,954.11,836.5,7,48.722,275.03,113.93
253.81,5.96,169.16,138.84,12.54,817.27,817.56,3,24.106,239.61,69.0
539.15,90.15,119.75,221.56,25.49,948.75,921.69,365,95.0,507.76,139.51
469.7,178.9,141.37,162.42,14.0,903.01,876.0,1,48.434,437.0,109.55
306.06,96.0,140.53,168.54,1.31,1078.14,901.13,1,27.135,271.78,52.35
202.13,160.66,144.25,236.13,28.19,809.84,567.04,3,23.797,231.05,111.75
452.35,83.79,151.63,183.97,9.9,824.54,845.42,180,80.523,409.23,90.95
402.58,16.27,179.23,225.31,7.32,909.27,689.77,3,37.625,358.63,74.91
359.12,175.24,161.2,192.55,28.29,904.07,947.98,7,47.36,366.01,132.53
513.54,21.99,91.42,190.25,25.14,919.78,879.25,14,47.079,480.1,129.68
148.99,137.43,21.7,127.85,21.84,871.49,874.99,3,11.505,171.64,82.96
168.15,168.62,20.34,230.96,3.74,1124.05,557.99,1,3.0,161.12,42.13
499.21,29.83,52.33,223.82,23.42,1018.48,707.16,90,64.441,464.94,122.64
153.5,5.45,0.41,199.14,10.51,857.35,835.84,90,3.0,147.68,45.08
344.3,209.21,121.27,233.2,15.01,1072.41,783.19,28,53.233,333.74,98.33
503.34,76.05,68.28,208.16,17.13,1001.91,769.94,56,64.756,461.94,111.27
346.55,176.39,81.46,185.68,21.79,905.71,875.58,14,54.694,343.41,111.67
294.23,105.09,120.81,183.39,18.13,831.11,575.85,90,48.967,288.87,92.82
259.84,41.54,86.78,239.74,27.82,1082.13,825.59,3,17.22,270.02,107.11
517.77,164.69,9.21,191.46,8.97,1030.91,936.96,56,76.291,466.16,96.44
344.26,110.32,108.19,141.06,16.21,1134.37,762.61,1,35.445,328.44,93.88
481.74,175.83,94.76,187.89,7.58,1000.37,587.07,3,54.094,435.81,92.86
382.6,140.61,132.39,191.62,12.4,812.11,805.79,3,44.051,357.54,92.05
140.69,20.39,186.67,205.0,26.59,802.41,817.64,1,10.833,167.29,92.25
129.6,63.18,81.28,227.9,1.36,1139.11,644.31,90,6.728,118.39,26.64
414.43,166.56,54.32,139.69,26.66,986.25,783.14,3,51.194,407.66,130.2
472.99,27.15,78.91,211.9,2.3,1112.2,804.03,180,70.298,409.2,67.58
242.1,21.16,82.44,205.24,25.85,987.56,652.64,3,9.967,250.28,98.47
138.05,189.2,64.16,128.53,14.85,967.06,567.04,28,25.659,155.63,69.5
260.47,21.79,28.26,150.08,5.08,1070.17,799.48,7,20.261,231.61,46.6
449.48,15.07,15.01,121.4,25.76,1122.91,875.64,14,52.606,424.63,120.0
536.3,165.8,100.9,213.96,19.48,1118.56,835.77,90,85.783,500.66,128.71
326.59,151.25,74.79,226.53,19.95,937.9,743.98,28,37.46,321.61,102.66
172.66,38.97,79.09,143.11,5.06,1003.6,630.04,1,9.121,159.16,39.25
350.25,192.24,198.82,135.57,28.16,1058.39,771.43,180,86.883,360.21,133.85
208.64,157.94,156.96,142.65,9.96,811.05,912.03,14,33.305,207.47,67.27
153.39,216.82,0.58,152.03,2.47,1087.22,616.84,90,25.709,149.52,39.78
431.23,160.08,32.07,197.46,7.92,1072.29,914.8,7,40.673,391.07,84.04
138.79,106.25,89.5,226.17,4.24,1103.76,722.15,180,15.925,133.98,38.27
158.19,81.28,152.9,225.6,19.32,815.06,625.56,3,15.252,174.12,79.09
425.5,182.03,28.38,195.64,25.23,1078.58,851.47,3,48.503,415.36,128.01
501.67,45.81,31.53,206.13,18.0,1002.31,932.46,90,59.65,459.05,109.66
276.91,57.71,194.24,178.65,3.64,878.85,702.67,1,22.223,249.12,54.13
151.53,164.06,118.45,136.53,3.75,1058.71,716.05,90,38.467,148.66,43.78
141.12,189.36,72.75,163.47,13.4,967.01,718.05,1,15.495,156.11,66.61
188.07,107.66,140.97,172.48,18.05,929.95,794.51,56,39.691,199.1,80.88
411.57,163.98,69.94,188.44,4.48,801.78,754.4,7,49.735,369.88,74.86
240.15,200.25,98.26,201.49,13.69,888.47,722.68,56,45.463,242.02,81.0
359.73,169.92,109.84,153.12,23.22,1133.44,865.39,14,54.789,357.02,117.51
180.82,119.71,106.79,225.61,20.37,840.7,834.13,28,27.692,196.81,85.28
286.64,134.97,128.47,144.35,21.96,883.59,795.33,3,35.814,290.8,103.88
192.7,23.95,105.75,214.37,25.81,1103.25,836.35,3,4.458,208.88,93.55
219.09,116.51,77.56,212.1,9.46,973.07,927.22,3,27.697,211.08,61.21
477.32,211.1,49.26,146.41,1.83,929.21,869.45,56,78.69,424.41,78.59
151.14,218.55,97.32,215.32,17.4,948.84,701.54,365,38.617,173.56,80.84
245.95,135.66,45.24,145.96,22.13,979.81,902.47,7,26.828,254.87,96.14
397.43,121.53,88.97,216.32,8.9,1037.87,788.87,7,40.679,362.35,82.02
241.6,196.92,187.0,223.01,9.38,834.75,700.44,7,37.026,237.9,73.71
451.87,53.1,3.45,218.44,28.79,1096.07,563.51,1,31.755,433.93,130.04
139.3,43.55,58.07,229.65,20.41,1056.01,795.08,1,3.0,155.27,73.1
478.89,213.76,117.74,195.14,0.07,941.75,916.64,180,90.27,424.49,77.32
279.81,30.61,103.2,202.84,2.84,1005.95,752.9,28,22.692,246.58,46.94
363.97,125.42,160.02,233.38,6.46,1088.47,685.86,28,59.663,331.7,75.01
341.19,49.56,22.18,205.18,13.65,1068.86,905.66,90,44.295,315.77,79.43
265.19,130.89,91.24,239.76,15.28,1002.66,946.02,365,43.965,260.85,82.84
136.24,84.53,170.14,218.68,13.83,1055.93,696.11,1,10.803,147.25,63.65
240.58,110.33,75.77,215.15,25.2,1043.53,674.11,56,35.971,254.05,102.63
194.39,12.19,117.88,192.93,8.73,860.96,791.34,56,21.305,182.41,50.73
148.45,25.03,196.17,219.57,2.94,1125.23,677.99,56,21.661,136.57,34.77
264.67,21.33,59.96,195.44,15.41,963.11,802.91,14,16.501,252.31,74.17
148.85,203.91,5.24,157.98,25.23,1026.88,621.67,365,38.878,181.28,95.43
256.03,45.8,76.22,124.07,6.64,832.28,624.37,7,25.261,232.98,53.59
156.31,152.19,162.87,223.13,15.28,1041.59,854.75,7,29.881,171.22,74.12
455.13,32.8,150.03,187.78,22.53,821.92,863.53,7,45.697,428.21,119.24
475.25,0.15,143.3,133.57,9.01,1002.92,861.02,365,82.295,421.25,85.29
334.89,219.94,77.73,220.54,18.21,882.19,834.59,3,40.087,330.74,104.22
182.88,48.78,23.92,161.46,3.22,950.55,560.88,56,4.846,164.5,34.37
306.33,43.9,47.81,206.93,5.9,1016.41,658.81,1,7.721,273.84,56.49
171.88,17.7,175.11,216.19,15.89,1035.7,693.16,3,11.616,176.26,68.59
492.66,200.4,104.45,220.37,15.58,963.88,762.64,3,54.326,459.8,116.27
201.63,43.1,148.69,200.55,9.4,930.29,665.45,1,9.581,192.42,56.67
212.2,26.08,23.54,193.96,28.11,959.05,780.54,1,3.0,227.65,98.51
470.32,6.44,107.55,233.72,22.12,986.31,565.3,180,69.765,437.76,116.49
307.88,126.07,169.81,167.99,7.37,1093.43,611.44,1,33.629,285.71,70.98
505.72,156.33,158.67,156.64,7.09,998.01,659.5,180,89.699,455.32,95.7
518.2,17.23,25.81,156.16,7.01,922.02,826.7,1,32.484,453.41,81.95
410.5,86.14,25.11,201.36,23.86,978.96,719.69,14,47.994,393.63,115.94
264.21,210.28,194.57,216.3,21.06,1018.18,716.12,7,46.813,276.88,106.86
180.69,158.96,20.36,221.9,11.16,825.99,702.16,14,15.274,182.98,61.52
247.4,199.99,48.01,216.45,3.13,1007.6,827.5,365,46.513,230.25,53.42
297.07,149.57,65.54,208.73,11.61,1121.5,734.55,14,35.893,282.86,77.76
273.59,157.1,171.37,225.45,27.39,1144.75,713.11,3,32.737,290.8,119.15
243.97,45.6,76.3,215.08,5.77,1055.2,679.61,14,22.303,221.33,49.96
511.4,21.3,74.59,221.79,28.84,868.81,908.22,7,46.896,483.82,137.95
459.54,205.44,9.68,186.6,4.19,969.13,947.09,28,59.665,411.88,80.38
197.62,141.12,66.18,153.45,12.02,978.74,916.48,180,36.035,198.41,66.3
529.89,14.76,71.01,184.92,15.16,1067.61,831.5,28,62.268,477.12,105.37
140.4,119.98,109.02,130.18,5.48,926.21,567.92,28,21.975,138.69,43.31
316.6,206.32,174.55,148.66,17.5,862.25,778.93,180,79.361,315.04,103.16
168.62,102.13,187.35,169.56,8.52,1088.09,566.73,56,35.923,167.86,56.19
195.47,59.39,85.95,204.88,13.59,810.34,673.43,365,28.165,193.76,65.02
198.97,157.0,18.53,146.43,20.12,907.68,590.05,90,28.873,212.67,85.9
320.6,117.11,35.62,149.57,26.15,1026.48,612.2,180,50.409,323.25,113.46
431.81,73.1,104.22,164.5,7.85,1128.39,846.67,56,61.829,386.8,80.74
361.99,196.12,25.12,147.38,27.08,952.7,694.91,56,61.909,365.26,125.88
513.18,176.0,6.06,204.87,2.34,1132.68,609.95,28,64.105,452.39,80.0
370.72,119.84,147.78,137.2,20.9,1042.36,693.39,7,51.721,359.9,111.04
328.83,132.3,62.88,154.24,20.15,1057.62,616.61,7,42.97,322.27,101.62
416.26,122.87,156.06,226.36,2.73,1141.15,948.74,56,56.575,369.9,71.61
163.87,174.0,117.72,197.62,23.74,902.95,668.05,3,23.266,191.82,95.92
491.2,49.6,172.56,160.93,29.22,924.15,755.14,14,67.812,471.19,142.36
476.44,31.66,20.85,139.08,0.12,1072.32,889.12,3,45.524,407.79,60.52
132.68,42.27,71.91,130.36,13.37,948.28,585.58,56,8.064,138.57,55.19
353.51,163.39,159.42,199.26,9.62,852.83,890.93,28,57.695,330.5,84.28
510.48,72.56,111.86,153.05,12.59,840.34,714.43,3,58.92,461.37,102.29
446.34,31.96,8.19,176.44,19.96,1076.29,619.16,365,65.794,413.72,106.02
398.18,82.79,138.99,204.22,15.44,828.23,859.52,90,64.695,371.73,97.73
421.74,13.8,187.27,175.45,15.5,1020.97,913.98,28,54.683,387.99,97.82
217.64,22.02,34.28,195.87,21.24,1119.5,914.99,28,11.447,221.21,82.13
328.21,84.06,15.26,238.24,3.52,968.34,793.87,90,31.147,290.8,54.68
210.8,189.12,185.58,140.48,16.28,980.91,667.83,14,46.244,222.17,86.66
238.46,182.63,90.06,217.41,0.6,890.49,689.7,90,39.416,218.25,46.51
492.52,89.93,72.39,232.55,25.44,862.73,616.28,365,80.306,467.09,131.9
406.94,158.83,181.86,176.57,19.09,977.41,640.58,7,63.978,391.2,114.95
276.67,168.61,53.63,235.57,20.65,1113.2,642.69,56,40.561,281.08,98.77
503.84,33.95,66.92,163.89,18.05,838.41,647.7,180,73.879,460.87,110.65
120.21,1.01,27.91,193.32,27.06,856.96,728.34,180,3.0,146.11,83.27
124.4,134.15,49.07,183.97,8.79,807.7,617.65,1,9.55,130.18,48.27
169.4,37.85,17.86,148.1,26.01,1111.73,862.65,180,18.521,188.6,88.71
169.81,116.53,124.82,160.8,4.05,972.79,621.77,7,20.87,161.48,43.66
300.92,137.24,44.55,224.4,17.34,1016.59,656.3,28,33.106,294.03,90.86
371.58,34.18,150.53,239.1,14.7,1055.02,767.73,3,28.437,344.77,89.75
143.46,160.19,51.57,138.48,11.48,1071.85,800.12,56,37.12,152.54,59.18
123.48,105.32,135.43,191.81,13.56,965.04,621.18,3,6.589,136.74,61.51
311.7,187.22,155.09,212.65,2.69,988.28,895.24,28,55.074,285.47,63.45
164.14,200.0,8.89,234.6,1.22,1059.35,770.92,14,8.177,155.65,37.1
344.08,13.78,154.52,239.12,3.78,1038.34,698.42,3,24.168,302.57,57.89
264.29,43.74,194.98,192.13,22.65,943.32,729.73,56,44.115,267.84,99.2
378.47,17.77,34.86,193.83,28.48,807.83,612.87,28,47.548,369.21,119.26
318.66,76.7,37.83,192.77,29.58,897.91,889.69,56,43.064,324.32,119.08
496.9,154.37,16.4,211.46,22.63,891.06,733.59,56,75.878,469.72,127.68
393.96,17.8,186.77,225.28,9.13,916.34,869.43,3,33.508,354.46,78.82
217.45,211.73,101.5,204.8,28.09,834.3,701.64,56,46.014,246.64,115.21
255.66,154.81,175.56,206.9,17.09,1064.8,898.18,3,34.668,259.01,91.27
213.16,101.86,125.04,214.61,7.37,946.13,694.15,365,34.397,202.62,56.14
245.55,104.28,187.49,204.87,26.69,1120.25,674.93,180,51.351,262.47,110.99
222.22,179.49,130.58,148.16,16.2,983.54,594.79,56,50.52,229.98,84.95
486.38,133.52,115.9,135.36,14.8,964.17,609.4,1,48.639,448.77,109.36
157.59,70.35,194.87,135.05,5.61,986.24,718.5,7,21.985,151.75,45.66
281.15,139.42,90.81,164.2,4.12,1115.67,646.13,365,65.451,257.15,57.44
179.53,87.28,114.34,228.02,29.97,1102.9,598.09,365,32.475,208.96,107.16
419.36,152.08,103.74,224.07,3.13,871.62,833.07,14,54.286,374.18,72.94
453.3,119.22,2.63,182.83,19.39,885.62,615.4,3,45.126,424.73,111.32
459.63,112.69,47.47,155.99,22.86,1035.5,863.59,28,53.199,436.1,122.09
196.29,74.39,98.42,235.66,17.98,836.22,551.76,28,10.414,202.79,77.64
429.99,150.04,35.9,200.44,24.82,803.58,832.71,7,53.08,416.42,125.58
250.51,101.89,116.5,234.04,3.61,895.64,611.58,365,42.96,228.17,50.88
529.35,91.24,21.92,189.34,22.25,1043.46,910.85,14,56.547,492.37,126.4
416.42,11.64,52.05,214.45,2.27,1073.28,890.91,28,37.27,359.45,58.55
152.37,100.16,161.99,135.32,11.01,1109.06,592.7,7,27.222,157.39,59.31
238.21,38.92,69.03,200.82,20.15,895.26,865.87,28,24.931,238.83,84.46
197.2,103.89,188.57,222.8,22.38,1051.36,576.32,180,35.94,214.47,94.42
356.89,73.45,27.57,160.71,17.9,866.13,664.6,365,56.189,337.69,93.83
360.94,22.02,189.73,164.52,24.02,970.99,919.08,56,52.359,350.57,112.49
435.47,73.4,128.39,219.83,21.77,909.79,892.6,365,75.637,412.69,116.96
255.15,28.95,189.93,143.3,22.63,929.44,917.35,56,42.833,258.9,96.81
398.33,165.27,30.95,124.31,0.48,1141.0,635.34,28,56.151,351.54,61.82
399.73,177.69,13.51,208.65,11.73,1006.09,577.46,90,59.873,371.25,90.28
473.61,176.89,11.14,224.97,23.87,977.97,750.36,7,45.905,453.37,129.33
225.49,3.29,74.14,151.17,27.47,1053.71,894.09,365,42.23,237.33,98.93
363.13,202.09,47.11,233.33,1.69,833.85,595.82,7,38.843,326.45,63.82
532.29,172.78,198.3,231.36,23.4,918.94,557.91,14,65.911,505.94,142.4
342.43,107.82,87.48,128.86,15.36,817.0,860.94,90,58.151,324.94,90.53
435.55,159.14,113.0,192.98,4.3,1111.71,909.92,365,84.322,390.5,78.68
482.43,125.07,118.85,208.11,0.61,1138.97,921.59,90,70.715,422.18,72.93
359.35,98.18,65.67,193.52,14.47,938.98,879.34,365,65.945,336.78,88.79
195.66,211.06,199.55,127.98,7.95,1020.82,882.43,90,58.523,197.8,66.12
121.88,0.56,105.46,134.33,13.5,979.3,890.07,56,3.0,127.35,52.63
336.79,38.54,187.04,167.56,28.68,915.38,821.81,180,66.228,338.6,122.3
495.94,82.61,142.0,139.37,18.55,1032.81,939.81,28,69.942,459.85,117.35
306.46,176.05,47.79,123.44,0.54,801.15,889.12,14,41.343,274.63,52.36
163.16,184.71,91.17,206.84,1.47,1140.73,949.49,1,18.255,155.8,39.84
152.15,78.69,78.73,220.79,12.4,1131.75,669.31,180,18.218,156.25,57.92
381.73,127.24,109.84,191.55,25.33,809.35,688.47,28,55.937,376.11,122.44
214.75,27.85,5.7,156.59,28.1,1136.19,654.36,180,16.358,229.56,98.19
453.04,173.73,107.47,125.57,7.45,935.13,803.68,7,57.82,411.32,89.46
401.92,59.38,89.76,160.38,24.46,940.09,619.29,14,48.28,386.73,117.13
451.99,202.65,5.18,226.61,23.53,1096.71,581.13,1,41.654,436.14,127.47
289.65,103.61,185.07,131.63,2.55,1095.72,831.57,3,42.953,261.24,55.79
186.69,212.87,145.38,226.92,28.53,988.04,785.42,14,35.807,222.15,114.45
312.11,193.28,40.87,175.64,10.91,822.21,609.88,180,57.415,297.1,79.9
514.81,165.94,112.87,221.28,23.68,971.74,769.31,3,62.584,489.35,137.11
366.17,59.99,85.89,193.92,18.54,949.81,794.91,7,36.665,346.82,97.91
431.6,137.06,100.71,205.31,24.14,974.06,905.0,3,38.497,417.09,125.75
327.18,37.37,145.88,177.11,26.31,1033.77,802.35,7,40.265,325.74,113.49
439.58,171.66,55.96,176.53,12.15,1126.79,668.53,56,71.338,406.22,97.37
241.74,44.62,125.74,202.53,28.34,1056.25,790.95,14,22.347,256.46,108.02
409.12,136.58,99.76,192.42,10.65,973.25,727.64,180,72.276,376.35,89.28
390.75,24.4,173.33,192.87,26.11,973.85,656.03,3,32.37,379.09,120.81
323.56,11.4,44.32,134.94,29.51,1142.42,660.04,14,40.821,323.93,115.18
161.9,208.53,66.32,204.32,13.99,926.28,948.3,28,33.632,175.93,71.66
291.44,215.06,81.13,207.62,2.3,930.17,867.8,1,24.127,268.08,59.02
524.52,124.99,99.51,157.48,10.19,1142.33,712.0,28,70.277,472.89,101.15
428.83,36.26,27.34,165.22,9.08,966.0,627.4,365,63.597,382.12,77.79
250.52,152.37,28.75,207.76,15.77,1022.25,821.49,3,23.595,249.41,81.3
183.84,189.61,106.25,172.71,27.35,814.28,591.7,1,27.49,215.42,107.96
334.86,166.28,108.19,202.12,29.27,1031.79,592.93,56,57.609,345.27,129.33
230.44,107.6,19.23,147.33,3.57,960.12,710.52,14,22.703,209.51,44.89
241.24,166.67,104.77,233.23,12.47,983.91,605.46,3,18.45,238.76,75.97
518.07,149.58,137.49,185.52,24.48,814.85,711.57,28,76.688,492.75,139.34
533.98,162.14,41.17,131.67,18.44,1111.63,607.88,7,70.812,495.56,123.18
217.13,15.36,133.41,132.75,8.81,1050.09,606.94,7,23.817,202.4,54.49
127.1,150.66,106.14,198.79,23.12,1059.47,884.53,365,25.751,157.69,87.85
366.09,6.43,138.02,164.23,0.89,824.65,921.9,7,37.413,315.81,52.13
500.61,6.58,159.4,209.8,19.4,963.73,922.98,3,51.878,460.21,115.4
402.05,49.35,44.89,224.98,4.54,1028.38,911.13,7,26.343,353.36,64.84
446.53,92.39,158.39,161.53,21.12,1028.47,945.59,14,61.645,422.97,119.17
265.53,2.46,184.19,132.55,13.84,893.03,588.34,90,44.494,251.71,74.01
537.83,124.54,120.19,213.34,12.7,1001.12,843.79,180,88.441,488.6,109.82
303.13,174.4,47.48,222.56,29.3,1144.36,588.28,1,24.366,317.7,123.73
325.82,123.62,158.75,214.02,12.96,1023.47,909.82,365,69.223,309.51,86.5
489.59,90.87,68.91,164.95,24.68,1137.15,784.42,365,84.821,463.38,129.57
361.27,140.36,53.79,165.64,22.23,1065.87,858.34,3,36.134,353.55,110.91
319.41,67.25,71.33,177.51,14.27,1001.68,634.59,365,49.221,300.47,81.57
370.1,166.28,54.34,168.7,16.21,1117.92,749.13,56,62.78,353.24,98.74
415.24,108.44,183.1,206.09,22.04,938.43,895.81,56,70.799,399.47,119.84
489.01,57.51,156.28,177.98,4.38,901.51,782.16,180,79.328,429.82,79.92
291.84,24.58,108.46,164.3,9.18,863.65,923.85,3,17.859,266.64,64.03
385.55,75.31,71.3,190.03,0.48,968.38,687.52,56,45.461,335.19,55.6
369.15,129.14,155.91,168.88,3.63,819.86,734.28,7,42.298,331.74,68.65
319.84,16.22,9.25,218.76,4.1,803.59,638.48,3,11.413,279.74,50.13
232.49,175.12,118.37,169.45,21.63,910.76,681.76,56,48.907,246.86,98.98
139.72,169.53,66.43,236.66,10.9,930.37,933.17,365,28.742,149.39,58.53
157.89,55.94,155.08,124.78,7.38,947.25,877.46,3,16.77,153.03,47.51
528.89,115.71,177.21,192.08,14.65,960.47,762.48,180,95.0,484.64,115.28
487.24,44.06,104.48,122.41,3.79,1085.18,859.94,56,64.256,425.39,75.21
340.66,192.71,158.47,211.11,24.99,964.11,733.83,7,52.523,346.21,123.18
248.69,167.88,199.43,238.4,12.61,1029.85,638.84,14,45.639,247.3,81.1
192.94,120.01,10.85,153.72,25.82,852.49,811.48,180,27.974,213.93,96.54
482.69,201.93,79.18,165.06,8.19,943.06,704.71,365,91.759,439.11,95.7
461.81,84.7,186.78,202.07,9.64,846.8,776.87,3,49.806,417.62,92.91
484.7,23.57,54.98,191.02,28.23,1112.31,556.93,56,60.185,459.92,132.6
362.48,78.69,110.94,167.95,16.4,1039.84,879.88,180,60.312,342.08,94.45
499.99,17.59,49.1,206.29,8.19,1108.08,640.88,90,57.238,440.31,83.67
537.17,73.72,17.6,232.4,28.94,955.73,824.81,56,65.008,508.41,142.67
496.45,30.22,16.8,203.98,13.49,825.24,877.66,7,43.265,446.02,96.1
364.03,163.2,23.9,130.56,26.3,1113.24,608.77,56,67.534,363.41,121.81
159.71,185.04,162.23,202.69,28.16,821.15,861.51,90,40.227,197.01,109.01
148.27,158.31,71.36,183.9,8.35,848.73,843.11,3,8.417,151.9,52.6
166.38,44.07,67.05,192.45,6.62,1087.19,765.83,56,9.866,156.44,42.28
191.27,180.51,41.71,122.47,21.07,909.0,876.35,180,44.58,209.77,89.94
405.44,48.78,151.51,224.13,7.18,885.15,888.31,28,48.686,362.56,76.07
422.22,58.85,61.51,214.35,3.73,1031.81,632.72,1,25.108,370.21,66.57
121.77,125.46,54.17,170.61,15.69,918.73,817.35,14,12.131,138.48,64.79
160.65,173.31,112.76,126.01,28.36,924.68,844.86,180,47.139,196.31,106.81
375.08,126.54,104.9,224.12,0.49,1134.37,613.47,3,34.341,330.56,59.29
520.56,168.21,157.35,161.99,28.78,1065.3,633.76,14,78.141,503.45,152.48
270.21,104.01,161.22,132.81,22.37,929.91,773.97,1,31.977,275.97,102.07
188.65,12.32,123.8,151.04,27.68,891.89,603.41,180,30.83,207.99,97.66
166.19,0.63,6.34,200.73,3.88,971.15,799.98,1,3.0,147.64,29.94
416.76,105.17,78.73,149.49,2.15,1064.45,896.22,28,54.844,366.63,65.9
503.26,36.31,72.58,164.13,3.03,947.86,683.14,90,64.126,436.62,73.42
500.88,24.12,114.35,237.22,11.01,955.88,761.31,1,31.234,447.35,93.9
248.51,130.79,23.75,152.19,25.62,1108.24,786.45,3,32.216,261.85,103.98
143.73,18.41,110.24,158.5,25.85,854.44,823.39,365,24.761,167.03,87.58
215.93,145.55,53.02,144.41,4.95,902.47,819.16,56,36.028,202.71,50.6
252.57,180.17,50.51,173.77,3.87,1120.76,573.89,180,42.381,234.5,54.62
505.14,101.66,97.26,208.89,16.32,1118.83,812.34,7,52.316,464.55,112.43
236.99,78.9,55.72,232.81,22.57,949.04,726.32,14,17.335,244.19,92.61
486.0,114.63,136.68,231.14,28.65,1026.05,680.96,14,59.593,469.7,143.44
526.55,160.36,160.85,188.29,14.5,1091.81,927.02,3,58.894,485.22,117.1
228.92,97.23,69.18,155.76,8.54,1030.61,817.25,180,34.094,216.44,58.39
274.0,125.32,80.0,153.44,28.56,956.14,887.39,3,33.654,288.97,116.26
178.99,87.79,179.1,121.37,17.9,1064.66,857.76,3,31.486,190.51,79.54
134.43,213.17,109.94,223.27,25.25,945.74,933.09,56,37.3,171.78,98.57
256.98,6.54,100.61,220.53,23.69,1059.07,612.86,56,24.919,258.81,94.55
199.79,163.02,120.5,162.67,8.83,925.76,626.69,180,46.785,197.77,62.27
229.96,139.14,15.21,239.12,17.89,933.82,932.95,28,23.702,234.12,82.66
513.78,99.62,92.93,221.9,26.62,1026.22,731.1,28,72.54,488.14,138.89
342.11,139.13,75.63,239.54,9.0,972.46,685.71,14,32.309,316.45,76.31
190.08,75.24,159.72,203.0,22.46,807.84,565.06,3,10.77,205.96,90.61
418.35,5.17,177.37,172.83,7.81,813.84,849.18,3,43.409,372.0,77.18
387.9,150.98,7.42,190.48,22.75,987.9,776.77,180,61.186,376.83,114.28
413.83,160.35,10.37,125.78,27.54,1104.94,801.79,3,47.712,407.26,130.16
349.65,121.3,112.75,208.11,7.06,950.45,618.85,365,60.463,319.24,72.6
146.84,67.43,69.59,141.8,12.24,930.54,652.25,3,4.918,150.52,55.73
472.09,196.21,166.93,226.53,11.41,1142.09,647.97,1,49.764,436.61,105.6
250.3,200.12,179.89,148.2,1.91,1052.4,658.79,365,63.68,233.42,56.02
284.22,52.55,38.87,179.44,26.0,878.93,621.09,28,34.743,287.64,104.34
217.45,38.03,139.27,169.15,21.31,1009.32,695.31,56,38.069,224.38,87.6
373.19,85.06,19.16,217.11,3.51,1026.35,598.7,14,35.566,329.16,60.27
249.65,191.1,99.22,135.53,12.46,1004.62,670.07,7,35.36,247.5,78.45
422.12,112.3,127.64,150.51,21.74,1082.95,879.13,14,66.353,404.01,117.98
445.12,45.2,127.54,180.82,27.01,885.55,691.0,7,49.082,427.29,129.22
340.98,45.96,77.4,216.97,18.05,1048.51,889.22,7,37.637,323.48,92.36
304.16,161.62,22.42,152.26,8.49,1051.77,673.95,3,26.297,283.89,69.94
158.11,109.59,164.74,186.83,22.87,1074.24,856.78,1,19.893,181.95,90.4
123.56,204.01,38.2,160.47,23.62,1013.24,751.96,365,41.974,157.86,89.69
251.37,163.78,46.26,210.44,9.13,852.16,878.47,28,36.365,240.66,66.29
424.57,30.88,66.83,174.53,18.99,916.28,811.2,56,57.137,394.77,103.27
474.26,213.03,36.84,141.22,2.35,985.81,735.4,180,78.066,422.53,79.16
246.6,94.63,13.15,130.8,24.8,977.65,725.6,56,33.994,256.17,98.74
324.96,23.32,22.19,160.95,21.16,1039.9,737.84,3,21.971,312.15,94.41
239.15,57.31,58.66,205.8,9.7,1116.28,554.58,14,18.665,223.98,59.3
241.96,64.12,79.12,170.24,1.43,826.51,620.53,180,28.534,214.02,40.25
293.06,117.66,124.65,164.04,5.49,918.17,559.27,90,51.283,268.62,62.13
442.8,33.27,4.87,137.14,24.0,886.42,734.37,3,32.41,417.21,115.66
380.67,150.67,76.87,144.23,18.37,1001.11,556.18,180,73.539,365.05,105.23
347.88,81.08,189.61,131.24,16.94,1125.69,824.56,28,49.676,332.26,97.35
169.02,44.75,146.93,219.42,18.75,1072.89,755.28,14,12.585,179.73,76.16
239.32,99.0,126.87,165.43,4.87,1041.31,711.99,14,34.349,220.68,52.9
432.86,106.25,130.33,163.48,14.99,1049.47,837.81,365,85.051,401.96,102.06
396.35,8.45,72.17,137.95,1.4,919.02,732.57,180,56.071,341.17,54.54
240.45,91.02,0.54,210.06,5.26,1104.29,870.7,14,12.694,219.18,48.39
160.01,129.87,133.97,165.96,23.4,840.12,799.29,14,24.704,185.22,92.16
138.77,95.47,75.92,128.75,2.69,1105.63,918.49,365,35.171,130.46,33.1
529.64,141.02,114.35,188.79,15.93,1138.76,842.31,14,68.537,487.84,117.83
433.45,16.23,64.83,209.31,19.58,961.12,742.04,90,56.723,402.19,104.7
539.86,25.68,47.36,185.4,26.43,940.49,579.27,180,70.823,503.91,134.54
433.17,215.82,66.62,164.63,18.57,903.13,551.94,1,42.64,414.35,116.19
470.03,86.09,70.62,155.61,1.97,1048.22,617.88,90,67.737,410.12,70.19
259.98,135.1,141.16,142.82,23.74,1118.5,568.58,3,34.513,271.25,105.66
413.81,103.95,67.57,123.95,0.2,841.23,634.59,90,59.26,360.68,60.14
154.38,188.7,190.33,227.63,14.47,1028.63,811.28,1,13.938,171.38,75.51
494.27,209.19,92.16,122.61,25.82,958.76,843.52,365,95.0,477.93,142.2
239.19,214.52,53.84,196.78,1.12,844.21,630.35,90,45.296,221.2,48.67
211.99,112.84,42.98,178.18,9.56,819.26,672.17,365,35.072,204.24,58.95
243.07,27.29,43.66,139.32,2.34,852.72,935.86,90,25.505,213.14,38.68
415.62,92.82,59.39,191.71,14.98,840.34,904.22,28,56.626,384.93,96.2
222.48,45.29,123.82,143.91,10.59,868.41,927.54,3,19.624,211.7,61.3
221.78,49.86,132.83,186.12,14.35,860.76,608.16,1,18.9,217.62,71.29
255.47,182.42,79.26,135.0,13.63,872.96,822.72,56,39.91,253.32,80.68
375.04,143.67,118.87,147.8,17.26,1100.86,580.77,28,61.868,358.83,102.96
175.44,10.79,155.24,188.63,10.09,1138.03,716.12,90,16.035,169.13,53.24
426.13,85.52,116.39,174.73,13.98,1033.7,560.87,365,82.131,392.9,96.74
448.82,30.77,80.12,221.52,11.01,1047.59,670.02,3,37.36,402.87,86.74
372.36,139.19,12.81,215.63,25.09,1014.96,560.73,56,44.801,366.66,117.68
483.59,203.89,67.1,226.42,23.14,894.19,851.54,28,75.946,463.69,132.83
125.47,69.22,39.85,130.93,25.76,929.03,680.67,1,6.175,153.5,85.89
337.1,162.01,107.37,125.52,23.46,929.43,745.43,3,41.912,337.56,114.73
473.47,202.82,29.69,186.02,11.68,895.74,709.45,180,83.362,435.93,101.4
298.98,212.8,95.36,165.86,9.25,947.96,897.61,1,30.844,285.73,77.71
465.77,78.7,46.51,178.6,28.92,951.26,906.48,365,77.033,448.62,135.57
169.39,111.48,134.95,198.48,27.48,846.87,781.13,365,36.422,198.46,102.24
529.46,135.79,143.95,137.67,1.22,1065.97,657.46,7,59.045,464.39,81.86
388.42,49.14,146.89,225.74,24.43,930.59,767.99,3,30.616,375.61,116.99
395.99,64.84,11.82,150.77,6.59,845.64,883.29,180,56.905,351.91,69.0
454.46,114.29,18.72,138.28,1.65,1129.08,816.71,3,42.469,397.3,67.4
297.47,123.49,177.25,159.01,9.6,1062.56,728.87,180,64.925,280.4,75.44
274.47,21.11,92.02,218.96,11.12,893.88,758.62,56,26.457,254.41,65.9
140.82,192.93,64.06,210.43,5.0,890.11,871.58,3,17.912,142.47,45.45
262.93,39.75,151.35,133.08,7.09,1029.59,591.25,90,41.062,240.64,58.11
348.1,196.52,89.0,165.5,21.2,896.6,565.9,7,45.145,345.34,112.09
176.72,81.31,60.42,200.17,15.18,1111.43,792.32,365,19.748,181.41,67.27
472.01,12.22,64.84,158.45,24.58,1037.64,934.51,7,48.086,442.69,121.53
452.07,128.15,185.52,171.82,29.57,1041.25,828.65,365,95.0,444.25,144.56
341.61,67.67,104.59,173.93,1.02,972.66,911.7,14,40.537,298.83,52.46
210.78,75.75,197.71,172.85,9.94,971.31,735.95,3,24.552,204.32,63.35
144.42,43.91,179.57,209.46,27.24,845.69,552.51,56,17.759,173.01,95.69
420.3,79.55,170.66,181.47,1.2,871.79,881.7,180,70.397,368.15,65.82
465.81,111.7,187.17,216.55,5.27,1131.74,625.61,90,79.745,415.94,84.38
311.15,80.55,3.58,164.88,0.2,883.61,554.56,90,32.451,270.51,43.63
226.74,84.89,186.15,206.05,21.45,875.49,755.97,7,29.319,236.71,94.22
227.39,52.08,15.23,156.24,10.99,897.09,818.36,1,5.693,214.82,59.02
253.17,203.67,19.87,120.72,9.98,844.21,841.81,180,48.322,245.81,70.38
522.16,28.91,123.78,233.27,23.31,1111.77,850.61,56,65.544,485.63,127.91
525.38,147.37,21.98,150.76,13.1,886.31,565.24,3,61.26,478.29,107.0
346.59,55.86,25.5,194.47,6.68,806.19,903.75,180,41.753,309.72,63.23
296.47,215.68,96.23,193.68,28.08,1040.57,673.08,7,40.821,313.94,124.71
388.97,77.51,52.35,183.82,14.73,1070.5,596.88,365,57.079,360.67,91.03
138.97,30.9,186.08,219.53,29.21,1078.34,758.39,14,13.16,170.75,99.32
203.81,194.96,73.16,208.73,13.0,1009.32,577.99,3,26.349,209.15,73.54
135.53,8.14,80.85,126.41,23.66,828.87,793.09,56,11.624,155.24,79.22
355.6,26.81,176.38,154.68,6.58,1035.22,857.51,3,28.977,318.19,68.05
128.84,51.79,112.5,184.37,3.62,800.13,709.49,28,8.854,121.18,32.64
309.97,187.8,24.81,123.21,5.79,1131.17,550.39,7,44.191,286.38,65.8
457.48,82.64,178.63,178.13,1.81,1088.95,766.34,1,38.256,401.11,72.35
507.72,136.0,136.47,134.32,12.34,956.62,889.12,90,91.106,463.55,106.76
283.86,148.88,58.14,137.02,22.74,833.65,701.9,365,63.117,289.25,103.66
249.52,135.98,119.81,228.92,1.98,867.05,777.51,180,42.153,227.18,49.21
218.75,146.86,100.43,201.56,16.53,965.58,588.1,28,33.706,224.67,81.87
149.59,97.79,27.14,182.95,19.58,833.44,745.64,90,3.0,165.86,74.82
423.86,160.23,96.26,196.23,26.54,1127.05,784.8,365,81.83,415.89,132.29
458.8,160.94,7.82,164.42,2.59,1096.34,870.63,7,43.61,405.55,73.12
423.02,149.1,35.34,199.6,11.98,853.43,672.29,56,54.791,389.87,92.56
144.8,38.79,28.03,207.83,11.21,883.36,562.73,90,3.0,144.29,49.23
182.64,171.43,3.31,209.19,13.58,851.02,563.1,28,17.686,189.04,68.01
394.19,44.98,18.96,203.65,6.81,1030.3,687.82,28,42.882,349.49,68.24
352.54,17.44,119.95,225.56,18.69,1048.63,906.35,56,40.282,333.18,95.05
363.98,62.92,194.9,172.89,24.27,920.74,814.12,90,69.419,356.52,116.56
202.15,72.78,134.16,189.2,7.01,1016.38,926.96,28,19.565,190.83,52.25
397.4,14.81,163.62,232.21,9.41,1145.22,939.27,365,66.572,357.16,78.79
294.99,186.35,131.66,163.77,13.41,835.8,653.02,28,51.391,287.88,87.24
140.02,43.1,27.99,166.78,22.22,1143.59,632.18,3,3.0,158.15,76.49
507.43,25.29,119.11,205.7,20.02,832.13,648.29,90,69.741,467.5,117.47
200.3,15.75,31.05,200.72,21.45,1059.81,648.9,180,9.01,206.3,80.0
372.07,64.52,175.52,230.29,23.94,964.18,933.61,28,50.187,362.59,116.03
356.37,206.14,126.63,180.49,5.78,1094.52,743.55,365,85.845,329.13,76.72
408.86,151.19,35.55,205.0,27.81,1116.34,616.92,14,47.895,403.32,130.59
449.33,207.83,70.71,156.95,0.52,1148.6,881.89,90,69.853,398.73,72.6
122.89,84.91,83.9,151.49,15.34,903.06,908.0,90,14.202,136.62,62.4
367.95,214.33,122.54,122.7,10.74,911.03,619.07,56,76.838,347.4,90.91
460.33,178.25,162.58,134.46,21.15,908.72,834.73,3,58.529,440.86,127.1
199.05,192.55,117.05,157.92,21.85,1142.87,904.83,14,38.838,219.97,96.67
523.71,177.62,195.66,192.52,29.35,854.97,852.23,3,60.032,508.45,156.47
172.84,46.45,132.06,124.15,15.49,1084.72,572.8,3,16.697,177.59,68.0
503.19,35.44,59.5,233.23,11.97,1084.94,846.74,180,68.176,450.55,95.18
486.16,42.2,32.2,161.33,17.71,987.77,686.38,90,70.811,445.17,106.86
187.71,39.87,151.92,232.46,29.03,1141.2,874.01,3,6.626,211.82,103.96
411.09,88.87,70.73,198.62,7.5,989.85,941.49,14,43.079,369.06,77.12
511.35,217.33,56.15,147.05,12.86,1011.42,634.15,14,73.149,471.56,110.97
464.39,147.57,92.43,164.75,14.31,872.96,600.98,14,60.904,429.8,105.52
345.77,66.99,107.61,180.27,9.51,859.53,776.98,14,41.518,315.95,74.25
386.18,186.61,164.57,211.44,8.49,988.65,749.59,3,49.922,358.2,87.22
330.06,189.84,37.89,215.18,9.12,1136.52,677.6,7,34.401,309.19,77.22
363.81,188.24,17.7,198.53,2.18,877.85,714.87,180,58.485,326.27,63.0
223.09,123.17,29.51,165.73,28.65,886.73,665.34,365,42.549,244.68,108.19
181.53,6.66,50.18,220.66,0.76,1108.15,854.86,365,3.0,156.99,26.16
265.12,155.41,62.12,127.47,4.93,827.07,598.87,28,40.462,245.36,57.49
131.69,111.91,87.15,156.21,25.9,832.71,749.34,7,8.549,162.96,91.88
445.32,59.76,113.02,187.44,11.33,816.92,795.46,1,35.603,403.09,90.46
390.44,161.73,77.86,162.55,5.41,1006.79,693.81,56,59.01,353.41,74.81
186.25,10.1,64.12,143.85,19.54,959.26,812.95,28,12.348,191.56,74.47
475.86,172.99,99.51,171.91,10.06,1134.62,822.12,365,95.0,434.68,98.34
196.49,57.49,161.77,177.13,12.95,889.09,590.63,56,24.324,195.0,66.45
213.05,78.83,102.23,140.66,10.46,1116.13,678.19,56,34.732,205.39,61.33
160.2,47.51,50.6,174.54,18.38,801.18,833.76,7,3.0,169.92,70.53
370.91,22.64,65.77,206.61,13.38,1015.76,872.23,14,30.718,339.58,82.17
511.09,217.92,198.66,189.17,28.47,878.62,574.1,3,58.339,499.21,155.71
469.71,66.93,79.1,211.54,22.38,888.92,917.79,28,61.522,441.34,120.17
522.94,215.61,34.09,218.29,11.49,954.32,912.49,180,95.0,478.66,107.95
170.33,140.59,43.3,197.67,18.25,1035.86,821.57,56,23.353,184.69,77.64
508.92,82.63,27.22,176.25,6.34,800.94,595.23,365,80.612,449.05,83.78
178.31,208.33,155.99,212.29,13.22,1068.61,901.11,7,29.726,190.42,75.27
319.47,79.35,56.57,136.06,27.39,1142.23,879.42,365,53.036,322.06,114.63
183.34,22.67,171.92,226.83,6.91,964.89,756.56,365,29.259,171.92,47.74
381.18,170.63,113.5,221.23,1.95,1026.6,803.57,1,33.259,341.34,67.11
409.73,162.65,73.1,219.47,16.0,1116.09,826.98,365,84.898,386.72,103.49
272.11,213.8,29.61,231.94,15.63,850.82,683.97,14,31.555,271.86,87.88
165.63,206.81,5.94,189.28,12.56,940.74,751.88,14,29.445,175.47,65.98
390.17,128.5,161.37,222.51,7.08,856.61,900.52,365,79.245,355.19,79.96
277.69,133.25,21.23,201.48,3.17,972.44,786.45,7,22.164,250.86,51.42
442.16,174.56,31.97,148.31,21.47,1114.81,696.0,7,58.958,423.05,120.24
381.99,216.77,75.08,159.7,23.6,1058.57,863.31,14,65.22,379.12,123.01
280.23,194.51,57.63,194.31,17.71,1113.56,897.43,7,36.238,281.3,93.83
248.97,121.37,89.18,199.64,26.18,882.59,689.35,90,45.871,263.79,107.39
412.79,47.18,146.69,194.88,16.92,1141.39,649.61,14,49.008,384.17,100.99
159.53,9.55,60.74,183.85,21.0,1001.58,621.27,3,3.0,171.09,74.74
497.23,100.37,157.75,149.78,4.65,1145.64,602.85,7,57.131,440.26,84.62
169.74,169.15,16.24,162.75,7.72,962.19,635.48,56,23.77,168.8,52.16
420.03,2.78,169.24,162.83,14.83,931.48,673.37,7,58.16,384.34,94.46
139.07,24.42,179.0,194.13,0.55,904.05,863.49,14,8.676,124.39,26.94
124.93,157.96,198.55,164.1,5.82,1001.62,840.74,3,21.554,130.53,48.55
498.47,158.66,129.83,189.42,14.86,1116.11,730.39,14,68.721,461.18,113.27
135.06,87.18,82.89,176.02,21.44,993.77,750.93,3,3.302,156.87,79.23
525.81,22.72,16.42,138.55,11.97,1071.92,690.48,365,67.715,468.01,95.27
459.5,149.14,20.28,187.1,3.49,835.32,650.95,56,58.193,407.0,75.1
477.57,62.74,193.02,153.1,24.87,1043.39,884.91,14,69.64,453.98,131.59
381.95,24.26,112.02,208.49,15.57,922.42,701.18,56,49.502,353.5,90.93
432.95,154.51,37.73,124.52,1.74,975.12,724.93,14,54.793,382.36,68.62
189.28,208.18,182.14,143.4,12.14,982.27,902.89,7,42.308,198.53,74.92
149.12,208.04,84.59,156.18,4.68,947.75,945.39,56,34.626,150.49,47.53
313.21,27.94,28.57,238.65,29.21,1036.85,688.25,1,13.301,315.48,113.7
264.46,117.79,150.55,187.94,1.22,887.93,717.6,28,40.989,238.0,49.04
146.25,93.27,73.28,174.07,21.46,956.66,650.85,180,15.414,166.64,80.66
246.41,199.16,8.81,202.45,19.41,909.8,921.34,28,33.465,254.63,92.4
291.35,64.05,198.79,226.37,17.92,1077.98,839.77,14,33.551,284.78,92.2
343.03,37.54,165.64,131.18,20.97,873.03,670.17,3,38.664,331.07,102.85
509.47,164.54,163.28,161.58,19.11,834.16,657.63,56,84.474,478.4,126.95
526.38,28.1,9.12,122.97,22.12,1001.29,661.03,7,49.298,484.96,120.79
225.74,47.02,185.94,154.89,5.82,916.91,612.32,180,39.69,208.2,52.37
243.11,174.96,110.96,227.08,0.97,806.31,703.13,180,51.181,222.65,48.27
295.88,94.46,94.71,216.9,13.76,1068.14,679.14,90,36.429,282.02,80.31
182.01,167.64,30.02,174.68,26.14,1022.75,773.24,28,28.822,208.86,100.12
501.36,158.17,174.44,193.15,15.58,849.32,890.07,90,93.2,465.64,117.15
516.92,150.73,95.79,168.2,6.25,856.86,860.07,56,75.691,461.85,92.05
165.08,78.15,107.79,171.95,15.66,963.38,930.95,28,19.621,173.0,68.73
436.24,22.11,83.73,135.98,24.48,1067.95,645.27,56,70.921,413.19,118.45
271.21,172.95,104.06,203.89,7.62,814.63,765.33,14,36.83,256.91,67.87
459.29,37.2,94.4,168.68,14.94,882.38,772.71,180,73.407,418.79,98.85
428.15,41.23,177.06,174.57,27.67,1075.3,643.5,3,51.533,414.62,130.52
350.25,44.4,194.73,154.47,17.64,863.28,810.64,1,32.934,332.94,97.03
448.24,173.95,112.65,159.67,4.41,1023.05,765.53,28,69.832,402.49,81.5
282.06,36.22,94.52,217.4,9.85,841.51,820.34,3,18.395,259.93,64.79
330.78,106.01,55.58,120.46,10.41,841.08,777.15,14,50.274,306.36,75.37
383.71,94.99,73.76,200.6,17.53,876.04,883.19,28,38.1,362.34,99.48
493.02,25.34,147.52,231.36,22.88,951.35,885.77,1,39.51,460.4,124.04
371.0,103.87,42.31,155.58,27.78,937.37,641.36,180,59.41,367.92,122.94
170.76,212.12,108.89,198.95,24.33,1112.2,701.3,7,23.699,201.1,100.53
306.28,162.67,180.12,214.71,12.38,937.51,654.24,365,72.539,295.14,86.3
280.42,35.7,156.72,218.84,16.64,825.25,934.25,28,32.722,270.61,84.01
145.99,115.45,27.93,146.57,2.3,1135.54,874.28,28,12.01,136.4,32.46
330.47,105.35,110.25,188.01,21.95,1063.03,706.35,90,47.658,325.6,106.32
364.49,110.4,192.49,121.52,8.23,1035.95,891.04,14,62.98,334.56,79.74
483.93,28.15,61.21,207.24,27.15,991.75,632.31,1,40.977,457.98,130.37
221.63,140.22,170.69,137.97,16.4,1120.63,902.71,180,54.154,227.86,84.25
363.95,151.51,152.03,155.75,7.23,828.77,593.25,14,50.912,334.58,78.45
357.96,146.04,2.28,139.61,23.07,851.58,840.51,7,38.691,351.44,110.93
318.33,4.16,84.76,125.42,26.3,1135.86,590.03,180,44.318,314.65,107.64
252.94,96.89,76.85,128.91,24.01,977.66,679.61,28,39.0,261.73,100.23
417.47,37.65,146.94,196.28,14.59,866.29,643.65,56,64.635,383.76,95.08
248.74,55.34,134.28,189.48,7.4,1092.2,680.13,90,31.822,229.83,57.6
325.76,141.15,54.26,147.37,22.28,853.68,617.94,3,38.338,323.52,106.85
394.79,127.28,71.63,170.49,23.41,1087.46,938.93,365,80.465,383.36,117.67
429.59,164.87,74.37,172.05,13.72,1051.01,582.77,28,62.892,400.13,100.36
219.97,217.33,85.25,192.82,9.91,880.48,734.28,28,40.847,219.75,69.8
379.73,184.24,61.01,214.69,2.19,962.51,683.56,90,58.258,340.4,66.38
531.86,90.29,177.34,133.34,2.93,1004.02,875.76,90,84.689,466.63,84.56
318.62,3.53,189.0,219.34,29.41,932.71,610.72,365,61.697,321.91,119.56
242.69,177.32,179.22,239.8,17.57,818.76,912.65,3,32.252,250.39,92.62
478.79,206.23,73.96,159.57,12.58,856.18,557.28,7,55.278,443.02,106.3
186.35,52.68,125.33,121.75,18.13,1061.34,707.16,14,29.95,193.59,76.38
370.23,69.92,145.52,127.04,18.66,864.74,714.88,90,67.172,352.37,101.8
203.27,71.47,189.2,161.45,12.66,1101.65,610.96,365,45.819,201.83,68.63
309.13,182.67,162.63,136.14,21.35,802.0,721.99,1,34.949,312.96,109.76
206.38,92.42,5.99,161.19,0.58,899.53,796.02,28,10.566,182.94,32.92
264.74,161.3,124.96,181.85,1.26,994.99,792.09,90,46.864,240.83,51.2
279.54,17.85,97.78,210.73,27.25,843.94,673.41,1,12.236,284.41,106.82
188.7,61.19,61.99,164.37,14.65,909.99,678.14,3,13.621,189.37,66.04
497.92,29.54,79.21,161.3,7.6,1119.81,759.45,7,42.826,439.04,83.99
486.05,58.91,108.39,208.54,1.88,1078.78,574.94,90,66.831,422.45,71.49
457.19,192.35,61.09,171.77,21.62,1045.81,744.76,365,92.927,437.88,124.81
257.27,47.88,78.58,232.98,6.05,1111.24,706.61,7,15.11,233.28,52.48
321.72,73.7,130.98,232.13,9.4,870.25,839.76,14,41.611,296.28,72.51
224.52,13.31,119.52,126.71,14.9,972.6,574.69,90,30.883,218.0,69.9
411.17,123.12,94.96,229.25,4.15,1019.62,592.05,56,55.41,366.65,72.13
158.7,36.91,79.92,198.95,27.93,884.79,908.67,365,12.4,183.77,94.66
439.78,167.88,78.91,169.16,29.35,1013.06,890.38,56,74.788,434.11,141.06
470.71,63.74,16.21,220.3,19.04,891.25,725.45,14,47.732,435.35,109.2
373.13,166.87,10.63,150.32,7.73,1123.02,729.86,365,64.099,341.42,76.2
281.97,62.53,2.28,140.91,17.79,855.02,921.09,3,22.5,272.57,82.79
462.38,118.84,108.82,139.87,7.84,1148.12,752.57,365,74.692,416.06,87.75
415.97,48.89,119.37,189.26,20.12,873.88,905.72,7,46.918,391.58,108.42
489.17,196.66,32.13,137.55,9.43,1136.53,763.58,3,53.62,445.29,97.33
524.48,111.53,81.86,124.41,18.59,943.51,651.73,14,67.722,485.0,120.49
372.77,13.23,183.77,188.63,29.59,1136.81,750.71,28,47.86,368.8,126.98
379.31,59.18,44.06,201.43,13.56,1048.67,798.61,56,43.178,349.14,85.33
473.38,112.68,8.66,228.41,11.84,815.98,865.31,14,46.622,429.38,94.63
193.96,160.09,139.54,167.26,17.71,1072.42,758.2,180,47.858,207.2,84.34
515.42,216.39,185.71,149.73,4.22,925.81,572.53,365,95.0,463.72,94.98
154.38,70.14,109.31,142.18,10.26,963.18,743.13,7,12.969,154.73,53.45
168.77,51.21,70.54,195.24,24.91,888.19,699.37,3,3.0,188.3,88.92
431.5,45.04,90.74,212.6,13.96,1012.25,574.4,365,65.0,394.08,93.46
138.85,88.7,31.32,124.94,27.87,1129.09,753.84,90,16.911,169.45,93.79
517.59,190.09,147.75,155.91,28.28,913.13,598.67,3,71.669,501.46,152.02
323.41,24.25,55.93,174.18,26.2,1144.51,579.92,3,19.823,319.63,108.24
154.6,34.32,42.84,184.42,7.34,1097.82,672.23,90,8.195,146.41,41.01
349.53,207.81,61.44,152.55,8.26,1120.5,848.88,90,64.429,326.09,79.6
317.01,186.03,165.94,161.63,10.64,878.15,751.56,1,33.992,302.82,84.29
307.28,128.28,178.93,161.84,9.21,982.22,902.62,7,42.139,288.48,76.03
489.01,141.4,33.56,237.44,3.66,986.63,590.86,7,49.154,432.09,79.08
536.73,4.45,180.52,216.84,22.17,1029.99,728.21,180,85.064,495.62,127.37
220.05,21.69,121.97,142.77,5.31,866.71,578.89,56,32.044,199.5,46.09
120.06,18.58,17.99,144.15,27.78,905.95,947.89,28,3.0,148.16,85.88
216.07,216.7,162.29,190.95,25.94,824.47,892.78,14,36.101,243.58,112.44
487.51,16.6,170.68,192.21,0.68,921.07,858.34,28,58.239,420.05,68.18
305.14,97.78,38.14,179.01,2.37,833.46,810.94,56,42.751,270.77,50.91
506.85,200.25,92.46,235.14,9.04,1073.58,706.72,3,45.291,461.16,101.15
434.14,177.29,175.58,145.54,4.33,858.95,767.27,14,64.292,391.87,82.34
421.0,116.86,9.34,185.1,16.69,1016.97,806.97,365,69.156,392.92,100.8
422.7,142.14,100.54,185.01,6.88,832.22,724.34,56,68.146,382.27,81.9
281.09,153.92,84.03,132.53,17.0,948.67,942.14,7,29.265,278.58,90.37
287.75,41.77,130.21,123.49,22.33,881.53,767.48,1,34.344,285.85,98.49
428.24,137.52,174.06,216.67,21.07,801.1,761.17,14,62.282,410.83,120.66
342.46,62.64,195.64,216.66,25.13,880.46,765.42,3,36.294,339.6,116.14
484.55,88.99,162.48,145.16,1.67,963.1,733.91,90,77.044,424.02,75.05
380.19,2.76,71.61,220.93,26.34,1090.91,866.66,14,34.502,366.94,114.54
306.87,165.15,23.13,125.09,28.76,928.85,615.03,28,49.096,318.89,121.22
379.53,96.39,124.38,158.88,26.61,872.45,804.12,28,49.466,374.41,123.79
261.11,197.28,190.25,122.21,29.13,962.66,805.65,56,67.304,286.17,125.59
209.82,169.73,115.25,215.22,11.18,1000.55,915.11,3,23.61,210.42,69.61
406.54,33.72,75.21,230.35,20.65,859.51,732.12,56,46.848,382.47,105.78
236.41,153.91,187.43,159.49,25.47,1069.93,768.96,14,42.654,256.23,110.33
471.81,96.54,60.56,230.42,29.5,805.27,660.47,365,79.163,456.21,139.56
233.97,39.46,48.63,233.7,11.33,1070.65,583.26,1,3.0,220.74,61.1
129.59,128.17,18.81,199.26,2.27,848.73,660.23,180,10.801,123.13,30.95
423.57,26.85,40.94,143.0,20.36,1003.11,594.96,3,38.525,395.31,105.24
537.12,146.86,84.37,141.13,9.76,1134.5,632.52,3,54.04,484.15,102.52
460.33,53.79,72.56,221.07,2.11,805.81,943.34,180,64.81,399.87,67.17
233.3,100.1,189.86,231.96,28.24,1009.87,589.32,7,25.918,254.29,113.2
366.71,166.13,151.34,190.31,24.38,1085.7,744.86,3,50.94,365.37,122.63
279.49,2.27,138.03,185.38,15.15,1123.84,811.93,56,30.61,264.73,77.1
403.45,141.96,133.38,147.64,18.13,832.67,687.63,7,52.587,384.55,109.02
252.91,46.41,50.62,180.15,23.64,971.7,608.5,90,31.288,257.06,94.73
378.96,58.58,127.32,173.14,2.26,1005.96,864.26,3,33.088,332.38,60.31
256.95,71.4,101.64,204.8,2.03,949.79,868.25,90,35.928,228.69,44.98
249.84,74.41,111.27,193.58,21.24,993.33,866.23,90,36.884,253.78,92.74
335.05,23.96,164.87,160.51,20.34,976.63,656.23,7,41.857,322.32,99.34
325.71,173.97,171.5,127.89,2.84,852.58,671.56,365,77.71,297.01,65.23
431.28,131.29,33.95,216.37,27.09,1131.39,686.17,180,74.645,419.8,130.03
183.22,42.78,152.09,165.57,11.55,855.56,845.81,7,16.103,180.26,59.95
530.07,26.25,96.68,191.99,20.94,916.28,805.39,90,68.516,487.82,121.65
169.24,27.08,95.57,177.77,22.82,928.12,606.61,365,19.708,184.17,83.07
176.89,124.79,98.56,223.69,25.6,1127.06,653.87,7,16.528,202.02,97.9
390.66,86.5,153.05,234.43,8.43,1098.04,667.94,28,48.997,354.66,80.12
527.89,147.34,35.76,166.26,15.93,930.05,916.49,56,81.579,485.23,114.93
360.02,156.63,52.27,132.39,17.5,806.63,729.56,90,60.716,346.03,100.01
484.19,191.11,114.58,133.9,2.94,935.27,843.88,14,71.0,431.94,83.42
539.46,88.55,28.74,183.9,20.47,1081.58,822.89,56,70.475,498.07,123.26
385.2,133.78,65.38,182.22,0.44,995.23,612.65,180,67.266,338.79,59.3
286.27,181.41,14.55,145.85,21.62,1024.89,596.37,7,41.333,290.91,101.68
300.53,141.25,155.2,188.63,22.72,1085.75,780.66,14,43.919,304.8,108.96
483.73,2.18,51.02,164.14,15.5,833.04,700.28,90,58.38,437.14,98.99
445.87,200.06,61.71,231.14,29.19,804.38,856.44,365,94.183,440.93,142.94
533.72,126.46,117.57,144.5,29.57,944.3,934.99,3,66.474,512.17,151.52
130.48,88.44,121.98,125.2,10.45,881.27,728.64,56,26.613,136.26,52.85
402.23,163.41,23.0,177.04,26.52,1107.87,624.82,365,74.774,396.22,126.91
497.31,2.67,185.85,239.57,29.91,1011.78,791.18,14,55.832,474.47,142.06
235.68,30.85,42.63,162.43,8.6,1054.21,806.37,1,4.44,217.11,53.65
147.52,210.08,145.98,216.06,3.89,1048.76,793.86,365,45.815,149.25,47.98
182.82,22.08,144.01,130.91,25.78,819.46,777.84,90,29.934,201.07,93.7
531.21,120.41,84.79,233.63,22.14,826.57,677.17,3,45.983,497.08,130.93
407.72,157.91,196.69,138.52,11.26,1068.77,834.04,28,72.07,379.57,96.0
521.95,135.63,1.18,200.6,23.74,916.18,798.49,56,70.87,491.16,131.52
145.1,211.95,129.19,125.1,2.76,804.01,893.15,365,51.576,145.17,44.32
278.82,180.04,149.57,184.45,12.23,886.09,781.74,56,56.636,272.16,82.62
396.8,117.45,177.76,120.1,4.81,1099.4,809.69,1,36.36,356.75,74.97
301.08,161.42,1.9,163.52,4.94,914.02,910.3,1,25.816,275.16,59.85
237.2,10.88,20.79,182.44,27.98,1009.99,711.31,90,21.805,247.56,100.0
238.33,146.73,36.47,182.07,11.59,1024.51,779.86,56,35.926,232.13,69.31
200.91,131.57,72.18,149.61,2.14,919.9,715.27,28,28.159,184.85,41.55
437.19,179.16,104.14,146.52,3.83,1108.62,728.17,14,60.081,392.36,78.74
236.62,213.41,92.67,215.89,1.79,989.6,778.03,56,41.282,220.78,51.51
479.06,172.04,161.54,134.84,3.5,920.49,592.3,3,62.804,428.08,84.75
130.93,161.8,127.5,144.15,26.73,1073.11,679.02,90,38.051,167.93,98.95
435.42,13.65,187.02,123.21,11.47,1086.26,687.85,7,51.832,393.16,89.37
432.28,106.4,159.83,189.7,11.48,1092.27,623.18,56,71.554,396.46,94.42
325.83,23.5,97.82,222.54,25.97,1104.56,938.42,7,22.347,322.1,109.58
334.5,151.03,149.21,153.43,20.39,1050.5,569.33,7,47.425,330.51,107.66
255.41,27.9,57.25,235.21,21.17,1084.62,864.22,3,7.31,254.07,87.82
203.87,3.41,168.35,227.06,18.02,1147.48,569.75,3,15.386,205.73,76.49
460.46,215.06,120.9,130.27,16.45,1107.76,883.82,7,65.981,435.19,116.28
478.98,205.21,94.55,144.2,10.95,1126.63,595.69,28,69.483,440.91,103.0
391.71,48.18,91.19,168.86,4.33,955.44,591.48,365,61.984,345.08,64.86
398.07,148.91,4.43,196.71,16.45,931.96,797.83,14,41.048,375.2,99.5
384.75,57.79,18.59,202.9,18.26,981.14,799.92,180,55.894,360.67,96.61
390.77,89.33,11.7,161.46,20.84,972.65,762.03,14,42.029,371.99,105.72
209.77,97.46,104.28,213.4,16.81,1108.79,898.71,90,32.144,214.12,78.2
229.35,108.34,187.54,226.21,27.6,1056.93,856.65,7,33.59,250.44,111.61
422.16,122.38,165.26,186.51,7.77,826.77,569.07,180,76.872,383.14,85.26
327.34,135.86,132.32,180.61,1.9,1003.92,748.64,56,49.346,293.43,58.82
205.03,0.12,42.2,236.33,18.64,1072.74,647.75,3,3.0,204.94,72.89
226.12,153.84,197.42,135.88,27.48,905.77,718.26,180,63.475,250.89,114.5
450.41,133.89,117.27,207.19,13.79,1105.48,837.28,1,39.412,416.63,102.6
377.08,86.85,136.05,149.05,19.43,1043.72,815.02,56,60.495,360.4,105.34
447.84,89.44,34.25,200.46,3.42,942.98,665.23,7,46.479,393.09,69.93
263.71,137.49,126.58,171.78,4.83,990.6,669.31,1,31.876,244.03,58.4
282.48,71.26,183.98,228.88,25.95,1082.89,575.02,1,18.006,290.29,111.12
417.27,54.5,9.05,150.21,26.88,834.12,711.24,90,56.134,401.68,121.44
483.02,18.23,159.43,182.2,6.48,1002.05,916.69,365,79.536,425.4,81.8
296.96,27.23,133.11,158.91,5.31,819.38,566.33,365,45.917,265.49,56.15
370.61,70.62,94.93,129.8,28.68,998.48,868.87,14,51.125,367.75,124.9
342.64,200.38,93.49,218.93,2.29,973.44,821.26,1,27.831,310.81,64.61
209.78,194.39,66.91,132.04,12.64,888.6,861.23,28,35.089,213.48,73.05
470.69,39.65,23.06,229.58,1.86,825.11,718.24,365,56.699,406.31,64.84
322.38,51.31,56.3,145.06,18.3,1123.22,851.37,3,28.331,308.02,90.27
452.76,31.51,164.61,221.31,7.92,957.6,764.14,365,75.252,403.02,82.92
279.44,125.32,142.78,220.57,12.66,1109.4,649.32,3,24.413,269.4,79.67
169.02,74.96,135.24,218.46,22.98,927.08,564.6,365,33.073,188.38,88.39
267.23,96.33,106.9,137.6,1.23,1113.41,585.11,90,46.436,237.99,46.16
185.39,174.19,89.0,142.32,2.32,1080.09,572.31,365,35.809,175.26,43.79
141.61,7.97,64.56,149.0,9.84,952.8,607.1,14,3.0,137.97,44.74
473.83,120.66,36.82,222.5,19.07,996.18,739.61,28,59.637,442.45,114.45
478.32,24.64,5.62,174.57,3.39,890.05,785.62,3,28.554,413.84,67.83
497.95,187.98,12.39,154.79,7.85,860.26,748.06,180,87.563,449.23,93.04
435.71,9.22,131.94,201.42,27.34,978.48,880.0,1,31.429,417.39,126.56
474.47,189.28,147.42,181.19,6.26,878.14,587.78,1,48.677,429.51,91.72
127.43,164.05,103.83,180.8,28.92,966.58,795.88,365,33.053,168.15,103.23
222.12,134.27,199.74,228.34,19.99,958.22,764.01,14,33.248,234.18,94.01
225.58,214.96,163.3,160.32,11.82,975.6,871.71,180,58.561,228.97,78.21
275.24,56.06,50.88,147.36,2.51,840.64,912.97,365,33.814,242.9,45.25
229.65,94.91,154.98,220.14,21.68,875.97,889.51,365,38.595,239.64,94.61
452.42,80.0,126.04,145.27,17.2,1138.9,753.89,7,50.925,420.19,107.93
392.3,208.47,48.34,231.42,13.43,831.64,576.68,7,46.946,370.5,97.17
194.63,94.1,182.56,204.14,8.55,883.01,754.75,14,30.662,189.36,58.62
354.71,29.26,0.19,164.67,0.51,1134.77,624.31,1,16.241,304.38,45.91
484.76,189.6,20.4,139.97,25.73,1107.45,723.37,3,52.786,466.89,136.57
179.78,203.12,171.72,186.89,22.6,992.58,904.48,365,47.361,206.64,99.17
331.25,44.12,37.14,143.25,16.76,1110.06,783.59,1,22.922,312.22,86.23
531.26,150.98,97.25,126.26,6.97,1011.8,799.42,7,63.036,475.24,95.63
243.14,27.95,7.24,180.06,11.54,981.55,870.16,90,19.128,227.24,60.28
465.78,23.41,63.1,219.38,0.39,990.29,590.11,180,55.277,399.44,61.04
469.05,83.69,134.95,230.35,23.21,869.6,844.12,365,84.629,444.38,125.56
443.65,90.55,15.26,180.5,10.8,1058.25,821.46,14,54.203,401.03,87.19
536.9,196.27,15.47,149.04,10.02,1100.61,679.91,14,65.112,486.44,103.82
399.02,47.35,33.68,159.72,16.76,1056.63,608.56,56,49.442,369.98,94.45
205.44,87.93,169.54,218.87,27.62,828.58,764.87,28,36.877,228.36,106.63
337.88,44.3,186.38,194.77,18.77,1001.04,623.13,90,58.161,324.05,98.02
271.66,143.34,71.61,221.62,3.69,1073.03,623.09,365,47.693,248.28,54.73
310.57,4.07,20.44,154.3,3.12,808.05,878.11,28,25.115,269.67,46.16
404.67,128.6,69.25,176.63,2.74,807.63,699.55,56,51.732,358.74,67.18
218.75,206.75,162.79,207.12,19.91,1127.51,904.55,1,25.111,235.52,97.01
499.7,194.48,71.76,188.94,18.62,1149.95,698.71,90,93.217,469.58,122.99
285.98,188.17,113.91,132.9,19.14,930.06,785.05,1,43.138,289.16,99.9
362.92,195.81,42.97,208.88,27.28,1014.63,763.57,56,57.884,366.69,127.17
314.41,87.54,186.48,208.18,23.85,1101.18,791.81,180,63.918,315.26,110.93
467.17,16.17,55.88,175.24,6.56,1040.3,829.38,3,33.385,409.84,75.82
162.29,168.55,149.17,157.54,9.16,1109.42,583.29,7,22.365,167.38,60.14
472.48,170.51,152.95,138.85,13.62,864.39,610.58,14,76.68,438.4,108.81
211.56,58.29,134.94,223.52,15.97,1087.97,626.31,56,27.092,212.16,74.79
355.94,126.17,2.9,191.91,12.0,1057.32,788.5,365,64.412,330.64,81.67
148.74,119.03,134.61,121.49,2.6,1009.89,767.0,56,33.707,141.61,38.05
509.42,8.23,6.63,165.52,27.17,1115.26,808.15,90,63.409,477.18,129.88
144.08,150.78,184.46,200.98,9.76,869.93,858.09,365,48.795,152.33,59.62
487.52,32.78,74.02,226.6,27.38,1132.21,689.68,3,40.066,461.98,132.22
245.62,77.66,159.01,130.61,0.02,1047.91,621.76,3,26.099,217.42,41.31
170.6,72.47,100.75,235.83,28.65,1103.26,831.07,56,19.363,197.95,101.21
149.33,177.8,146.56,212.93,9.39,918.08,922.65,56,31.588,157.34,59.71
322.61,163.98,135.2,206.36,14.57,1137.43,925.04,56,58.887,311.72,92.04
457.53,197.12,141.87,184.68,13.17,907.29,921.83,90,85.722,426.6,107.3
212.48,34.88,188.46,228.82,9.03,907.59,814.86,1,16.844,201.27,58.05
405.68,87.63,195.6,180.24,22.82,926.03,712.5,180,76.678,391.38,119.69
295.7,72.63,176.87,227.74,25.59,978.51,784.43,90,47.783,300.91,111.62
441.01,152.97,167.2,145.05,2.72,1083.59,694.77,56,69.672,393.26,77.11
336.15,136.15,139.62,216.77,25.52,1060.01,912.18,56,59.628,338.88,119.25
461.53,58.82,175.36,234.9,8.69,856.62,743.19,7,52.894,413.83,88.24
448.94,122.39,86.28,218.04,25.55,978.93,628.98,365,81.956,432.77,129.77
133.27,171.73,104.47,230.88,20.84,1114.26,590.75,90,17.994,160.74,84.3
394.84,144.79,6.9,128.74,14.66,1143.37,817.44,14,49.924,369.35,94.45
318.9,60.87,118.36,154.21,18.25,1108.22,825.14,7,39.46,306.9,92.9
155.13,219.15,73.51,186.45,8.75,975.88,863.56,28,25.931,162.66,58.76
370.5,137.36,193.46,131.39,22.82,1053.12,685.46,365,90.66,364.91,118.85
517.07,55.3,3.11,237.26,12.56,1100.53,802.08,180,63.355,463.53,97.44
346.36,217.1,33.52,216.59,17.48,895.63,890.0,365,70.316,338.24,101.79
215.68,33.64,180.49,209.33,3.39,968.98,713.21,56,35.081,194.72,43.93
420.62,177.21,194.67,194.23,2.54,867.15,628.27,28,63.609,377.89,77.01
189.53,50.06,46.97,121.54,26.33,1093.98,923.55,1,10.256,207.67,93.95
322.2,210.74,16.53,239.52,0.39,909.21,636.53,3,27.063,289.58,55.05
513.78,166.0,70.31,237.38,18.07,1055.45,599.2,1,49.281,478.65,121.26
146.82,23.64,69.46,219.76,28.75,830.8,648.47,1,3.0,173.84,93.93
482.59,158.09,105.14,192.29,24.8,986.81,686.61,90,81.882,463.05,135.18
170.04,201.59,10.4,138.26,0.84,1048.84,767.18,3,15.958,160.2,37.04
381.01,200.39,48.05,135.86,13.47,886.36,889.63,365,75.314,360.4,95.35
233.46,78.28,92.83,186.48,23.65,1070.85,666.74,28,30.648,243.62,96.33
276.57,104.62,47.93,168.48,17.67,838.42,742.05,180,47.685,271.63,86.6
364.57,85.76,56.15,238.36,13.27,1023.82,563.4,7,31.875,338.24,85.17
169.97,135.01,32.46,199.3,28.11,813.48,751.68,365,35.637,199.55,101.42
385.06,2.36,194.05,225.92,12.36,1131.89,940.21,7,38.152,351.13,85.03
491.62,112.21,47.68,156.61,6.76,973.72,801.65,180,79.97,437.5,85.65
458.41,35.22,15.85,127.5,22.52,1052.94,780.37,3,46.66,428.46,114.41
463.18,106.34,52.38,185.09,3.57,1054.58,761.81,365,72.932,407.9,74.03
231.04,193.86,180.88,127.83,26.97,1018.06,697.04,365,67.989,256.73,115.97
332.36,3.9,185.81,126.84,24.53,824.56,860.35,180,64.987,325.74,108.91
325.24,161.97,171.7,230.38,15.24,827.57,610.35,7,37.708,315.6,95.32
385.0,20.14,132.46,209.34,0.42,1075.27,706.21,3,25.779,331.98,53.95
483.98,37.28,145.81,130.52,26.29,934.24,939.9,3,55.009,458.97,132.25
283.14,169.22,32.79,137.29,13.57,897.3,700.47,28,43.108,274.88,81.06
319.5,161.73,183.05,237.79,23.64,1068.22,805.06,180,74.049,324.39,116.09
322.58,131.15,40.33,170.09,14.54,860.51,835.66,14,36.49,307.43,85.84
245.72,191.06,26.66,174.34,0.33,1135.19,551.31,7,26.279,223.29,44.75
176.79,142.54,51.11,124.33,4.41,850.22,711.31,180,28.068,168.32,44.25
527.2,63.1,18.73,125.74,14.14,1004.75,570.18,7,47.447,475.54,103.79
393.89,74.14,129.93,174.71,7.74,861.83,590.58,3,43.821,354.98,77.0
219.59,37.74,39.75,134.64,16.55,803.44,933.45,180,28.394,216.57,71.96
205.22,217.87,57.86,226.43,15.58,953.5,650.93,7,18.625,215.78,81.14
236.95,154.86,97.77,143.31,12.21,1045.5,874.39,1,25.693,233.74,73.72
520.5,91.32,148.82,187.44,5.4,917.63,857.35,90,79.245,460.43,88.3
394.21,94.67,62.28,156.09,8.25,1047.65,802.7,90,56.581,356.15,77.04
485.22,25.57,145.8,203.09,4.89,956.93,668.39,28,53.762,424.97,78.08
204.16,155.63,138.01,149.79,24.15,884.61,616.62,56,48.597,225.84,101.3
316.91,185.52,63.12,223.9,7.96,1114.83,608.45,56,52.643,296.36,73.44
391.96,159.24,7.94,157.59,18.82,845.53,673.33,1,37.973,374.59,105.55
357.48,145.06,131.67,140.82,5.51,1086.45,695.34,28,51.877,325.46,72.09
241.66,154.02,57.63,225.1,26.95,1096.53,861.62,7,21.956,260.47,109.46
527.7,2.02,20.43,161.05,19.31,1045.77,689.2,180,76.428,480.0,112.56
249.56,79.85,173.85,213.23,26.2,1026.08,750.44,90,48.151,263.11,107.99
245.91,168.65,53.04,181.21,1.27,1001.3,917.5,28,36.62,223.93,46.62
489.32,138.13,52.42,160.44,13.08,855.33,897.04,14,56.469,447.57,103.19
208.12,58.59,61.59,188.84,11.83,966.98,697.27,365,19.687,201.16,61.11
229.33,14.54,176.84,155.73,5.11,957.3,805.59,28,19.461,207.67,48.39
225.28,76.24,113.78,122.63,9.2,1141.19,723.14,28,39.682,213.82,59.93
464.13,178.81,198.76,213.54,0.62,846.07,886.95,3,47.153,411.99,77.71
167.81,127.51,93.05,217.49,0.11,1053.14,645.32,3,12.141,153.6,33.05
122.05,123.42,181.62,222.03,26.91,1068.45,600.01,365,34.319,159.07,97.83
263.49,160.33,196.44,149.14,25.47,1006.74,795.52,3,39.123,279.88,114.38
383.49,165.37,188.9,136.82,29.61,971.19,633.09,180,84.404,388.69,139.17
280.05,98.44,183.38,173.5,20.05,915.47,639.33,180,62.03,280.68,97.96
312.29,25.76,177.73,239.39,14.43,1107.88,919.92,28,38.475,293.89,82.46
481.87,214.69,44.46,127.17,16.28,829.72,741.57,365,95.0,451.55,115.32
441.13,130.0,91.44,228.71,12.93,809.77,829.94,1,37.875,406.57,98.01
194.9,9.77,189.55,169.58,26.63,1033.96,646.76,14,30.991,212.75,98.23
334.5,194.46,178.66,134.68,3.3,1127.28,945.3,365,83.077,306.79,69.16
491.93,122.9,89.82,166.94,2.08,1042.95,563.22,365,81.566,431.87,76.44
295.02,51.5,175.78,230.47,15.31,1066.48,724.5,365,47.81,282.38,84.31
302.13,169.62,70.95,151.11,28.31,1006.06,879.0,3,37.143,315.4,121.74
132.25,108.94,47.98,236.23,3.45,1104.21,552.73,14,3.0,126.51,34.03
184.32,197.1,171.26,230.71,3.92,973.28,901.8,7,25.039,180.16,52.56
159.86,76.24,19.49,148.46,10.95,1103.1,827.75,1,7.956,159.13,52.68
381.95,13.27,193.48,139.16,12.0,944.46,848.27,3,37.479,348.65,84.5
329.44,195.17,191.97,226.03,24.24,900.72,641.19,90,73.308,336.32,121.49
214.34,87.25,19.87,196.72,25.67,1112.85,804.41,365,20.592,229.76,96.79
398.53,197.95,121.95,233.38,28.31,861.89,666.14,56,67.707,400.35,137.34
204.24,180.08,80.37,150.79,17.85,827.04,681.29,90,42.754,216.38,84.96
348.02,190.58,152.4,164.15,26.52,994.24,687.21,365,86.947,354.64,127.51
164.38,42.08,68.87,191.34,7.35,1136.12,947.01,180,14.582,155.8,43.79
267.23,206.87,184.21,215.28,11.3,862.66,623.87,180,65.28,263.39,82.16
331.78,127.94,82.8,230.66,15.16,1007.88,825.33,56,49.282,316.89,89.99
528.56,32.53,46.26,142.73,15.95,1087.63,592.51,28,60.704,478.0,107.43
247.62,137.94,28.39,223.73,21.25,880.08,729.75,180,38.108,254.7,93.63
151.83,29.19,24.93,144.93,14.59,990.97,686.63,7,3.0,154.95,57.75
203.58,24.31,36.54,224.94,9.67,1119.71,787.8,3,3.0,190.95,51.77
233.44,77.92,162.42,129.87,28.65,842.8,641.62,3,23.962,252.97,111.59
343.37,83.71,158.51,227.78,13.17,1069.41,595.92,28,50.208,321.97,86.34
243.76,117.53,162.03,148.88,24.29,812.05,566.12,1,24.743,257.52,104.68
193.52,199.65,165.41,209.34,20.37,821.57,754.95,28,43.665,214.37,94.75
400.02,215.24,153.38,146.44,11.21,930.81,720.69,90,82.257,376.08,97.22
194.04,23.28,85.27,142.97,4.93,1144.65,872.09,180,23.198,176.15,40.65
341.3,193.1,29.43,178.76,29.71,840.31,890.58,56,60.951,351.74,129.92
386.55,41.28,43.24,160.11,13.32,1148.41,787.01,14,38.004,353.63,84.3
209.53,41.93,154.63,128.03,3.53,1006.63,551.66,56,35.837,189.78,43.09
344.64,218.48,176.95,230.46,28.58,981.45,798.53,56,67.173,357.51,135.19
504.02,98.72,165.59,190.11,27.96,1108.01,932.02,28,73.654,483.38,143.92
320.13,106.01,153.57,215.05,20.27,843.26,743.31,3,32.26,315.03,102.64
140.68,168.52,116.46,148.74,19.54,994.24,896.97,3,19.242,164.98,82.2
123.48,16.02,178.1,146.9,24.68,1101.05,922.86,365,22.617,149.13,84.77
233.89,60.78,141.5,135.88,1.84,942.11,730.37,1,21.406,208.83,42.58
446.43,171.39,97.47,160.79,3.36,988.7,596.19,3,43.134,398.79,77.87
