alloy_family,carbon_pct,chromium_pct,nickel_pct,austenitize_temp_c,tempering_temp_c,hold_time_h,cooling_rate_c_per_s,hardness_hv,charpy_j
martensitic_stainless,0.7051,3.7833,1.1965,843.49,201.66,2.121,7.3633,550.22,70.238
low_alloy_steel,0.5289,1.7879,1.2778,783.59,296.33,3.356,0.3477,278.323,106.235
martensitic_stainless,0.2389,3.3296,0.1551,909.34,592.99,0.693,151.3921,340.938,110.73
spring_steel,0.9291,1.0854,1.3317,975.75,285.53,3.554,26.8556,518.514,70.868
low_alloy_steel,0.9343,1.8582,1.7476,827.89,609.25,0.2,2.8158,256.523,122.372
bearing_steel,0.7008,1.7853,1.3362,932.99,472.73,2.588,3.3824,391.972,84.729
low_alloy_steel,1.0327,1.1639,1.418,923.56,446.84,1.157,6.5458,392.299,91.977
bearing_steel,0.6352,0.5711,1.3791,912.37,304.4,0.329,15.6826,381.415,92.888
low_alloy_steel,0.961,1.6604,1.92,806.59,412.81,2.946,3.6958,388.275,101.674
martensitic_stainless,0.7657,3.7252,2.3529,827.48,560.39,2.053,2.9778,390.829,100.307
martensitic_stainless,0.3429,3.5692,2.4349,806.93,357.23,1.732,50.0592,522.2,91.485
bearing_steel,0.6134,0.9925,1.0245,837.94,256.03,0.269,32.012,461.574,74.276
martensitic_stainless,0.9468,2.8803,1.75,866.2,598.94,0.791,0.1297,426.673,106.686
low_alloy_steel,0.7285,0.2429,1.0935,806.37,574.92,3.381,7.8277,211.596,122.32
spring_steel,0.282,0.6992,0.0456,850.33,482.18,0.731,7.5554,209.197,117.639
spring_steel,0.7237,0.2225,1.4854,906.75,383.72,3.77,0.9565,320.087,93.879
spring_steel,0.214,0.9672,1.9688,965.16,480.12,3.737,108.9414,344.174,106.676
martensitic_stainless,0.3241,3.3642,1.0623,975.8,312.51,1.496,87.6524,532.192,73.133
martensitic_stainless,0.2359,3.2043,1.3426,974.39,306.79,1.33,0.1125,429.405,81.904
bearing_steel,0.8729,1.2744,0.0653,867.88,252.34,0.575,0.6169,440.684,64.359
bearing_steel,0.7293,1.8274,1.9859,821.33,220.52,2.979,3.3114,466.99,82.078
spring_steel,0.2491,1.9084,1.3121,907.9,521.38,0.836,47.2836,280.249,127.805
spring_steel,0.7269,1.2432,1.6325,937.85,337.11,0.215,1.0052,400.437,93.687
bearing_steel,0.4758,0.4303,0.4203,776.24,646.56,3.472,26.824,223.924,125.306
low_alloy_steel,0.8691,0.3188,0.6771,847.8,418.67,2.789,6.9399,329.803,89.037
low_alloy_steel,0.7872,1.5215,1.693,815.04,604.36,2.336,19.208,266.444,124.63
spring_steel,0.8786,0.1681,0.7225,830.09,612.03,1.551,0.5611,262.251,132.68
bearing_steel,0.2657,1.7982,1.5986,886.42,166.31,2.108,1.1389,405.247,95.27
spring_steel,1.0338,1.2858,0.4387,905.25,352.49,3.949,87.596,555.107,60.899
bearing_steel,0.5523,0.5942,0.807,808.97,218.28,3.187,1.0891,377.971,79.155
martensitic_stainless,0.2267,2.2604,1.6712,810.32,476.73,0.612,1.556,304.763,115.677
martensitic_stainless,0.5072,2.8043,2.0469,880.0,172.8,3.441,0.4464,481.048,62.83
martensitic_stainless,0.2506,3.8532,1.3589,810.47,589.05,1.161,39.3698,330.348,112.879
martensitic_stainless,0.4623,2.2453,1.5342,842.73,562.09,0.828,0.9561,266.572,127.787
martensitic_stainless,0.5609,2.7614,1.0201,794.87,273.43,1.55,4.6815,504.961,85.793
martensitic_stainless,0.2459,3.989,0.5493,799.77,209.36,0.789,10.0371,515.24,51.205
bearing_steel,0.8977,1.1184,0.7161,880.89,271.56,3.343,2.2041,492.866,67.444
martensitic_stainless,0.5967,2.9782,0.5246,964.9,625.77,0.278,8.0774,370.675,97.632
low_alloy_steel,0.548,1.4462,2.2102,808.07,390.24,3.318,0.2892,250.663,134.087
spring_steel,0.1962,0.8238,1.3227,931.86,584.26,2.572,64.303,261.728,111.671
martensitic_stainless,0.6788,2.3009,0.0015,921.38,626.07,2.791,1.7086,343.564,101.291
martensitic_stainless,0.2804,3.0762,1.6856,969.72,535.14,3.128,5.3866,355.441,97.649
martensitic_stainless,0.5335,2.2301,1.4399,942.51,611.88,0.42,0.8681,330.401,109.07
bearing_steel,0.5826,1.1727,2.1976,836.62,466.17,0.866,0.1755,280.202,107.02
spring_steel,0.5855,0.8857,0.3469,861.17,208.96,2.078,145.3448,469.131,61.543
bearing_steel,0.4836,0.6969,0.2722,930.77,374.63,3.137,63.0387,428.468,83.558
martensitic_stainless,0.6536,2.315,0.1577,972.15,246.42,1.638,155.2032,585.826,60.674
martensitic_stainless,0.8302,2.3385,1.6918,788.81,346.72,1.766,0.91,474.451,77.64
martensitic_stainless,1.0024,2.6052,0.2349,857.39,174.37,1.69,2.7591,599.347,40.258
spring_steel,0.7425,1.4956,1.7023,865.46,512.71,2.33,48.8537,384.76,101.576
bearing_steel,0.4551,0.8921,2.2735,924.8,506.64,2.51,114.067,377.905,114.636
spring_steel,0.8679,1.6875,0.3003,812.59,418.64,1.174,0.1026,316.719,109.394
spring_steel,0.4519,0.4641,0.8067,970.62,218.95,1.142,79.5467,447.049,77.414
low_alloy_steel,0.7113,0.4301,1.4158,783.5,305.35,3.925,8.1872,339.592,105.086
martensitic_stainless,0.6626,3.2225,0.4435,778.3,381.19,2.267,0.9581,433.557,83.61
martensitic_stainless,0.7972,3.4221,2.308,958.65,433.36,0.484,124.6681,607.406,83.248
spring_steel,0.5441,0.7934,0.9822,793.12,262.08,3.305,0.1068,312.161,96.656
bearing_steel,0.7758,0.7865,1.2961,913.73,180.55,3.209,7.2931,495.38,66.388
bearing_steel,0.8645,1.4134,0.671,792.58,479.22,2.382,18.4505,417.576,89.028
bearing_steel,0.9288,1.936,0.551,881.33,261.92,1.858,30.6207,550.329,68.72
spring_steel,0.3391,0.3641,2.0616,897.35,240.94,0.773,0.3371,305.173,104.56
spring_steel,0.6121,1.2636,0.4548,901.19,286.25,2.144,0.4272,357.111,89.537
low_alloy_steel,0.6977,1.6137,2.0564,956.45,398.42,1.876,129.952,458.199,84.859
bearing_steel,0.2004,1.6841,1.5566,894.94,614.23,3.22,38.9548,248.228,116.324
low_alloy_steel,0.4238,0.5142,2.0053,861.28,314.61,3.529,42.1888,329.202,98.321
martensitic_stainless,0.6081,3.337,1.627,861.18,490.22,2.454,1.3361,412.188,106.548
bearing_steel,0.4759,1.1824,2.4404,896.59,475.17,3.308,26.7882,331.526,110.956
bearing_steel,0.2882,1.7098,0.6302,829.28,459.91,2.511,0.5526,238.208,108.062
low_alloy_steel,0.6892,0.7705,1.7952,919.95,252.08,3.072,55.477,447.387,92.209
martensitic_stainless,0.589,2.9445,0.1135,859.41,378.69,1.172,0.1043,455.965,94.316
spring_steel,0.7662,0.7463,0.8988,805.55,210.75,1.142,0.1113,356.62,92.313
bearing_steel,0.245,1.5857,2.4694,960.38,160.14,0.269,0.1657,395.652,83.327
low_alloy_steel,0.7077,1.1375,1.3849,943.76,504.98,3.754,0.3266,250.33,123.468
spring_steel,0.6602,1.7994,0.9651,925.85,608.49,3.855,55.3182,349.454,104.103
bearing_steel,0.3155,0.2897,0.5786,767.6,625.89,2.848,9.0921,150.832,149.342
martensitic_stainless,0.3783,3.6742,0.5462,832.83,393.24,3.745,2.9674,403.963,89.284
low_alloy_steel,0.433,0.9158,2.0196,798.07,350.81,0.439,0.7503,244.904,136.091
spring_steel,1.0136,0.5451,1.6939,842.83,313.29,2.861,1.5443,446.031,75.535
martensitic_stainless,0.508,3.9817,2.2542,969.97,556.99,3.036,4.9883,443.452,92.644
spring_steel,0.183,0.6974,2.2362,855.6,472.3,1.531,5.0308,214.637,137.691
martensitic_stainless,0.8729,3.9181,0.6088,897.84,641.77,1.779,1.4163,456.192,84.259
low_alloy_steel,0.8318,0.1308,1.6247,927.75,160.06,3.106,1.1012,409.048,83.512
spring_steel,0.9421,0.1501,2.4391,814.19,470.28,2.956,0.2591,310.186,125.011
bearing_steel,0.926,0.169,0.1473,869.69,491.33,3.298,0.7799,301.888,88.817
bearing_steel,0.6945,1.8617,0.4917,812.31,208.63,1.562,26.6754,478.571,74.147
low_alloy_steel,0.7841,1.3699,0.2939,922.25,162.5,3.418,1.5317,469.422,59.597
bearing_steel,0.66,0.8948,2.3901,881.2,649.09,1.409,0.205,215.418,151.188
martensitic_stainless,0.5981,3.3616,1.5254,792.31,408.86,3.177,5.6164,426.865,95.806
bearing_steel,0.7253,0.8991,1.9104,899.89,387.37,3.333,16.7843,411.779,92.175
low_alloy_steel,0.9367,0.1863,0.8294,875.61,246.55,2.5,14.5235,443.962,75.583
martensitic_stainless,1.006,2.2752,0.8612,904.1,300.94,0.773,1.1282,540.944,66.153
spring_steel,0.6274,1.3642,0.1656,788.92,365.66,3.113,3.1077,307.69,98.189
martensitic_stainless,0.5367,2.5682,1.2509,803.47,201.63,2.317,0.5772,483.238,81.891
bearing_steel,0.9822,1.8203,0.8871,910.27,536.67,0.951,3.3733,401.441,82.589
martensitic_stainless,0.9778,3.736,1.8001,923.94,196.96,1.246,8.6359,722.623,45.753
bearing_steel,0.1819,0.5907,1.3501,808.97,448.29,2.207,3.2029,219.627,117.09
spring_steel,0.9782,0.7139,0.3356,946.59,298.93,0.258,2.3843,410.378,83.584
martensitic_stainless,0.2396,3.2966,0.7634,967.86,389.55,3.983,0.4909,389.836,82.779
martensitic_stainless,0.5919,2.4254,1.5819,962.93,417.13,1.693,5.5578,494.913,73.935
bearing_steel,0.6791,0.4598,1.2273,976.56,201.51,1.585,14.3148,509.82,66.359
spring_steel,0.1774,0.4291,2.4073,894.68,486.83,2.323,4.4485,222.269,129.274
low_alloy_steel,0.5394,1.1656,0.7647,935.21,589.09,1.758,88.8646,271.054,105.178
bearing_steel,0.9135,0.2517,0.1358,867.47,574.06,0.205,1.9577,291.428,108.161
martensitic_stainless,0.5654,2.2595,1.3609,877.04,414.23,1.213,66.3018,484.12,82.329
spring_steel,0.8096,1.4805,0.8634,778.8,304.35,2.263,39.961,474.899,88.135
spring_steel,0.2853,1.7199,1.1104,899.14,271.75,2.694,70.5606,407.061,84.409
low_alloy_steel,0.6989,1.9415,1.3519,897.21,190.08,3.209,3.0312,443.337,60.796
bearing_steel,0.6933,1.9479,0.1842,883.65,365.02,1.795,6.0202,418.134,76.482
spring_steel,0.6375,1.7348,0.8449,832.49,423.13,3.472,0.234,323.67,97.797
low_alloy_steel,1.0313,1.8988,1.1599,931.41,357.54,3.64,0.572,405.086,81.207
bearing_steel,0.9778,1.8425,0.6384,973.98,367.77,3.728,1.9464,474.871,79.038
spring_steel,0.6302,0.3476,1.0692,815.48,417.84,1.816,8.2689,317.668,108.791
martensitic_stainless,0.8082,3.2059,2.4825,918.61,427.47,0.515,3.9669,520.955,87.028
bearing_steel,0.3805,1.3626,1.9139,763.75,311.64,1.458,9.1689,374.997,90.094
bearing_steel,0.2922,0.9683,0.4526,885.49,514.16,0.844,5.4001,240.712,124.172
spring_steel,0.5514,1.5853,1.5325,781.18,622.97,1.868,0.151,166.972,150.308
spring_steel,0.1535,1.5903,0.9572,903.09,446.89,3.83,0.2305,198.815,116.882
martensitic_stainless,0.3345,3.3803,1.2957,903.17,550.92,1.006,20.8729,383.929,109.067
bearing_steel,0.9044,0.5457,1.186,922.38,487.27,0.548,66.4767,462.413,93.418
low_alloy_steel,0.9046,0.4468,2.0872,912.7,310.42,1.067,0.4375,327.115,108.186
spring_steel,0.7785,0.3703,1.5215,886.96,503.27,2.068,87.4793,409.11,96.264
spring_steel,0.9343,1.6288,1.3933,801.31,531.26,1.58,0.4407,342.756,108.104
low_alloy_steel,0.6085,0.3085,0.1684,965.44,418.17,2.075,89.5865,341.631,81.85
bearing_steel,1.0,1.6771,2.4325,960.58,287.86,3.203,1.5388,532.523,82.608
spring_steel,0.6623,1.4166,0.3392,960.32,430.56,1.955,83.4076,405.903,85.935
bearing_steel,0.8106,0.4472,0.0523,975.84,491.95,2.197,0.9388,356.532,97.449
low_alloy_steel,0.8634,1.1504,0.8115,965.46,438.51,1.686,0.9748,341.835,93.505
bearing_steel,0.5604,1.6051,1.0333,866.11,222.6,2.542,0.1606,348.086,91.082
spring_steel,0.4838,0.3646,1.5454,809.73,618.31,0.443,7.6251,197.676,119.454
martensitic_stainless,0.3423,3.1717,2.1431,858.79,214.8,1.691,0.2099,453.592,77.096
martensitic_stainless,0.4171,2.1874,1.375,974.85,363.32,1.547,6.7731,452.54,85.279
bearing_steel,0.399,1.2859,2.3586,879.98,368.83,2.528,65.7689,393.019,96.156
martensitic_stainless,0.5459,3.6044,0.9637,770.53,412.67,3.811,4.9347,431.491,89.052
spring_steel,0.5595,0.12,2.4237,778.31,202.55,3.949,9.5967,394.801,84.014
martensitic_stainless,0.4594,3.4454,1.8691,775.7,640.91,2.55,34.8633,376.973,116.401
low_alloy_steel,1.0355,1.1695,1.0253,916.62,627.4,2.988,27.3437,336.658,106.604
low_alloy_steel,0.749,0.1732,1.7047,828.93,400.88,1.425,18.8339,315.637,109.575
spring_steel,0.5634,0.479,0.9293,975.56,267.54,3.322,0.3189,363.516,92.256
bearing_steel,0.8808,0.5138,1.0495,852.82,302.17,1.479,6.0441,406.787,83.281
spring_steel,0.1739,0.2443,0.5731,944.1,381.58,3.18,0.7919,218.107,108.057
bearing_steel,0.2538,0.381,0.6771,885.68,508.25,0.55,0.4913,133.527,126.213
spring_steel,0.6361,1.329,0.0474,845.97,432.45,0.369,0.2067,287.734,91.391
bearing_steel,0.5301,0.4778,0.9869,891.53,258.81,3.456,8.4416,418.031,74.459
martensitic_stainless,0.7856,2.5671,1.9255,976.19,337.81,2.584,57.9962,592.104,72.857
low_alloy_steel,0.3809,0.4337,2.2003,962.67,174.29,0.639,0.2057,335.751,89.582
spring_steel,0.466,1.5648,1.2908,888.72,526.75,2.679,64.0209,342.91,121.12
low_alloy_steel,0.4638,0.1749,0.4626,789.84,626.73,1.582,0.157,120.0,125.113
martensitic_stainless,0.8956,3.3952,2.4254,961.31,383.29,2.573,0.4827,521.242,79.968
martensitic_stainless,0.9011,3.2067,2.1374,954.35,207.55,1.857,0.5082,617.41,65.801
low_alloy_steel,0.9194,0.5998,1.0868,929.27,192.77,2.624,0.1529,393.551,76.925
low_alloy_steel,0.7796,1.0444,0.8338,850.61,417.4,3.494,20.7471,342.023,94.466
spring_steel,0.9301,1.6005,0.4342,856.34,429.31,1.551,0.1684,349.289,88.272
bearing_steel,0.8682,1.1096,1.1793,777.99,283.83,3.732,4.8027,462.073,71.523
low_alloy_steel,0.5,1.452,0.3261,855.86,506.98,3.391,2.5082,206.772,107.281
low_alloy_steel,0.9677,0.2529,2.0136,852.73,280.34,3.071,0.8265,380.745,81.105
low_alloy_steel,0.9676,0.2015,1.4314,833.26,192.5,3.956,7.2077,424.253,88.071
martensitic_stainless,0.2389,2.7331,1.3835,801.69,347.16,3.615,13.082,429.527,83.446
spring_steel,0.869,1.9895,0.2271,941.13,495.43,3.431,88.8423,441.486,90.099
bearing_steel,0.4678,1.9622,1.5349,917.59,517.19,2.425,0.4239,298.715,120.276
martensitic_stainless,0.8356,2.425,1.6912,884.51,341.73,3.624,0.3684,508.746,73.149
bearing_steel,0.1868,0.6203,0.4314,959.68,292.08,0.37,0.2369,246.782,96.395
spring_steel,0.5332,1.7046,0.2724,825.26,196.24,3.536,0.1858,337.984,81.293
low_alloy_steel,0.4477,1.8658,0.9674,928.42,505.8,0.502,2.5833,265.4,105.863
bearing_steel,0.4911,1.7221,1.968,847.68,167.52,2.052,3.9529,420.522,75.441
bearing_steel,0.8135,1.9302,1.6087,979.23,367.23,1.462,4.1947,457.112,81.805
martensitic_stainless,1.0298,2.1903,1.0028,960.73,422.71,1.186,113.6392,589.332,63.06
spring_steel,1.0126,0.1015,1.6642,765.82,564.24,2.92,9.2733,331.629,113.705
martensitic_stainless,1.0429,3.3771,2.3333,903.82,582.39,2.605,104.3441,566.16,82.48
low_alloy_steel,0.3225,0.7452,2.1351,919.77,482.93,2.987,1.3551,212.327,138.965
low_alloy_steel,0.7431,1.1386,0.4354,963.46,385.88,2.858,115.449,401.069,72.232
bearing_steel,0.625,0.4364,1.1999,862.29,411.66,2.586,0.2111,278.558,106.437
low_alloy_steel,0.784,1.0159,1.5747,912.66,525.43,3.408,52.1677,349.862,113.723
low_alloy_steel,0.4168,1.0787,1.2613,881.31,208.35,2.068,4.7668,353.299,92.404
bearing_steel,0.9877,1.6873,2.4024,926.92,378.25,2.493,21.2353,541.264,83.721
martensitic_stainless,0.2203,3.77,2.3181,803.35,566.24,2.197,2.7613,309.337,124.795
low_alloy_steel,0.1752,0.1579,0.5609,789.04,533.43,2.768,18.1664,120.0,133.42
low_alloy_steel,0.2968,1.2799,1.0537,974.58,616.94,1.573,22.2623,214.064,116.868
spring_steel,0.3923,1.9968,2.2921,873.18,555.49,3.604,111.9431,346.898,130.621
bearing_steel,0.8055,1.0065,1.8441,903.19,348.63,0.427,0.1224,391.075,102.153
spring_steel,0.5397,1.6449,0.4334,816.66,291.15,1.623,1.9122,342.454,94.844
spring_steel,0.3219,0.1217,0.3379,854.87,292.4,3.804,9.9232,337.862,93.944
spring_steel,0.7386,0.9511,0.0537,805.39,638.07,1.843,4.5795,226.383,114.301
bearing_steel,0.4763,1.3929,2.2654,930.71,420.98,3.094,146.7627,418.981,87.745
spring_steel,0.9057,0.2461,2.1509,951.5,603.25,2.205,0.3281,287.848,111.575
spring_steel,0.6134,1.9813,0.7355,877.33,514.81,0.943,1.8806,261.61,114.635
low_alloy_steel,0.3894,1.096,2.4515,947.56,585.15,2.287,0.2797,160.058,157.191
bearing_steel,1.0137,0.4995,0.9669,927.26,582.08,3.319,1.0857,359.249,90.739
bearing_steel,1.0122,1.9972,1.5725,887.29,620.05,0.643,10.4204,400.18,89.506
spring_steel,0.7179,1.7039,0.5365,913.11,347.75,1.616,0.6841,378.225,72.902
spring_steel,0.5706,1.0654,1.5564,862.13,557.84,0.254,47.9666,368.361,97.386
martensitic_stainless,0.3934,3.0393,1.9493,799.23,288.34,1.512,10.5837,496.195,85.612
spring_steel,0.4006,0.5339,0.3353,944.43,397.9,3.677,0.1241,257.391,121.605
low_alloy_steel,0.6461,1.6197,0.224,826.19,248.78,0.206,25.6341,409.476,83.777
low_alloy_steel,0.8054,0.4431,2.3689,882.77,217.8,3.975,0.3038,374.89,82.121
martensitic_stainless,0.4699,2.5528,1.0244,861.33,389.59,0.376,0.3205,375.541,97.366
spring_steel,0.5825,1.5455,2.2456,848.68,529.07,0.479,0.2879,240.959,124.647
martensitic_stainless,0.5891,2.5776,1.2511,942.89,175.31,3.47,37.4853,574.187,59.55
martensitic_stainless,0.4528,3.6723,2.3783,854.23,220.57,3.12,0.869,480.784,77.617
martensitic_stainless,0.6715,3.9571,0.6925,887.27,517.41,2.942,0.1727,396.141,89.833
low_alloy_steel,0.1839,0.2564,0.7439,783.38,355.25,1.073,19.3384,170.959,119.127
spring_steel,0.6169,1.9391,1.8063,771.65,303.77,3.364,1.6354,386.639,97.529
spring_steel,0.2095,1.4712,2.3407,868.16,557.5,2.914,144.8144,271.472,117.825
bearing_steel,0.435,0.1086,2.4184,956.29,564.23,2.261,8.3635,283.036,116.988
spring_steel,0.4186,1.3256,1.8697,760.93,626.6,1.485,23.9397,222.575,119.649
low_alloy_steel,0.7375,1.7274,2.4724,902.84,179.74,2.304,2.2705,409.778,67.087
low_alloy_steel,0.6359,0.8624,0.5755,955.36,531.78,3.713,74.1798,347.948,100.137
spring_steel,0.6181,1.8804,0.7215,926.78,351.06,0.652,15.0564,403.219,82.628
bearing_steel,0.3109,1.497,0.1062,865.74,288.92,2.125,7.1983,365.196,82.63
martensitic_stainless,0.7851,3.853,0.2301,954.17,388.13,3.063,11.0076,548.393,63.463
low_alloy_steel,0.8436,1.6697,2.3319,965.4,443.05,0.428,22.3562,390.488,89.448
spring_steel,1.0421,0.1875,1.7377,900.07,628.12,2.684,39.594,373.981,114.83
spring_steel,0.7545,1.6877,0.6359,878.25,331.75,0.889,1.7541,394.882,98.47
bearing_steel,0.8949,1.8694,0.5615,817.15,363.1,1.419,2.0261,441.464,93.023
low_alloy_steel,0.8151,0.4366,1.5995,773.53,219.53,0.644,124.7592,480.098,67.112
bearing_steel,0.7987,0.9721,2.2769,862.75,293.08,2.291,0.1279,424.6,92.107
spring_steel,0.6496,0.6702,2.041,918.75,223.34,3.768,0.19,402.918,81.598
spring_steel,0.892,0.2405,0.021,857.6,252.59,2.138,7.9929,432.025,68.557
bearing_steel,0.9912,1.5043,1.1154,928.56,299.66,2.462,65.2508,552.783,74.521
martensitic_stainless,0.5081,3.0921,1.5839,878.87,329.44,2.748,19.8984,513.52,76.532
low_alloy_steel,0.6966,1.4517,1.8199,843.26,182.77,1.472,91.0825,432.172,68.826
low_alloy_steel,0.8954,1.5967,0.9305,927.6,247.46,0.31,86.2225,498.568,69.726
bearing_steel,1.0364,1.6446,1.973,958.76,634.36,0.674,2.2887,403.766,99.142
bearing_steel,0.3516,1.0086,0.9351,890.89,412.01,0.679,2.706,266.77,118.382
martensitic_stainless,0.5448,3.8817,1.8499,922.36,531.49,2.1,8.3108,428.553,99.502
low_alloy_steel,0.8225,0.1987,2.4728,917.18,520.43,1.533,6.3431,275.678,131.276
low_alloy_steel,0.9856,1.65,1.5085,947.19,348.51,1.745,0.4403,403.295,85.57
martensitic_stainless,0.5284,3.9236,2.4103,945.19,372.66,3.865,0.1392,485.072,93.727
martensitic_stainless,0.7158,3.5934,0.0723,776.21,603.05,0.487,0.7956,339.587,89.36
martensitic_stainless,0.3302,3.2445,1.7191,845.64,555.94,3.7,22.3957,400.275,102.809
martensitic_stainless,0.4583,2.6736,1.0563,867.55,455.08,1.096,0.2012,370.409,102.415
martensitic_stainless,0.3584,3.633,0.9353,922.93,360.62,2.302,1.3602,414.062,93.892
low_alloy_steel,0.2703,0.5603,2.2367,959.79,191.59,0.562,49.0824,379.42,90.315
spring_steel,0.3204,0.7698,0.7146,885.2,344.33,0.316,8.9056,293.773,102.356
low_alloy_steel,0.9523,1.634,2.0462,778.97,271.36,0.718,5.4518,446.849,75.794
bearing_steel,0.8342,0.1554,0.8094,879.56,459.06,0.467,1.7603,363.603,93.204
low_alloy_steel,0.3687,1.4658,1.2415,850.58,568.55,0.32,0.8329,120.0,153.789
spring_steel,0.1935,0.43,1.771,954.83,562.24,0.47,45.1531,240.027,119.616
spring_steel,0.3366,1.7555,2.3133,811.9,466.11,1.809,0.1361,229.16,128.872
bearing_steel,0.2489,1.6512,1.4079,809.77,444.22,2.726,0.4598,217.133,129.206
spring_steel,0.5078,0.8716,1.4753,959.88,476.89,1.941,12.3911,336.793,113.925
spring_steel,0.5013,0.4983,1.5261,873.73,197.48,2.467,61.2477,427.708,89.164
low_alloy_steel,0.2909,1.9275,1.6943,852.15,376.45,3.142,3.2805,251.531,104.218
martensitic_stainless,0.1698,2.8818,1.2176,943.78,582.48,0.55,0.2079,259.013,139.234
martensitic_stainless,0.5019,2.6866,0.4031,943.15,364.58,0.575,6.3515,469.675,69.453
bearing_steel,0.2806,0.4824,1.6305,929.83,293.24,2.555,45.845,399.699,96.613
spring_steel,0.6197,1.9293,0.8187,928.44,191.93,1.471,7.3294,443.558,76.893
bearing_steel,0.2125,0.2027,1.4079,821.89,369.88,1.671,11.6975,261.138,107.019
bearing_steel,0.3889,1.5127,0.4692,852.59,582.85,1.273,1.4458,205.583,109.5
low_alloy_steel,0.2222,0.6334,0.0948,850.79,632.16,2.605,0.5984,120.0,132.341
low_alloy_steel,0.8748,0.1834,1.0648,783.78,251.3,2.059,0.4251,337.668,87.42
low_alloy_steel,0.368,0.3049,1.3743,938.47,452.31,2.783,0.3022,207.643,129.298
martensitic_stainless,1.0183,3.0653,2.1877,886.65,322.4,3.97,10.3221,631.992,63.039
martensitic_stainless,0.6954,2.7981,0.5234,782.75,210.46,0.597,7.2995,538.4,71.64
martensitic_stainless,1.0245,3.0845,0.2419,930.7,447.73,3.883,32.7978,575.69,76.551
spring_steel,0.757,0.8594,0.9072,845.83,565.57,2.947,75.6254,344.649,110.563
low_alloy_steel,0.2333,0.1262,0.3603,944.69,184.6,2.829,4.2027,311.887,101.748
martensitic_stainless,0.4931,2.9406,0.1414,974.16,372.88,2.715,74.3983,527.306,54.896
bearing_steel,0.8702,0.7728,1.2415,946.24,553.89,1.012,0.2412,327.745,122.533
spring_steel,0.8952,1.7572,1.7606,903.52,244.3,2.961,13.451,513.731,74.118
martensitic_stainless,0.6554,3.3412,2.3858,953.13,336.63,1.53,2.2406,508.444,73.45
spring_steel,0.293,1.9846,2.4147,782.32,273.18,3.731,3.4321,336.623,102.816
spring_steel,0.3657,1.375,1.4428,901.47,168.67,0.295,117.5221,463.469,75.349
low_alloy_steel,0.9828,1.4093,1.7959,850.21,192.39,0.272,157.1987,546.518,52.405
martensitic_stainless,0.4065,2.5137,0.2695,869.54,265.97,2.438,0.1845,429.546,84.769
low_alloy_steel,0.4438,0.5122,1.0923,961.04,161.34,1.149,2.5688,396.589,95.833
spring_steel,0.9238,0.8564,1.9761,861.33,308.47,1.651,77.2017,493.114,83.503
low_alloy_steel,0.4291,1.4201,2.2221,872.41,340.85,3.611,73.3483,367.219,96.351
spring_steel,0.2516,1.3789,0.4391,925.06,406.56,1.18,0.1046,210.659,115.799
martensitic_stainless,0.3035,3.7457,0.1186,781.91,186.9,2.892,14.4903,458.058,58.079
martensitic_stainless,0.502,2.4605,1.0859,803.75,290.77,1.39,3.5314,428.247,85.19
bearing_steel,0.3161,1.1054,2.1762,840.69,269.86,0.899,11.5223,381.712,96.336
martensitic_stainless,0.4689,3.8669,1.5717,771.39,181.05,3.079,56.6493,561.717,61.066
bearing_steel,0.4551,0.5477,2.4212,880.33,236.77,1.472,2.6591,398.961,90.585
bearing_steel,0.4188,1.4731,2.325,855.71,475.6,2.189,1.5785,282.764,98.158
low_alloy_steel,0.5955,0.8205,2.2148,942.49,399.1,1.189,19.5288,332.271,107.931
low_alloy_steel,0.675,0.1396,2.4664,979.8,329.6,3.844,0.1396,335.974,116.429
spring_steel,1.0259,1.4303,2.4914,941.48,399.38,1.511,0.5177,414.483,83.749
low_alloy_steel,0.6746,0.1338,0.1857,900.78,412.16,1.456,69.1521,337.222,94.765
low_alloy_steel,0.7911,0.8307,2.1024,970.07,533.19,2.036,1.8702,292.105,111.815
bearing_steel,0.9144,0.1362,0.4284,770.42,326.3,1.917,12.5524,410.07,72.564
bearing_steel,0.2044,1.0664,2.1982,847.94,156.81,2.114,4.287,390.066,78.489
low_alloy_steel,0.8963,0.5362,1.5666,930.41,371.35,1.58,34.7818,411.201,88.153
bearing_steel,0.5797,0.5528,0.6694,765.53,400.8,2.832,0.4998,259.582,99.929
martensitic_stainless,0.2813,2.6197,1.8569,964.17,464.3,1.119,28.8942,434.279,94.612
low_alloy_steel,0.2974,1.0966,1.7088,897.3,189.24,3.951,1.4513,301.124,100.667
spring_steel,0.4159,1.5262,2.0135,883.73,385.81,1.646,78.5081,386.472,92.51
low_alloy_steel,0.9109,1.2572,0.8918,867.65,150.4,2.28,23.8589,542.706,45.616
martensitic_stainless,0.7591,2.7196,0.6808,944.92,592.12,1.416,12.1331,450.758,99.92
bearing_steel,0.6778,1.1761,1.6125,837.68,275.42,2.838,0.6368,400.741,89.537
spring_steel,0.337,1.5767,2.2227,900.03,625.09,3.467,35.8058,267.151,133.897
low_alloy_steel,0.371,0.5492,0.7769,899.26,270.84,1.864,2.4055,259.247,106.7
spring_steel,0.5163,1.0812,1.7327,840.56,564.29,3.89,7.9721,228.936,133.807
low_alloy_steel,0.6595,1.5078,0.7781,808.64,419.11,2.421,1.2293,261.16,103.918
low_alloy_steel,0.6551,1.0171,1.3877,805.32,497.64,1.909,6.811,269.367,116.858
bearing_steel,0.4934,0.6237,1.6421,893.24,236.82,2.126,5.8366,404.862,98.896
low_alloy_steel,0.3384,1.3071,0.8934,766.5,303.97,3.327,48.1074,306.048,110.663
low_alloy_steel,0.551,1.5341,0.9276,815.1,198.72,0.983,11.4017,372.378,90.877
bearing_steel,0.6453,0.9799,2.4363,817.47,218.92,3.915,2.3388,457.982,68.919
low_alloy_steel,0.5307,0.1299,0.6844,847.44,279.91,3.135,94.6469,368.608,96.251
low_alloy_steel,0.4963,1.9002,1.0239,806.23,342.75,2.993,4.114,294.749,110.928
low_alloy_steel,0.6955,1.1105,0.5973,797.47,557.72,3.466,27.0576,258.085,117.679
martensitic_stainless,0.7537,3.2167,0.6784,867.36,199.61,1.987,0.32,549.192,56.55
low_alloy_steel,0.4485,1.6448,1.7817,837.4,402.75,2.039,69.2793,313.7,93.764
martensitic_stainless,0.7962,3.1609,2.4659,867.72,620.29,2.174,0.1804,371.716,115.436
martensitic_stainless,0.3787,3.2046,0.756,882.17,260.34,0.331,1.2537,468.625,72.653
spring_steel,0.6894,0.8307,1.1667,941.12,214.49,2.685,0.2536,411.193,74.689
spring_steel,0.5464,1.8004,2.1484,829.74,603.55,2.233,1.6819,260.225,112.86
spring_steel,0.5167,1.4587,0.3428,834.36,368.03,1.06,2.1393,316.07,91.332
spring_steel,0.9492,0.8291,1.033,867.56,366.0,1.712,0.1764,378.465,95.537
martensitic_stainless,0.945,2.6736,1.6986,769.02,541.66,3.396,1.5453,453.573,92.848
martensitic_stainless,0.8732,2.9147,2.4632,815.66,306.42,3.111,4.833,566.416,74.219
low_alloy_steel,0.4144,0.6954,0.0307,823.71,493.9,2.908,1.3697,164.789,118.625
bearing_steel,0.2495,1.9024,1.344,766.84,283.38,0.567,0.4643,299.794,112.424
bearing_steel,0.4116,0.8741,1.5422,889.09,550.72,2.438,0.6108,214.204,126.482
spring_steel,0.4603,1.1775,2.2336,901.72,475.25,0.336,2.3573,266.474,131.72
bearing_steel,0.6901,1.1752,0.004,901.61,296.91,3.589,23.6044,484.773,72.338
spring_steel,0.5852,1.9484,1.4313,856.9,342.17,3.112,19.6931,391.103,88.022
bearing_steel,0.8494,0.8939,0.6863,971.28,153.7,0.573,38.7723,603.676,61.22
martensitic_stainless,0.6664,3.1113,0.7351,935.59,477.87,1.631,112.7236,520.849,67.074
low_alloy_steel,0.7491,0.9078,1.3442,819.25,246.24,0.34,0.2094,319.278,87.061
low_alloy_steel,0.8264,0.8782,1.8054,917.62,597.5,2.072,0.1261,195.006,124.054
bearing_steel,0.7024,0.7083,0.7219,854.63,563.11,1.412,12.6792,318.934,102.086
bearing_steel,0.7148,1.8054,0.0478,899.06,366.84,1.995,0.3426,373.523,89.11
martensitic_stainless,0.7694,2.1437,2.4747,888.66,342.25,3.346,11.2793,550.449,59.777
spring_steel,0.9593,0.729,2.3935,892.98,355.51,1.314,0.1819,390.364,97.355
martensitic_stainless,0.3216,2.2677,1.4088,931.64,409.06,3.639,28.3667,440.437,98.609
low_alloy_steel,0.9551,0.8967,0.4822,790.79,236.33,3.864,3.2733,397.201,56.056
martensitic_stainless,0.9275,3.4364,2.3825,973.95,301.91,0.994,3.8778,541.028,73.211
spring_steel,0.1763,0.8013,2.135,857.36,463.33,1.723,9.5875,212.088,125.312
martensitic_stainless,0.4845,2.5141,0.2996,922.3,358.31,3.844,4.3892,461.28,77.953
spring_steel,0.2703,0.3307,0.331,922.48,196.45,2.041,75.6431,353.524,74.591
bearing_steel,0.293,1.8234,0.2421,860.69,637.18,2.156,3.2995,187.913,112.084
bearing_steel,0.1553,1.5343,0.4864,922.63,211.59,1.287,26.7445,413.68,74.768
spring_steel,0.2198,0.3991,2.3685,766.84,295.12,0.69,0.7712,228.467,111.495
martensitic_stainless,0.2806,2.4961,0.0576,764.68,193.02,3.693,0.1322,429.483,75.616
spring_steel,0.5173,0.3165,0.4338,797.8,450.12,1.683,0.445,204.74,127.841
spring_steel,0.283,0.6541,2.1855,777.36,539.28,2.071,0.1094,133.794,133.892
spring_steel,0.4022,0.8286,0.9722,778.33,453.05,1.372,140.2694,263.254,112.269
low_alloy_steel,0.3008,0.4561,1.3666,765.55,162.49,0.77,0.1583,271.93,94.962
low_alloy_steel,0.6438,0.519,1.1803,950.51,544.92,1.227,0.1774,190.354,141.098
low_alloy_steel,0.4862,0.892,0.1071,851.68,180.2,3.095,0.2451,325.225,77.038
martensitic_stainless,0.7931,3.6997,0.2029,872.5,166.38,3.446,17.2648,657.686,47.039
bearing_steel,0.6523,0.356,0.3108,906.05,554.97,3.258,0.837,267.778,115.438
bearing_steel,0.5662,0.3729,2.4911,874.68,288.73,1.805,53.3202,442.01,92.036
bearing_steel,0.8469,1.4887,0.0218,960.17,474.8,3.837,104.2964,475.559,84.041
bearing_steel,0.7421,1.7138,0.5058,781.47,442.97,0.444,21.7321,384.445,85.625
spring_steel,0.7438,1.3233,1.5299,890.69,567.63,1.549,3.5652,311.364,103.631
bearing_steel,0.844,0.5448,2.2305,974.21,387.01,2.951,1.0829,381.991,92.577
spring_steel,1.011,1.3721,1.263,857.97,194.81,1.128,3.8719,502.865,75.599
martensitic_stainless,0.467,3.9372,1.3735,857.0,426.86,0.608,0.5379,341.45,98.87
spring_steel,0.4262,1.9443,2.4807,804.19,336.3,1.479,142.9569,403.763,112.441
bearing_steel,0.7792,1.1925,0.7307,812.55,603.2,1.162,6.4748,275.013,117.593
low_alloy_steel,0.6189,1.5708,1.76,951.46,180.27,3.962,0.1759,392.936,98.321
spring_steel,0.8046,0.3237,0.1063,789.91,365.77,0.623,139.7891,422.247,85.21
spring_steel,0.5752,1.324,0.6629,779.59,437.49,1.225,0.8337,275.186,118.51
bearing_steel,0.4261,0.3993,1.0743,784.09,437.06,2.459,2.1595,252.523,116.996
low_alloy_steel,0.6212,1.8357,0.5162,765.49,223.19,0.96,1.2867,335.792,67.87
spring_steel,0.6428,0.9397,1.7031,799.83,327.85,2.846,50.8152,420.124,80.478
bearing_steel,0.4536,1.4861,0.9053,922.04,424.57,2.344,2.1179,320.81,99.623
bearing_steel,0.897,1.4606,0.4845,908.36,306.31,1.768,16.2448,509.49,76.922
martensitic_stainless,0.6454,3.4638,2.1827,772.43,480.47,1.746,3.4964,428.095,109.913
martensitic_stainless,0.9606,3.8445,0.9155,768.97,582.88,0.71,67.3286,493.873,85.288
bearing_steel,0.7928,1.3299,1.8902,905.15,170.37,2.429,1.5788,498.869,86.03
martensitic_stainless,0.3917,2.1542,0.7621,811.3,623.1,1.583,1.138,269.048,136.732
bearing_steel,0.8218,0.9652,0.2359,923.36,565.13,3.349,59.1087,391.279,84.997
martensitic_stainless,0.1964,3.7404,0.6348,808.41,370.95,0.955,0.1034,345.457,84.54
bearing_steel,0.5919,1.5811,1.5208,890.53,331.07,2.12,0.7749,378.573,93.296
spring_steel,0.8892,0.1486,2.3425,873.26,224.03,0.674,0.6919,451.595,81.55
low_alloy_steel,0.7764,0.5023,1.7867,836.84,560.92,2.876,120.4084,313.779,117.913
martensitic_stainless,0.7932,2.2604,2.361,864.33,636.52,1.505,3.4139,381.334,105.615
bearing_steel,0.4932,1.856,0.9698,971.09,444.0,1.525,10.842,344.215,106.723
martensitic_stainless,0.1928,2.2425,1.1618,884.98,563.33,0.325,0.6009,265.722,107.833
bearing_steel,0.2248,1.2226,0.1578,967.22,370.38,3.956,121.1127,420.24,82.942
bearing_steel,0.5045,0.6754,2.1854,865.24,355.09,2.629,25.3164,444.869,77.413
low_alloy_steel,0.8321,1.0271,2.2076,903.15,642.02,3.115,118.8651,313.594,121.941
martensitic_stainless,0.2909,3.6839,2.363,940.15,372.12,0.554,0.1295,403.603,80.518
martensitic_stainless,0.969,3.1613,2.4027,972.09,645.41,3.902,12.9659,551.832,64.667
low_alloy_steel,0.9777,1.9632,1.2415,897.59,295.99,3.893,55.0397,483.557,71.782
bearing_steel,0.6306,0.2675,0.0786,961.93,601.47,3.522,1.3273,271.106,111.401
bearing_steel,0.6401,1.4181,1.0118,851.29,229.77,0.775,50.1292,468.985,61.32
low_alloy_steel,0.5545,0.2943,0.2521,808.92,555.06,0.629,0.1028,134.865,127.476
spring_steel,0.47,1.5368,1.3748,907.29,219.29,2.433,69.4005,491.322,60.895
spring_steel,0.3289,1.2248,0.7148,827.7,519.84,1.6,115.943,302.894,102.789
bearing_steel,0.2212,1.3784,0.0603,891.94,558.31,3.441,8.6059,198.536,124.321
low_alloy_steel,0.2216,0.6531,0.9117,786.03,274.23,1.35,0.215,191.833,117.306
martensitic_stainless,0.7919,2.5961,1.0877,853.51,297.1,2.342,2.6119,496.549,77.544
spring_steel,0.4944,0.5932,1.9913,772.59,594.79,3.298,104.8411,279.15,106.574
bearing_steel,1.0085,0.5757,2.432,788.27,639.25,2.276,0.1449,243.189,125.996
bearing_steel,0.9444,1.7929,0.919,771.49,488.78,2.729,31.8843,431.654,87.925
martensitic_stainless,0.5112,2.8329,1.3891,821.36,450.3,1.48,1.2426,429.455,95.939
bearing_steel,0.8296,0.5306,1.6626,871.3,629.75,2.879,0.1949,288.46,128.723
spring_steel,0.5209,0.9044,0.0205,887.43,188.36,3.11,0.2548,362.612,80.574
martensitic_stainless,0.3049,3.8178,2.1858,862.06,187.3,1.34,0.2865,447.105,89.331
spring_steel,0.2925,1.8898,0.5485,961.22,414.5,3.311,0.8176,266.978,103.962
martensitic_stainless,0.8373,3.7643,1.9072,960.96,434.68,0.704,0.4589,496.263,85.88
low_alloy_steel,0.7516,1.6175,2.0398,762.55,174.98,2.21,16.7802,429.329,88.379
martensitic_stainless,0.3641,2.9465,0.3633,943.08,462.24,3.255,9.7966,385.232,97.482
martensitic_stainless,0.5612,2.3403,0.1973,802.52,576.58,3.611,4.4319,331.598,101.233
spring_steel,0.2985,0.6581,0.343,926.65,389.68,0.649,34.4257,300.452,116.596
martensitic_stainless,1.0102,2.83,0.5659,855.3,172.72,0.245,4.0886,620.743,41.386
bearing_steel,0.1898,0.8558,1.1456,784.24,465.78,1.552,0.1039,177.167,100.945
bearing_steel,0.3189,1.5116,0.4609,779.2,541.57,3.652,95.718,328.461,106.873
spring_steel,0.4189,1.2663,2.4685,935.01,265.13,1.144,0.7005,323.119,116.655
spring_steel,0.7126,0.4468,0.6423,976.86,267.43,0.756,6.3522,428.146,79.389
low_alloy_steel,0.4687,1.1083,2.3563,831.09,445.64,1.987,0.2814,222.511,126.842
bearing_steel,0.3058,0.8597,0.5387,810.74,391.96,1.531,154.3885,337.543,96.864
bearing_steel,0.4661,0.8433,0.9098,859.2,238.36,2.174,0.8879,406.913,81.306
bearing_steel,0.8476,0.1094,1.4838,827.32,487.18,2.123,3.3686,390.425,109.679
bearing_steel,0.8284,0.6042,1.4622,791.32,632.87,1.768,4.0275,242.868,119.948
bearing_steel,0.5884,0.2544,0.998,969.43,316.55,3.574,4.8213,407.187,91.221
martensitic_stainless,1.0461,2.2772,2.4634,874.44,208.83,3.874,0.387,605.516,59.381
bearing_steel,0.2085,0.6101,1.3319,787.78,404.01,1.172,13.4047,250.049,104.186
spring_steel,0.5998,0.7372,0.9595,770.44,472.32,3.323,1.9936,263.148,122.028
bearing_steel,0.3721,1.5325,1.2038,918.75,382.56,2.573,8.0715,347.032,102.533
bearing_steel,0.7891,0.2317,0.3169,761.23,629.19,3.085,10.0471,310.006,118.091
low_alloy_steel,0.5669,1.4585,0.7652,945.57,462.74,0.567,0.3899,242.794,114.395
martensitic_stainless,0.3502,3.2533,1.5205,965.77,389.92,0.89,0.5061,420.458,92.299
bearing_steel,1.0363,0.3497,1.173,797.04,618.09,0.791,36.4195,372.126,98.031
spring_steel,0.4776,0.1645,1.6577,934.14,648.27,2.735,38.6696,238.684,125.832
bearing_steel,0.8052,0.1908,0.4404,818.15,389.44,3.188,0.1615,318.651,83.455
spring_steel,0.2687,0.1603,1.2168,785.56,559.63,1.219,0.3142,120.0,150.745
martensitic_stainless,0.9011,3.0114,2.4985,785.39,314.12,1.62,111.746,624.533,62.473
bearing_steel,0.71,0.9272,1.0134,830.33,386.58,3.384,43.7019,400.234,74.773
bearing_steel,0.6379,0.6079,0.5156,955.0,517.24,0.426,5.2295,364.972,97.554
spring_steel,0.442,1.0594,1.2846,912.56,559.09,3.472,0.3575,195.826,127.81
low_alloy_steel,0.6266,0.7489,2.31,866.85,452.97,2.409,4.1429,270.141,129.351
martensitic_stainless,0.2339,3.6574,1.8721,961.38,497.37,2.774,7.7066,385.638,102.911
bearing_steel,0.3752,1.0822,0.6551,827.28,334.53,3.514,0.6883,279.886,88.021
martensitic_stainless,0.3524,2.7388,0.0077,931.56,552.49,0.687,6.9049,346.733,88.852
spring_steel,0.4234,1.9436,2.3191,831.63,497.37,3.712,7.0651,287.466,121.745
low_alloy_steel,0.2777,0.6821,1.9245,977.59,160.91,3.251,0.9474,315.998,93.541
martensitic_stainless,0.5352,2.7575,1.416,792.51,479.86,1.407,0.9618,335.152,106.193
bearing_steel,0.9165,0.4849,1.488,956.85,160.78,0.923,12.366,564.95,53.292
low_alloy_steel,0.2426,0.358,2.4306,815.53,185.99,2.581,3.1547,304.073,101.912
low_alloy_steel,0.1531,1.35,1.4592,880.11,475.13,3.201,0.9441,135.914,143.595
spring_steel,0.8896,1.306,2.4772,820.98,169.19,0.876,1.8896,487.698,91.817
bearing_steel,0.2583,1.6711,1.292,943.11,467.69,3.672,0.165,265.005,121.329
martensitic_stainless,1.0126,2.8043,2.3398,864.93,622.85,3.533,9.7508,499.935,99.999
spring_steel,0.8481,0.655,1.2247,977.83,510.72,0.948,0.6214,331.27,117.277
low_alloy_steel,0.4905,0.8948,0.6106,812.65,305.31,1.091,0.3551,230.531,104.913
martensitic_stainless,0.3939,3.3016,1.1345,767.97,305.5,1.386,1.9179,424.512,88.171
low_alloy_steel,0.6251,0.1662,0.7192,848.88,357.76,1.449,15.4362,311.314,89.582
spring_steel,0.8873,1.8444,1.3743,898.98,616.44,0.998,82.8137,410.453,101.39
low_alloy_steel,0.9663,1.3621,1.7273,976.14,447.12,3.767,2.3067,399.288,78.595
spring_steel,0.8481,1.3812,1.7532,791.6,554.1,1.887,101.4783,372.962,116.806
bearing_steel,0.8388,0.9213,2.1974,860.31,511.53,0.259,0.1359,270.47,123.086
low_alloy_steel,0.1795,0.5736,1.0723,833.08,374.4,3.996,39.6246,249.519,114.115
low_alloy_steel,0.1521,1.93,2.2436,762.06,541.01,3.927,4.0183,156.241,151.665
low_alloy_steel,0.4577,0.4752,2.4345,828.46,458.72,1.894,1.0475,221.569,122.654
martensitic_stainless,0.2775,2.4517,0.2916,776.03,390.57,3.344,0.4456,326.381,97.12
bearing_steel,0.7707,1.0595,0.3542,838.61,436.22,0.789,12.2156,381.85,95.525
bearing_steel,0.7869,0.1254,0.3188,938.7,595.02,1.566,151.5129,351.713,96.951
martensitic_stainless,0.337,3.3617,1.5023,910.8,389.78,2.42,0.342,414.164,89.446
spring_steel,0.2713,0.4327,2.0089,822.93,340.26,1.837,4.7425,286.115,119.842
low_alloy_steel,0.9004,0.9333,0.126,764.39,622.12,1.029,1.7162,180.365,113.842
low_alloy_steel,0.6434,1.5692,2.3801,853.35,375.31,1.302,0.1172,321.456,105.52
martensitic_stainless,0.235,2.6214,2.467,854.57,348.71,3.848,36.4728,438.701,94.109
martensitic_stainless,0.5098,2.1547,0.6717,772.17,649.42,3.387,55.4697,376.932,104.585
spring_steel,0.3596,1.879,1.8915,904.33,635.57,1.007,11.5165,229.709,128.521
low_alloy_steel,0.6533,0.2024,1.8327,843.94,246.69,0.331,116.6805,438.06,83.446
bearing_steel,0.8332,1.1438,0.424,914.3,428.99,2.125,1.5598,383.329,105.337
low_alloy_steel,0.2094,1.2111,0.7264,935.92,262.12,2.454,3.2431,275.078,93.38
martensitic_stainless,0.9426,3.064,2.0086,925.14,328.41,1.995,13.891,612.636,60.648
martensitic_stainless,0.5707,2.142,2.073,825.26,477.85,1.3,27.663,397.783,93.289
bearing_steel,0.8312,0.7548,0.514,929.68,276.53,0.568,0.1896,439.074,78.356
low_alloy_steel,0.6194,0.3069,0.0363,950.33,607.02,1.704,16.4896,258.59,116.97
bearing_steel,0.6722,1.9459,1.8282,809.74,307.74,3.706,3.9805,408.155,93.145
martensitic_stainless,0.8895,3.7512,0.6761,760.48,488.65,2.356,5.7288,453.049,84.547
bearing_steel,0.2146,0.4898,0.6217,782.15,352.96,3.087,0.2615,249.343,112.229
spring_steel,0.8481,1.8289,1.5238,886.83,501.95,1.833,13.321,413.71,87.479
bearing_steel,0.828,1.9134,0.1404,939.95,586.85,3.39,42.4201,402.862,94.938
low_alloy_steel,0.4756,0.7235,1.7697,901.12,156.64,1.717,10.4394,376.349,96.602
low_alloy_steel,0.7788,0.6088,2.0764,909.69,229.16,0.304,13.6973,448.434,87.161
bearing_steel,0.5096,0.1683,0.6214,921.12,516.47,3.128,41.1306,313.629,117.897
martensitic_stainless,0.9928,3.4389,1.4517,895.95,308.82,3.9,0.5653,573.968,70.433
low_alloy_steel,0.8257,0.2192,2.0888,923.53,208.5,0.747,2.5498,359.013,87.512
low_alloy_steel,0.4712,1.3332,0.8038,910.56,431.13,1.098,0.1665,230.331,103.29
bearing_steel,0.5232,1.636,1.8677,933.27,382.32,1.872,2.2511,338.389,97.376
low_alloy_steel,0.8638,0.5168,0.7412,775.01,571.9,2.84,0.1347,179.652,130.982
spring_steel,0.4364,1.9502,0.7747,855.21,337.72,1.529,30.8453,364.102,99.314
martensitic_stainless,0.5633,3.6521,0.5066,964.32,336.61,3.777,0.385,483.721,82.171
bearing_steel,0.898,0.6077,0.3445,789.5,568.46,3.014,0.7137,258.196,115.363
low_alloy_steel,0.1506,1.8434,0.3505,836.78,153.08,0.899,39.4633,362.335,84.329
bearing_steel,0.5795,0.4268,1.8876,864.1,281.93,0.668,9.7391,403.69,94.544
low_alloy_steel,0.4439,0.9014,2.3258,973.14,493.55,1.687,2.7423,241.713,123.01
spring_steel,0.5987,0.1802,0.0271,847.96,224.9,3.685,14.3737,392.512,74.193
bearing_steel,0.6961,0.2636,1.6046,945.88,205.87,3.821,0.1491,419.969,87.45
martensitic_stainless,0.7791,3.3437,1.0973,942.17,208.86,0.754,2.964,594.026,66.442
martensitic_stainless,0.5488,3.5302,0.8237,885.62,318.33,0.666,0.1271,452.426,74.329
low_alloy_steel,0.8617,1.0164,2.2885,942.7,630.92,1.443,0.7191,235.98,129.712
spring_steel,0.8128,0.4647,0.8805,938.54,217.42,1.621,9.6931,430.186,77.883
bearing_steel,0.1973,1.8031,1.5885,780.11,181.35,3.03,0.9362,319.771,103.001
martensitic_stainless,0.8905,2.804,0.6434,930.64,361.44,1.826,31.468,606.431,64.563
bearing_steel,0.9134,0.8904,2.3106,913.7,183.01,1.795,1.3367,548.857,63.626
martensitic_stainless,0.9686,2.124,2.4448,848.84,423.91,3.405,0.8456,461.545,77.668
martensitic_stainless,0.6991,3.2826,1.1475,778.94,295.88,0.277,4.9545,480.678,72.416
martensitic_stainless,0.7858,2.4363,1.3333,956.06,398.01,1.719,2.3463,512.281,60.52
martensitic_stainless,0.1967,2.7595,0.308,975.76,407.42,3.64,0.4905,332.766,109.088
bearing_steel,0.4432,1.5743,1.7372,937.95,316.2,1.748,116.0105,448.83,92.999
low_alloy_steel,0.5077,0.3561,1.5734,959.31,304.58,1.57,5.7764,287.772,92.134
low_alloy_steel,0.7694,0.6702,2.4802,919.57,289.07,1.018,59.028,398.726,95.228
low_alloy_steel,0.7849,1.4204,0.6339,947.74,158.54,3.744,21.5664,463.492,82.742
low_alloy_steel,0.3685,1.3067,0.0161,793.31,640.96,1.994,16.4025,120.0,128.889
low_alloy_steel,0.4033,0.865,0.469,887.12,474.84,1.756,0.2028,158.173,127.491
low_alloy_steel,0.4644,0.6148,1.557,833.05,542.37,0.404,0.4295,159.724,136.75
spring_steel,0.7247,1.2465,0.8284,788.5,160.94,0.205,0.1103,378.892,98.931
spring_steel,0.5202,0.167,1.5483,844.53,363.52,2.002,17.6137,359.939,93.459
martensitic_stainless,0.6003,2.3048,1.8395,816.5,445.14,3.664,0.13,358.001,97.012
bearing_steel,0.2288,0.104,0.3527,825.38,415.08,3.693,0.2919,202.979,96.159
martensitic_stainless,0.5251,2.1686,0.7893,862.51,620.83,1.373,12.4622,341.509,112.874
spring_steel,0.4386,0.3889,0.4539,868.46,166.38,3.139,36.5032,406.08,78.529
bearing_steel,0.4771,1.9725,1.9064,841.41,273.16,3.341,157.6114,483.226,64.027
martensitic_stainless,0.3623,3.3472,1.3821,819.31,406.38,1.611,0.1511,350.062,88.482
low_alloy_steel,0.7451,1.6028,0.3489,881.34,379.85,1.095,7.8331,349.826,85.242
low_alloy_steel,0.9468,0.2662,1.7557,769.1,446.79,2.959,5.5576,290.782,118.107
spring_steel,0.588,0.7181,1.586,926.8,334.91,3.24,1.0851,374.079,81.518
spring_steel,0.3565,1.9534,2.0876,880.53,642.68,3.556,12.3885,220.258,140.143
bearing_steel,0.6344,1.9501,0.9301,966.62,412.08,2.66,2.7001,370.478,98.563
low_alloy_steel,0.8208,1.4563,1.3025,848.69,199.33,1.857,5.1051,423.703,89.083
martensitic_stainless,0.4869,3.3266,1.2407,894.28,302.95,1.378,2.2633,494.757,69.33
low_alloy_steel,0.8659,1.7673,0.3393,882.02,152.96,1.201,6.9091,504.376,65.766
spring_steel,0.6402,0.5349,0.0176,949.44,467.65,3.35,0.178,292.511,99.054
bearing_steel,0.2044,1.9722,1.841,974.92,625.69,2.87,23.1014,230.626,133.967
spring_steel,0.6092,1.464,1.0894,880.44,165.64,3.829,0.9126,411.958,78.284
bearing_steel,0.2854,1.2916,1.4168,960.2,621.5,3.768,129.3065,319.207,121.845
martensitic_stainless,0.1691,2.7659,1.9798,962.11,542.32,0.603,0.8922,275.057,129.964
spring_steel,0.8094,1.8787,0.7917,979.89,560.87,2.279,1.036,359.727,106.095
low_alloy_steel,0.1604,0.7309,1.0103,805.8,643.47,2.745,16.9445,120.0,144.875
low_alloy_steel,0.6421,0.1751,1.0702,863.85,181.28,0.864,1.3499,342.697,96.562
spring_steel,1.007,0.7423,0.5562,975.66,338.64,3.089,19.8547,478.519,76.006
low_alloy_steel,0.1965,0.4935,0.989,809.1,291.31,1.825,1.5224,207.662,118.217
martensitic_stainless,0.5329,3.7243,0.0624,804.45,332.5,0.806,8.3437,467.411,70.66
martensitic_stainless,0.5336,3.0207,1.1487,911.31,200.73,1.394,70.3488,621.663,45.274
bearing_steel,0.4694,1.9878,2.1039,873.21,152.49,1.179,3.0563,497.846,80.802
spring_steel,0.5906,0.4124,2.408,811.22,201.24,1.621,50.9527,466.466,84.926
martensitic_stainless,0.4999,3.3919,0.8988,763.68,423.07,2.284,0.9122,387.847,88.748
martensitic_stainless,0.4134,3.5743,1.6047,834.38,361.23,1.677,0.4233,417.245,97.901
low_alloy_steel,0.4228,1.893,2.3022,777.73,462.38,1.323,0.6816,184.92,139.923
spring_steel,1.0334,0.9084,1.9296,945.25,255.38,2.521,4.1945,503.274,67.714
low_alloy_steel,0.6878,0.5749,0.7849,976.08,480.32,0.393,0.7257,268.082,124.919
low_alloy_steel,0.6643,1.3393,1.8887,853.23,214.51,3.622,55.0528,445.49,83.738
bearing_steel,0.3949,1.7651,2.3893,790.66,245.57,0.965,97.2034,444.484,99.296
spring_steel,0.8208,1.2749,2.4738,813.76,228.21,2.228,0.3659,467.685,94.251
spring_steel,0.8306,0.5056,0.3507,785.74,605.33,3.052,0.5275,196.316,122.768
low_alloy_steel,0.5194,0.7425,1.5261,799.45,183.71,1.306,0.3234,272.27,101.959
bearing_steel,0.6118,0.5091,1.7162,938.85,479.64,0.531,16.2861,394.014,106.438
bearing_steel,0.3721,1.5885,0.578,909.67,505.66,0.991,42.0856,308.092,104.328
martensitic_stainless,1.047,3.7974,1.7615,825.87,380.82,2.201,10.3686,612.969,71.718
low_alloy_steel,1.0005,0.4807,0.3948,800.79,378.81,0.436,51.255,385.823,99.168
spring_steel,0.9582,1.5182,1.2209,970.65,166.2,0.862,1.3867,498.956,61.994
bearing_steel,0.268,0.5918,2.2345,935.17,214.56,1.297,0.5797,374.536,96.367
martensitic_stainless,0.4471,2.7696,1.8562,776.12,562.65,0.391,0.8187,277.501,119.093
low_alloy_steel,0.4553,1.0625,1.0976,859.93,565.72,2.597,7.1877,213.644,131.851
bearing_steel,0.7784,0.8848,1.83,790.08,627.47,1.571,1.5915,268.07,124.661
spring_steel,0.2153,1.886,0.748,812.63,580.49,3.879,1.8799,154.398,130.165
low_alloy_steel,0.7373,1.2707,0.8272,960.94,563.26,3.318,17.3041,330.999,123.499
martensitic_stainless,0.6778,2.3258,1.6582,854.94,448.47,0.252,0.9681,379.859,105.204
spring_steel,0.3301,0.3293,0.7062,864.28,165.1,2.012,0.1587,271.122,87.475
bearing_steel,0.2728,1.5772,0.6334,761.63,398.09,3.07,0.2311,225.993,116.72
martensitic_stainless,0.889,2.4635,0.9655,837.39,371.09,1.811,2.6396,522.94,71.36
spring_steel,0.6411,1.5942,1.666,956.42,391.19,2.191,1.2422,353.944,98.144
martensitic_stainless,0.9113,3.2911,1.4708,880.64,152.54,3.155,1.4331,609.972,63.327
spring_steel,0.4025,1.8128,0.8307,824.17,439.46,3.081,9.5327,331.549,106.232
bearing_steel,0.5411,0.4449,2.0376,944.91,282.4,2.59,131.8802,491.749,84.147
bearing_steel,0.2048,1.482,1.8525,760.98,490.79,1.973,0.6039,207.896,130.111
low_alloy_steel,0.714,0.8587,1.563,895.97,399.85,2.713,12.8336,381.692,101.912
bearing_steel,0.9744,1.1315,2.363,857.57,293.97,3.99,0.3419,455.965,103.384
spring_steel,0.6659,0.1375,0.4894,865.23,184.13,2.372,12.1598,401.133,73.304
martensitic_stainless,1.0108,3.4467,0.2412,815.76,494.09,0.775,0.5995,449.37,76.304
low_alloy_steel,0.5466,0.7026,1.9897,964.44,216.19,1.493,0.8286,390.283,87.275
low_alloy_steel,0.4925,0.6868,1.1956,909.87,323.19,0.367,0.5281,286.466,106.734
spring_steel,0.1518,0.7378,1.4399,835.49,390.61,1.447,29.096,256.75,115.187
martensitic_stainless,0.9195,3.6914,0.4799,966.24,385.59,2.329,12.6259,543.918,80.443
bearing_steel,0.3609,0.7707,2.4163,766.34,606.53,1.344,0.1273,164.971,141.867
bearing_steel,0.379,1.0075,0.8895,860.89,455.78,1.692,12.2144,259.938,105.221
spring_steel,0.2004,1.2782,0.8154,970.71,502.12,1.287,0.1378,166.394,125.796
bearing_steel,0.6935,1.5319,0.1941,776.0,535.14,1.181,6.5778,273.436,110.159
low_alloy_steel,0.7009,1.782,1.1954,890.59,521.75,2.449,4.6413,297.186,100.24
martensitic_stainless,0.2784,3.8309,1.5784,899.23,525.71,1.921,29.6164,394.228,114.564
spring_steel,0.6617,0.2063,2.4953,769.9,166.84,0.601,0.133,406.058,76.557
bearing_steel,0.8404,0.7169,2.3134,783.42,210.54,2.798,12.6193,501.044,78.215
bearing_steel,0.5041,0.3929,0.9204,805.06,617.54,2.914,0.1856,200.981,130.188
low_alloy_steel,0.5516,0.3101,0.5118,952.4,615.85,2.837,0.3217,176.766,141.251
low_alloy_steel,0.9458,0.6185,0.1161,899.69,507.83,0.593,0.123,259.788,107.037
low_alloy_steel,0.4688,0.3801,0.8115,968.12,559.83,2.93,2.5288,203.842,115.705
martensitic_stainless,0.1604,3.6123,2.4621,979.05,152.05,2.736,0.3079,468.483,80.47
spring_steel,0.6318,1.4823,1.0004,778.65,593.5,2.058,23.3166,305.848,122.631
bearing_steel,0.6182,0.8179,1.5545,892.4,157.54,2.061,132.4219,508.901,73.347
low_alloy_steel,0.6007,1.5772,1.9149,839.19,347.06,0.361,0.5906,324.072,99.079
spring_steel,0.7759,1.0918,2.3799,935.34,394.19,3.906,13.5854,412.671,113.482
spring_steel,0.2382,0.4049,0.7458,911.84,161.76,2.917,0.3262,312.282,85.475
martensitic_stainless,0.178,3.5644,0.6806,939.41,557.19,0.223,95.2111,386.817,100.237
bearing_steel,0.7137,0.2722,2.2315,941.83,360.26,0.241,53.1499,419.231,81.857
spring_steel,0.7582,0.6973,0.7473,884.18,269.67,0.913,86.3713,471.129,81.456
low_alloy_steel,0.2454,0.1561,1.6154,921.88,378.59,3.78,0.5466,215.243,125.338
bearing_steel,0.7752,1.2771,0.5227,881.72,201.87,0.931,7.8501,510.732,46.955
martensitic_stainless,0.743,2.5904,0.3954,898.87,288.63,2.102,3.6678,541.818,65.84
spring_steel,0.618,0.4222,1.4117,888.28,600.01,3.226,42.1146,284.737,128.455
martensitic_stainless,0.9515,3.6163,1.4106,880.23,307.37,2.171,0.9689,558.816,69.215
low_alloy_steel,0.7601,1.62,2.3577,911.4,242.09,3.065,9.0214,464.766,83.152
spring_steel,0.6271,0.2988,0.384,774.08,542.61,3.112,0.1057,214.725,110.786
martensitic_stainless,0.8641,2.7861,0.5378,812.84,356.13,3.942,0.5747,469.496,74.014
low_alloy_steel,1.0113,0.1238,2.1592,814.39,642.14,2.343,21.7717,271.171,126.305
spring_steel,0.8494,1.9356,1.7998,855.36,401.67,2.487,1.7194,361.669,112.407
low_alloy_steel,0.3477,0.3064,2.4476,901.48,165.6,3.173,0.1517,281.176,114.102
bearing_steel,0.6871,1.954,0.6362,781.17,409.21,2.319,17.2607,364.269,99.078
low_alloy_steel,0.7321,0.2892,0.7662,828.16,554.4,2.44,7.9563,222.507,121.126
bearing_steel,0.2213,1.221,0.9227,915.68,333.58,0.987,6.5008,297.929,90.231
bearing_steel,0.3193,0.9142,0.839,827.17,416.68,3.047,9.5609,275.401,108.601
bearing_steel,0.9117,0.5729,1.4361,875.01,212.72,1.745,5.4996,510.164,70.731
low_alloy_steel,0.203,0.5857,2.2241,874.34,235.13,0.587,12.5723,327.063,97.876
spring_steel,0.6626,1.3122,0.7166,840.63,237.34,0.71,1.0352,383.072,84.264
martensitic_stainless,0.4939,3.5048,1.9716,860.2,630.61,0.618,0.1753,324.117,125.663
spring_steel,0.9853,0.1608,1.283,761.21,550.44,3.849,10.1327,324.421,112.2
martensitic_stainless,0.3845,3.4813,0.6451,802.81,378.47,2.562,1.9139,395.269,86.149
martensitic_stainless,0.9585,2.8306,0.0859,762.18,229.11,2.818,52.3837,624.221,50.035
martensitic_stainless,0.8741,3.7301,2.1635,815.0,533.91,1.464,6.2877,470.353,92.448
bearing_steel,0.9741,0.4373,1.5397,776.11,246.96,2.294,0.5069,421.81,73.543
bearing_steel,0.7604,0.5474,1.6822,890.46,218.55,0.749,4.4991,453.743,81.132
low_alloy_steel,0.5823,1.4749,2.1256,966.79,548.98,1.825,0.1209,195.191,131.858
spring_steel,1.0406,1.8246,2.3077,880.36,471.64,3.3,0.5081,427.446,103.988
martensitic_stainless,0.3811,3.5406,0.5038,769.88,391.44,1.867,0.1199,369.414,96.835
low_alloy_steel,0.9426,1.3162,1.4688,905.82,443.93,0.976,107.6848,427.243,101.48
low_alloy_steel,0.1886,1.1034,0.1052,882.63,611.8,2.747,0.9206,120.0,152.461
low_alloy_steel,0.7334,0.3279,0.7682,960.12,486.56,1.836,2.9738,290.893,110.727
bearing_steel,0.3589,0.6567,0.0045,803.14,245.82,1.932,1.6935,314.87,79.669
bearing_steel,0.2057,1.8265,0.8751,786.58,475.48,2.993,24.8676,258.878,130.684
bearing_steel,0.2721,1.9062,2.332,821.64,515.51,1.879,131.1491,357.819,107.716
martensitic_stainless,0.2433,3.973,2.1963,877.66,306.59,3.807,21.5586,476.9,74.757
low_alloy_steel,0.5682,0.4325,1.7057,883.48,180.68,3.516,0.974,338.504,92.494
bearing_steel,0.9947,1.1095,2.1674,933.08,193.13,2.406,7.1229,571.767,61.393
bearing_steel,0.5261,0.5556,1.6835,848.6,611.3,1.435,74.9162,283.913,125.386
low_alloy_steel,0.9066,1.4081,1.1666,898.07,290.47,1.122,2.7141,385.109,81.904
bearing_steel,0.9353,0.8845,0.7114,906.15,259.77,1.774,15.7212,498.115,63.098
spring_steel,0.6108,0.8964,0.9719,932.24,543.65,1.912,77.6706,333.844,104.078
spring_steel,0.3129,1.8354,1.5618,929.67,539.7,0.583,31.7414,323.751,122.17
spring_steel,0.7137,1.4064,0.8828,961.48,183.38,2.145,0.1283,448.082,62.507
martensitic_stainless,0.2118,3.766,1.8354,876.07,341.37,2.622,4.0896,420.101,82.086
spring_steel,0.5276,1.8974,0.0814,930.95,249.5,0.838,9.1135,426.484,69.352
spring_steel,1.0145,1.1206,0.1932,801.59,575.34,2.397,0.8116,265.84,107.091
bearing_steel,0.7118,1.3827,1.5352,887.03,281.62,2.696,1.5054,444.695,81.971
bearing_steel,0.6523,1.3167,0.5597,890.37,454.77,1.379,144.5549,448.893,92.708
bearing_steel,0.8368,0.4876,2.0934,824.44,379.26,2.833,0.1009,334.14,110.581
bearing_steel,0.3204,0.509,1.319,770.6,287.5,2.972,77.5065,405.349,93.648
spring_steel,0.537,0.1037,1.1367,912.52,396.51,2.212,42.0456,360.699,93.141
spring_steel,0.8049,0.1723,0.8378,937.7,524.06,0.243,0.9403,295.4,112.677
spring_steel,0.8834,0.2672,2.0387,904.23,393.22,1.969,4.4706,390.022,94.9
low_alloy_steel,0.5791,1.7882,0.4851,884.65,432.27,2.904,1.8298,246.245,109.843
low_alloy_steel,0.6616,1.0451,2.3712,780.77,404.1,1.475,31.6841,310.705,103.828
spring_steel,0.4203,1.2857,2.0254,865.07,646.69,1.484,0.8098,174.523,129.066
martensitic_stainless,0.8524,3.58,1.5829,944.09,375.78,3.53,0.181,505.881,87.041
bearing_steel,0.7156,0.1037,2.4968,885.01,175.19,2.368,1.0327,460.305,85.136
martensitic_stainless,0.17,3.0485,2.2635,834.64,171.44,1.563,85.7413,529.924,78.325
martensitic_stainless,0.7089,2.5467,1.6505,776.91,462.07,0.669,0.9333,361.605,110.981
bearing_steel,0.6039,1.3701,0.3339,800.99,422.74,1.355,1.0373,341.914,91.752
low_alloy_steel,0.7079,1.4243,1.8887,927.73,395.69,3.248,13.461,356.01,94.712
low_alloy_steel,0.5904,1.6018,1.547,948.58,496.33,2.377,26.5163,337.183,92.32
spring_steel,0.178,1.2196,0.6316,805.04,602.94,1.445,0.7691,120.0,130.113
martensitic_stainless,0.199,3.8445,1.6869,927.85,343.32,1.212,66.205,478.167,88.854
martensitic_stainless,0.6165,3.7161,1.3062,855.8,534.96,3.258,10.2749,412.928,94.446
low_alloy_steel,0.8967,0.7999,0.7392,901.71,317.15,3.276,0.2483,362.472,81.672
low_alloy_steel,0.5308,1.384,0.8573,795.66,435.19,2.33,133.0551,328.979,100.869
low_alloy_steel,0.5877,1.492,1.507,944.66,400.62,2.386,3.4722,296.377,103.794
martensitic_stainless,0.7574,2.5625,0.0543,912.03,181.95,3.54,8.759,590.04,30.046
martensitic_stainless,0.4017,2.5068,2.3024,774.94,346.11,1.275,1.0981,376.722,95.53
spring_steel,0.3876,0.4077,1.115,807.44,167.42,3.452,0.6112,297.199,93.248
bearing_steel,0.5419,1.9154,2.0334,881.23,165.8,0.903,5.3095,467.312,83.318
bearing_steel,0.4398,0.9016,0.8692,854.97,523.19,1.336,72.5923,308.865,110.031
low_alloy_steel,0.6616,1.2941,0.0937,875.45,582.34,3.72,134.6237,315.935,78.811
low_alloy_steel,0.6307,1.0578,1.0419,970.46,573.0,3.743,2.6937,260.45,116.683
martensitic_stainless,0.2156,2.8763,1.8802,801.26,408.62,2.931,1.4951,358.767,109.213
low_alloy_steel,0.4154,0.1913,0.045,871.36,313.83,1.678,46.0134,279.605,88.376
spring_steel,0.3117,0.2307,2.1868,936.57,374.96,0.716,23.4823,330.039,112.721
bearing_steel,0.3637,0.8348,0.8794,814.46,337.5,1.69,0.4287,255.508,101.437
martensitic_stainless,0.423,3.7686,1.2648,799.24,313.26,3.917,0.3271,443.802,91.255
martensitic_stainless,0.8645,3.7362,0.5196,902.89,602.62,3.673,16.1906,440.828,97.458
spring_steel,0.2783,1.5344,0.1097,963.54,588.12,0.588,10.1441,180.816,127.347
spring_steel,0.6056,0.2689,1.206,927.79,577.88,0.472,0.1708,209.869,128.696
martensitic_stainless,0.4619,2.5967,1.1759,953.62,170.55,1.752,33.1588,576.274,56.812
spring_steel,0.7075,0.9687,0.6043,919.53,445.74,1.577,0.1678,281.165,104.43
bearing_steel,0.6855,0.1237,0.2828,941.86,399.43,1.405,78.5375,398.134,85.167
bearing_steel,0.5622,0.2511,2.0371,848.01,438.46,3.26,98.9557,365.363,89.103
martensitic_stainless,0.1859,3.5873,0.7898,923.41,426.35,2.972,70.2806,415.8,90.55
martensitic_stainless,0.4039,3.682,1.2518,903.19,470.51,1.835,98.8247,497.287,76.818
bearing_steel,0.7964,1.2431,1.3483,837.14,615.63,3.9,0.5119,278.888,118.871
bearing_steel,0.8057,0.2806,2.1337,957.55,619.71,3.43,14.9326,339.765,113.353
spring_steel,0.3479,1.9865,1.9489,910.48,188.76,1.695,58.1605,448.107,77.908
spring_steel,0.9365,0.4174,2.0749,819.59,561.5,3.796,9.2383,319.481,112.277
martensitic_stainless,0.4271,2.5151,0.0905,811.07,161.84,1.266,0.1223,444.308,73.984
low_alloy_steel,0.2324,1.9257,1.0449,934.86,429.24,2.508,43.4809,299.357,117.315
martensitic_stainless,0.258,2.1325,0.4697,843.53,281.31,2.353,0.7869,420.911,80.743
martensitic_stainless,0.982,2.714,2.0176,809.47,308.25,0.434,0.1611,499.78,80.458
bearing_steel,0.2195,1.6901,0.3732,949.13,191.67,2.561,20.6156,449.548,83.401
low_alloy_steel,0.5888,0.2544,1.6616,783.87,366.05,0.423,18.2868,299.952,101.641
low_alloy_steel,0.4264,0.3197,1.9031,828.55,371.1,3.939,3.7854,220.806,129.313
martensitic_stainless,0.9863,3.1178,0.6015,766.27,428.78,2.004,10.5616,456.1,83.044
low_alloy_steel,1.0131,0.1566,1.373,791.72,615.43,1.379,0.1308,199.475,140.698
martensitic_stainless,0.4324,2.5497,2.3899,929.44,185.83,1.4,0.9462,521.221,76.495
bearing_steel,0.2093,0.9674,0.4869,931.29,434.04,2.686,34.6438,324.397,96.992
bearing_steel,1.0238,0.7139,1.3732,767.2,197.69,2.995,21.4463,489.589,73.719
bearing_steel,0.3715,1.5258,2.3798,849.15,580.28,2.954,6.1444,276.235,120.006
martensitic_stainless,0.5061,3.2595,2.2819,850.12,548.83,2.742,6.8304,400.303,110.457
martensitic_stainless,0.6872,3.356,1.3648,876.49,492.27,2.739,42.9726,471.545,78.601
spring_steel,0.831,0.6793,0.9056,808.82,497.5,0.537,43.5834,342.328,90.442
low_alloy_steel,0.3523,0.637,0.7903,851.06,424.48,0.579,4.4024,219.37,115.276
low_alloy_steel,0.4229,0.1099,0.6833,890.59,623.99,2.555,51.5328,186.709,141.218
spring_steel,0.4108,0.417,2.1435,888.33,614.47,1.473,4.3087,196.068,141.489
spring_steel,0.9211,0.7139,2.1628,789.28,278.57,0.277,3.7606,430.123,80.705
martensitic_stainless,0.6762,3.4616,0.3458,868.35,346.56,1.927,0.8421,438.073,74.137
bearing_steel,0.381,0.3746,1.4748,864.12,643.26,0.41,2.8428,218.597,123.566
bearing_steel,0.9747,1.4774,1.2318,774.54,545.56,3.932,0.7021,335.3,90.143
martensitic_stainless,0.9008,2.2866,1.0629,774.69,538.49,1.501,30.4399,504.8,87.341
spring_steel,0.6741,1.4483,0.369,857.97,247.3,3.17,14.9728,462.714,67.223
martensitic_stainless,0.7611,2.7918,0.6469,801.7,525.96,3.806,6.8583,411.644,96.484
martensitic_stainless,0.1755,2.1646,1.4433,805.95,518.59,1.355,2.2448,251.265,106.421
low_alloy_steel,0.202,0.3283,2.3588,915.64,270.9,0.668,0.2234,265.659,116.439
martensitic_stainless,0.4255,3.3314,0.2344,770.89,237.88,1.218,100.2394,536.102,70.645
bearing_steel,0.4021,1.262,1.5564,799.35,162.62,0.698,50.6992,470.972,73.361
low_alloy_steel,0.6813,0.8987,2.102,824.14,183.52,2.511,84.186,414.429,84.002
martensitic_stainless,0.7069,2.6552,1.8129,781.1,524.15,1.242,73.617,477.195,94.241
bearing_steel,0.7678,0.6177,0.4073,762.74,423.09,2.043,0.1292,311.813,95.765
spring_steel,0.8838,0.9381,0.9537,812.97,458.31,0.704,1.939,344.166,106.233
martensitic_stainless,0.6871,2.4969,1.5442,864.88,610.44,1.259,1.2045,362.494,113.225
spring_steel,0.7626,1.2686,1.0898,774.08,291.22,3.082,0.1676,418.728,87.153
spring_steel,0.232,1.9917,0.4246,936.09,522.9,3.168,2.639,256.343,110.752
bearing_steel,0.6209,1.4355,2.4661,915.7,628.33,1.317,47.8099,366.412,107.23
bearing_steel,0.1899,0.3694,2.3805,931.97,323.5,3.026,1.1678,311.346,112.8
low_alloy_steel,0.8719,1.5705,0.8239,861.97,435.48,2.773,9.8015,359.653,89.367
spring_steel,0.5259,1.6273,0.2248,926.57,228.6,2.171,16.1968,427.719,73.453
low_alloy_steel,0.8826,0.4527,1.621,781.38,619.84,3.894,0.2585,202.413,119.8
spring_steel,0.2109,0.5973,2.1458,790.74,387.32,0.626,63.884,325.156,111.534
spring_steel,0.9044,1.1636,2.4612,800.13,608.93,2.944,3.6922,322.85,125.304
low_alloy_steel,0.2,1.7442,1.7617,903.31,269.8,0.915,0.2086,292.793,105.621
low_alloy_steel,0.7874,0.4239,2.158,792.62,262.03,0.787,40.8619,411.88,103.298
bearing_steel,0.6688,0.7906,2.2887,813.89,229.71,0.514,0.6239,419.59,83.852
martensitic_stainless,0.4402,3.0499,1.9383,934.91,370.85,1.235,81.7029,567.564,70.031
low_alloy_steel,0.651,0.7249,0.426,856.11,253.39,2.394,12.563,379.877,88.671
bearing_steel,0.8824,0.5664,0.4973,784.19,215.76,2.566,3.0587,464.291,67.288
spring_steel,1.0006,1.8479,0.5991,842.16,322.65,3.653,0.451,450.974,75.285
martensitic_stainless,0.9845,3.6901,1.7898,872.35,401.95,3.257,19.2468,622.999,72.694
martensitic_stainless,0.5079,2.5593,2.0167,872.49,297.41,1.666,0.1083,449.765,82.892
spring_steel,0.8209,1.2606,1.2821,812.37,436.71,1.699,36.0555,408.603,90.725
spring_steel,0.1998,1.3884,0.3314,897.14,366.61,2.388,10.446,238.985,106.63
martensitic_stainless,0.3388,2.7073,0.8336,773.8,242.95,0.951,153.1033,554.079,75.632
spring_steel,1.0164,0.1208,0.7289,833.74,317.9,2.534,1.805,450.387,84.628
martensitic_stainless,0.5833,3.7319,0.8579,893.18,613.3,1.068,0.1126,324.738,101.749
low_alloy_steel,0.2276,1.2302,1.8969,801.62,450.5,2.61,3.0896,199.027,132.586
spring_steel,0.41,0.7662,1.1966,922.23,200.07,3.767,1.2152,397.69,76.115
martensitic_stainless,0.359,3.844,1.4945,802.76,445.44,2.867,120.9143,423.142,114.18
spring_steel,0.2986,0.2891,2.1635,956.97,497.9,1.69,8.4682,299.077,112.629
bearing_steel,0.8132,1.8129,0.4458,855.59,400.58,2.933,0.3511,356.932,92.382
low_alloy_steel,0.5065,1.0541,0.3048,801.25,185.67,3.64,0.3121,312.243,95.476
low_alloy_steel,0.4632,1.8097,1.5636,861.64,361.84,0.714,8.9318,282.229,107.561
martensitic_stainless,0.8225,3.2755,0.8681,852.89,448.06,2.647,0.2732,424.131,89.689
bearing_steel,0.1693,0.6484,0.7862,820.39,300.56,0.967,0.5757,284.661,100.994
martensitic_stainless,0.2312,2.3546,1.6888,924.11,583.54,2.41,89.2166,366.254,128.568
spring_steel,0.4302,1.4027,0.401,775.86,417.16,2.343,9.7977,271.03,101.8
bearing_steel,1.0128,0.1203,0.7563,806.2,218.12,3.071,6.569,513.948,73.933
bearing_steel,0.3061,0.7698,0.4944,899.49,572.3,0.396,35.4341,278.577,117.001
martensitic_stainless,0.4871,3.4608,0.8307,777.3,292.79,1.047,7.5557,467.933,89.244
spring_steel,0.4248,1.7265,2.0567,860.57,552.05,2.332,0.9767,226.213,130.258
spring_steel,0.1559,1.8212,0.7298,889.15,477.92,1.038,0.4295,231.249,122.491
spring_steel,0.4601,0.8126,0.6609,868.48,489.66,3.007,7.5217,242.242,130.438
bearing_steel,0.8276,0.7423,2.2432,962.56,602.38,2.831,0.229,325.809,115.759
bearing_steel,0.4263,1.5349,2.4511,915.92,232.01,3.081,17.399,430.239,88.273
low_alloy_steel,0.9793,1.1031,0.3378,961.0,334.66,0.535,0.156,356.458,82.026
low_alloy_steel,0.2572,1.4789,0.5561,973.68,203.02,3.155,1.9885,335.989,90.644
bearing_steel,0.2932,1.6943,0.3116,855.81,427.05,3.233,26.6014,322.201,86.4
spring_steel,0.7754,0.528,0.1108,763.53,622.63,1.994,134.1766,292.51,114.199
spring_steel,0.3409,1.1091,1.7475,925.23,234.69,0.251,6.9169,367.947,89.962
martensitic_stainless,0.842,3.1336,0.6066,761.95,283.58,2.389,30.6936,561.797,66.692
bearing_steel,0.7454,1.0216,1.6064,858.0,315.13,1.681,59.0878,452.625,95.062
bearing_steel,0.5736,0.1465,2.0869,898.55,183.15,1.293,104.5537,541.305,58.614
bearing_steel,0.8545,1.6617,0.395,838.08,323.51,1.42,99.7659,509.103,73.727
bearing_steel,0.4673,1.8725,1.4572,791.73,366.56,1.594,20.1426,399.854,97.508
low_alloy_steel,0.2298,1.5124,0.8544,820.94,575.28,3.728,0.3935,120.0,139.218
bearing_steel,0.3636,1.2365,0.5665,829.36,178.56,2.591,116.6807,485.076,72.196
spring_steel,0.1802,1.0254,0.6005,801.47,225.88,2.441,7.0579,322.237,90.481
spring_steel,0.4814,1.8521,0.4225,968.83,461.15,3.507,0.2788,287.769,108.553
spring_steel,0.3736,1.1113,1.106,917.63,314.95,2.707,82.221,442.688,85.362
low_alloy_steel,0.5203,0.4554,1.9539,939.97,418.62,2.426,22.3769,301.241,109.56
martensitic_stainless,0.6291,3.052,0.6969,905.77,272.01,0.96,28.2491,550.004,61.252
martensitic_stainless,0.9151,2.306,0.2518,817.68,463.24,0.456,0.9311,435.343,70.242
martensitic_stainless,0.5179,2.3347,2.3497,948.88,515.85,0.369,0.3137,340.96,112.912
spring_steel,1.0401,1.9787,2.3719,909.42,239.01,0.44,3.5587,530.782,61.97
bearing_steel,0.7947,0.3649,0.7928,788.83,490.61,3.313,0.1309,254.136,102.889
bearing_steel,0.3206,1.3317,0.318,929.22,582.24,1.127,3.8549,219.342,103.573
bearing_steel,0.8183,0.7619,2.492,938.22,205.32,1.24,0.6798,493.563,69.442
spring_steel,0.9641,0.4941,2.3504,775.34,257.27,3.626,34.6449,504.905,81.807
martensitic_stainless,0.5467,2.7243,0.4082,843.98,565.35,1.563,0.2735,295.9,111.269
low_alloy_steel,0.3981,1.9976,2.2298,903.0,613.27,1.364,22.4499,240.03,131.333
martensitic_stainless,0.7905,2.4639,1.557,818.37,245.54,2.085,3.1708,544.12,55.493
low_alloy_steel,1.0062,0.3806,0.112,803.17,327.0,0.905,17.5216,372.14,81.112
martensitic_stainless,0.4187,2.3535,1.3706,900.8,309.38,3.824,0.6101,424.83,79.754
spring_steel,0.9712,0.8798,0.2399,778.46,383.37,3.531,0.1428,352.491,94.559
martensitic_stainless,0.4664,3.4197,0.4877,775.76,311.13,1.173,0.4362,413.651,74.319
martensitic_stainless,0.4432,3.3629,0.5966,966.73,412.04,1.095,4.6622,431.587,80.706
spring_steel,0.7351,1.9798,0.2633,955.28,381.7,1.646,27.4761,434.083,73.687
low_alloy_steel,0.3464,1.8332,1.8621,871.47,307.58,1.642,13.0265,333.567,109.052
bearing_steel,0.7408,1.5519,2.1201,920.83,237.75,0.315,137.9943,546.212,62.476
bearing_steel,0.1976,0.8299,1.3875,919.09,287.05,2.661,0.1518,329.929,86.818
low_alloy_steel,0.2706,1.2396,1.938,920.13,241.91,1.096,3.6286,320.62,96.312
spring_steel,0.7965,1.0516,0.5579,844.26,532.09,2.732,0.3052,259.74,115.592
bearing_steel,0.4188,0.5173,2.1548,846.61,522.55,1.384,13.7387,275.53,122.504
low_alloy_steel,0.4402,0.2075,2.4521,979.82,162.2,2.674,4.0035,366.567,81.925
bearing_steel,0.5554,1.6056,1.9154,961.73,496.77,2.801,2.0414,346.174,101.744
spring_steel,0.6075,1.8088,1.8479,867.66,376.48,0.291,1.188,367.215,103.258
martensitic_stainless,0.2232,2.7307,0.8582,917.59,188.65,0.796,44.8583,523.887,60.295
spring_steel,1.0427,1.8337,2.0549,778.8,404.23,2.396,3.0968,437.955,84.663
martensitic_stainless,0.3498,3.74,0.8033,872.5,447.64,0.755,3.5257,404.278,100.165
spring_steel,0.803,0.911,2.1088,848.92,384.26,1.257,1.4399,369.905,105.07
martensitic_stainless,0.3077,3.5982,1.0728,774.96,430.47,0.797,107.5117,477.203,94.779
martensitic_stainless,0.7915,3.2768,1.223,913.86,156.93,3.906,1.6227,599.359,53.294
low_alloy_steel,0.7643,0.8742,1.9032,803.27,612.15,3.008,0.151,182.557,137.605
spring_steel,1.0402,1.1493,1.434,806.67,271.76,1.374,10.851,505.329,70.771
martensitic_stainless,0.325,2.2883,2.448,918.96,592.44,1.471,4.9654,313.453,110.56
spring_steel,0.2589,0.826,0.83,864.75,386.46,2.654,0.7695,268.216,108.332
low_alloy_steel,0.8108,0.9193,1.919,934.69,208.66,0.335,0.4679,360.063,99.226
low_alloy_steel,0.777,0.8182,2.2232,847.15,399.37,3.852,0.1331,265.361,118.351
bearing_steel,0.8084,0.7502,1.5058,796.95,223.94,1.212,3.8997,455.44,56.06
spring_steel,0.7876,1.2588,0.7423,965.88,467.22,2.025,2.4005,362.223,90.588
martensitic_stainless,0.8638,3.8369,1.4276,951.87,186.84,3.71,111.4136,724.965,26.904
spring_steel,0.2335,0.5041,0.1674,882.47,353.11,3.145,1.9058,246.57,99.75
bearing_steel,0.1833,1.7006,1.5053,933.13,216.08,0.363,38.779,413.525,99.849
spring_steel,0.2966,1.1164,1.7595,781.19,603.27,1.475,11.4688,185.151,137.014
martensitic_stainless,1.0427,2.3438,1.0779,815.16,627.04,0.847,76.9902,463.426,109.621
martensitic_stainless,0.6965,2.8189,2.1603,863.6,251.69,0.367,0.5029,492.327,84.213
bearing_steel,0.7165,0.4412,1.7206,779.3,341.3,0.237,1.3585,318.356,101.155
bearing_steel,0.7952,0.2986,1.1175,973.56,241.64,0.907,2.5901,466.551,81.354
spring_steel,0.8813,0.5542,1.8976,793.59,167.01,3.331,2.8419,451.66,83.065
bearing_steel,0.3583,0.9425,1.5215,903.29,522.56,2.048,0.6949,234.566,118.593
low_alloy_steel,0.6948,1.0022,0.5794,836.61,543.11,1.541,0.3118,190.792,124.081
bearing_steel,0.1875,0.4595,2.0469,776.45,305.31,3.232,40.2582,318.694,89.603
martensitic_stainless,0.5391,2.4699,0.1483,829.8,321.09,2.162,0.3658,388.459,75.787
bearing_steel,0.297,0.9743,2.3225,925.21,550.51,1.319,38.7968,306.889,114.326
spring_steel,0.2404,0.1762,0.4738,932.37,597.01,2.255,5.3588,174.131,132.167
low_alloy_steel,0.4455,0.576,1.7377,979.91,497.18,3.995,134.3397,302.163,128.569
bearing_steel,0.6319,1.77,1.9636,866.06,436.05,1.844,1.413,378.706,104.19
bearing_steel,0.2306,0.7676,2.2638,799.2,200.0,2.099,0.5925,329.04,102.498
spring_steel,0.6623,0.5913,1.2397,909.6,412.03,3.265,46.4165,385.441,85.973
bearing_steel,0.585,0.6767,1.1995,773.28,340.53,3.265,3.2062,325.342,100.038
bearing_steel,1.0064,0.5607,0.7697,861.66,480.56,3.001,124.7622,498.997,77.693
martensitic_stainless,0.7237,2.8866,1.6577,876.54,211.35,2.995,3.1159,574.593,57.661
martensitic_stainless,0.9406,3.2211,0.1167,904.33,303.33,0.973,0.2499,553.883,53.212
spring_steel,0.1921,1.7036,0.3045,892.66,387.14,0.341,1.339,231.015,106.648
spring_steel,1.032,1.3034,2.2726,933.08,512.22,2.309,0.1048,383.34,112.1
spring_steel,0.1761,1.4908,1.8619,817.09,376.57,1.457,116.472,360.293,103.926
martensitic_stainless,0.5004,2.7973,0.0237,924.2,449.79,1.711,2.6624,418.974,69.805
low_alloy_steel,0.3668,0.4967,0.3731,853.27,424.21,3.026,140.2779,286.506,106.695
martensitic_stainless,1.0422,3.6454,1.441,953.61,217.95,2.773,10.4935,669.362,53.637
martensitic_stainless,0.3868,2.7086,0.7473,966.77,436.77,3.519,6.6069,445.636,102.266
martensitic_stainless,0.4502,3.7951,2.343,934.36,632.02,3.119,8.7941,392.187,108.867
martensitic_stainless,0.6244,2.9404,1.718,877.66,464.07,3.069,0.2236,419.36,94.855
low_alloy_steel,0.3664,0.1786,1.1218,956.7,456.44,3.24,54.3658,302.904,107.511
spring_steel,0.8834,1.8815,1.5992,971.79,526.38,1.871,1.367,392.071,101.858
martensitic_stainless,0.2186,3.5624,0.27,800.51,462.35,1.0,0.5828,333.056,86.685
martensitic_stainless,0.1862,3.6043,0.0595,797.95,445.35,2.751,3.6709,332.938,99.292
spring_steel,0.5072,1.9535,0.3672,912.56,428.65,3.904,1.8637,277.389,117.502
martensitic_stainless,0.6816,3.0981,1.6107,864.39,379.6,1.282,0.158,463.453,80.528
bearing_steel,0.3659,0.5237,0.6435,905.52,607.54,3.666,1.752,202.874,137.319
bearing_steel,0.2146,1.532,2.3843,933.32,309.74,0.919,13.1845,369.754,91.267
bearing_steel,0.5912,1.4112,2.4732,970.7,353.27,2.121,131.5317,506.542,79.596
low_alloy_steel,0.4757,0.3695,1.0459,790.03,197.27,2.257,0.2918,297.031,99.499
spring_steel,0.6651,1.6834,1.9915,956.14,251.64,2.851,0.4739,401.448,76.521
spring_steel,0.6447,0.2204,0.6765,889.44,277.55,2.649,19.8976,415.395,74.715
martensitic_stainless,0.2226,2.3548,1.1393,885.6,507.35,0.549,13.4626,323.522,116.107
spring_steel,0.9309,1.3092,1.773,922.45,280.23,3.994,0.7447,429.769,86.821
spring_steel,0.9561,1.6811,0.0598,867.14,218.79,3.525,75.8514,553.533,47.641
low_alloy_steel,0.4064,0.7525,0.1306,791.67,171.21,2.08,0.4082,279.235,77.356
spring_steel,0.9244,1.6935,1.2698,942.17,534.04,3.373,3.8848,385.101,101.05
spring_steel,0.7097,0.6978,2.4454,816.47,362.4,2.313,131.3617,456.085,99.333
bearing_steel,0.5063,1.1009,0.9475,940.94,254.33,0.311,27.7397,465.138,81.738
spring_steel,0.2922,1.5549,1.3071,760.88,479.79,1.368,6.6711,241.082,129.789
low_alloy_steel,0.7149,1.5855,1.643,842.88,492.13,1.618,127.5887,324.647,102.037
spring_steel,0.9042,0.6599,0.4341,946.66,342.76,2.157,24.4311,464.276,77.149
bearing_steel,0.3004,0.597,0.4865,878.85,200.74,3.386,0.3472,337.343,83.265
martensitic_stainless,1.0276,3.8906,1.5463,949.63,284.86,1.186,0.1383,609.165,68.438
low_alloy_steel,0.7075,0.809,0.8023,865.1,530.22,0.884,1.0136,238.47,116.936
martensitic_stainless,0.6949,2.3553,0.4708,829.66,192.45,2.787,0.2333,501.053,61.828
spring_steel,0.2168,1.4237,2.305,874.0,220.94,3.988,85.5866,417.032,79.748
bearing_steel,0.775,1.41,1.3242,968.26,317.35,0.331,1.3167,443.202,88.995
low_alloy_steel,0.2715,0.4151,0.1225,769.75,170.0,3.775,19.2348,298.994,83.963
spring_steel,0.9224,1.1679,1.9066,940.75,633.81,0.946,0.6586,292.237,129.468
spring_steel,0.3208,1.1707,2.3066,761.0,369.28,2.758,20.9111,303.607,117.918
martensitic_stainless,0.4862,3.5202,2.2817,863.62,182.77,3.218,0.3804,539.597,79.247
bearing_steel,0.7771,1.678,2.3283,896.43,263.49,3.724,0.2384,442.384,80.264
spring_steel,0.9243,1.0175,0.8356,796.66,437.94,0.705,19.1613,404.881,97.885
spring_steel,0.3799,0.3482,1.6876,767.28,607.56,2.654,147.2049,256.243,132.078
martensitic_stainless,0.8395,2.6322,0.7414,872.26,477.83,2.916,0.8417,436.494,83.236
spring_steel,0.3274,1.3123,1.4608,850.18,192.52,0.441,0.1995,320.067,104.333
spring_steel,0.6042,0.2891,0.8502,974.15,192.83,1.129,1.4649,417.849,78.936
bearing_steel,0.9076,1.0299,2.0996,957.66,491.81,1.394,0.1457,385.215,112.777
bearing_steel,0.2793,0.1548,2.2267,865.13,297.77,3.217,1.6535,336.399,99.117
martensitic_stainless,0.2519,3.9539,0.2892,977.83,644.66,3.414,3.4302,332.799,127.834
bearing_steel,0.4512,1.536,1.3909,785.37,219.22,0.475,0.1943,311.38,81.79
low_alloy_steel,0.2529,1.1479,1.5338,889.04,363.16,1.87,0.2008,239.703,124.422
martensitic_stainless,0.4965,2.5987,1.2808,929.33,283.42,2.887,84.4813,582.665,57.31
spring_steel,0.866,1.0808,2.0148,770.42,488.92,0.846,1.3896,326.421,93.838
martensitic_stainless,0.323,3.2073,0.2705,977.96,606.33,2.86,19.9775,378.223,102.342
spring_steel,0.6071,1.3496,1.403,885.5,244.32,0.575,1.3245,397.025,97.155
martensitic_stainless,0.5831,2.2745,1.4244,957.67,564.64,3.545,0.4431,409.721,105.677
low_alloy_steel,0.2861,0.461,1.9034,957.51,448.77,2.247,2.0578,213.509,121.462
martensitic_stainless,0.5158,3.4043,1.3611,835.76,267.39,0.535,4.7851,484.898,84.752
low_alloy_steel,0.4675,1.0451,1.9753,880.51,406.14,2.393,1.8386,237.219,122.727
bearing_steel,0.6437,1.2223,2.4223,818.82,483.9,0.623,1.211,317.819,101.122
spring_steel,0.2415,0.972,1.2263,811.58,365.71,2.955,0.1068,208.791,121.855
low_alloy_steel,0.6662,0.3798,2.4665,926.76,305.35,3.364,3.5861,351.874,98.961
low_alloy_steel,0.7719,1.4619,1.7436,922.26,396.43,0.621,26.6768,428.686,89.819
martensitic_stainless,0.2095,3.243,0.7249,958.54,485.0,1.67,8.7456,366.217,96.01
spring_steel,1.0105,1.4717,0.4099,950.98,567.25,1.108,21.5123,410.714,91.051
low_alloy_steel,0.3444,0.4712,0.5961,774.58,394.32,3.414,126.3541,271.387,102.189
bearing_steel,0.6041,1.2367,2.3601,938.85,546.42,3.571,19.3226,351.809,101.889
martensitic_stainless,0.7649,2.6581,2.4706,961.95,456.23,0.787,0.4546,447.874,87.845
martensitic_stainless,0.2664,3.984,0.1337,925.82,399.03,0.245,0.1262,381.723,80.499
martensitic_stainless,0.3896,3.3253,0.3655,925.95,490.8,3.949,0.2302,375.955,93.214
spring_steel,0.3416,1.0913,2.135,800.9,197.01,1.398,0.2055,323.681,97.777
spring_steel,0.7391,1.8103,0.3256,913.75,258.6,1.29,4.3604,430.481,65.808
low_alloy_steel,0.2744,0.7099,1.9953,889.83,430.58,2.901,0.4119,163.827,134.439
bearing_steel,0.8949,0.9955,0.729,977.03,544.94,2.243,39.7549,413.621,85.667
martensitic_stainless,0.2949,2.7454,1.795,947.72,648.48,1.953,0.1128,257.142,127.762
low_alloy_steel,0.8964,1.3591,2.4795,809.59,647.34,0.363,4.0326,259.831,119.327
martensitic_stainless,0.2392,2.5066,2.1896,785.95,539.7,3.675,3.0941,321.571,110.536
low_alloy_steel,0.3081,0.3975,1.1413,764.9,258.04,1.149,13.984,286.407,105.706
spring_steel,0.3498,1.7316,0.8655,845.55,244.31,3.684,19.9165,379.801,93.906
bearing_steel,0.463,0.7583,0.0874,952.2,189.22,3.89,0.1709,354.905,83.394
spring_steel,0.6523,1.6461,0.0973,818.18,244.87,2.252,14.859,419.414,79.446
bearing_steel,0.6072,0.1389,1.2217,768.14,332.22,0.967,2.7522,336.07,102.986
bearing_steel,0.4675,0.5105,0.6653,760.22,389.1,3.981,90.366,345.763,99.024
martensitic_stainless,0.7254,3.9716,0.5842,835.35,220.91,3.62,0.5114,545.413,62.322
spring_steel,1.0322,1.3961,1.8187,873.17,365.66,2.009,5.2043,461.296,87.327
spring_steel,0.822,1.6646,1.0525,910.7,240.55,3.865,64.1632,543.536,62.67
low_alloy_steel,0.7262,0.2347,1.1034,878.86,501.49,3.881,21.6423,300.328,99.867
martensitic_stainless,0.7798,2.4492,0.7389,851.03,369.08,3.23,0.1932,466.131,89.2
bearing_steel,0.9493,0.4735,2.2578,831.52,238.93,0.858,11.1899,497.247,72.63
spring_steel,1.0287,1.4727,0.773,967.13,270.74,3.805,0.5601,493.502,73.582
low_alloy_steel,0.4869,0.3724,0.7064,895.85,388.29,3.796,2.7921,260.107,106.269
spring_steel,0.2847,1.9608,1.9268,907.26,408.59,2.354,0.1779,278.281,117.38
spring_steel,0.9566,0.6329,1.925,840.78,359.86,0.539,1.7227,373.228,106.273
low_alloy_steel,0.9151,0.5087,1.9649,777.5,514.9,2.425,38.3312,378.207,112.901
spring_steel,0.9589,1.7013,0.1571,770.5,247.52,2.789,33.3303,507.133,73.24
martensitic_stainless,0.744,3.833,1.7194,977.68,461.78,1.017,4.5739,496.239,83.825
bearing_steel,0.5151,0.7059,1.7307,926.15,356.0,2.67,4.7852,350.088,101.678
low_alloy_steel,0.9986,1.1718,1.2432,936.67,160.9,1.244,19.592,511.091,55.789
bearing_steel,0.9445,0.2112,0.4762,876.82,312.38,0.605,0.7759,415.209,79.559
spring_steel,0.4584,1.3395,0.8369,898.22,265.7,3.871,0.5044,331.502,103.37
martensitic_stainless,0.6731,3.9492,1.9183,896.4,383.82,0.35,23.913,537.373,80.569
spring_steel,0.4018,0.8753,0.6085,778.37,389.29,2.994,13.3083,293.778,98.605
martensitic_stainless,0.155,2.3132,2.0611,977.87,425.44,1.612,26.4306,408.708,109.616
martensitic_stainless,0.3728,3.8841,1.7892,884.58,387.67,3.004,36.1245,482.06,101.609
martensitic_stainless,0.6044,2.5639,1.9082,902.73,516.75,1.382,10.1428,453.495,78.422
bearing_steel,0.6386,1.6705,1.1532,921.83,202.01,3.682,0.5142,458.969,84.857
martensitic_stainless,0.7751,2.699,1.6915,831.76,327.23,3.66,0.1086,469.419,76.634
spring_steel,0.4343,0.6982,1.0034,971.7,275.25,2.639,142.9521,450.824,84.897
low_alloy_steel,0.5423,0.411,1.3607,920.04,464.08,2.274,26.861,274.877,121.106
bearing_steel,0.8075,0.1093,0.1772,810.29,559.49,3.912,116.5794,358.949,89.573
bearing_steel,1.0042,1.2831,0.1482,960.35,222.96,3.261,8.2057,547.114,54.515
spring_steel,0.4938,1.4288,0.1516,878.57,226.7,0.629,0.4561,330.559,85.77
low_alloy_steel,0.1574,0.5107,0.9241,769.89,464.39,3.897,18.5136,139.504,136.774
bearing_steel,0.9328,1.3987,0.3959,907.65,253.82,0.239,0.2889,451.63,67.309
martensitic_stainless,1.0179,3.8814,2.3174,801.85,624.59,2.299,0.1399,406.593,102.47
martensitic_stainless,0.5919,3.3928,0.9214,829.41,161.74,2.969,2.9044,562.61,45.757
bearing_steel,0.7816,0.48,1.0341,952.38,356.24,2.631,155.9608,478.065,74.665
spring_steel,0.8904,1.0741,1.6333,784.3,439.57,0.513,1.7018,310.147,103.766
bearing_steel,1.0004,1.871,1.6937,878.92,480.1,0.29,124.0701,519.695,78.241
spring_steel,0.7523,0.108,0.9166,954.83,320.15,3.937,108.8562,501.224,67.711
spring_steel,0.585,1.674,0.9984,800.57,216.27,1.174,24.0274,415.682,87.43
bearing_steel,0.3159,0.3787,1.2732,875.33,411.58,2.117,78.8174,342.26,98.489
bearing_steel,0.4046,1.0418,1.3732,801.9,538.62,3.57,0.3575,217.047,116.206
bearing_steel,0.4011,1.0849,0.9038,854.99,215.91,1.665,0.3564,363.131,91.196
spring_steel,0.7296,1.7983,0.5669,833.25,502.07,1.051,0.4527,298.979,112.848
martensitic_stainless,0.4943,3.7738,1.1953,858.19,572.29,1.261,4.3926,366.999,105.194
spring_steel,0.2007,1.2988,1.3059,822.52,342.11,3.34,0.2387,249.313,109.274
bearing_steel,0.3001,1.9082,2.263,850.81,589.68,1.983,1.7608,217.199,141.292
low_alloy_steel,0.5984,1.1133,0.2399,860.75,225.81,0.62,0.2976,313.322,86.47
martensitic_stainless,0.7954,2.5455,1.2205,840.43,489.22,2.383,3.557,420.589,99.146
spring_steel,0.3819,0.3406,0.0892,912.52,308.23,1.197,0.1009,231.759,102.752
low_alloy_steel,0.6597,0.5548,1.0667,769.35,310.79,2.316,108.2521,394.229,94.848
martensitic_stainless,0.3605,3.6124,0.8339,956.57,516.32,1.836,1.3266,384.981,110.708
low_alloy_steel,0.2966,1.8857,1.3662,874.83,509.88,0.606,5.0273,194.632,135.439
spring_steel,0.3174,0.7769,0.0032,923.58,185.81,1.396,0.9705,311.455,91.301
spring_steel,0.8109,1.4332,1.1474,821.78,442.25,0.221,0.2501,294.898,98.349
low_alloy_steel,0.7161,0.2843,1.7764,959.81,396.68,1.89,116.0495,382.787,90.712
martensitic_stainless,0.3073,3.8555,1.5137,892.07,561.62,2.297,26.7137,397.219,93.445
spring_steel,0.4299,1.2944,0.0009,795.54,547.25,3.561,0.1057,177.418,109.71
spring_steel,0.9649,0.3413,1.4832,940.49,286.92,0.507,17.9653,482.028,64.444
low_alloy_steel,0.7005,1.4307,1.8188,845.11,273.47,1.029,4.0394,347.226,105.664
bearing_steel,0.7835,1.4427,0.8742,864.3,259.87,2.422,5.7839,502.262,69.145
spring_steel,0.9271,1.7526,2.3617,778.53,371.2,1.373,24.7933,469.367,82.817
spring_steel,0.8932,0.5117,1.677,890.5,544.97,2.319,21.5,380.366,105.482
martensitic_stainless,0.8138,2.603,2.2658,806.18,602.6,2.287,2.6313,404.247,115.619
spring_steel,0.8728,0.5644,1.5217,802.03,566.24,2.891,0.4869,298.691,122.124
low_alloy_steel,0.7917,0.1606,0.935,822.96,590.51,3.824,0.1534,193.714,127.43
low_alloy_steel,0.8637,0.9515,2.1225,924.24,421.24,1.693,2.293,329.738,96.692
spring_steel,0.4804,1.3096,0.8197,873.96,533.65,1.42,0.2944,230.178,120.407
low_alloy_steel,0.1647,0.8207,0.9348,871.15,333.76,2.986,1.4545,239.669,107.824
bearing_steel,0.9309,1.7065,2.0775,891.02,573.2,3.455,30.0895,447.963,89.498
bearing_steel,0.6963,0.6985,0.0512,900.54,512.31,1.595,5.8321,314.822,103.715
low_alloy_steel,0.5105,1.751,2.2735,925.27,419.62,0.554,40.2285,347.838,113.868
low_alloy_steel,0.7299,1.7437,1.9298,968.65,230.95,1.444,0.5263,377.154,79.501
spring_steel,0.727,1.0475,2.4522,909.18,639.86,0.735,125.3729,383.416,118.7
martensitic_stainless,0.9489,3.1557,1.5597,846.47,167.37,2.243,12.1114,636.111,58.087
spring_steel,0.3105,1.2327,1.8827,817.12,322.14,2.462,2.9645,267.879,115.681
low_alloy_steel,0.2721,1.1599,1.2632,839.12,567.47,1.777,33.994,191.047,140.172
low_alloy_steel,0.2616,1.2438,0.4247,773.64,189.41,3.57,0.1232,230.969,101.847
spring_steel,0.2203,0.2648,1.8166,887.81,520.18,1.616,3.3234,187.876,134.044
bearing_steel,0.6407,0.9244,1.4828,840.88,381.06,2.903,1.6405,341.956,106.123
low_alloy_steel,0.1826,0.3871,1.3711,940.58,530.83,2.703,0.6438,139.439,136.693
low_alloy_steel,0.9579,1.6988,1.6626,890.66,619.79,2.437,41.7254,322.824,108.093
low_alloy_steel,0.865,1.9695,1.8038,894.24,455.08,1.763,3.5663,330.264,105.381
bearing_steel,0.9214,0.6201,0.9731,785.85,606.66,3.976,32.4697,388.506,97.789
low_alloy_steel,0.5625,0.1151,2.4738,849.23,472.53,0.394,5.8885,250.001,120.533
spring_steel,0.4161,0.6032,0.7938,804.35,549.96,3.318,1.9201,190.497,111.219
spring_steel,0.2844,1.9375,1.7457,796.61,382.71,2.507,5.4288,250.821,124.884
bearing_steel,0.7689,1.9853,1.8218,827.32,181.86,3.908,68.5959,611.708,41.7
martensitic_stainless,0.9456,3.5543,1.4867,903.13,345.0,0.464,18.2919,586.282,49.615
spring_steel,0.4779,1.5128,1.4633,882.98,198.02,0.746,0.6365,368.889,93.285
martensitic_stainless,0.3759,2.355,0.4747,937.53,189.15,1.292,45.3109,541.992,59.153
low_alloy_steel,0.3454,0.3841,2.0591,873.65,331.42,3.786,0.3909,210.492,112.418
bearing_steel,0.2716,0.9893,0.2988,852.42,521.98,1.641,0.6982,184.442,143.513
low_alloy_steel,0.6266,0.5316,1.7223,807.68,606.95,3.056,9.7785,220.854,128.935
spring_steel,0.3985,0.4096,2.2904,815.47,494.12,3.86,12.8523,273.568,125.146
low_alloy_steel,0.9334,1.9059,1.0382,961.06,152.6,2.041,28.5314,555.81,44.937
spring_steel,0.9666,1.4497,1.6121,956.81,213.44,2.196,0.1829,497.03,77.311
bearing_steel,0.2928,1.829,1.4864,923.12,275.56,1.35,34.2128,454.256,80.867
spring_steel,0.6201,0.2335,0.1549,916.63,263.21,1.603,28.3578,441.448,59.561
spring_steel,0.6165,1.9854,2.0686,978.84,163.01,2.066,6.0263,514.925,90.313
spring_steel,0.863,0.9054,2.0146,864.43,288.41,0.482,0.1439,359.099,94.754
martensitic_stainless,0.797,3.5088,1.0306,958.11,538.09,2.682,1.1766,433.218,97.907
spring_steel,0.9762,1.3016,1.9069,817.79,631.4,1.586,3.0708,318.915,108.568
martensitic_stainless,0.3984,3.1496,1.0532,917.47,324.63,0.497,0.3118,406.012,90.167
low_alloy_steel,0.8904,1.4542,1.1779,840.96,540.63,1.855,3.2376,304.649,112.306
low_alloy_steel,0.1885,1.9961,2.0231,816.14,526.53,3.005,6.7159,196.77,149.475
low_alloy_steel,0.1893,0.5394,1.7022,942.95,566.61,2.156,0.1404,120.0,154.819
bearing_steel,0.9716,1.2404,1.4063,947.4,304.3,2.492,44.3979,558.354,67.706
spring_steel,0.8508,1.527,1.6824,806.87,150.1,3.755,0.1739,468.265,68.975
martensitic_stainless,0.9109,2.5305,1.1989,905.52,380.17,1.622,0.494,514.013,80.389
low_alloy_steel,0.8771,0.1514,1.4215,936.01,223.98,3.841,12.116,430.105,82.384
low_alloy_steel,0.1676,0.6224,2.2727,867.93,208.98,0.557,0.6369,237.57,119.314
martensitic_stainless,0.8717,3.7215,0.0166,779.13,427.73,2.585,5.611,444.584,70.921
martensitic_stainless,0.2522,3.3103,1.8084,969.27,190.47,1.798,6.9286,504.931,73.781
martensitic_stainless,0.391,3.895,1.3959,929.66,231.75,2.139,5.0462,501.339,66.364
spring_steel,0.6206,0.1529,0.4941,853.97,259.4,2.688,0.1043,318.404,83.152
spring_steel,0.9844,1.9082,0.6757,812.52,348.81,0.637,1.8759,394.641,92.894
martensitic_stainless,0.3372,3.7783,1.4501,800.83,512.36,0.806,28.5757,407.408,104.375
low_alloy_steel,0.4496,0.3041,0.8634,789.98,501.4,1.44,0.6801,154.372,132.704
martensitic_stainless,0.621,2.4256,2.024,861.7,483.74,1.326,122.8084,498.805,109.69
martensitic_stainless,0.8537,3.2592,0.5119,845.58,150.96,1.206,14.8776,647.638,42.907
spring_steel,0.3468,0.371,0.6557,782.01,259.94,1.335,0.3208,243.678,110.572
spring_steel,0.1724,1.7378,2.265,764.53,617.17,1.999,1.4488,149.763,138.607
martensitic_stainless,0.8189,3.9033,0.2185,795.09,528.16,3.138,0.6373,421.585,92.815
martensitic_stainless,1.043,3.8919,1.2466,853.76,633.95,2.238,49.8086,510.512,81.713
martensitic_stainless,0.9499,3.4301,0.9632,818.12,353.37,2.27,0.7575,503.929,66.865
spring_steel,0.268,0.4018,0.7094,900.26,295.14,0.894,0.1489,241.225,106.221
spring_steel,0.9213,0.8873,0.1752,911.51,156.38,3.697,11.4178,541.594,55.107
low_alloy_steel,0.6938,0.8998,2.4601,772.74,492.55,3.313,7.9,289.005,124.371
bearing_steel,0.4698,1.9372,1.3003,772.61,279.6,2.215,18.2171,409.942,75.976
spring_steel,0.3416,1.8643,1.0297,841.14,308.74,2.271,2.572,324.37,111.738
martensitic_stainless,0.8166,2.6134,0.3231,872.1,490.0,1.468,0.1497,409.09,83.61
low_alloy_steel,0.7765,0.3944,0.844,978.04,636.11,2.692,0.1295,205.437,133.856
martensitic_stainless,0.3805,3.0369,0.8509,977.02,390.02,3.18,32.6476,470.339,85.516
spring_steel,0.2973,0.5441,0.9696,961.44,258.77,1.53,31.4865,377.257,80.507
bearing_steel,0.6297,0.5214,2.3687,906.18,510.93,2.231,0.3659,254.688,116.456
spring_steel,0.5286,1.3584,1.8473,800.75,309.48,3.824,0.1283,318.646,102.817
martensitic_stainless,0.9058,3.6558,2.1466,899.69,225.53,1.488,1.0674,643.028,42.061
martensitic_stainless,0.8907,3.8319,0.887,845.79,362.24,2.897,26.546,569.11,67.41
bearing_steel,0.3158,1.5753,0.1536,876.72,420.57,3.696,33.8787,341.013,96.658
spring_steel,0.9224,1.2385,2.467,867.2,514.64,2.696,7.4625,382.336,99.54
spring_steel,0.1875,1.707,1.4743,930.64,389.89,2.357,28.4467,329.806,121.488
martensitic_stainless,0.7906,3.5788,0.1116,951.94,449.67,2.778,2.4872,501.613,83.761
martensitic_stainless,0.9395,3.9882,0.2725,948.26,501.78,2.993,6.7372,477.571,70.373
martensitic_stainless,0.2567,2.6713,1.7055,940.44,404.93,3.551,8.3692,382.983,104.605
spring_steel,0.5383,0.2788,1.7355,895.65,475.48,1.148,21.9067,330.073,109.183
low_alloy_steel,0.1799,1.7032,0.4879,978.58,347.7,2.354,2.6123,258.962,119.788
spring_steel,0.4198,1.3794,2.2965,761.62,287.65,2.303,155.9703,443.729,100.116
bearing_steel,0.1756,1.3552,0.2355,956.72,205.36,0.64,70.9779,419.833,72.294
bearing_steel,0.9482,1.9662,0.8107,941.88,360.53,1.141,75.4101,525.546,70.476
martensitic_stainless,0.5759,2.4535,0.9366,812.31,487.02,3.146,0.8262,349.691,120.244
martensitic_stainless,1.0002,2.7368,2.2434,859.84,194.29,0.672,0.4948,601.392,61.799
spring_steel,0.276,1.0062,1.7695,979.17,249.43,2.053,14.1392,413.392,73.974
martensitic_stainless,0.6112,2.2521,1.7789,938.07,557.53,3.876,31.0746,462.546,100.698
martensitic_stainless,0.1738,2.7222,1.1954,777.87,648.45,1.319,14.2173,266.472,118.905
martensitic_stainless,0.8781,2.3901,1.5793,890.27,616.8,0.586,2.9036,418.961,107.703
spring_steel,0.6489,1.3084,2.3983,823.09,443.52,3.659,0.4686,285.64,110.561
low_alloy_steel,0.7045,1.0439,2.0,842.28,253.74,1.534,5.8622,374.958,85.448
bearing_steel,0.6654,1.9573,0.2684,914.14,379.48,1.993,0.1978,353.864,102.04
martensitic_stainless,0.6592,3.522,0.3107,872.17,236.36,1.809,0.1948,478.688,73.471
bearing_steel,0.7425,0.2448,1.2595,884.07,398.73,1.236,1.4315,353.852,94.556
martensitic_stainless,0.5564,2.7234,1.9281,890.79,154.51,0.468,0.1484,532.101,66.663
martensitic_stainless,0.1939,2.4254,2.4527,899.79,199.48,3.408,0.373,439.071,94.825
martensitic_stainless,0.4704,3.8229,2.4623,885.83,519.03,3.432,90.4259,488.392,82.362
spring_steel,0.8121,0.8315,0.897,941.57,449.95,3.029,0.5964,318.29,103.662
bearing_steel,0.6922,0.6925,2.1854,786.32,512.05,2.012,24.3739,343.533,109.884
bearing_steel,0.7227,1.2794,1.8511,851.64,386.1,1.616,0.5212,377.513,96.005
martensitic_stainless,0.9744,3.5753,1.237,821.34,208.04,0.625,10.7063,651.329,56.079
bearing_steel,1.0328,0.2112,1.1252,806.19,602.31,1.817,1.0444,293.839,112.836
martensitic_stainless,0.2323,3.4886,1.4095,822.56,457.38,3.073,20.0892,410.9,90.931
martensitic_stainless,0.2896,2.2994,1.4902,963.6,327.96,1.123,0.5987,392.389,95.486
bearing_steel,0.9699,1.4388,1.7417,786.42,265.46,3.38,0.7079,451.427,81.878
low_alloy_steel,0.5395,0.4319,2.203,946.43,314.72,1.612,0.3377,252.336,104.669
spring_steel,0.3041,0.3006,1.9433,865.13,265.25,2.33,5.4605,293.795,120.6
low_alloy_steel,0.2015,1.5037,1.1053,905.81,530.29,2.074,24.0915,197.898,120.571
low_alloy_steel,0.2435,0.9866,1.3791,812.96,257.62,3.591,7.6261,240.021,95.801
bearing_steel,0.3888,1.6184,0.767,809.1,450.0,3.973,0.1375,269.699,124.816
low_alloy_steel,0.5825,0.4015,1.5357,785.16,379.46,2.885,12.2817,302.142,126.474
bearing_steel,0.2503,1.0436,1.1854,876.38,640.35,3.057,55.283,208.419,147.202
low_alloy_steel,0.7269,0.2818,0.7439,903.76,312.83,3.816,5.6718,356.842,93.764
bearing_steel,0.99,1.4009,0.7696,816.46,180.71,3.058,5.0847,540.796,71.915
low_alloy_steel,0.9162,1.6768,2.3401,773.1,273.96,3.729,1.8729,361.046,95.182
bearing_steel,0.8154,1.2467,1.8987,949.7,529.63,3.164,0.134,356.246,100.843
martensitic_stainless,0.4032,3.5419,0.4751,824.46,402.44,1.155,1.3107,390.239,84.208
bearing_steel,0.2988,1.5749,0.1608,792.11,548.45,1.413,0.309,169.741,120.215
martensitic_stainless,0.373,2.7227,1.1351,899.45,630.57,1.274,11.6223,367.874,113.043
low_alloy_steel,0.2748,0.7541,1.4088,764.48,265.73,1.22,0.1977,193.481,112.717
martensitic_stainless,0.417,2.6658,0.2036,816.91,280.76,0.457,3.4509,432.342,84.21
bearing_steel,0.3115,0.4305,0.6662,917.81,178.62,0.273,89.857,443.613,74.858
martensitic_stainless,1.04,2.863,1.061,809.77,281.19,3.214,9.558,623.011,52.734
spring_steel,0.5459,0.6014,0.4069,966.36,315.18,0.4,0.9776,358.092,94.338
low_alloy_steel,0.8592,1.3662,0.0593,944.45,518.96,1.339,138.7014,375.424,73.571
bearing_steel,0.8368,0.8111,2.1499,831.99,385.57,3.69,0.114,368.22,85.583
bearing_steel,0.2473,1.5714,1.8882,817.36,344.93,3.463,0.2094,315.662,103.965
spring_steel,0.6593,1.0093,0.1499,783.06,537.37,2.943,1.8814,266.196,115.067
low_alloy_steel,0.7417,1.631,1.1739,829.77,359.94,0.304,0.1883,318.299,96.071
martensitic_stainless,0.5485,2.698,0.4693,947.37,168.75,1.024,1.1225,506.658,56.426
bearing_steel,0.7536,0.4769,1.8244,941.28,428.22,1.163,20.626,441.848,80.463
low_alloy_steel,0.3731,0.1247,1.1099,842.31,342.82,1.855,148.3875,307.373,110.097
martensitic_stainless,0.8919,3.5761,1.8186,806.55,638.07,0.668,1.2984,401.395,118.271
spring_steel,0.4075,0.3259,1.9213,765.28,491.58,2.601,1.1023,215.356,120.25
spring_steel,0.8091,0.8445,0.2317,914.09,642.31,1.202,0.2702,248.29,117.343
low_alloy_steel,0.2703,1.1715,0.1932,961.73,238.87,3.692,134.7458,387.389,85.655
low_alloy_steel,0.7185,1.5616,1.0956,955.25,215.08,1.495,0.6782,403.668,87.792
bearing_steel,1.0499,0.744,1.9581,948.44,461.6,1.181,0.6604,452.047,95.422
bearing_steel,0.7108,1.3517,1.4056,815.69,154.37,1.318,9.7166,478.421,72.813
low_alloy_steel,1.0289,1.7791,0.4299,912.33,610.44,3.795,0.4526,281.086,109.951
martensitic_stainless,0.6245,3.2703,1.8112,860.92,397.79,3.8,0.6358,425.999,102.283
low_alloy_steel,0.8961,1.0979,1.6541,788.23,376.21,1.796,31.0103,393.951,83.489
bearing_steel,0.5609,0.737,1.7593,832.88,637.95,3.585,0.1164,184.994,139.379
bearing_steel,0.8615,1.2507,1.3625,845.48,447.63,2.655,0.1375,364.699,91.985
bearing_steel,0.4616,0.7307,1.7976,853.63,355.84,0.771,146.8434,439.611,87.716
bearing_steel,0.7129,0.7111,1.0611,899.76,552.68,1.838,0.647,291.232,123.858
spring_steel,0.1719,0.9191,1.6733,865.09,465.4,0.691,2.6403,219.113,129.821
martensitic_stainless,0.2039,2.6631,1.35,963.65,223.67,0.775,2.5395,434.119,81.335
low_alloy_steel,0.9845,1.7111,0.2639,814.2,272.39,1.587,1.8251,416.527,67.112
martensitic_stainless,0.8996,2.4154,0.9383,898.03,414.26,1.127,0.8439,463.208,88.221
low_alloy_steel,0.4099,0.2313,1.3535,938.59,516.43,0.819,64.8156,201.663,113.69
bearing_steel,0.6378,0.4815,0.3014,877.16,508.78,3.122,1.0386,263.677,102.269
low_alloy_steel,0.9134,1.9693,1.2913,843.02,570.1,1.37,10.9171,327.295,109.169
bearing_steel,0.6829,0.2256,1.3248,777.73,390.91,3.162,0.1338,306.418,95.519
low_alloy_steel,0.8376,0.7362,1.0244,818.92,390.61,1.903,13.7742,355.059,107.375
martensitic_stainless,0.5128,3.6296,1.0815,824.06,503.0,2.783,11.1382,371.286,101.683
martensitic_stainless,0.3703,2.147,1.5965,961.57,179.42,3.363,6.432,495.655,68.462
spring_steel,0.6703,0.2454,1.3664,805.05,182.29,2.41,0.2437,361.129,79.244
bearing_steel,0.743,1.8359,2.367,862.49,326.76,3.215,36.7114,472.343,96.962
spring_steel,0.7665,0.4838,2.4076,968.31,153.71,3.411,1.9645,508.099,65.966
low_alloy_steel,0.4362,0.7305,0.1229,849.98,404.08,3.312,8.0587,224.479,107.257
bearing_steel,0.1725,0.5245,1.7248,943.6,524.23,2.591,0.462,194.54,130.337
martensitic_stainless,0.6134,3.1656,0.8499,769.49,433.67,2.995,0.2106,381.82,105.308
martensitic_stainless,0.5075,3.7283,0.8681,961.38,641.38,2.301,70.985,400.698,106.914
bearing_steel,0.1774,0.2,1.8968,787.49,553.39,3.957,0.1771,120.0,130.469
bearing_steel,0.1986,0.1664,1.2804,763.37,425.56,2.457,2.2529,191.234,104.342
bearing_steel,0.7594,0.1113,0.7321,841.65,477.07,2.311,0.2025,311.08,115.494
low_alloy_steel,0.5705,1.7229,0.1371,907.05,209.22,3.389,23.1599,436.63,71.674
low_alloy_steel,0.9583,0.8128,0.8629,961.2,258.88,2.569,0.2714,402.635,81.278
bearing_steel,0.3356,1.9172,1.6294,774.87,459.53,0.543,0.9403,213.471,118.453
spring_steel,0.7776,0.3911,2.3783,917.12,194.99,3.723,146.5334,539.261,70.596
low_alloy_steel,0.9625,1.3155,2.2788,917.17,397.85,2.139,0.237,346.634,102.841
spring_steel,0.4911,1.5299,0.7574,811.56,164.76,1.256,2.9491,404.653,75.461
martensitic_stainless,0.2849,2.6088,1.8997,939.63,490.17,0.777,46.6849,440.476,87.842
low_alloy_steel,0.4792,0.122,1.4978,768.35,442.99,0.377,68.7961,244.993,98.568
martensitic_stainless,0.2913,3.1905,2.1902,977.39,192.75,0.908,0.2535,489.999,75.674
low_alloy_steel,0.4924,1.4931,0.3164,860.52,162.3,1.104,0.1047,324.226,92.997
low_alloy_steel,0.7547,1.3235,1.4806,915.37,312.95,2.603,0.2058,309.672,104.273
bearing_steel,0.4768,1.8168,2.1055,970.71,322.69,0.645,10.9711,440.186,102.39
spring_steel,0.6294,0.6882,2.4418,917.49,253.69,3.988,3.0433,426.94,73.478
martensitic_stainless,0.6707,2.3431,2.1631,940.69,573.66,1.109,0.5336,395.606,121.048
martensitic_stainless,1.0402,3.6446,1.5269,926.11,523.42,3.641,0.1079,507.73,83.422
bearing_steel,0.4229,0.8926,2.1131,910.08,398.92,1.649,0.4395,326.79,112.734
bearing_steel,0.4948,1.0941,0.376,907.64,598.81,3.662,2.7182,274.642,127.847
low_alloy_steel,0.841,0.7079,0.5011,850.0,348.33,3.326,2.092,313.709,92.297
spring_steel,0.5809,0.3458,2.4973,814.96,363.23,0.797,0.1784,312.117,108.322
low_alloy_steel,0.8877,1.6782,0.667,963.15,394.65,0.347,32.2707,440.443,97.274
bearing_steel,0.9469,1.8108,1.0615,848.39,380.37,3.037,1.9892,425.979,77.392
spring_steel,0.1605,1.5951,0.0955,930.86,376.11,0.209,0.1172,197.552,125.702
martensitic_stainless,0.1908,3.9708,1.0408,917.75,537.16,0.94,0.5443,299.367,122.252
low_alloy_steel,0.9066,1.9724,1.4441,843.1,571.06,3.248,53.1932,369.838,102.534
martensitic_stainless,0.9413,2.9965,0.5305,873.08,201.82,2.636,0.6183,602.83,65.633
spring_steel,0.8252,0.2811,0.3595,936.72,251.51,3.544,39.8103,464.97,74.328
spring_steel,0.8205,0.6047,2.3001,970.9,574.9,0.643,0.6995,274.282,116.659
spring_steel,0.5622,1.3484,1.7072,911.77,181.72,3.987,18.8694,489.935,77.221
martensitic_stainless,0.994,2.3976,2.4585,810.65,425.78,0.973,93.9995,563.362,80.121
martensitic_stainless,0.2156,2.2897,1.3718,841.56,649.29,3.369,1.5061,238.895,136.971
spring_steel,0.8949,0.2871,1.2404,947.27,542.61,1.895,2.6314,344.827,101.233
spring_steel,0.354,0.6562,0.4174,795.09,582.02,3.191,0.7114,120.0,135.305
low_alloy_steel,0.8886,0.9204,0.4393,797.05,362.8,3.298,3.2761,302.311,106.983
low_alloy_steel,0.8993,1.7711,1.507,962.36,390.0,2.867,0.353,365.544,91.695
martensitic_stainless,0.3413,2.6056,0.3596,872.01,544.96,2.946,0.1288,319.99,94.694
martensitic_stainless,0.2109,3.541,0.5385,806.59,204.01,2.666,32.3842,503.638,60.969
bearing_steel,0.2768,0.8659,0.1185,774.01,433.64,3.678,2.1291,276.537,96.547
martensitic_stainless,0.8409,3.5846,0.3736,867.56,452.46,2.823,6.0943,519.038,70.576
bearing_steel,0.5347,1.4872,0.309,879.17,579.89,1.427,1.8,241.084,117.886
low_alloy_steel,0.4163,1.8687,1.6782,833.0,547.31,1.572,106.2237,279.199,112.717
martensitic_stainless,0.6047,3.1869,2.2554,910.96,589.51,3.966,44.1621,459.712,100.201
bearing_steel,0.4168,0.6336,0.1435,804.45,355.07,3.514,114.7395,388.958,81.132
martensitic_stainless,0.8,2.2034,1.9869,850.95,258.38,2.937,23.9745,566.331,63.204
martensitic_stainless,0.9622,3.5333,1.5225,780.85,507.56,0.418,2.6737,469.383,84.906
spring_steel,0.7705,1.044,1.939,928.84,607.92,3.359,0.1188,294.593,111.911
spring_steel,1.0058,1.6013,1.9275,881.72,456.28,2.084,18.3555,462.137,94.957
bearing_steel,0.8862,1.0746,2.1999,913.44,279.35,3.788,0.4333,496.819,66.488
bearing_steel,0.4298,0.8498,0.5256,866.61,184.0,2.171,5.2468,406.816,77.235
spring_steel,0.8509,0.4851,2.3319,820.2,404.09,2.643,5.5623,358.663,110.69
spring_steel,0.711,0.5888,1.8454,852.82,603.89,2.614,1.663,250.714,119.296
martensitic_stainless,1.0412,3.1675,0.0291,802.82,619.55,0.231,0.8248,446.129,74.244
martensitic_stainless,0.5116,2.3706,2.361,930.2,166.41,3.287,0.1476,520.73,73.658
low_alloy_steel,0.2151,1.2066,1.2439,968.87,478.26,1.137,61.9076,272.508,110.467
spring_steel,0.9595,0.2963,0.7847,763.87,637.33,3.1,0.9822,238.931,107.326
martensitic_stainless,0.5466,3.2865,2.0953,789.63,551.33,2.003,4.0243,377.047,114.808
bearing_steel,0.8953,1.7594,0.3201,909.53,282.72,2.671,21.008,545.974,64.888
martensitic_stainless,0.8823,3.5601,1.2216,956.86,416.06,1.248,93.3776,592.433,72.007
martensitic_stainless,0.2166,2.1009,1.0457,785.05,629.6,1.099,13.8798,244.932,128.586
spring_steel,0.3593,0.1142,0.2102,969.82,533.36,0.532,0.362,170.16,115.159
spring_steel,0.2191,1.6355,2.0927,840.3,543.88,0.333,3.6694,223.235,125.418
low_alloy_steel,0.9082,1.7819,2.4414,762.91,209.07,1.602,19.16,430.389,88.837
bearing_steel,0.5023,0.3785,0.0309,972.95,609.48,0.468,87.2236,277.268,111.604
martensitic_stainless,0.8826,3.9714,2.4759,805.17,432.29,1.35,0.3569,480.652,81.669
martensitic_stainless,0.2898,2.4665,0.3533,883.76,209.16,1.163,0.284,415.277,83.85
bearing_steel,0.5412,0.3034,0.3972,950.01,374.01,2.823,31.0295,424.771,77.369
spring_steel,0.7085,0.9956,2.2828,783.86,228.62,3.452,20.2743,459.531,89.022
bearing_steel,0.5086,1.1445,0.4475,829.46,624.05,1.627,0.3263,207.31,110.262
bearing_steel,0.2831,0.8747,0.8423,851.1,269.92,3.598,8.469,341.033,105.822
spring_steel,0.737,1.6131,1.6902,854.84,448.99,1.557,34.39,378.879,97.017
spring_steel,0.6109,0.432,0.9223,870.77,181.01,1.111,0.1988,350.069,84.965
spring_steel,0.2361,1.1133,1.3871,884.53,272.29,1.764,2.2466,346.979,92.166
low_alloy_steel,0.685,1.2365,0.3222,797.74,240.69,0.347,0.1313,305.827,92.646
martensitic_stainless,0.6719,2.6124,0.184,829.88,260.55,3.438,35.8148,559.229,49.027
bearing_steel,0.2226,1.9081,1.7639,762.98,269.1,3.96,16.1143,331.775,95.217
bearing_steel,0.6028,1.5095,0.0027,816.56,341.46,0.826,7.4716,393.928,95.703
low_alloy_steel,0.9573,0.2671,0.7756,966.82,540.23,0.922,0.3231,298.232,98.005
low_alloy_steel,0.8295,1.1204,1.4678,886.26,521.81,2.83,0.8761,249.399,125.133
low_alloy_steel,0.5916,0.1726,1.7014,837.16,503.04,3.106,64.8305,306.723,106.824
spring_steel,0.6656,0.5713,1.7225,846.19,411.86,2.562,1.4942,288.268,112.587
martensitic_stainless,0.7983,3.2613,1.4419,959.72,277.62,0.489,1.7751,549.099,70.294
bearing_steel,1.0353,1.1381,2.2773,802.33,541.62,1.05,2.7219,405.817,103.087
bearing_steel,0.3913,1.9759,2.1895,822.43,347.91,2.03,0.1005,309.27,98.009
low_alloy_steel,0.3594,0.8323,0.8055,904.01,234.83,1.949,0.1351,272.354,108.007
martensitic_stainless,0.7894,2.9405,2.1132,919.33,541.61,1.237,3.3089,458.072,93.445
martensitic_stainless,0.2908,3.9308,0.4571,863.57,229.61,3.22,0.195,419.943,68.557
martensitic_stainless,0.5273,2.3484,0.7305,873.08,578.08,1.763,0.2002,331.193,101.845
bearing_steel,0.958,1.6261,0.6368,978.94,365.41,1.865,0.1652,467.34,78.756
spring_steel,0.9146,1.4992,2.3373,910.33,275.94,0.274,9.8396,470.498,78.095
low_alloy_steel,0.3726,0.9862,1.713,814.23,476.44,2.008,0.2543,145.668,149.935
low_alloy_steel,0.3261,0.145,0.1416,805.51,499.65,2.59,1.9051,140.436,119.633
martensitic_stainless,0.1625,2.843,1.1159,791.05,237.3,2.234,8.2062,420.09,89.045
low_alloy_steel,0.4363,1.2572,1.175,850.63,604.82,2.681,0.369,146.732,137.102
low_alloy_steel,0.9545,0.6892,1.7655,835.01,389.02,3.747,0.3666,329.549,93.13
martensitic_stainless,0.8468,2.1338,1.3469,897.37,241.42,3.28,92.8579,626.895,52.146
low_alloy_steel,0.1554,0.3261,0.3135,931.41,540.2,2.527,14.8616,175.436,121.462
low_alloy_steel,0.7366,1.8922,0.8771,843.65,236.15,2.74,4.525,434.189,73.54
spring_steel,0.8884,0.8557,0.3601,863.36,401.99,1.666,128.4888,441.347,64.188
low_alloy_steel,0.5016,1.8609,1.504,894.13,646.48,1.314,0.6111,145.954,140.214
martensitic_stainless,0.181,3.6632,0.4112,867.42,427.94,1.214,59.9914,416.104,90.696
spring_steel,0.3796,1.9626,2.384,892.59,506.04,1.511,29.0663,331.024,106.131
martensitic_stainless,0.6413,2.2315,0.7836,889.39,172.6,2.668,19.172,572.887,66.499
martensitic_stainless,0.7883,2.1987,1.3412,835.98,262.41,2.191,1.6114,466.329,69.661
low_alloy_steel,0.807,1.6192,1.3926,823.61,546.57,2.016,31.6761,307.407,109.432
low_alloy_steel,0.3513,0.2969,1.3795,848.91,293.39,2.438,51.013,336.225,107.97
martensitic_stainless,0.6749,3.0471,2.0888,813.95,567.47,2.329,8.3441,421.719,112.246
martensitic_stainless,0.8742,2.7657,1.0355,769.83,642.71,3.465,0.2679,330.313,118.716
martensitic_stainless,0.2383,2.5411,0.8532,949.17,411.42,2.009,7.341,444.244,89.382
bearing_steel,0.4109,0.6175,1.6051,812.15,605.95,2.832,1.5419,214.407,128.699
martensitic_stainless,0.1571,2.6266,1.4826,898.76,499.73,3.146,9.5369,377.371,119.683
bearing_steel,0.9996,1.0929,1.4412,965.78,568.38,2.797,6.1788,417.47,101.813
martensitic_stainless,0.2349,3.6822,0.3067,938.97,162.14,3.633,0.4195,470.956,65.83
low_alloy_steel,1.0305,0.9785,0.2411,795.73,358.36,0.779,0.8996,344.76,91.068
martensitic_stainless,0.6767,3.5659,0.7194,910.61,394.33,0.278,10.1905,517.256,63.827
bearing_steel,0.9113,0.8419,1.0686,804.08,638.48,2.786,3.1901,300.485,120.046
spring_steel,0.7903,0.3171,2.1467,838.94,611.01,0.5,0.7516,239.03,132.189
bearing_steel,0.4653,1.653,0.3783,789.46,394.03,2.423,115.4889,407.747,84.02
low_alloy_steel,0.5155,1.5964,1.5003,774.14,509.0,0.428,18.425,240.666,121.903
martensitic_stainless,0.4366,2.775,1.0816,867.24,394.07,3.003,3.698,409.733,97.327
bearing_steel,0.9531,0.3502,0.8254,783.08,536.74,1.635,15.9493,362.322,87.115
bearing_steel,0.6147,0.2291,2.0979,835.7,452.78,3.577,4.3118,342.242,103.512
martensitic_stainless,0.8389,3.8973,0.3885,856.42,478.58,2.15,1.1044,497.068,89.777
bearing_steel,0.221,1.6648,0.9971,808.78,315.51,0.389,1.4379,313.421,98.162
martensitic_stainless,0.8544,2.3978,0.6703,978.96,251.93,1.366,51.8582,666.759,51.17
martensitic_stainless,0.4064,2.9141,0.7057,903.33,465.13,2.747,66.3205,435.42,73.322
spring_steel,0.1769,0.3856,0.4173,936.9,627.71,3.797,0.376,120.0,127.601
spring_steel,0.7834,0.1569,0.528,914.05,609.78,2.082,0.8643,220.638,118.027
bearing_steel,0.7296,1.2912,0.0022,797.17,348.85,1.912,27.3218,414.79,75.851
low_alloy_steel,0.1918,1.7133,0.8907,874.24,382.62,3.512,1.5731,199.628,129.068
martensitic_stainless,0.3992,2.228,1.4271,942.12,226.32,2.483,8.5199,519.908,71.134
martensitic_stainless,0.7789,2.5331,0.5892,862.15,458.51,0.537,78.2269,521.118,67.197
martensitic_stainless,0.4737,3.2848,1.6255,840.19,597.14,1.505,0.1091,294.666,123.601
martensitic_stainless,0.3754,3.7906,1.2073,917.93,405.01,2.96,110.9361,522.85,80.326
low_alloy_steel,1.0179,1.1691,0.4166,976.77,214.5,1.176,14.1178,499.82,57.249
martensitic_stainless,0.297,3.7788,0.6556,790.25,522.58,0.983,16.5582,384.528,96.169
martensitic_stainless,0.2772,2.5758,2.4257,761.75,192.06,3.208,114.9511,533.313,72.701
spring_steel,0.4726,1.7017,0.0963,878.47,287.06,3.967,0.405,340.15,89.041
low_alloy_steel,0.9184,1.2024,0.7233,940.26,522.02,1.389,0.9603,266.13,128.457
low_alloy_steel,0.7127,1.9247,1.1644,850.89,351.65,0.459,17.3259,372.003,109.373
spring_steel,0.4356,0.3426,2.4061,956.95,506.81,1.336,2.1988,235.716,137.315
low_alloy_steel,0.3315,0.744,0.4786,762.65,240.47,0.259,13.1689,234.279,82.751
martensitic_stainless,0.8954,2.2152,1.0761,778.77,379.36,3.53,0.7713,475.639,82.375
martensitic_stainless,0.6602,2.5979,1.3725,930.68,645.23,2.919,5.7398,407.747,98.625
martensitic_stainless,1.0145,2.25,0.0682,969.66,164.93,1.256,2.3287,615.002,37.936
martensitic_stainless,1.022,2.4631,1.4828,772.32,268.82,1.946,0.7314,530.229,73.411
low_alloy_steel,0.5672,1.4171,1.8951,772.07,258.83,3.595,2.1948,308.996,100.136
bearing_steel,0.4324,0.3322,1.1651,978.63,613.95,0.364,2.0139,211.201,131.345
martensitic_stainless,0.77,3.1246,0.0888,914.07,194.93,3.329,0.2904,564.11,53.401
spring_steel,0.8742,0.8563,1.0651,892.57,623.78,2.82,2.7446,300.393,111.833
spring_steel,0.855,0.1263,0.4559,935.31,505.72,3.065,10.8664,352.891,100.847
spring_steel,0.3412,1.3734,1.0006,830.12,291.59,2.322,150.7567,398.493,80.793
bearing_steel,0.978,1.0749,1.3176,928.25,539.97,2.365,29.3071,419.06,90.958
spring_steel,1.0,0.9967,0.4518,834.58,492.79,3.975,12.8497,392.307,91.756
bearing_steel,0.8504,1.8882,1.4667,894.2,226.86,3.263,0.2539,513.279,69.903
martensitic_stainless,0.9764,3.5004,0.7898,876.19,217.49,2.88,0.305,591.931,56.982
bearing_steel,0.9752,1.2406,2.0033,880.63,618.54,1.069,1.1012,324.824,122.566
low_alloy_steel,0.8391,1.9748,1.4673,897.79,503.42,1.44,0.281,260.773,114.911
low_alloy_steel,0.3983,0.7608,1.8739,941.9,186.39,2.216,8.4192,368.609,98.6
martensitic_stainless,0.263,3.0828,2.4989,880.74,301.93,1.775,29.2548,492.071,86.717
spring_steel,0.93,0.1562,1.8792,861.01,385.66,0.657,1.9124,379.753,109.433
spring_steel,0.2238,1.1034,0.8494,939.32,291.31,0.577,36.4743,346.444,87.968
martensitic_stainless,0.1915,3.7705,0.344,892.35,560.4,3.506,17.2202,374.991,99.939
low_alloy_steel,0.4191,0.9366,1.6196,955.89,398.1,2.067,0.7792,236.127,124.37
bearing_steel,0.1508,1.5713,1.5733,969.2,359.62,1.87,121.7101,390.743,97.739
bearing_steel,0.8308,1.7262,2.4456,857.74,606.65,3.627,24.613,413.574,110.474
spring_steel,0.8073,0.5564,1.7671,902.22,170.93,0.535,0.234,424.29,83.621
spring_steel,0.9828,1.8007,2.0412,978.24,371.36,2.989,2.6344,472.116,86.09
bearing_steel,0.4683,1.5295,2.1252,807.46,363.99,0.781,0.1143,312.377,118.508
low_alloy_steel,0.4045,1.1084,0.0417,760.8,313.23,2.89,33.1083,275.173,95.352
low_alloy_steel,0.8044,0.2993,2.0942,829.49,206.88,3.739,1.724,349.11,102.63
spring_steel,0.5103,1.6774,1.3546,829.06,264.93,1.151,14.2361,401.449,86.219
bearing_steel,0.4013,0.6443,1.4017,780.13,434.27,1.185,1.1586,232.361,118.032
martensitic_stainless,0.8263,3.264,1.6356,950.22,574.65,0.825,0.3847,418.572,82.807
bearing_steel,0.2351,1.5431,1.4907,849.45,342.29,0.976,37.4929,366.027,86.794
spring_steel,0.7316,1.8973,1.6982,760.59,301.42,0.972,67.8272,481.112,81.185
bearing_steel,0.1635,0.6249,2.3054,952.74,572.16,2.76,0.3382,186.689,135.672
martensitic_stainless,0.351,3.2702,1.0883,940.97,211.63,0.329,9.3699,532.81,71.541
martensitic_stainless,0.8116,3.5221,0.0857,763.92,539.31,2.985,5.5166,414.188,97.365
spring_steel,0.6363,1.7889,2.3025,784.35,243.45,2.954,0.3582,380.577,84.772
low_alloy_steel,0.7567,0.9487,0.9777,831.44,237.71,1.289,3.9859,374.309,82.047
low_alloy_steel,0.6957,0.8065,0.0384,762.9,458.06,1.304,6.2699,274.879,97.701
bearing_steel,0.5447,0.5452,2.3461,789.83,214.88,2.701,18.5194,412.103,87.327
bearing_steel,1.0153,0.9331,0.869,817.07,345.9,3.393,102.1869,513.899,66.939
low_alloy_steel,0.3996,1.4058,0.8578,839.41,461.6,3.908,0.5815,192.802,124.549
low_alloy_steel,0.9194,1.9451,0.5632,860.66,399.82,0.74,93.4298,444.058,86.531
martensitic_stainless,0.9244,3.9546,0.1811,851.0,552.86,3.399,1.081,457.867,63.367
low_alloy_steel,0.6523,1.1136,2.2561,818.48,502.84,3.56,3.6047,250.586,119.56
spring_steel,0.3037,0.6741,1.5025,967.82,634.08,2.741,114.7419,252.935,116.923
bearing_steel,0.8584,1.0669,1.3961,785.92,509.68,0.751,7.8429,349.522,109.802
spring_steel,0.2715,0.4801,0.6108,949.52,633.47,2.643,0.2281,120.0,146.868
spring_steel,0.1866,1.4074,0.3676,868.52,571.24,1.9,1.0071,147.485,124.727
bearing_steel,0.9761,0.409,2.0499,882.13,442.6,3.386,121.2883,514.252,58.95
spring_steel,0.3373,1.6211,1.6545,891.72,395.11,2.788,43.8875,315.052,88.377
spring_steel,0.1746,0.5569,1.3471,959.26,257.93,1.864,1.8079,270.532,92.224
bearing_steel,0.2452,1.9579,0.9187,846.97,494.35,3.643,0.6748,201.518,130.786
bearing_steel,0.7531,1.6245,1.3495,769.14,338.66,1.498,0.8178,386.526,84.312
spring_steel,0.5574,1.1944,1.9157,860.8,287.95,0.706,0.1485,308.273,118.641
spring_steel,0.889,0.556,0.137,933.7,427.3,3.63,15.7878,391.653,97.957
low_alloy_steel,0.337,1.1013,1.2313,808.61,260.06,2.563,142.978,377.09,93.359
low_alloy_steel,0.8118,1.1314,0.5883,938.4,205.39,0.505,7.7948,427.081,64.697
spring_steel,1.0243,0.5007,1.9894,962.57,602.06,3.418,1.0185,355.84,104.68
bearing_steel,0.3621,1.5464,1.5778,969.13,592.82,3.129,43.9532,304.058,121.648
bearing_steel,0.5063,0.9252,0.3161,824.81,519.51,2.78,2.8441,244.082,112.178
martensitic_stainless,0.3822,2.3311,1.8665,954.52,409.27,0.294,2.8143,380.136,84.104
bearing_steel,0.1917,0.6094,1.2555,785.68,249.07,2.746,0.1295,254.619,119.497
low_alloy_steel,0.8529,0.7487,0.6022,914.93,270.97,3.755,21.0711,427.838,71.077
martensitic_stainless,0.9836,2.3028,2.2582,761.07,396.48,2.283,6.7535,494.917,79.326
bearing_steel,0.5048,1.7857,0.1327,771.73,558.14,1.031,0.6603,221.86,118.198
spring_steel,0.7331,1.4745,1.7645,810.38,564.88,2.134,0.5947,276.483,131.712
low_alloy_steel,0.9522,0.2682,0.4959,943.06,247.12,3.577,0.1395,348.348,97.634
low_alloy_steel,0.3541,0.7633,2.2349,819.12,578.93,3.814,0.2758,121.267,137.465
low_alloy_steel,0.2308,0.9936,1.213,879.31,418.32,3.773,7.9164,246.684,108.732
low_alloy_steel,0.4856,1.3231,1.9924,950.0,217.47,1.48,0.1146,334.634,97.794
martensitic_stainless,0.7306,2.1551,2.3634,926.66,366.07,0.602,120.1664,577.399,77.563
low_alloy_steel,0.9055,1.0638,0.5794,978.87,441.96,1.538,18.7512,365.879,94.715
martensitic_stainless,0.8996,2.4384,1.64,816.8,602.2,3.925,0.4753,351.016,104.485
martensitic_stainless,0.1521,2.4965,1.1089,835.14,356.15,0.742,19.6045,358.137,88.254
bearing_steel,0.6156,0.9492,1.8399,910.95,447.77,2.51,70.286,432.427,87.069
bearing_steel,0.773,0.3166,0.4604,935.49,293.81,1.438,1.2676,441.612,88.931
bearing_steel,0.53,1.6011,2.4469,790.58,230.49,2.17,0.2234,359.649,100.111
spring_steel,0.3585,0.6733,0.2812,828.97,424.65,1.071,107.9604,323.332,92.307
low_alloy_steel,0.2858,1.5634,1.4112,967.39,505.35,1.998,35.156,255.011,110.963
low_alloy_steel,0.2772,1.2279,0.5554,955.9,298.01,2.957,92.0346,360.416,77.913
low_alloy_steel,0.2036,1.4486,2.3303,883.83,506.4,3.881,3.9151,191.078,137.485
martensitic_stainless,0.7525,3.2672,0.4726,924.59,453.58,3.876,11.3299,502.901,85.805
spring_steel,1.0305,1.6037,1.3541,767.92,356.09,1.725,0.147,361.129,96.729
martensitic_stainless,0.9878,2.2037,0.5407,799.42,546.71,0.5,0.1259,424.48,95.149
low_alloy_steel,0.6562,1.7273,2.2492,907.93,476.61,1.536,2.9978,304.367,113.242
low_alloy_steel,0.5491,0.593,0.6603,832.46,234.14,1.139,72.6593,354.945,88.126
spring_steel,1.0333,0.4812,1.9697,891.01,543.19,3.749,22.3658,406.42,93.991
martensitic_stainless,0.979,2.2442,1.744,782.33,266.28,1.999,0.1299,543.065,65.033
low_alloy_steel,0.4104,0.9453,0.5166,978.15,193.11,2.108,41.6832,382.49,81.975
martensitic_stainless,0.3426,2.5744,1.6844,761.73,167.37,1.986,3.519,474.358,86.971
spring_steel,0.3921,1.1167,2.2126,793.7,629.85,1.511,103.6869,262.491,153.473
bearing_steel,0.8759,1.737,1.0878,762.13,216.32,1.109,4.9881,417.678,81.453
bearing_steel,0.776,0.6266,2.4609,932.5,535.39,1.192,0.9513,374.347,103.998
bearing_steel,0.3237,1.8454,1.8009,790.04,601.93,3.105,0.1763,204.382,137.111
low_alloy_steel,0.9819,1.5442,2.4686,894.43,332.81,2.326,0.5249,417.129,86.546
martensitic_stainless,0.1718,3.2515,1.3493,965.98,647.16,0.387,126.2215,372.201,108.81
spring_steel,0.5494,1.1723,1.3973,960.92,530.37,0.907,0.9908,259.93,127.508
bearing_steel,1.0228,0.7432,2.0407,866.14,182.26,2.686,12.7069,616.636,49.424
bearing_steel,0.9558,1.2162,1.8157,822.37,317.83,3.474,6.2932,502.983,69.786
martensitic_stainless,0.5559,2.4687,1.9735,961.63,262.57,0.552,0.2319,498.543,81.38
spring_steel,0.7917,1.4271,2.2512,909.28,537.12,3.934,10.8474,367.236,109.672
low_alloy_steel,0.4512,1.0547,1.4359,937.62,346.9,3.317,11.99,317.314,111.335
low_alloy_steel,0.9972,1.8601,0.9186,871.01,326.95,1.517,16.8818,444.353,77.02
low_alloy_steel,0.5846,0.4608,1.3163,849.8,402.18,2.427,108.6617,331.856,99.116
martensitic_stainless,0.7068,2.8739,0.1611,784.39,475.16,3.807,14.774,470.178,73.995
bearing_steel,0.4077,1.935,2.1232,800.23,251.37,1.404,7.9899,405.075,92.108
martensitic_stainless,0.6029,3.2786,0.9603,865.18,189.83,3.537,28.0273,575.45,52.327
martensitic_stainless,0.1999,2.1008,0.822,863.94,599.79,3.81,9.5607,261.456,111.842
bearing_steel,0.8679,0.5132,1.7735,941.89,309.24,0.642,33.8515,519.954,70.106
bearing_steel,0.1543,0.9706,0.2514,863.55,152.62,3.367,61.5976,428.568,66.42
low_alloy_steel,0.2945,1.0146,1.8725,890.75,383.63,3.853,1.0542,214.891,127.428
bearing_steel,0.763,1.3785,0.9644,864.28,224.55,0.34,3.1734,433.958,80.315
martensitic_stainless,0.9854,3.2546,0.6363,791.76,391.74,1.192,0.2845,467.984,65.33
spring_steel,0.6493,0.7388,2.1922,828.82,585.01,1.131,0.1706,209.515,137.27
spring_steel,0.1509,1.5179,0.2909,930.83,457.14,2.861,0.3983,189.336,133.335
bearing_steel,0.8917,0.3965,1.797,895.89,418.85,3.056,48.1771,466.818,82.569
spring_steel,0.3514,1.4801,2.387,889.65,321.9,2.251,1.6653,296.051,107.683
bearing_steel,0.3755,0.5958,2.4017,931.2,231.09,3.838,0.2186,355.245,89.77
martensitic_stainless,0.541,3.9159,0.4668,772.99,335.33,3.157,9.467,491.626,88.526
low_alloy_steel,0.8637,0.6215,1.931,946.14,413.34,1.117,7.4856,369.194,90.422
spring_steel,0.2422,1.3213,0.964,891.48,330.38,0.699,11.4822,281.889,103.029
low_alloy_steel,0.3636,0.4188,0.5494,894.23,264.54,0.321,99.2572,336.988,94.435
bearing_steel,0.1683,0.4197,1.3944,820.77,634.73,2.235,37.5244,216.164,139.862
low_alloy_steel,0.6221,0.8523,0.4007,915.56,604.18,0.867,10.6139,237.049,116.721
martensitic_stainless,0.3315,3.1053,2.3288,854.67,562.84,1.262,129.74,403.797,116.246
spring_steel,0.1817,1.6453,1.712,784.68,392.2,0.386,57.4221,296.753,114.677
spring_steel,0.5402,1.3228,1.14,968.63,373.98,0.473,31.675,386.533,104.89
martensitic_stainless,0.2835,2.2324,1.496,887.83,495.48,1.971,33.3595,388.089,95.872
bearing_steel,0.7572,1.8053,0.2421,974.59,326.98,2.564,2.0759,458.146,74.766
low_alloy_steel,0.927,0.5612,2.0789,878.41,331.19,2.732,117.3161,479.292,76.462
spring_steel,0.2358,0.8172,1.5837,823.72,326.98,3.244,39.581,341.786,99.948
spring_steel,0.9019,1.7647,0.6926,975.85,482.87,2.486,25.3923,451.179,89.365
low_alloy_steel,0.7896,0.5239,2.3729,977.54,227.93,2.709,0.1864,372.286,90.088
bearing_steel,0.5878,1.0784,1.1677,820.47,634.4,2.51,54.412,314.141,115.162
spring_steel,0.6409,0.4791,1.0976,867.48,276.73,0.575,8.5229,385.662,91.286
bearing_steel,0.6617,0.3546,1.973,820.45,374.91,1.498,5.9754,372.142,110.856
bearing_steel,0.3636,0.6396,0.3504,848.79,510.4,0.997,12.5134,257.901,109.197
low_alloy_steel,0.9374,1.5449,1.5401,931.41,541.74,3.506,133.4517,400.471,84.474
martensitic_stainless,1.0152,2.9548,1.9353,794.83,311.39,0.73,22.4837,598.154,62.398
spring_steel,0.831,1.6144,1.2977,796.03,407.31,3.106,1.5822,359.22,106.994
martensitic_stainless,0.5731,2.9788,0.363,787.2,570.33,3.794,133.9107,454.973,90.165
spring_steel,0.7714,1.9724,2.0267,791.33,401.45,1.274,3.1854,346.146,99.481
martensitic_stainless,0.2859,2.6411,1.2822,834.89,347.99,0.829,0.3082,332.466,112.259
spring_steel,0.7612,0.6082,1.7589,952.02,549.89,2.443,0.343,295.37,117.295
bearing_steel,1.0464,0.7775,0.0977,945.38,496.32,1.388,0.6037,400.072,74.368
martensitic_stainless,0.7211,2.9958,2.4165,845.09,336.58,1.845,2.5262,521.34,75.411
spring_steel,0.9679,0.9373,0.4645,827.41,335.09,1.113,0.3026,389.059,82.462
martensitic_stainless,0.7276,3.3523,0.8837,820.67,298.5,2.895,41.6846,541.311,74.012
bearing_steel,0.9988,0.4562,0.3703,906.0,402.24,2.898,73.6312,490.405,76.483
spring_steel,0.7517,1.5464,0.8645,819.08,614.31,2.934,133.1185,374.851,114.682
bearing_steel,0.7716,1.5393,0.0695,793.05,173.54,1.911,0.6639,409.71,79.7
spring_steel,1.0492,0.8996,1.5544,830.52,351.4,1.186,0.1517,386.064,91.078
bearing_steel,0.9009,0.6796,1.0791,951.17,337.19,0.679,0.1596,438.482,83.12
spring_steel,0.5691,1.5212,0.5817,761.7,641.72,2.258,1.3276,154.328,120.317
martensitic_stainless,0.2639,3.0883,0.0366,781.32,300.04,1.422,12.3254,406.569,79.081
bearing_steel,0.9563,0.2855,1.8751,765.73,181.99,1.618,14.0119,516.073,70.398
spring_steel,0.7009,0.1547,1.9446,841.29,480.22,2.424,3.6389,284.798,115.238
spring_steel,0.1654,1.318,0.2695,818.97,470.44,1.552,0.3978,178.786,139.359
martensitic_stainless,0.9916,2.2989,1.82,895.36,492.02,1.06,0.3745,438.453,102.329
bearing_steel,0.2953,0.3059,1.3219,927.35,441.53,3.698,0.2721,221.168,120.724
low_alloy_steel,0.4774,0.4759,0.3144,925.01,366.34,2.559,58.3775,334.676,86.379
bearing_steel,0.6062,1.9147,1.6082,975.26,426.17,1.991,33.6056,446.401,76.161
bearing_steel,0.2486,0.4421,1.2347,864.85,194.14,2.376,51.0343,417.842,77.471
bearing_steel,0.4032,1.6973,0.8241,840.95,292.24,0.779,9.7186,395.766,90.034
bearing_steel,0.9425,0.6211,0.6024,780.51,157.19,3.162,53.4651,560.387,59.912
bearing_steel,0.4165,1.0112,0.6254,953.52,562.34,2.049,30.2213,294.888,100.129
low_alloy_steel,0.2029,0.3055,1.0595,870.03,589.59,3.902,5.2851,166.036,132.088
bearing_steel,0.3873,1.2701,0.6184,929.83,381.78,2.763,1.8763,313.359,111.712
martensitic_stainless,0.6053,3.943,0.5061,837.01,379.83,1.589,56.7805,518.944,77.251
spring_steel,0.9325,0.2261,2.021,846.01,276.73,1.986,78.4622,507.222,75.161
spring_steel,0.79,1.7467,1.3159,771.77,218.86,2.053,30.3875,468.394,56.807
martensitic_stainless,0.7708,2.4096,1.2239,765.64,617.74,1.973,1.8322,377.107,92.645
low_alloy_steel,0.4266,1.048,0.5691,846.94,535.14,2.625,30.4722,233.74,113.086
bearing_steel,0.9251,0.1647,0.2003,872.54,529.42,3.07,106.3335,423.208,71.466
martensitic_stainless,0.4713,2.2899,0.9824,876.47,308.91,0.723,0.1806,425.835,87.886
bearing_steel,0.6339,1.3684,1.029,794.36,460.05,2.843,0.7433,270.948,112.317
martensitic_stainless,0.493,2.1285,1.7791,863.73,443.27,2.763,12.7466,414.062,106.334
bearing_steel,1.0394,1.0353,0.5289,915.29,194.37,2.887,10.2272,571.235,42.303
martensitic_stainless,0.155,3.0958,1.162,875.47,162.94,1.44,0.3688,431.53,77.134
bearing_steel,0.9206,0.8823,2.4617,895.85,450.88,2.761,0.4642,372.05,93.619
martensitic_stainless,0.9066,3.4387,1.6115,795.81,347.25,1.531,68.3107,627.327,72.057
bearing_steel,0.8911,0.6901,1.4162,771.22,315.63,1.606,28.6412,459.703,93.167
martensitic_stainless,0.2034,3.4567,2.2093,908.65,491.54,3.968,123.7599,441.073,103.621
spring_steel,0.7203,0.8518,1.8174,913.32,310.79,1.669,0.5023,370.637,107.944
martensitic_stainless,0.6205,2.5228,2.3104,778.36,229.83,2.273,120.0948,598.813,54.711
spring_steel,0.4124,1.5655,2.372,897.08,370.54,1.37,4.2078,350.749,111.38
bearing_steel,0.7208,0.7266,0.2458,826.0,589.24,3.198,0.52,220.413,108.354
bearing_steel,1.0011,1.3927,1.1118,966.77,444.66,1.971,0.7527,427.881,85.871
martensitic_stainless,0.1868,2.2531,1.4054,773.06,532.19,3.682,4.3578,241.422,130.884
bearing_steel,0.6431,1.636,1.4583,811.07,348.93,3.226,19.1601,421.303,91.976
low_alloy_steel,0.8066,0.6177,2.3313,765.02,347.82,0.333,0.186,274.331,121.237
bearing_steel,0.5396,1.2186,0.3605,908.12,283.01,3.65,2.1223,386.906,72.096
bearing_steel,0.495,0.4662,0.1838,948.33,228.26,2.318,0.2508,359.5,76.394
martensitic_stainless,0.8395,2.5182,1.6954,805.67,180.33,3.06,23.4479,594.045,52.977
low_alloy_steel,0.2654,1.2102,1.5038,903.69,260.65,1.385,6.0672,307.057,99.809
bearing_steel,0.8277,1.7152,1.8967,886.33,610.56,3.237,111.6409,381.033,114.678
martensitic_stainless,0.4813,2.9593,1.2872,841.48,436.15,1.668,28.1993,424.727,91.986
martensitic_stainless,0.7216,2.5892,1.7453,866.86,416.32,1.036,0.1379,432.477,92.71
spring_steel,0.3719,0.3106,0.3282,865.1,486.43,2.596,23.823,247.016,110.258
low_alloy_steel,1.0134,0.5604,1.2167,887.21,425.07,1.024,0.3235,282.499,98.629
martensitic_stainless,0.4414,3.8634,0.5737,879.81,241.51,0.597,0.4303,451.483,84.787
martensitic_stainless,0.5263,2.3399,2.1568,803.71,456.91,2.961,12.1063,418.343,91.071
spring_steel,1.0267,0.4556,1.339,848.21,510.85,3.598,0.1605,322.627,102.349
spring_steel,0.4183,0.7741,1.0944,965.59,426.6,1.355,0.4121,274.302,102.27
bearing_steel,0.4846,1.5152,1.1737,968.08,611.89,3.669,0.6837,250.204,125.399
bearing_steel,0.4835,1.1686,2.3035,821.34,542.72,3.414,38.2931,330.735,105.42
martensitic_stainless,0.2724,2.9766,1.6024,816.85,206.58,0.601,5.4517,414.72,91.753
low_alloy_steel,0.7741,1.1721,1.8782,777.81,319.54,0.842,0.116,308.042,102.588
low_alloy_steel,0.289,1.1873,1.4552,973.52,370.94,0.775,84.3805,323.034,116.565
martensitic_stainless,0.6335,2.1176,1.1756,916.42,302.0,2.73,34.3122,534.552,80.719
bearing_steel,0.599,0.1834,0.5775,783.82,598.85,1.554,4.2779,218.747,114.979
bearing_steel,0.7122,0.6272,2.3825,839.6,519.81,0.968,98.6409,376.405,105.552
martensitic_stainless,0.5289,2.9225,1.9737,900.96,198.57,1.911,3.1371,551.116,57.497
low_alloy_steel,0.4433,1.357,1.5942,887.8,294.72,2.893,0.3431,279.679,119.405
low_alloy_steel,0.9951,1.442,0.8768,915.46,534.99,2.1,7.5344,300.261,111.121
bearing_steel,0.6777,1.5497,1.6073,827.33,402.71,1.482,2.2058,367.165,99.906
low_alloy_steel,0.4054,1.4435,0.366,826.84,371.27,1.906,88.8687,314.271,96.124
spring_steel,0.3314,1.38,1.7862,955.78,525.78,1.959,4.3875,254.045,133.368
low_alloy_steel,0.3532,0.4007,1.488,781.16,615.68,1.646,0.2409,120.0,151.98
bearing_steel,0.866,1.9158,0.7604,795.08,325.07,2.621,1.8363,465.993,78.842
martensitic_stainless,0.2555,3.481,1.4058,768.06,337.3,1.635,127.1721,488.1,83.223
spring_steel,0.994,0.2382,0.1966,909.66,417.62,1.985,50.5117,434.734,77.634
spring_steel,0.4068,1.4441,0.3408,903.2,401.78,3.353,42.3536,356.915,105.793
low_alloy_steel,0.3748,0.9018,1.4989,969.64,643.98,1.067,55.1819,194.563,138.642
martensitic_stainless,0.6301,3.384,0.7029,940.49,349.01,2.748,38.5565,566.905,52.829
martensitic_stainless,0.7773,2.9095,1.8968,927.48,230.15,3.358,0.1809,549.735,77.131
spring_steel,0.9579,0.1181,1.6283,976.33,427.35,1.338,0.4068,352.874,105.388
bearing_steel,0.3869,0.162,0.9903,964.92,614.24,1.44,3.9243,183.28,138.38
bearing_steel,0.3103,0.4739,0.8378,842.17,583.29,3.566,69.6647,258.345,115.716
low_alloy_steel,0.5977,1.5995,0.0372,850.41,505.1,0.9,110.4423,310.047,103.483
bearing_steel,0.4419,0.1053,2.0539,843.4,483.61,3.868,0.1549,230.377,136.714
bearing_steel,0.7524,1.0902,0.7252,791.05,397.27,1.264,112.2405,438.356,74.446
bearing_steel,0.5933,0.7049,1.7175,970.07,236.52,2.401,0.4982,430.751,74.781
low_alloy_steel,0.4799,0.8469,0.5694,881.82,348.21,1.052,0.1406,240.258,100.99
spring_steel,0.4045,1.5682,1.5396,778.73,551.0,1.213,12.1122,261.842,119.893
low_alloy_steel,0.2842,1.5375,1.8378,951.97,174.39,2.506,0.4796,287.095,95.747
martensitic_stainless,0.1645,3.4657,1.292,794.31,384.98,3.254,43.8048,395.752,104.667
bearing_steel,0.7405,1.2039,0.3894,924.59,165.72,3.279,8.4604,494.085,75.124
bearing_steel,0.7736,0.1314,0.5284,823.41,342.9,3.573,2.9849,389.547,89.728
spring_steel,0.2469,0.2557,0.6457,787.82,633.09,1.297,89.1682,220.32,133.769
low_alloy_steel,0.8532,1.0761,0.2179,838.74,452.55,1.168,67.2436,364.621,80.805
martensitic_stainless,0.7501,3.4587,0.6239,963.62,615.8,1.589,0.1162,348.407,111.523
martensitic_stainless,0.2284,3.7051,2.4152,857.57,220.12,0.611,4.6116,469.42,82.925
spring_steel,0.719,1.264,1.8694,785.07,254.24,3.645,8.0517,418.013,82.145
low_alloy_steel,0.5943,0.868,1.8841,864.31,616.88,0.537,38.7904,232.555,123.506
bearing_steel,0.6639,1.0989,0.5383,959.85,619.54,2.944,14.396,301.995,119.382
spring_steel,0.7504,0.1002,0.2266,836.11,625.06,2.425,2.0503,214.363,109.599
bearing_steel,1.019,0.3125,0.5119,904.48,468.51,1.227,0.8751,367.75,78.471
martensitic_stainless,0.3939,2.9464,1.3372,954.43,527.11,0.272,9.6627,386.169,99.25
spring_steel,0.9102,0.9132,1.1397,857.8,303.35,1.568,3.0214,413.635,63.596
spring_steel,0.88,0.7919,1.6098,967.24,306.73,2.53,24.5519,493.745,73.752
bearing_steel,0.2604,1.9062,1.4901,857.98,322.43,1.608,68.5602,421.152,94.923
bearing_steel,0.4784,1.3567,1.2177,774.01,194.42,2.415,54.3101,482.208,75.156
low_alloy_steel,0.9136,1.1705,0.5447,947.83,308.89,2.629,0.1191,364.53,92.085
bearing_steel,0.5027,1.7726,0.9112,960.02,165.35,0.9,3.1115,452.184,61.976
martensitic_stainless,0.3849,3.4361,1.149,904.29,398.35,0.855,0.2453,403.637,82.408
martensitic_stainless,0.1709,2.8035,1.5347,913.46,607.9,1.297,0.2017,273.715,106.647
martensitic_stainless,0.4698,3.967,1.2085,891.6,316.78,1.67,1.2603,483.615,76.239
low_alloy_steel,0.2305,0.1599,1.2812,945.91,427.31,0.659,0.1541,167.628,115.456
martensitic_stainless,0.6988,3.5453,1.4784,857.52,367.67,3.715,0.9859,461.544,86.55
bearing_steel,0.8582,0.7753,1.5224,869.47,198.57,1.081,1.3245,491.011,76.377
martensitic_stainless,0.8671,3.8795,2.3831,873.64,182.16,1.235,7.993,651.696,58.22
spring_steel,0.4114,0.8124,0.6927,767.65,587.88,2.601,0.4983,139.998,130.816
bearing_steel,0.8178,0.7536,1.7802,927.25,557.81,2.178,0.1262,298.947,117.849
martensitic_stainless,0.6681,2.4218,1.0044,949.69,235.93,3.64,43.5127,568.907,82.932
low_alloy_steel,0.7332,0.74,2.4342,970.39,429.17,0.965,31.4747,369.534,103.762
bearing_steel,0.8698,0.4929,1.4101,903.86,495.18,0.398,1.0558,364.632,107.743
low_alloy_steel,0.6936,0.7384,1.5234,867.87,170.77,1.016,1.6224,401.399,89.183
low_alloy_steel,0.428,1.6054,0.6692,962.14,317.58,3.036,1.6577,311.721,93.17
bearing_steel,0.5413,1.4251,0.4833,961.52,389.29,0.743,26.5316,392.974,88.108
spring_steel,0.5029,0.5511,1.0317,963.59,202.98,1.446,6.2565,412.28,75.679
spring_steel,0.3949,1.166,1.1966,950.91,587.31,0.905,15.9253,242.496,123.946
martensitic_stainless,0.5379,2.6187,1.3336,808.88,540.51,3.937,2.3657,382.979,93.397
martensitic_stainless,0.7273,3.9303,2.0383,959.06,406.02,1.681,22.0533,549.697,72.068
martensitic_stainless,0.3157,2.5236,1.8303,899.25,281.79,2.362,98.9299,509.448,85.427
spring_steel,0.3093,0.4746,1.5503,932.43,155.88,2.391,1.1757,356.955,96.992
martensitic_stainless,0.746,3.8747,0.3084,961.07,334.57,0.395,98.6999,582.016,62.959
low_alloy_steel,0.2105,1.2176,1.0018,877.36,185.31,2.169,0.4449,295.951,84.846
low_alloy_steel,0.6569,1.2409,1.5446,889.78,330.99,2.259,0.2744,330.938,104.182
spring_steel,0.8066,1.6771,0.9934,776.69,334.31,1.363,7.0564,417.946,90.458
low_alloy_steel,1.0443,0.5184,1.33,873.62,590.89,0.424,6.6239,261.773,111.445
bearing_steel,0.5677,0.762,1.9738,889.63,245.62,2.193,47.889,495.77,74.853
low_alloy_steel,0.9651,1.6694,0.9272,849.19,376.0,0.536,14.6124,388.008,98.626
martensitic_stainless,0.9349,3.8814,2.0112,862.26,269.02,3.819,0.3689,598.058,73.397
bearing_steel,0.7829,1.5388,1.0963,937.65,440.85,2.711,2.65,398.496,98.78
spring_steel,0.3223,1.9434,0.2455,954.12,248.69,0.843,0.1759,345.483,83.057
bearing_steel,0.9658,0.6229,1.0991,917.45,335.37,3.641,3.6914,447.191,83.117
spring_steel,0.2604,1.7973,0.1439,829.01,463.77,1.677,0.1286,212.608,99.842
spring_steel,0.8279,0.6743,0.8942,789.96,411.17,2.952,52.8482,350.606,95.412
martensitic_stainless,0.7556,3.6066,0.6501,923.66,459.31,1.841,20.8992,547.484,62.264
low_alloy_steel,0.9404,1.3347,0.8493,874.37,544.74,1.037,1.1215,278.871,110.828
low_alloy_steel,0.2142,1.6888,0.3409,916.94,502.87,3.121,44.2264,249.136,132.506
bearing_steel,0.8864,1.6296,1.2545,780.06,605.88,0.887,0.5184,268.651,112.823
spring_steel,0.7343,0.8931,0.9795,835.15,626.28,2.407,27.5327,288.974,119.224
bearing_steel,0.6514,0.1845,0.5386,967.18,634.32,3.129,7.7562,290.107,117.528
low_alloy_steel,0.4935,1.4513,1.7808,844.42,547.42,1.304,0.1603,162.088,140.151
spring_steel,0.3626,0.2778,1.6952,868.64,236.01,0.371,80.7466,422.593,91.056
low_alloy_steel,0.302,0.274,2.382,865.3,152.76,1.271,0.9639,309.879,96.961
bearing_steel,0.6404,1.2315,1.6604,780.15,326.94,1.914,0.1302,392.719,94.786
bearing_steel,0.6661,1.1448,1.9484,935.3,178.51,1.534,0.1184,478.021,84.15
spring_steel,0.7192,1.6697,1.7443,894.86,637.79,0.722,1.566,256.236,118.352
martensitic_stainless,0.6293,3.7143,1.6332,959.79,151.31,2.284,6.4238,606.691,41.199
bearing_steel,0.3818,0.3984,1.5995,919.09,404.71,1.74,0.167,266.457,118.078
spring_steel,0.5672,0.5618,1.5458,902.07,397.68,2.199,13.7438,362.439,95.544
martensitic_stainless,0.2713,2.371,0.3557,884.25,315.44,2.3,0.5527,396.472,86.063
martensitic_stainless,0.93,2.2269,0.5697,852.45,483.03,1.681,29.4498,476.223,85.571
bearing_steel,0.6802,0.4798,1.7159,905.13,592.25,0.369,1.522,264.64,127.748
martensitic_stainless,0.9379,2.2205,0.1231,818.9,169.16,3.605,84.1391,661.532,30.022
martensitic_stainless,0.184,3.2855,2.4172,772.87,425.15,2.473,0.6375,303.481,122.57
low_alloy_steel,0.4638,1.0616,1.6575,943.66,618.92,0.375,0.3626,158.635,152.339
low_alloy_steel,0.917,1.6538,2.2734,792.36,493.53,1.934,50.9944,344.973,98.398
bearing_steel,0.1839,0.5407,1.1574,782.11,646.02,3.416,46.7899,175.384,131.946
martensitic_stainless,0.4048,3.4187,1.1318,835.9,300.74,1.882,12.8681,475.08,83.48
spring_steel,0.5337,0.9137,1.2685,915.98,493.94,1.219,1.9775,264.2,113.964
bearing_steel,0.5202,0.3274,0.1298,894.12,334.84,1.002,1.7628,332.58,98.055
spring_steel,0.4707,0.7571,0.537,966.39,415.85,3.744,0.1571,263.98,100.409
spring_steel,0.9212,1.1359,2.0807,894.82,621.15,3.917,0.7094,312.585,113.909
low_alloy_steel,0.9022,1.5163,0.6839,837.64,555.77,2.277,5.2423,258.147,108.599
bearing_steel,0.8617,0.7825,2.2522,915.65,204.73,1.86,44.7581,544.719,74.904
martensitic_stainless,0.1704,2.8474,1.7678,849.29,181.73,3.285,0.1128,441.627,76.429
bearing_steel,0.1785,0.138,1.274,890.69,361.4,0.537,39.0367,273.824,103.967
martensitic_stainless,0.9061,3.706,0.9345,945.7,254.1,2.117,1.2862,625.295,63.442
martensitic_stainless,0.9218,3.256,2.4876,837.24,199.27,3.975,0.3074,611.849,54.374
bearing_steel,0.9895,0.7017,1.1885,958.09,640.95,2.889,1.6106,356.179,121.868
bearing_steel,0.9674,1.3222,0.2794,922.94,621.02,1.894,43.3919,426.441,88.362
low_alloy_steel,0.8089,0.8251,2.3767,789.9,405.33,0.604,2.1233,337.788,98.476
martensitic_stainless,0.8268,3.1336,1.7878,947.87,250.98,1.044,1.7436,591.985,64.154
martensitic_stainless,0.8386,2.3747,1.6938,929.81,541.36,3.093,15.7905,479.392,74.854
martensitic_stainless,0.352,2.1351,1.5054,905.14,515.29,0.265,4.3674,318.48,104.382
martensitic_stainless,0.6399,3.342,0.1136,851.67,641.67,0.833,0.5515,313.391,113.244
bearing_steel,0.7944,0.3742,1.2617,834.33,558.93,2.878,3.2186,330.887,113.667
low_alloy_steel,0.8317,0.187,1.994,810.69,560.61,3.722,0.3164,203.142,126.278
martensitic_stainless,0.7984,3.5466,0.8109,840.68,155.71,0.739,32.8823,635.688,42.31
martensitic_stainless,0.7222,3.9688,1.3955,840.56,549.27,3.227,19.5764,488.731,87.155
low_alloy_steel,1.0297,1.0312,1.0312,936.1,200.35,2.677,6.577,488.549,82.762
bearing_steel,0.9688,0.6434,0.3181,855.48,513.75,0.78,3.6019,296.505,99.384
spring_steel,0.5719,1.0598,1.5175,963.61,529.69,2.809,0.2862,240.976,135.848
martensitic_stainless,0.601,2.9248,0.8802,919.0,554.21,2.331,58.3946,454.203,93.859
spring_steel,0.5903,1.7393,0.7445,952.36,243.31,1.467,38.425,497.607,62.579
bearing_steel,1.0161,1.8659,1.1568,941.28,485.15,3.982,0.3826,397.448,90.497
bearing_steel,0.9426,0.4735,1.8934,968.22,282.45,1.244,1.7461,457.62,88.694
bearing_steel,0.1513,0.8364,1.6556,835.9,469.42,1.077,0.2762,164.34,117.793
low_alloy_steel,0.6887,0.1591,1.7782,849.79,180.44,3.022,5.4037,365.628,105.172
spring_steel,0.7231,0.1716,0.9708,805.55,278.11,0.881,98.23,436.134,73.718
martensitic_stainless,0.2883,3.4027,2.1234,858.74,571.42,3.182,7.7339,354.293,111.824
low_alloy_steel,0.703,1.1398,1.0769,913.04,475.9,2.301,49.9941,331.449,111.091
martensitic_stainless,0.8016,2.9175,0.4225,826.25,571.07,1.441,0.593,378.679,96.769
spring_steel,0.1768,1.3671,1.189,922.88,321.46,1.915,22.7245,324.763,96.458
martensitic_stainless,0.9102,2.7613,1.0732,846.05,218.74,2.417,0.4459,552.929,67.218
martensitic_stainless,0.9989,2.7181,1.8235,856.55,159.32,1.422,3.0365,605.858,46.382
martensitic_stainless,0.3781,3.5515,0.1074,868.42,376.92,2.224,0.3727,397.489,88.022
spring_steel,0.3411,1.9698,2.361,871.18,617.77,2.239,2.039,214.981,130.241
low_alloy_steel,0.8413,1.5844,0.0571,961.59,436.83,3.611,0.3375,286.027,97.391
low_alloy_steel,0.2549,0.6126,0.1937,899.98,540.03,3.133,15.3525,171.205,125.235
bearing_steel,0.9599,1.8975,2.2574,845.76,499.29,2.538,88.6253,488.409,85.397
martensitic_stainless,0.5534,2.5166,0.9324,904.46,228.35,1.916,129.2063,595.107,58.45
low_alloy_steel,0.8471,1.4655,1.2638,867.63,565.96,3.221,1.974,273.122,102.868
bearing_steel,0.3855,1.623,1.3119,933.86,258.26,1.356,8.9308,373.386,92.597
martensitic_stainless,0.2226,3.646,2.2007,866.69,534.16,1.791,0.1515,292.246,120.387
martensitic_stainless,0.6441,2.63,1.6174,969.46,188.46,2.977,0.1189,532.612,72.786
bearing_steel,0.2328,0.875,0.3503,883.67,630.93,0.908,26.5595,234.88,126.103
martensitic_stainless,0.7674,2.2701,1.3366,964.47,282.7,2.849,3.8356,529.331,74.191
low_alloy_steel,0.9137,1.8367,0.2996,804.64,209.46,3.836,0.4039,403.856,83.654
bearing_steel,0.3018,0.6666,0.7349,761.92,327.31,1.481,0.6103,227.831,99.481
martensitic_stainless,1.0126,3.7862,1.3083,844.45,159.88,0.55,3.1253,622.107,49.764
bearing_steel,0.9247,0.9313,1.2589,810.68,540.22,0.527,121.7914,402.04,86.206
bearing_steel,0.7764,0.3586,1.1359,780.12,489.36,0.304,0.242,269.543,112.487
bearing_steel,0.9963,0.2183,0.9224,912.1,213.81,1.837,2.9515,506.913,67.309
martensitic_stainless,0.2572,3.0729,1.5427,958.19,507.0,0.754,55.6453,437.581,95.325
spring_steel,0.4356,0.7725,0.2843,935.86,218.43,1.711,1.8092,333.607,99.034
martensitic_stainless,0.7516,2.6153,2.2656,784.36,232.98,2.184,2.6633,550.037,77.412
low_alloy_steel,0.9831,1.8541,1.0815,889.08,467.09,0.805,57.3103,432.854,88.147
martensitic_stainless,0.1981,2.8766,1.9318,938.37,548.45,2.696,3.2392,291.513,114.679
spring_steel,0.473,0.3969,0.9492,891.93,199.14,1.178,5.88,392.711,82.474
martensitic_stainless,0.7962,2.351,0.8409,815.98,280.76,1.639,0.8426,496.471,58.207
low_alloy_steel,0.3996,0.8779,0.113,845.29,189.98,2.172,3.8464,293.292,82.284
bearing_steel,0.5253,1.8606,0.9735,760.46,311.37,3.915,22.5881,416.752,92.016
low_alloy_steel,0.3003,1.4197,0.0887,940.09,284.08,3.484,4.5385,278.169,105.801
low_alloy_steel,0.5178,1.8626,2.4368,958.92,471.44,0.618,0.3873,255.19,121.154
martensitic_stainless,0.374,3.0139,1.4383,930.88,202.57,1.495,12.1365,487.028,75.861
bearing_steel,0.3802,1.7361,2.349,852.47,251.16,3.406,1.8495,425.833,82.007
spring_steel,0.3803,0.4882,2.3061,872.85,151.26,2.936,0.2748,379.713,80.234
spring_steel,0.3639,1.7863,2.0524,790.03,539.8,2.177,9.6562,213.074,125.111
bearing_steel,0.9762,1.5826,0.133,796.58,627.35,2.536,5.5672,305.542,102.326
martensitic_stainless,0.9117,3.2222,0.3087,851.49,198.79,2.208,4.8103,579.345,48.641
low_alloy_steel,0.3143,1.7632,1.4691,842.6,275.74,0.486,6.0467,304.228,124.989
low_alloy_steel,0.6005,1.1898,1.9223,915.61,638.64,2.709,28.25,264.141,127.208
bearing_steel,0.7901,1.2151,0.4248,911.96,258.55,2.538,24.9742,513.82,45.973
martensitic_stainless,0.2861,3.7794,0.3194,773.25,234.48,2.961,0.8262,443.296,80.112
martensitic_stainless,0.2545,3.6872,1.2746,789.41,417.47,1.658,0.5139,298.564,111.881
martensitic_stainless,0.2875,2.3612,0.2406,948.35,494.79,2.689,3.9398,361.571,82.453
martensitic_stainless,0.4989,3.8702,1.0118,811.26,162.36,2.476,14.0141,570.329,64.253
martensitic_stainless,0.4434,2.7453,2.4746,882.8,260.22,1.271,0.5815,470.947,90.788
martensitic_stainless,0.1667,2.9741,1.4417,814.78,557.87,0.487,0.4165,240.865,124.276
spring_steel,0.813,1.6853,0.0909,959.51,469.83,1.205,5.8156,357.024,91.529
spring_steel,0.7207,0.2574,2.464,904.6,427.87,0.938,123.1331,403.194,101.689
spring_steel,0.6198,1.5645,2.1451,876.49,620.15,2.878,0.6567,219.547,140.116
bearing_steel,0.979,0.4087,0.6545,832.54,456.94,1.547,93.9754,450.947,88.972
bearing_steel,0.994,1.7681,0.5208,824.51,281.56,2.467,2.3711,480.268,85.982
spring_steel,0.1668,0.6473,0.4404,833.3,509.52,2.123,8.8624,188.924,135.025
low_alloy_steel,0.7023,0.7989,0.2495,926.97,493.8,3.325,144.8658,364.241,94.46
low_alloy_steel,0.9103,0.8835,0.5767,968.15,619.06,1.663,65.0176,354.808,108.438
bearing_steel,0.7104,0.1768,0.7515,968.53,613.01,2.38,7.3517,302.353,115.691
bearing_steel,0.97,0.4113,0.7981,962.86,462.39,2.516,1.4168,428.259,82.329
low_alloy_steel,0.3983,0.6596,1.1731,942.37,592.3,2.361,0.7321,138.204,141.315
spring_steel,0.6806,1.2326,1.2669,871.52,584.57,1.451,2.3538,230.84,138.298
martensitic_stainless,0.2026,2.7437,1.4557,956.95,379.44,2.235,56.9144,455.718,88.117
spring_steel,1.0313,0.2238,0.5729,896.6,413.96,0.535,4.9643,400.067,84.509
low_alloy_steel,0.1651,1.2099,1.6647,801.72,198.14,1.547,12.1229,300.768,104.096
bearing_steel,0.3393,1.5379,0.3216,894.93,321.53,3.857,3.297,361.28,95.039
bearing_steel,0.8955,0.3313,0.4317,908.31,266.59,0.845,109.8166,518.542,66.248
low_alloy_steel,0.7788,1.9481,2.0111,873.46,483.53,2.544,0.8618,276.864,116.669
martensitic_stainless,0.9817,3.5079,1.3212,857.91,397.71,2.872,73.113,610.399,65.055
bearing_steel,0.6735,1.4335,1.2896,915.71,634.17,3.852,7.4157,255.505,115.588
martensitic_stainless,0.5175,2.2354,1.4002,917.72,439.46,3.06,0.7479,418.513,98.724
bearing_steel,0.6176,0.6719,1.2712,944.09,230.81,2.246,7.6881,488.017,72.568
low_alloy_steel,0.301,1.4708,0.8191,777.48,422.99,0.992,1.3731,146.027,130.653
low_alloy_steel,0.9207,1.9487,1.2406,830.2,624.43,2.927,1.9778,209.791,130.604
spring_steel,0.7872,0.1114,1.4531,940.61,468.55,3.908,55.3878,378.991,96.369
bearing_steel,0.6999,0.5505,0.3665,976.79,498.1,3.49,4.8032,325.9,94.977
bearing_steel,0.6335,1.5786,2.4267,794.88,260.37,0.597,74.5865,492.963,72.567
low_alloy_steel,0.667,1.5519,0.0048,897.84,338.14,1.958,13.0544,349.718,109.929
bearing_steel,0.7762,1.2182,0.9402,906.09,466.12,1.581,8.0437,395.826,115.448
bearing_steel,0.8803,0.9993,1.6413,874.5,165.96,3.032,12.2058,535.856,69.858
bearing_steel,0.2289,0.7024,0.8048,790.56,636.26,3.457,39.431,213.751,128.239
bearing_steel,0.9225,1.7528,0.8475,834.11,346.13,0.83,24.4305,467.614,70.596
martensitic_stainless,0.3313,2.4317,2.0387,789.44,440.67,2.296,0.6376,292.115,110.313
spring_steel,0.988,1.0457,1.7182,923.7,391.77,3.479,8.3454,397.357,95.726
spring_steel,0.4722,1.1329,0.454,774.64,622.04,1.227,154.8751,273.301,112.534
low_alloy_steel,0.6458,1.7929,0.6635,793.74,182.56,1.953,32.0479,449.394,85.038
martensitic_stainless,0.694,3.2172,0.497,794.18,218.3,1.554,10.8553,529.889,67.637
spring_steel,0.4793,0.226,2.0962,885.99,300.77,0.625,59.056,410.646,91.586
martensitic_stainless,0.6385,3.1925,1.7949,815.46,474.15,2.169,5.9271,428.977,105.577
bearing_steel,0.981,0.9884,1.8853,887.48,201.19,3.871,9.7362,567.276,55.521
martensitic_stainless,0.3353,3.7924,1.1125,952.31,520.37,1.927,81.0556,456.389,92.962
low_alloy_steel,0.7375,1.6359,1.823,880.98,252.47,3.719,56.754,450.387,74.076
spring_steel,0.7478,1.4928,1.6033,799.41,410.9,3.532,4.6291,364.958,107.483
low_alloy_steel,0.3797,1.5387,1.2382,932.05,523.74,3.147,0.3146,205.069,121.856
bearing_steel,0.5079,0.6009,1.4207,931.54,576.05,0.643,0.3604,228.237,125.189
low_alloy_steel,0.9849,0.6208,0.1861,780.25,636.81,3.744,0.2267,214.678,112.779
bearing_steel,0.7651,0.5793,1.7541,896.73,622.18,0.784,2.8283,289.658,115.283
bearing_steel,0.9343,0.4836,0.3863,812.88,176.69,1.33,5.0773,490.21,52.704
bearing_steel,0.5942,1.6838,1.956,906.9,233.48,0.596,50.812,514.042,54.216
low_alloy_steel,0.9639,0.4966,2.2547,896.83,490.08,2.294,2.3226,354.069,112.606
martensitic_stainless,0.8386,3.8108,1.5492,799.62,216.39,0.806,24.1372,593.16,61.99
martensitic_stainless,0.5328,2.8753,1.8379,832.69,605.53,3.87,0.105,338.469,107.85
spring_steel,0.4615,0.5207,1.8811,930.31,289.68,1.722,120.0,437.875,87.728
spring_steel,0.6668,0.6005,0.0708,962.21,644.61,2.84,0.1577,202.03,130.092
spring_steel,0.9678,0.7441,0.4406,910.08,215.47,0.805,0.2099,450.853,76.576
spring_steel,0.5554,0.7971,2.4136,924.5,177.72,3.002,0.2482,386.344,91.191
low_alloy_steel,0.7173,1.6536,2.2207,819.86,216.25,2.923,2.7065,397.509,88.357
low_alloy_steel,0.5581,1.9547,1.3202,915.88,425.77,0.402,38.9044,344.809,108.132
martensitic_stainless,0.7235,3.1481,1.1343,816.23,339.91,0.464,2.7337,488.24,79.23
martensitic_stainless,0.6552,3.9671,1.8834,785.63,473.36,1.052,51.0288,493.436,101.409
low_alloy_steel,0.7252,0.2538,2.1817,850.16,336.1,3.878,41.6209,383.057,100.062
low_alloy_steel,0.2413,1.5608,0.1118,889.17,621.13,1.232,3.0384,132.047,128.951
martensitic_stainless,0.7775,3.955,1.7571,853.27,535.76,3.221,4.7944,468.155,82.425
martensitic_stainless,0.2255,2.8257,1.0173,878.3,607.23,1.967,105.4808,355.295,112.634
low_alloy_steel,0.8396,0.948,0.974,882.76,288.59,3.737,0.3069,360.721,99.638
bearing_steel,0.8223,1.1538,1.5088,892.84,390.45,1.672,0.4829,386.826,94.056
low_alloy_steel,0.1829,1.7106,1.9194,790.48,493.01,1.031,8.4903,181.091,125.301
low_alloy_steel,0.2304,0.9506,2.313,788.61,334.08,0.597,1.9556,215.3,134.619
bearing_steel,0.5603,1.8155,2.37,923.15,328.39,3.748,0.2688,391.086,103.87
martensitic_stainless,0.904,2.3886,1.5749,952.18,431.26,1.767,0.1534,510.451,84.183
spring_steel,0.7881,1.4183,0.4994,966.71,546.61,3.132,38.0549,409.425,93.399
low_alloy_steel,0.9538,1.7036,2.0798,795.68,370.28,1.439,0.8313,352.34,87.797
bearing_steel,0.7691,1.5183,2.3768,979.0,290.32,2.426,91.2358,547.346,74.413
low_alloy_steel,0.3808,0.4207,2.1124,858.46,514.61,3.539,0.9317,155.643,138.981
bearing_steel,1.0426,1.8717,1.1027,910.41,560.96,1.643,0.2818,377.945,97.395
low_alloy_steel,0.2368,1.0387,1.6859,874.0,296.67,2.219,12.0951,304.578,106.002
bearing_steel,0.5499,1.764,1.4927,954.18,328.31,1.542,1.887,417.091,85.549
spring_steel,0.8757,0.8621,1.7956,799.4,154.3,0.628,10.4352,503.015,72.74
low_alloy_steel,0.8566,0.3716,1.2143,795.34,639.73,0.705,69.7131,282.496,119.458
low_alloy_steel,0.7231,0.3656,0.6111,897.62,410.43,2.578,0.4768,286.742,114.659
spring_steel,0.7794,1.9483,0.5325,870.96,391.83,3.408,15.9623,426.404,86.786
low_alloy_steel,0.6518,0.2004,0.1876,923.48,261.72,3.369,71.161,414.625,75.547
low_alloy_steel,0.8024,1.9125,0.182,961.38,340.99,1.167,23.0901,430.223,76.232
bearing_steel,0.4235,1.7762,1.2671,775.3,649.76,2.936,1.5968,165.688,139.431
martensitic_stainless,0.6009,3.8644,0.7954,830.69,613.43,1.204,0.4863,348.21,105.012
spring_steel,0.7147,1.3282,1.6988,842.21,302.7,0.614,20.1282,403.065,80.157
bearing_steel,0.7467,1.0626,1.1416,822.27,519.23,0.227,0.6536,281.913,109.034
low_alloy_steel,0.3904,0.9712,2.2857,835.31,509.25,0.951,2.6034,178.116,127.811
bearing_steel,0.6335,1.3532,0.9056,868.23,292.26,3.928,0.1764,392.428,84.832
low_alloy_steel,0.4128,1.3477,0.8802,876.31,528.97,2.566,4.4902,237.033,113.709
low_alloy_steel,0.1841,1.0894,2.4914,839.92,429.31,0.72,62.9773,238.53,122.058
spring_steel,0.9208,1.0095,1.614,949.75,525.85,3.109,1.1763,382.189,98.385
low_alloy_steel,0.8244,1.8676,0.3957,867.23,357.94,1.653,9.0822,378.225,97.36
bearing_steel,0.3643,0.4878,2.3658,936.3,409.17,3.077,2.2403,320.838,107.347
spring_steel,0.1847,0.865,0.0421,922.65,446.53,3.474,0.4623,168.246,112.345
low_alloy_steel,0.1582,0.4935,1.594,877.78,338.03,1.546,33.2616,269.13,122.451
bearing_steel,0.9095,1.9537,1.6784,761.6,190.02,2.485,0.2356,460.306,73.269
bearing_steel,0.2803,0.9401,0.3193,979.55,612.13,3.996,2.4168,195.892,114.463
low_alloy_steel,0.3361,0.4787,2.1217,818.23,394.31,0.828,35.2103,265.523,141.643
spring_steel,1.0442,1.992,1.3909,961.35,521.59,0.571,0.1112,352.844,102.691
low_alloy_steel,0.8146,1.8344,1.8441,766.52,440.58,3.746,11.7425,336.441,109.298
spring_steel,0.965,1.2547,1.6197,877.57,326.54,2.344,7.6805,483.563,79.494
bearing_steel,0.7564,1.9241,1.6321,891.13,280.98,2.392,145.3966,568.139,58.203
low_alloy_steel,0.3308,1.5128,1.3525,834.2,566.06,0.931,84.3841,201.153,133.941
spring_steel,0.4756,0.5769,1.8254,760.77,401.44,3.677,129.3594,361.755,97.769
spring_steel,0.5372,0.96,1.264,761.4,176.01,2.708,0.3561,325.499,90.421
low_alloy_steel,0.7667,1.3665,0.6983,946.42,440.17,3.266,0.1458,295.139,103.334
martensitic_stainless,0.9443,2.4405,1.1679,898.04,424.56,0.683,2.9602,482.332,82.114
low_alloy_steel,0.7941,0.9163,1.5665,900.79,433.4,1.958,3.9839,298.287,106.312
martensitic_stainless,0.5089,3.4771,1.3103,836.04,499.54,2.511,12.189,429.571,103.48
spring_steel,0.3636,0.4003,1.5156,803.99,334.54,0.973,2.1438,274.953,98.318
low_alloy_steel,0.8766,1.5527,1.8342,822.71,276.18,1.699,9.9926,406.712,93.993
martensitic_stainless,0.4954,2.1518,2.003,760.14,304.71,1.096,30.7348,480.36,76.39
low_alloy_steel,0.928,1.1504,0.146,968.06,401.37,0.699,25.8759,416.578,61.494
martensitic_stainless,0.4206,2.1166,1.242,920.03,292.32,2.365,136.1249,511.051,79.023
spring_steel,0.6798,0.9792,2.2699,930.66,180.66,1.163,0.6446,434.317,87.543
low_alloy_steel,0.9183,1.1272,1.9131,938.3,416.79,2.068,25.057,421.389,108.897
bearing_steel,0.4607,1.914,2.4247,862.42,515.21,1.096,3.0902,276.124,124.599
spring_steel,0.9682,1.6785,0.2735,958.25,565.22,3.525,44.6418,434.704,87.567
spring_steel,1.0161,1.3127,1.6461,853.42,327.64,0.826,0.5062,447.046,74.641
low_alloy_steel,0.6365,0.8422,0.2765,922.94,259.28,0.914,1.5226,329.938,80.138
spring_steel,0.3458,0.2442,0.7626,956.15,323.07,2.043,17.9216,349.132,95.713
low_alloy_steel,0.6791,0.1515,1.5892,897.13,383.96,3.319,0.7963,308.893,117.607
martensitic_stainless,0.8552,3.2081,2.061,856.42,330.83,0.639,20.3933,586.267,70.37
spring_steel,0.8672,0.1058,0.8766,967.21,457.0,0.49,7.2935,359.183,96.649
martensitic_stainless,0.8208,2.2907,0.8243,781.47,390.92,0.918,0.3056,423.869,83.225
bearing_steel,0.7187,0.2218,0.9359,898.55,387.28,2.392,57.7532,372.621,100.749
low_alloy_steel,0.5562,1.6135,0.1266,896.03,327.14,0.209,30.2174,333.728,94.046
low_alloy_steel,0.5181,1.1409,1.3983,917.47,559.06,3.201,90.6323,317.762,101.085
low_alloy_steel,0.4544,0.7614,0.0637,929.32,337.92,1.588,3.8095,255.944,112.011
low_alloy_steel,1.0288,0.1906,1.3203,890.09,339.2,0.534,27.4024,397.986,104.455
bearing_steel,0.518,0.5804,0.8436,969.2,493.49,2.51,10.2106,322.421,106.905
spring_steel,0.934,1.5636,1.4162,956.02,512.3,2.823,1.7994,408.248,87.315
low_alloy_steel,0.7026,1.1083,2.4334,923.12,330.57,0.732,0.1384,326.644,95.265
low_alloy_steel,0.2567,0.3444,1.7811,924.52,170.23,2.551,19.188,336.559,98.437
spring_steel,0.7121,1.1552,0.9286,822.03,175.21,2.122,0.2053,402.079,88.723
martensitic_stainless,0.8064,2.6294,1.0578,776.83,179.4,1.815,0.226,525.491,66.361
bearing_steel,0.8981,1.6871,1.3947,965.48,193.22,0.39,60.347,570.014,55.667
bearing_steel,0.4952,0.5629,1.6961,832.25,524.69,3.996,1.5574,289.485,125.475
low_alloy_steel,0.4349,0.1987,0.5315,810.21,324.78,1.632,22.4085,250.952,87.603
spring_steel,0.3599,1.1487,0.8095,819.88,186.34,3.224,6.1584,359.908,79.768
bearing_steel,0.6643,1.0957,1.2232,964.2,372.89,0.469,0.703,369.48,79.643
low_alloy_steel,0.224,0.2746,0.8851,883.42,524.06,2.011,42.5808,197.736,135.651
spring_steel,0.3886,1.1412,2.4127,923.53,642.08,3.355,0.2531,176.036,139.731
spring_steel,0.5431,1.5468,1.3533,793.21,327.81,2.48,0.1148,286.401,102.786
spring_steel,0.8803,0.5031,0.7426,935.96,567.99,1.106,0.9392,333.07,89.686
spring_steel,0.8005,0.9965,1.411,773.17,481.3,1.449,43.991,394.629,92.26
spring_steel,0.5471,1.5519,2.0783,773.66,558.01,3.26,4.1092,230.183,126.732
spring_steel,0.4176,0.4022,0.8272,814.02,232.14,3.865,17.422,398.485,103.01
low_alloy_steel,0.4958,1.8716,1.8483,761.2,322.45,2.029,0.6581,260.294,109.548
martensitic_stainless,0.3997,2.9334,0.2416,857.73,332.5,0.311,90.1402,502.42,75.657
low_alloy_steel,0.4108,1.6905,2.2767,907.99,352.54,1.514,7.1694,310.546,111.563
spring_steel,0.2284,1.0018,0.4038,935.58,429.5,3.824,6.7453,245.334,117.062
low_alloy_steel,0.9006,0.6883,0.5173,866.84,567.27,1.062,17.5649,319.742,121.177
low_alloy_steel,0.6181,1.8596,2.4274,958.04,224.65,1.648,0.1547,407.301,95.334
spring_steel,0.7845,1.3945,2.4874,924.38,197.92,0.595,2.3564,478.563,72.422
low_alloy_steel,0.2615,1.252,0.7018,876.47,579.75,2.08,0.3427,120.0,150.567
low_alloy_steel,0.6389,0.9366,0.0742,879.56,268.98,1.912,33.5706,407.772,73.351
spring_steel,0.6271,1.7716,1.0376,828.98,567.29,3.859,0.281,213.358,121.468
low_alloy_steel,0.6208,0.3033,0.6982,893.11,152.41,3.243,47.4802,429.63,76.854
bearing_steel,0.7034,1.4811,0.235,966.99,194.58,1.134,48.5909,586.412,51.404
martensitic_stainless,0.7926,3.0043,2.4477,796.42,573.64,2.343,19.2362,453.046,108.406
spring_steel,0.6756,0.5077,0.5149,827.77,644.48,3.057,0.145,212.235,115.593
martensitic_stainless,0.2825,3.6433,0.1222,888.74,535.11,1.285,1.0535,291.461,103.787
spring_steel,0.875,0.914,1.7079,841.96,530.07,1.65,124.1633,375.254,98.573
bearing_steel,0.7546,0.1701,2.2407,978.7,364.53,3.196,83.488,469.956,81.032
martensitic_stainless,0.6524,2.1631,1.4442,830.35,527.33,2.97,0.336,353.038,108.164
bearing_steel,0.2763,1.4768,0.6382,814.44,195.98,0.919,2.8578,363.813,89.283
spring_steel,0.6357,1.7249,1.8682,769.96,622.19,3.054,0.9814,209.539,130.719
low_alloy_steel,0.7601,0.7948,2.0345,955.43,509.2,1.339,0.2693,247.751,131.771
martensitic_stainless,0.2663,2.1677,2.2619,952.0,166.75,0.285,2.8123,491.37,82.143
spring_steel,1.0293,0.9527,0.4518,868.12,184.44,1.345,1.6156,487.65,61.371
martensitic_stainless,0.9124,3.3536,1.8372,762.55,550.52,2.807,79.4738,538.462,75.175
martensitic_stainless,1.0426,3.7347,0.8285,950.7,204.79,0.524,0.5607,624.943,41.808
spring_steel,0.5785,0.7767,1.7416,894.18,551.28,0.363,25.1293,287.571,118.94
low_alloy_steel,0.4472,0.5755,0.2885,849.05,370.19,3.058,1.175,217.321,103.68
low_alloy_steel,0.7409,0.4774,0.4607,779.91,509.17,3.026,0.4609,206.137,114.883
low_alloy_steel,0.151,1.6813,0.2795,881.21,252.38,2.302,0.946,258.333,105.045
martensitic_stainless,0.5858,2.5813,0.9993,855.05,233.7,3.967,0.6751,459.636,92.976
low_alloy_steel,0.2098,1.0955,0.0136,964.24,269.5,1.046,0.235,234.293,104.003
bearing_steel,0.361,0.5138,2.1944,966.21,420.07,1.291,36.4586,376.353,110.821
spring_steel,0.6113,1.9266,1.4177,822.17,592.48,2.886,3.5338,256.615,133.499
bearing_steel,0.3952,1.5956,1.7986,761.22,271.69,2.965,50.9317,434.974,99.293
martensitic_stainless,0.8194,2.3278,1.8881,776.45,316.71,0.769,1.2975,513.633,82.464
spring_steel,0.7053,1.8808,0.0742,966.77,474.49,3.78,0.4309,333.196,111.774
bearing_steel,0.1722,1.438,1.7108,961.78,215.33,3.1,2.6864,401.547,87.467
martensitic_stainless,0.8071,2.834,0.4163,787.08,171.94,1.312,7.7575,574.03,65.073
low_alloy_steel,0.5576,0.2255,0.6024,913.69,613.56,3.305,0.1906,160.923,136.758
bearing_steel,0.8408,1.8942,1.2771,816.47,154.56,2.637,1.7691,494.961,71.982
spring_steel,0.5746,1.3894,1.4772,761.23,193.87,0.504,9.1446,403.518,88.883
martensitic_stainless,0.1593,3.6492,1.6118,945.75,519.72,3.661,0.1435,316.858,111.581
bearing_steel,0.9722,0.4748,0.9951,852.37,297.26,2.684,133.9927,550.242,51.864
martensitic_stainless,0.9712,3.3992,0.6492,977.81,248.08,1.978,4.6456,627.555,42.363
spring_steel,1.0316,1.6763,0.6672,830.4,419.52,3.627,2.8048,410.788,94.502
low_alloy_steel,0.4747,0.6915,1.5736,861.62,375.63,2.903,0.1106,198.472,130.243
spring_steel,0.5267,1.4173,2.3788,853.71,553.83,2.399,35.03,314.698,115.04
spring_steel,0.1988,1.0556,0.9792,919.47,361.58,1.825,0.1094,212.969,127.713
martensitic_stainless,0.4467,3.1092,1.6798,936.1,482.94,2.124,0.2848,373.756,94.041
bearing_steel,0.7489,0.6346,1.9582,855.21,521.55,0.572,1.0127,326.735,115.535
low_alloy_steel,0.7638,0.2784,1.5377,971.23,514.05,1.836,22.7894,319.842,111.158
spring_steel,0.2162,1.7771,1.0121,960.33,405.59,2.317,28.0905,340.43,96.541
bearing_steel,0.828,1.2437,1.091,837.05,566.8,0.661,0.3569,291.085,116.709
martensitic_stainless,0.8166,2.8431,1.2346,888.0,166.55,0.711,0.6207,557.465,45.29
low_alloy_steel,0.6414,1.1906,2.4961,954.19,415.2,1.517,0.6495,332.072,117.804
spring_steel,0.2232,0.1555,2.0818,762.21,268.21,3.153,0.8832,221.765,107.743
low_alloy_steel,0.4309,0.7174,0.6659,875.82,215.2,0.532,16.4312,353.992,85.711
martensitic_stainless,0.9207,2.4821,0.6221,764.98,353.4,2.182,0.1453,461.478,82.764
martensitic_stainless,0.1541,3.536,0.4954,835.51,194.13,3.126,8.0709,456.699,66.839
low_alloy_steel,0.6762,0.5168,0.1509,815.24,598.82,1.113,2.7619,152.356,121.172
low_alloy_steel,1.0304,0.9571,1.2731,909.25,273.22,2.021,0.1236,410.722,87.495
low_alloy_steel,0.8171,0.4222,2.138,906.01,516.83,0.642,0.7841,289.824,129.693
bearing_steel,0.9118,0.7686,2.4427,916.84,190.31,1.962,155.6345,639.611,54.017
bearing_steel,0.9301,0.9687,0.1969,923.44,326.25,2.905,1.0647,433.107,64.744
spring_steel,0.6372,0.4754,1.129,977.79,333.53,0.937,62.8947,437.95,84.25
spring_steel,0.3799,0.4932,0.2629,898.6,416.57,3.396,40.3618,314.815,93.804
spring_steel,0.719,1.6475,2.332,869.78,235.57,2.834,5.4222,437.129,92.053
martensitic_stainless,0.5763,2.6487,0.7684,862.8,633.86,2.314,74.1466,438.543,117.037
low_alloy_steel,0.5579,0.7172,1.054,932.58,531.93,0.525,1.5407,205.802,125.471
martensitic_stainless,0.156,3.4631,2.0421,760.53,245.48,1.21,0.1407,382.246,87.692
martensitic_stainless,0.7461,2.456,1.5046,865.53,267.14,2.098,11.3593,565.702,75.881
bearing_steel,0.3839,1.3852,0.0024,829.5,574.83,3.479,0.1475,205.578,119.58
low_alloy_steel,0.566,1.0597,0.8861,867.3,381.98,1.303,29.8719,326.426,98.737
low_alloy_steel,0.9064,0.4195,1.8744,856.22,217.65,2.375,13.7401,444.785,80.242
spring_steel,0.872,0.4503,0.5442,767.44,400.48,1.23,93.4586,401.067,80.279
martensitic_stainless,0.6115,2.5979,0.5786,802.82,244.91,3.707,3.2618,480.149,70.721
martensitic_stainless,1.0057,2.2001,0.6799,971.85,423.15,2.205,1.3896,525.036,68.523
low_alloy_steel,0.9074,1.2466,1.7819,894.35,356.98,0.357,0.8336,310.191,108.072
bearing_steel,1.0293,0.6756,1.735,898.97,187.69,1.085,6.4408,565.787,52.641
low_alloy_steel,0.3553,1.7841,0.609,904.34,310.16,3.209,0.2464,249.877,104.203
spring_steel,1.039,1.7872,2.0978,770.41,210.32,1.426,0.2365,442.254,79.727
martensitic_stainless,0.412,3.0429,1.4824,813.69,261.23,0.87,0.283,429.064,72.877
bearing_steel,0.7448,1.6476,1.0355,976.28,218.09,2.381,0.4315,459.319,68.945
spring_steel,0.48,1.0408,1.2483,772.13,560.42,3.041,0.106,169.788,139.419
bearing_steel,0.1596,0.5141,0.7619,957.93,443.38,3.204,0.132,240.879,110.163
martensitic_stainless,0.4348,3.2744,0.785,899.04,362.2,3.976,129.8607,548.481,78.305
spring_steel,0.3456,1.8182,2.3846,921.72,582.51,3.2,132.9721,352.644,110.947
low_alloy_steel,0.641,1.2667,0.4015,883.89,249.08,0.263,3.983,364.673,91.107
spring_steel,0.3679,1.8711,1.3285,949.33,186.13,1.444,0.8103,393.449,81.295
low_alloy_steel,0.5891,0.5064,0.6101,917.8,381.21,3.952,0.4487,252.122,104.201
low_alloy_steel,0.4457,1.5866,1.5924,830.91,559.61,2.834,3.609,165.612,124.858
low_alloy_steel,0.645,1.7566,1.4697,933.96,233.54,2.321,3.5809,412.638,94.19
bearing_steel,0.2241,1.0425,1.3159,896.2,487.67,2.347,60.5145,309.882,99.278
bearing_steel,0.9181,1.2883,1.3857,828.21,288.0,2.624,35.5369,569.129,48.663
low_alloy_steel,0.9889,0.4697,1.2548,919.97,351.81,1.526,0.5963,348.369,101.92
low_alloy_steel,0.8648,0.9712,0.247,796.79,196.39,3.553,1.0962,388.354,77.477
bearing_steel,0.217,1.1275,1.1079,954.85,609.77,0.683,2.7464,211.316,122.637
bearing_steel,0.5886,1.0918,0.6993,950.85,427.84,2.443,10.8632,419.322,101.352
low_alloy_steel,0.3733,0.9604,1.0814,781.29,646.3,3.468,21.9211,147.052,128.463
low_alloy_steel,0.8649,1.0517,1.6649,793.68,578.57,1.756,0.3858,213.043,122.331
low_alloy_steel,0.9295,0.9729,1.6647,767.66,349.11,3.63,0.4747,334.02,103.972
bearing_steel,0.7624,1.6948,0.5454,855.19,206.02,3.437,3.1747,479.331,65.939
martensitic_stainless,0.1515,3.5725,2.0296,935.08,386.94,2.779,0.2659,399.426,89.519
spring_steel,0.8895,1.7112,0.6382,930.43,199.49,2.235,1.9231,509.583,66.964
low_alloy_steel,0.2556,1.4819,0.5236,962.58,259.64,3.829,0.2197,277.803,111.699
bearing_steel,0.2633,0.3811,0.167,904.67,408.72,3.256,0.1157,202.771,107.643
bearing_steel,0.201,0.6117,1.6398,914.12,339.64,3.191,43.6389,345.933,91.868
bearing_steel,0.8248,1.3641,1.6065,860.48,392.33,3.244,1.0531,389.628,102.486
low_alloy_steel,0.4736,0.2435,1.132,930.78,211.76,3.264,10.0907,370.293,82.125
martensitic_stainless,0.6977,3.7245,2.2262,962.09,430.21,3.216,0.3316,448.915,98.757
low_alloy_steel,0.9261,0.886,2.1436,788.29,286.93,1.644,0.3892,371.869,86.55
bearing_steel,1.0081,1.8399,1.4002,769.01,500.14,1.692,0.5831,343.671,113.377
bearing_steel,0.3183,1.1046,1.3125,921.74,495.83,3.508,0.6646,252.251,125.261
martensitic_stainless,0.3376,2.1507,1.0004,925.0,442.03,2.725,10.2506,415.814,100.044
spring_steel,0.6725,0.3113,0.5887,963.0,160.13,0.963,9.7738,467.172,74.189
low_alloy_steel,0.2609,1.4243,0.6443,910.82,428.24,2.129,27.7417,264.721,114.509
martensitic_stainless,0.6224,3.0325,1.8083,841.1,361.35,3.261,1.4298,444.93,92.513
martensitic_stainless,0.715,2.3999,0.6074,879.03,415.68,2.214,1.22,392.768,82.822
spring_steel,0.7676,0.2245,1.4556,771.15,275.75,2.836,0.2244,329.179,93.995
bearing_steel,0.4186,1.6031,0.4619,925.62,342.79,2.986,89.1783,444.229,85.217
martensitic_stainless,0.3479,3.6034,0.5907,937.89,213.74,2.768,1.7778,500.471,66.518
bearing_steel,0.4097,1.7868,0.9384,861.8,583.96,1.505,11.589,318.096,116.323
spring_steel,0.5653,0.2289,1.2968,909.88,263.09,3.547,0.1806,349.33,91.079
bearing_steel,0.3543,1.5412,0.0864,780.21,448.94,0.305,0.2307,207.96,117.725
bearing_steel,0.6969,1.5504,0.683,761.82,291.21,2.034,43.1372,518.559,82.386
bearing_steel,0.4877,1.6177,1.0682,778.63,280.1,2.88,137.9149,465.886,96.375
bearing_steel,0.2219,0.5051,0.7144,822.11,399.85,1.332,6.6091,268.02,111.176
low_alloy_steel,0.3348,0.2875,2.3515,799.94,495.4,2.785,12.5693,222.59,129.907
spring_steel,0.8885,0.2578,0.4601,795.54,344.76,2.741,6.8181,337.084,86.772
spring_steel,0.9656,1.7995,2.1132,918.07,561.5,0.913,16.6891,370.211,108.358
bearing_steel,0.3909,0.3738,1.9009,768.21,640.65,1.784,84.811,278.719,117.882
low_alloy_steel,0.7736,1.2912,0.7394,794.04,190.78,3.037,0.3089,352.536,81.652
bearing_steel,1.0449,1.0949,1.0602,934.26,503.29,0.505,0.8788,364.858,90.542
martensitic_stainless,0.1539,2.5389,0.9694,926.67,199.65,0.281,3.0202,444.224,90.887
bearing_steel,0.4986,0.8518,1.3421,802.79,610.36,2.468,63.6925,283.296,110.92
spring_steel,0.8269,1.6542,2.1123,851.01,309.21,2.369,36.75,475.126,84.549
low_alloy_steel,0.4937,1.2817,1.3992,975.41,514.7,2.902,0.1972,194.754,125.605
bearing_steel,0.8252,0.4061,1.691,911.19,172.47,2.27,1.3268,471.783,64.285
bearing_steel,0.4753,0.3679,2.1129,898.26,480.14,0.731,1.3013,291.143,133.677
low_alloy_steel,0.6774,1.7595,2.0744,897.48,640.23,2.405,14.0582,284.603,124.356
spring_steel,0.6838,0.6952,0.604,962.2,241.86,0.669,0.1873,390.186,82.47
low_alloy_steel,0.2462,1.6186,1.0737,832.27,272.32,0.407,0.3139,238.452,111.572
spring_steel,0.4582,1.9342,0.6437,963.86,398.23,0.702,38.6484,374.719,84.265
bearing_steel,0.6785,0.1831,1.2425,926.96,352.83,3.539,2.2049,368.131,81.548
martensitic_stainless,0.5562,3.7087,2.1538,791.53,374.68,3.782,0.1489,413.606,91.192
low_alloy_steel,0.4,1.9261,0.7789,843.32,589.8,1.084,143.0188,243.731,117.903
low_alloy_steel,0.3791,1.5729,1.0863,928.99,175.03,0.57,4.3724,348.391,88.668
bearing_steel,0.387,0.6112,2.4022,802.41,404.94,1.048,0.343,272.523,108.169
martensitic_stainless,0.5693,2.5458,2.0966,882.8,445.79,2.125,3.8215,421.88,85.462
bearing_steel,0.9345,1.169,0.0804,970.97,454.15,2.891,3.4851,438.022,69.31
bearing_steel,0.2265,0.2542,1.485,807.65,515.88,1.499,0.7148,144.817,133.157
bearing_steel,0.1878,0.1492,1.7896,878.89,344.79,3.236,2.9788,240.707,109.353
martensitic_stainless,0.8139,3.9336,1.2019,876.73,391.96,1.473,3.6405,521.878,72.283
spring_steel,0.8172,1.0501,1.0359,826.25,322.46,0.221,13.6808,424.186,83.106
bearing_steel,0.6945,1.2344,0.3194,873.47,477.06,0.952,12.2283,348.35,100.291
spring_steel,0.8075,1.1931,0.5317,870.04,466.9,3.701,0.1628,304.912,101.474
low_alloy_steel,0.9896,1.0516,0.5128,843.12,331.75,0.237,27.8941,413.517,84.062
bearing_steel,0.6444,1.0624,1.4655,882.27,282.56,0.508,7.4597,410.243,86.475
martensitic_stainless,0.6484,2.9218,0.2909,829.0,161.08,2.165,2.4976,554.13,43.76
spring_steel,0.4736,0.6429,1.7541,776.14,507.54,0.473,1.9572,217.567,106.353
spring_steel,0.62,1.6833,0.9899,879.64,265.21,3.416,1.906,406.25,85.058
spring_steel,0.9346,1.2192,0.8473,907.48,514.86,2.87,5.4625,341.427,110.839
low_alloy_steel,0.4811,0.6129,0.3228,843.2,327.81,2.21,47.8,282.279,106.629
low_alloy_steel,0.6179,1.3301,1.081,776.96,322.15,2.755,26.2521,345.215,113.167
low_alloy_steel,0.613,1.0181,2.0961,949.3,420.26,3.563,113.1279,392.966,90.451
low_alloy_steel,0.2453,0.5712,2.3961,899.47,423.42,3.345,29.4848,266.975,124.782
low_alloy_steel,0.6844,0.9566,1.7626,791.85,202.97,3.17,29.7378,451.931,86.132
martensitic_stainless,0.3811,3.3385,1.3986,965.69,425.1,3.619,0.9649,448.062,92.165
bearing_steel,0.1741,1.704,1.3041,858.19,625.04,3.498,2.5859,178.46,137.272
martensitic_stainless,0.6581,3.3822,0.0825,891.53,393.27,2.536,1.6912,436.025,83.288
bearing_steel,0.7756,1.3537,0.7268,942.86,388.23,3.178,37.3334,480.876,78.174
bearing_steel,0.2132,1.5581,1.3836,850.92,276.37,3.743,33.4613,380.044,103.96
martensitic_stainless,0.4822,2.1509,2.404,976.37,153.54,1.216,70.9024,608.49,37.908
low_alloy_steel,0.3113,1.5702,0.5092,771.11,151.86,0.896,0.624,310.72,92.018
martensitic_stainless,0.3449,2.1026,1.6037,917.4,486.71,0.257,7.4762,394.992,101.367
low_alloy_steel,0.6428,1.8444,0.5825,823.9,379.43,0.873,2.9288,327.782,92.927
spring_steel,0.1791,1.4194,2.4666,937.95,491.3,1.906,55.7031,297.255,124.387
low_alloy_steel,0.3097,1.685,1.0697,951.6,504.93,2.907,3.1447,279.705,100.593
bearing_steel,0.7413,1.6305,0.2229,889.88,160.95,1.336,2.2548,499.853,65.79
bearing_steel,0.3524,1.6125,1.3486,939.34,592.41,0.718,10.8033,295.483,131.064
bearing_steel,0.6867,0.774,2.0052,914.27,349.62,1.58,4.0215,391.86,104.603
spring_steel,0.5112,0.6359,0.2356,844.22,487.35,1.89,8.9915,262.297,111.693
bearing_steel,0.5287,0.9411,1.3172,848.33,604.35,1.387,15.4562,233.902,128.806
martensitic_stainless,0.1743,3.4782,2.4018,843.99,267.63,0.525,37.7271,478.924,101.329
martensitic_stainless,0.2201,3.701,0.0804,867.35,153.22,3.945,0.4118,481.062,66.01
spring_steel,0.3183,1.4975,0.7036,786.29,618.18,0.742,10.1523,184.94,146.49
spring_steel,0.505,0.813,2.265,914.47,271.7,3.879,3.5524,428.277,99.134
low_alloy_steel,0.7861,1.7827,0.1826,834.39,391.35,3.359,0.1035,289.382,102.912
spring_steel,0.8745,0.7803,1.4483,903.45,194.49,3.666,69.3138,557.636,59.119
low_alloy_steel,0.818,1.8121,1.0187,833.6,588.9,3.72,88.3157,334.578,100.16
bearing_steel,0.9256,0.6198,1.8364,964.32,193.56,2.327,94.1958,573.246,68.043
spring_steel,0.7472,0.9315,0.8666,780.16,271.88,1.622,0.9606,366.023,83.017
spring_steel,1.0271,0.7604,1.7261,821.35,541.45,0.292,5.7814,340.592,97.326
low_alloy_steel,0.3226,0.3861,0.5753,977.16,432.64,0.807,3.4871,190.505,102.413
bearing_steel,0.7299,1.6875,1.0455,828.56,429.48,3.271,9.1519,434.07,90.72
low_alloy_steel,0.6272,1.3423,2.1637,915.23,175.23,3.253,133.5909,479.584,64.42
spring_steel,1.0498,0.7916,0.0919,962.85,644.2,2.877,4.7439,323.048,105.108
martensitic_stainless,0.9521,2.987,1.1498,803.92,236.72,2.297,10.8034,629.443,48.443
low_alloy_steel,0.6682,0.5235,0.5294,882.55,606.29,0.347,0.1149,139.216,162.391
spring_steel,0.5533,1.6972,1.1423,957.56,468.91,2.492,7.4241,332.558,93.827
bearing_steel,0.793,0.917,2.2906,978.45,267.43,2.106,2.4583,442.973,82.228
low_alloy_steel,0.5585,1.114,1.5945,868.91,322.75,0.355,0.5608,262.547,111.525
martensitic_stainless,0.9567,3.7836,0.7668,791.62,384.82,3.424,0.3265,480.94,91.693
low_alloy_steel,0.3721,1.0164,1.0212,763.29,404.47,1.767,50.1587,259.465,114.564
low_alloy_steel,0.9275,1.6393,1.7691,762.06,318.64,3.429,0.3231,358.881,89.855
spring_steel,0.6994,1.0516,2.2965,847.82,210.41,3.205,17.8987,441.535,79.339
bearing_steel,0.2475,1.6679,1.8546,801.64,239.98,3.087,32.0345,383.918,86.038
low_alloy_steel,0.4043,1.7838,1.2709,776.95,388.98,2.242,3.5908,203.207,114.63
spring_steel,0.1681,1.2586,0.8705,949.55,440.91,1.904,4.2982,244.22,114.284
low_alloy_steel,0.9253,0.4035,1.2745,813.76,382.3,1.753,0.253,323.66,106.116
bearing_steel,0.5651,1.6822,2.1663,939.11,575.04,0.751,18.0198,387.588,94.459
bearing_steel,0.5717,1.4974,0.3576,977.47,240.53,0.404,30.3458,475.594,77.73
bearing_steel,0.5501,1.8489,1.5604,931.4,529.1,2.038,1.3744,324.108,109.766
low_alloy_steel,0.713,0.4869,0.3136,924.86,433.56,1.934,0.9495,275.799,108.674
bearing_steel,0.6127,0.514,1.8436,949.97,544.76,1.82,44.5723,355.874,90.333
spring_steel,0.5528,0.6969,0.3926,906.82,419.19,2.13,88.9052,369.379,99.182
bearing_steel,0.7825,1.0606,2.2619,911.42,594.32,0.297,0.4609,298.866,107.683
martensitic_stainless,0.3291,2.7318,0.2932,873.11,229.49,1.223,0.2028,443.249,84.466
spring_steel,0.796,0.9079,1.3291,935.32,481.55,0.788,2.1632,350.304,97.009
martensitic_stainless,1.0194,2.9403,2.4611,765.51,551.5,2.266,0.2183,453.816,89.93
bearing_steel,0.4062,0.3088,0.3051,849.04,238.97,2.868,1.366,371.597,98.479
low_alloy_steel,0.7303,1.2789,1.3716,846.97,247.7,2.992,0.1696,358.905,102.997
spring_steel,0.9109,1.5859,0.2017,930.6,415.58,1.009,106.5667,474.21,75.539
spring_steel,0.9086,0.1181,0.0825,939.4,322.52,2.043,6.0427,461.789,78.459
low_alloy_steel,0.6514,0.2931,2.0435,796.97,533.94,2.211,144.4554,277.608,116.179
martensitic_stainless,0.3615,2.1464,1.4872,876.42,435.92,3.312,28.7412,418.63,106.141
spring_steel,0.4508,0.5059,0.7574,942.22,502.04,3.8,0.1007,229.086,131.671
low_alloy_steel,1.0405,1.4377,2.1858,932.68,221.36,2.0,118.8674,579.889,75.115
spring_steel,0.2588,0.8738,0.749,937.17,528.08,2.965,0.3098,167.069,133.657
spring_steel,0.2309,0.3658,2.0691,843.6,277.85,3.788,62.0995,359.307,110.945
spring_steel,0.9052,0.4499,0.9506,947.85,200.45,3.153,2.8527,461.032,62.46
spring_steel,0.3191,1.5505,0.9488,880.94,546.92,3.933,0.1094,146.832,142.887
bearing_steel,0.3181,0.5141,0.216,894.74,371.96,1.131,7.7134,281.645,108.195
martensitic_stainless,0.414,2.9025,1.746,870.4,187.3,1.871,82.7712,583.87,62.778
low_alloy_steel,0.5001,0.1289,0.8168,839.12,174.04,3.115,0.2541,255.093,98.311
martensitic_stainless,0.7548,3.1114,0.5861,847.93,451.86,1.149,13.2006,497.953,68.881
bearing_steel,0.2364,0.1964,1.1356,923.76,489.74,1.868,54.2832,300.021,113.892
spring_steel,0.6634,0.2308,2.0253,883.47,395.6,0.503,2.3142,303.262,113.419
low_alloy_steel,0.3104,0.4557,2.0344,952.27,336.46,1.801,0.4511,275.754,112.249
spring_steel,0.3267,1.8378,1.7375,928.47,646.78,1.362,0.4069,189.635,129.578
martensitic_stainless,0.5787,2.4343,2.1276,800.52,461.55,3.587,0.6505,383.666,77.081
bearing_steel,0.1866,1.8342,1.9955,854.55,635.15,1.058,35.638,255.565,128.681
martensitic_stainless,0.4697,3.841,1.0556,974.77,231.37,3.68,0.1278,467.614,83.539
bearing_steel,1.0188,1.6534,0.4591,916.94,381.19,3.499,154.3553,579.656,56.935
low_alloy_steel,0.7313,1.1811,1.2121,811.72,266.88,0.334,27.516,366.083,79.761
low_alloy_steel,0.2512,0.952,0.8895,805.61,276.82,3.996,0.1104,220.58,110.121
martensitic_stainless,0.4546,3.6126,0.3423,943.32,471.95,1.095,3.0785,413.68,86.015
martensitic_stainless,0.251,2.9428,0.338,762.14,325.01,3.235,11.2072,377.14,96.689
low_alloy_steel,0.5585,0.2907,0.4434,915.09,319.03,2.248,0.1656,230.969,110.642
spring_steel,1.0461,0.5464,0.7079,761.77,642.82,0.86,0.5356,224.961,134.68
martensitic_stainless,0.5158,3.671,0.2545,927.95,593.36,0.469,38.2347,429.397,88.531
bearing_steel,0.5702,0.4224,0.7222,769.58,287.26,2.701,66.2792,440.493,78.617
spring_steel,0.4931,0.468,0.7885,958.73,151.96,2.293,1.6671,419.996,75.536
bearing_steel,0.389,0.5659,1.1843,856.23,648.1,1.314,14.01,232.89,134.018
martensitic_stainless,0.4494,2.8867,1.3768,863.22,282.86,2.914,152.0444,546.316,58.12
martensitic_stainless,0.3706,2.5831,2.4347,819.33,598.09,1.262,2.8765,325.242,118.824
bearing_steel,0.5444,0.3763,0.9806,867.15,542.86,2.845,6.6392,254.095,135.258
martensitic_stainless,0.8955,3.8982,1.1492,964.95,150.42,1.621,41.2386,694.099,41.173
bearing_steel,1.0139,0.7116,1.8478,932.52,537.18,3.934,4.7328,418.486,91.65
spring_steel,0.9885,1.2725,2.0927,876.11,439.11,3.339,9.5867,397.06,81.441
martensitic_stainless,0.6002,2.2205,1.6071,865.99,199.97,2.21,124.851,614.367,50.96
spring_steel,0.9836,1.1222,0.474,923.86,527.63,0.976,0.4684,329.962,101.287
spring_steel,0.1847,0.5946,2.4843,924.22,272.97,3.38,0.3631,267.107,130.3
martensitic_stainless,0.5045,2.2159,0.5138,971.69,258.03,3.625,3.3432,493.124,59.564
low_alloy_steel,0.2688,0.4929,0.6024,872.35,518.15,3.989,2.192,164.423,126.976
spring_steel,0.4173,1.2256,0.6844,886.91,231.06,2.849,102.37,419.23,88.984
spring_steel,0.7704,0.6361,0.4886,769.95,347.43,3.365,31.9384,363.756,91.094
martensitic_stainless,0.5488,2.549,2.4251,790.28,604.22,2.316,137.976,413.2,102.226
low_alloy_steel,0.6692,1.1131,1.8688,881.81,574.91,0.909,0.6736,183.079,120.936
spring_steel,0.7284,1.8395,1.2097,871.28,355.77,2.526,1.9347,379.657,106.11
spring_steel,0.9061,0.6809,1.3597,904.83,281.75,3.837,3.0957,469.534,74.183
spring_steel,0.1762,1.65,1.2269,920.97,478.46,1.806,85.4578,314.733,117.897
spring_steel,0.2926,0.31,0.3719,970.74,366.92,0.407,10.8359,296.687,100.734
bearing_steel,0.6201,1.4036,1.9377,814.39,331.0,2.029,4.2952,417.212,81.011
low_alloy_steel,0.1626,0.2585,1.8948,833.31,172.8,3.538,3.8776,264.554,114.522
low_alloy_steel,0.6498,0.3628,2.2988,848.45,620.7,2.357,75.8656,278.419,125.486
spring_steel,0.9942,1.7158,0.5317,835.18,341.56,1.413,0.1872,409.416,89.945
bearing_steel,0.493,0.4728,0.2556,908.89,287.82,2.533,21.1021,417.65,75.705
low_alloy_steel,0.5789,1.0661,2.2023,976.38,182.96,0.406,12.4475,447.089,85.152
low_alloy_steel,0.9129,0.6418,1.9642,761.21,527.8,0.255,44.3749,323.615,101.785
martensitic_stainless,0.1651,2.3345,2.1329,916.67,443.26,0.903,83.126,393.297,107.065
bearing_steel,0.6758,0.4356,2.4137,762.79,304.22,2.408,53.9366,416.715,84.053
bearing_steel,0.9499,0.951,0.8758,761.26,432.53,1.201,3.8817,388.569,93.809
spring_steel,0.595,0.2065,2.4765,799.54,402.6,2.075,5.4759,316.921,118.289
martensitic_stainless,0.2492,2.2635,0.6832,965.9,295.98,3.488,0.2649,387.552,76.698
low_alloy_steel,0.586,0.6305,2.012,816.63,563.31,2.474,12.2777,250.69,128.452
martensitic_stainless,0.471,3.6873,0.4627,779.92,476.56,0.789,0.6977,345.988,112.276
spring_steel,0.6759,1.922,0.4172,802.93,328.13,2.51,0.271,363.672,100.602
spring_steel,0.96,1.5223,1.8193,776.72,191.28,0.384,21.575,506.022,79.769
bearing_steel,0.5232,0.1655,1.7449,881.47,318.67,3.083,0.5926,354.585,95.116
spring_steel,0.7096,1.8023,1.0449,866.21,303.89,1.123,96.0549,487.873,78.615
bearing_steel,0.7122,1.2791,2.4229,815.6,415.54,1.043,2.5263,354.791,112.605
martensitic_stainless,0.5926,3.6684,1.8063,800.53,629.71,3.594,7.3452,384.012,93.734
bearing_steel,0.1677,0.8191,0.981,787.23,391.53,0.891,0.7038,229.195,97.773
low_alloy_steel,0.3677,1.2391,2.1681,835.73,220.34,3.358,18.4088,343.488,109.831
low_alloy_steel,0.2673,1.9728,1.2,925.11,362.38,2.518,0.1077,244.219,117.74
low_alloy_steel,0.7065,1.2913,2.1976,766.64,150.75,2.987,10.3592,418.709,82.194
martensitic_stainless,0.5511,2.1513,1.1138,880.51,326.12,0.4,1.3473,422.29,73.465
low_alloy_steel,0.8547,0.2544,1.4221,857.33,333.45,3.575,0.3021,320.596,107.634
low_alloy_steel,0.5449,0.4413,1.2407,769.19,169.86,2.267,0.7375,309.539,104.913
bearing_steel,0.1744,0.5004,1.701,865.67,597.92,3.118,1.4868,141.39,127.94
bearing_steel,0.7699,0.7157,1.4179,884.47,586.24,1.403,0.3505,284.073,114.888
martensitic_stainless,0.3105,3.2634,2.1672,762.59,387.27,3.581,65.4128,443.976,96.691
martensitic_stainless,0.5374,3.0506,2.01,827.72,633.36,1.288,0.9491,307.547,121.335
martensitic_stainless,0.93,3.0559,0.7252,782.35,470.74,2.637,3.0648,488.411,80.923
spring_steel,0.4979,1.1174,1.2285,936.67,334.34,0.342,1.193,347.856,91.295
bearing_steel,0.2646,0.4597,0.0084,871.59,631.21,2.437,0.1747,120.0,145.819
spring_steel,0.6917,0.1243,1.3988,963.47,391.14,2.088,33.0452,396.03,114.982
spring_steel,0.1877,1.131,1.5731,912.58,598.68,0.685,54.9516,223.66,141.29
low_alloy_steel,0.1877,1.4454,1.2982,792.75,367.48,2.798,12.666,231.975,100.629
bearing_steel,0.6808,0.5203,0.0758,799.89,253.75,1.054,1.1027,405.008,67.33
spring_steel,0.8903,1.5144,0.1266,817.61,508.48,3.273,1.2986,327.311,114.777
low_alloy_steel,0.3715,1.4134,0.2649,895.85,376.21,0.227,9.0079,262.566,101.632
bearing_steel,0.2854,1.5914,0.5623,974.03,481.34,2.158,43.5741,315.064,120.365
bearing_steel,0.2746,1.7139,1.3555,940.84,619.98,2.922,32.6315,287.953,114.373
spring_steel,0.3797,1.9788,2.3927,772.52,319.29,2.511,38.3218,405.75,99.977
spring_steel,0.4631,0.9244,1.6381,768.81,155.83,1.436,1.0129,380.84,103.641
martensitic_stainless,0.9908,3.8624,2.0432,947.95,463.66,1.724,26.6432,625.609,53.641
low_alloy_steel,0.6551,1.6183,0.1154,951.97,369.32,3.881,107.2042,399.534,78.973
low_alloy_steel,1.0361,1.6563,2.15,930.46,586.86,2.597,0.2799,306.229,115.84
low_alloy_steel,0.1843,1.2891,1.5094,943.29,172.72,1.495,0.6167,298.834,106.558
low_alloy_steel,0.909,0.8906,0.0408,975.98,488.72,1.038,27.603,348.086,92.522
martensitic_stainless,0.5678,3.631,2.1559,876.87,476.16,1.905,0.3005,390.374,109.305
bearing_steel,0.2359,1.8014,1.3867,772.99,450.1,2.722,0.6206,232.643,116.127
bearing_steel,0.6237,0.2887,1.2202,918.8,385.01,1.118,1.9717,342.699,81.611
spring_steel,0.2169,1.1211,0.6311,808.55,525.43,1.482,17.6683,209.7,126.611
martensitic_stainless,0.46,3.6531,2.3785,941.48,361.73,1.329,57.7492,540.39,85.373
martensitic_stainless,0.5702,2.659,0.3245,941.87,352.28,3.245,43.2162,555.461,56.95
martensitic_stainless,0.8959,3.1097,2.4499,861.24,543.47,1.659,39.9951,521.958,76.11
martensitic_stainless,0.9388,2.8424,2.2578,891.62,297.8,2.648,0.1469,547.272,65.878
martensitic_stainless,0.3445,3.8688,1.2477,933.83,310.44,3.642,7.0728,485.984,77.779
spring_steel,0.5779,0.5921,1.1033,892.48,219.8,3.555,0.1334,372.489,94.206
spring_steel,0.7274,0.1502,2.4327,969.78,310.72,0.691,1.0094,385.316,97.099
low_alloy_steel,0.6663,0.2364,0.3985,869.88,525.8,3.995,7.307,261.132,120.614
low_alloy_steel,0.5601,0.6324,1.1222,866.16,440.5,3.195,0.2897,217.144,129.091
bearing_steel,0.8109,0.6688,2.3236,963.7,176.38,3.485,123.4227,588.208,53.114
bearing_steel,0.801,1.7259,1.707,868.08,330.75,1.634,1.4452,424.201,80.645
spring_steel,0.988,1.8439,1.0054,913.52,310.16,2.519,143.8466,573.36,60.622
low_alloy_steel,0.3131,1.564,2.4109,910.04,154.51,2.605,0.4294,328.527,92.77
spring_steel,0.6654,1.8357,0.3484,762.23,639.18,3.852,5.1931,241.636,129.531
low_alloy_steel,0.458,1.5328,0.5971,942.82,616.13,3.106,2.4876,159.129,139.33
low_alloy_steel,0.8125,0.5636,2.0033,766.87,444.45,3.736,16.4679,307.799,127.487
martensitic_stainless,0.4549,2.823,0.9359,836.86,433.48,1.188,0.5618,376.071,82.001
bearing_steel,0.8039,1.0286,0.9524,814.28,520.55,3.387,5.3004,330.893,102.128
spring_steel,0.8683,1.0964,1.8523,963.93,422.55,3.384,0.815,394.601,92.902
low_alloy_steel,0.2699,1.8394,1.4848,813.34,625.57,0.43,34.2697,168.403,138.521
low_alloy_steel,0.6276,1.328,0.6579,851.17,319.99,1.108,0.5595,272.25,101.582
bearing_steel,0.2089,0.8479,0.0529,765.83,283.2,3.286,1.0401,272.109,92.894
spring_steel,0.2659,1.6226,2.2485,885.8,255.56,0.202,3.5015,334.997,100.794
martensitic_stainless,0.357,2.8602,1.3931,939.94,370.85,0.328,27.9501,475.964,89.703
spring_steel,0.252,1.0798,1.0027,794.02,599.64,1.126,137.1603,244.835,114.899
spring_steel,0.9885,0.612,1.2303,768.28,462.59,3.63,82.9224,411.352,80.991
spring_steel,0.9204,1.8333,1.9085,858.46,188.51,0.686,87.1212,566.512,67.531
bearing_steel,1.0312,0.7389,1.9152,818.15,349.51,3.38,25.3433,524.108,70.41
spring_steel,0.6364,0.2162,1.5083,811.2,341.75,1.234,0.1864,288.451,120.282
low_alloy_steel,0.8806,0.5781,0.0165,837.94,277.49,0.779,12.4288,410.553,81.163
low_alloy_steel,0.9243,0.8014,0.0357,878.83,351.4,0.902,37.1035,441.816,75.18
bearing_steel,0.6588,1.4731,1.019,831.14,531.07,3.914,0.6658,300.949,107.881
bearing_steel,0.4976,1.2146,1.4664,928.15,415.49,2.849,0.22,328.23,104.704
spring_steel,0.5577,0.6975,2.0391,978.83,250.94,1.999,3.8066,413.401,86.005
spring_steel,0.1803,1.4973,0.1974,850.63,368.49,0.797,0.3239,196.416,107.955
martensitic_stainless,0.4766,2.5237,0.8016,898.95,465.5,1.404,92.5507,445.759,74.538
martensitic_stainless,0.9397,2.3958,1.0526,798.86,269.57,3.621,0.179,558.391,73.244
martensitic_stainless,0.9395,2.2228,0.9749,783.01,261.95,0.412,6.3892,523.665,69.613
martensitic_stainless,0.8357,2.8602,2.4276,762.8,309.15,0.353,0.1113,463.899,95.163
low_alloy_steel,0.9612,1.3513,0.8068,762.72,638.92,2.161,0.5951,186.489,120.181
martensitic_stainless,0.7213,2.3401,1.3413,909.33,297.11,1.441,0.1537,505.158,59.214
bearing_steel,0.8514,1.5507,1.9461,908.74,284.71,0.758,0.3047,436.569,81.642
martensitic_stainless,0.1646,3.5837,0.1435,923.54,551.53,1.717,70.6995,386.535,87.53
bearing_steel,0.2673,1.6089,1.4284,925.68,452.57,3.247,0.1031,262.897,116.812
martensitic_stainless,0.4028,3.6297,1.3872,916.18,365.82,0.866,11.5726,464.958,85.119
bearing_steel,0.8349,1.4224,1.0135,827.48,428.05,0.427,29.4728,476.551,74.96
bearing_steel,0.7831,0.224,0.5208,896.91,316.17,2.918,1.5848,403.847,68.571
bearing_steel,0.389,0.4889,1.6354,906.76,434.17,2.438,0.2745,296.112,121.085
martensitic_stainless,0.2266,3.9918,2.1243,858.31,226.67,1.336,0.2395,466.427,89.662
martensitic_stainless,0.7914,3.9124,1.2432,792.17,203.27,3.536,61.0662,692.737,40.384
bearing_steel,1.0258,1.2874,0.3187,792.79,415.46,3.587,4.2953,420.596,73.42
bearing_steel,0.5478,0.2764,1.6654,942.54,341.66,1.682,0.2677,323.829,100.607
spring_steel,0.9203,1.3806,1.2134,887.37,295.08,1.765,0.1233,403.763,77.322
martensitic_stainless,0.1578,2.5909,0.5344,835.09,165.08,1.092,0.1948,421.665,79.548
martensitic_stainless,0.1512,2.8482,1.1561,856.72,612.38,2.25,4.1632,248.707,147.109
martensitic_stainless,0.2648,3.4886,1.2372,845.66,272.8,1.536,21.6083,473.865,76.844
bearing_steel,0.7244,0.2147,1.5964,773.68,173.58,0.711,91.4157,535.393,57.778
spring_steel,0.8435,1.1388,0.8916,813.33,330.91,3.467,41.3841,445.379,77.992
spring_steel,0.7541,1.4663,2.0667,949.55,411.03,1.779,11.26,418.892,110.221
low_alloy_steel,0.5559,1.6995,1.6841,899.25,394.85,0.692,6.55,357.663,100.572
spring_steel,0.31,1.0546,1.3633,921.63,196.65,2.474,57.6309,433.181,83.445
low_alloy_steel,0.3721,0.9014,0.977,942.22,457.3,2.887,33.7319,262.072,112.983
bearing_steel,0.6192,0.3223,1.1102,964.35,434.69,1.973,7.2712,355.116,99.153
low_alloy_steel,0.9686,0.6471,0.4688,975.83,454.49,0.511,14.3577,402.539,75.649
low_alloy_steel,0.2359,0.2163,0.3607,870.81,407.78,0.642,2.8105,168.438,121.1
low_alloy_steel,1.0226,1.19,1.4219,793.11,451.86,1.789,73.9633,401.493,101.29
spring_steel,0.2693,1.192,0.4452,920.11,439.88,1.37,80.0205,309.929,103.717
low_alloy_steel,0.2424,1.6379,0.1278,955.47,564.04,0.691,0.6748,128.398,138.585
spring_steel,0.3881,0.7904,2.4065,908.55,317.93,1.0,2.7434,324.335,120.404
bearing_steel,0.8185,0.9723,1.8227,805.63,557.19,2.355,11.6742,382.162,116.646
bearing_steel,0.8437,1.4436,0.6265,841.41,586.34,2.255,1.2657,274.505,117.159
bearing_steel,0.4632,1.2434,2.4136,935.77,607.16,1.885,0.3914,212.896,143.339
spring_steel,0.6181,0.5923,1.8033,951.44,214.47,0.242,0.1348,365.616,99.758
martensitic_stainless,0.383,2.3521,1.8343,767.59,187.94,3.822,102.4953,538.2,74.489
bearing_steel,0.7718,1.5049,0.9321,842.71,403.7,1.056,4.4147,394.93,77.134
martensitic_stainless,0.2929,3.3954,2.0534,793.74,591.38,1.824,11.8544,310.906,122.45
martensitic_stainless,0.6518,3.6951,1.0164,976.82,348.16,1.553,11.9386,532.626,77.541
low_alloy_steel,0.1512,1.881,0.4206,833.64,284.26,3.143,0.9983,216.669,110.548
martensitic_stainless,0.7729,2.6154,1.6245,862.0,638.39,2.827,14.5244,398.76,106.184
martensitic_stainless,0.2595,2.1857,2.2438,814.48,218.96,1.945,6.0171,446.029,89.226
low_alloy_steel,0.907,0.1676,1.9688,926.25,175.69,2.492,71.5349,534.696,67.157
spring_steel,0.4254,1.8083,0.9836,773.05,157.85,3.749,26.9538,419.878,84.659
low_alloy_steel,0.2559,0.9857,0.8,797.31,582.82,2.126,2.5613,120.0,140.845
spring_steel,0.4022,0.8167,2.4441,891.72,200.49,2.015,0.1181,344.249,97.373
spring_steel,0.2915,1.0006,1.7693,907.6,267.58,0.962,0.2968,307.842,107.541
spring_steel,0.7216,1.8296,1.3391,974.74,611.76,1.958,5.8943,317.872,111.677
low_alloy_steel,0.5533,1.0326,1.5621,822.8,151.54,0.372,2.3729,344.867,90.688
low_alloy_steel,0.8036,0.5084,0.3182,904.61,487.84,2.683,110.4436,362.567,86.882
bearing_steel,0.354,0.4994,1.7308,834.94,608.51,2.649,9.7581,205.919,145.061
martensitic_stainless,1.0308,2.4177,0.8484,809.1,153.27,0.51,30.7134,650.755,41.957
spring_steel,0.9537,1.4615,2.4765,938.58,381.19,3.2,0.2331,416.574,91.134
spring_steel,0.4984,1.9856,1.9909,777.86,488.93,2.19,0.1105,189.675,127.226
martensitic_stainless,0.6909,2.6518,1.8762,822.82,386.49,0.835,62.1934,571.655,81.12
spring_steel,0.6257,0.9682,1.7339,778.56,325.74,0.575,2.1884,299.66,115.234
martensitic_stainless,0.4121,2.1784,1.991,819.48,216.75,0.848,0.2108,415.803,89.798
martensitic_stainless,0.5407,2.6516,0.4333,921.21,321.44,1.362,78.2087,500.693,72.195
martensitic_stainless,0.9484,2.5171,2.3737,883.89,460.05,1.591,4.5484,520.286,66.247
spring_steel,0.6602,1.1839,1.9967,912.97,324.38,0.948,0.7432,355.295,102.51
low_alloy_steel,0.999,1.8873,1.1883,909.15,202.11,3.224,9.521,491.481,67.653
spring_steel,0.7261,1.2061,1.8589,855.43,453.37,2.657,6.3932,363.966,98.15
spring_steel,0.9194,1.5096,1.2774,979.36,164.47,2.422,3.8682,505.312,61.708
martensitic_stainless,0.3916,3.7069,0.7646,907.73,532.38,2.228,4.157,383.779,103.506
low_alloy_steel,0.3227,0.3864,1.6453,969.97,285.97,0.48,4.3615,305.547,104.096
spring_steel,0.8311,1.1316,1.766,793.99,324.2,1.975,17.4043,426.576,102.821
bearing_steel,0.6726,0.2402,0.8271,827.86,619.04,0.942,0.1782,215.939,127.153
martensitic_stainless,0.4631,3.8062,1.8505,905.91,445.78,2.596,59.8735,479.903,84.596
bearing_steel,0.6246,1.6186,0.1039,897.4,256.74,0.41,14.9738,437.264,61.962
low_alloy_steel,0.5714,1.6662,2.0344,864.2,377.03,0.355,0.2388,250.635,111.958
low_alloy_steel,0.7981,1.7092,0.5221,924.24,589.69,1.751,5.0015,296.546,100.573
martensitic_stainless,0.6028,3.179,0.4831,804.25,441.4,2.647,0.262,378.658,86.046
low_alloy_steel,0.6359,1.9655,1.2471,903.74,468.65,0.774,0.5597,271.305,114.2
martensitic_stainless,0.7625,3.0563,2.4811,844.72,276.83,1.488,9.8923,540.163,65.615
spring_steel,0.5281,1.6031,1.1555,894.64,335.44,3.539,0.3653,337.864,104.32
bearing_steel,0.5366,0.3881,1.9382,835.32,488.25,1.58,0.2547,246.994,118.435
low_alloy_steel,0.7399,1.9331,0.5643,966.12,560.35,3.725,1.6096,260.904,119.99
low_alloy_steel,0.1559,1.7435,0.196,899.48,456.12,2.331,0.5988,183.659,114.924
martensitic_stainless,0.2458,2.1854,1.9392,922.27,596.96,3.551,123.8531,362.961,105.755
bearing_steel,0.4557,0.8447,1.4633,784.97,193.03,3.622,7.0332,374.413,88.128
bearing_steel,0.251,0.3013,0.002,799.74,161.7,2.597,9.1676,318.543,80.416
spring_steel,0.8305,1.7726,0.8269,817.8,353.38,3.922,35.2913,447.23,86.574
martensitic_stainless,0.3942,2.4527,0.6204,787.79,303.51,3.798,34.7205,482.683,82.512
low_alloy_steel,0.7262,0.2427,0.8336,836.84,244.94,1.116,2.3513,330.576,89.193
low_alloy_steel,0.9546,1.3407,0.5463,869.76,543.0,0.991,0.4482,272.861,115.283
spring_steel,1.0203,0.4125,2.4512,829.22,228.36,2.77,112.9759,565.033,65.884
martensitic_stainless,0.9468,2.2959,1.7971,768.88,576.64,1.683,12.9627,441.804,92.857
bearing_steel,0.4493,1.5784,1.8381,853.56,308.57,1.771,11.3307,375.182,91.879
bearing_steel,0.8045,1.6087,0.3602,911.21,387.5,3.206,0.1405,339.284,85.297
martensitic_stainless,0.5668,2.5733,2.0214,766.82,403.94,3.577,0.2454,393.685,100.432
martensitic_stainless,0.7916,3.3476,0.014,867.33,493.47,3.929,3.0762,433.569,85.326
bearing_steel,0.7567,1.6611,1.7926,918.14,197.02,0.313,6.2068,496.322,89.886
low_alloy_steel,0.4507,0.7381,0.1047,962.77,315.25,3.473,43.12,310.197,91.063
bearing_steel,0.3848,1.7178,1.0134,968.76,467.84,1.27,33.453,386.649,92.3
martensitic_stainless,0.4371,3.1785,1.4696,900.5,591.85,3.698,2.2268,325.751,119.754
bearing_steel,0.486,0.2071,1.3145,796.65,338.14,1.327,0.2962,258.65,94.448
martensitic_stainless,0.4358,2.792,0.4835,924.61,591.97,3.907,133.4986,420.105,98.805
spring_steel,0.1638,0.1325,2.1609,805.65,556.98,3.108,80.9334,168.915,137.659
martensitic_stainless,0.2225,2.562,1.4314,779.76,551.92,2.15,12.7739,323.003,123.793
bearing_steel,0.8356,1.8349,0.7822,975.53,605.9,3.326,0.7343,315.598,105.023
low_alloy_steel,0.999,0.7932,1.4722,926.89,557.42,3.507,6.3737,321.58,116.055
low_alloy_steel,0.3398,1.0999,1.3312,883.61,267.45,3.475,0.1,282.043,107.452
low_alloy_steel,0.3439,1.0763,0.1716,968.53,280.47,1.615,0.3998,253.307,104.576
spring_steel,0.7968,1.8399,1.4778,965.9,428.74,0.673,0.1171,377.244,100.786
spring_steel,0.3338,1.0344,0.6777,843.51,484.36,1.931,0.1046,191.954,107.493
low_alloy_steel,0.2405,0.7385,1.8842,861.56,311.23,3.648,53.5643,298.684,94.192
low_alloy_steel,0.3101,0.5055,0.2294,776.09,286.26,3.63,8.579,262.501,97.097
bearing_steel,0.3516,1.9481,1.5526,977.41,467.49,2.485,30.4717,396.827,100.198
martensitic_stainless,0.6683,3.1479,1.3219,944.9,476.29,0.847,0.4844,452.661,94.333
bearing_steel,0.2093,1.2369,1.9339,911.69,554.65,1.157,0.4305,199.28,132.957
martensitic_stainless,0.1751,2.4945,1.0276,773.81,555.33,1.724,0.4405,219.58,120.187
bearing_steel,1.0433,1.2827,0.4282,842.14,440.37,2.301,4.0691,448.171,75.049
low_alloy_steel,1.0238,0.2191,0.9381,791.57,474.15,3.323,0.9934,307.983,111.476
bearing_steel,0.2629,1.6984,0.2985,846.25,563.51,1.705,34.898,237.262,125.724
martensitic_stainless,0.4338,3.0174,0.6488,976.73,228.86,1.865,0.1262,500.565,66.417
bearing_steel,0.7993,1.5109,1.5508,918.57,381.94,1.795,0.3663,385.129,72.771
martensitic_stainless,1.0389,3.9171,2.2395,815.03,394.88,0.814,0.2486,517.916,85.509
low_alloy_steel,0.9645,0.1195,1.0437,969.86,395.25,3.518,7.2282,401.486,77.38
low_alloy_steel,0.5327,1.7256,1.1691,779.79,155.34,0.677,0.3472,290.844,92.67
bearing_steel,0.1893,1.0385,1.2947,902.01,470.26,0.347,45.9637,319.571,106.203
spring_steel,0.4205,0.8723,1.6336,816.67,368.83,1.405,60.1115,348.228,105.413
bearing_steel,0.606,0.4943,1.4977,799.81,593.72,1.05,19.222,277.546,132.394
martensitic_stainless,0.8995,3.5875,1.6854,893.24,473.61,0.767,80.7834,569.227,78.551
low_alloy_steel,0.7718,1.2484,1.915,859.99,479.45,0.715,14.6901,333.686,108.072
bearing_steel,0.1702,1.6522,0.6123,899.89,188.45,3.736,24.4213,403.128,87.79
bearing_steel,0.7298,0.7,0.6883,889.44,444.67,1.352,4.1392,382.918,98.864
spring_steel,0.7047,1.1235,2.0211,960.51,361.14,2.205,92.4764,461.527,88.456
bearing_steel,0.8433,0.3774,2.3761,784.63,181.97,0.913,69.3636,545.576,47.702
spring_steel,0.7753,1.8629,1.3243,925.78,606.86,2.45,133.8798,398.982,92.193
spring_steel,0.7536,1.3928,1.539,941.7,608.71,1.199,3.0002,298.671,124.927
bearing_steel,0.969,0.8102,0.5667,895.17,267.98,3.553,133.4599,518.307,81.785
bearing_steel,0.1604,1.0827,1.3416,798.99,518.65,2.614,72.7469,256.856,121.378
martensitic_stainless,0.8925,3.7313,1.0166,955.66,214.21,2.024,6.878,640.012,52.147
spring_steel,0.2488,0.7594,2.2325,820.87,556.99,1.033,0.1169,120.0,136.967
bearing_steel,1.0367,1.3516,1.5893,818.9,464.04,3.795,0.933,430.533,94.223
bearing_steel,0.4107,1.7422,1.1488,842.66,561.56,2.166,4.8978,284.963,130.945
martensitic_stainless,0.3128,3.7093,0.0722,776.67,533.89,3.294,48.0549,377.5,100.664
martensitic_stainless,0.7994,3.5086,0.813,952.43,477.9,0.501,5.2322,518.998,85.119
spring_steel,0.7589,1.5066,1.3422,902.5,217.13,3.649,13.8311,511.398,73.655
low_alloy_steel,0.3091,1.3633,0.6949,914.2,400.54,3.713,7.1945,244.427,103.455
low_alloy_steel,0.9623,1.344,2.452,959.04,374.96,3.742,5.5565,440.197,91.777
bearing_steel,0.6354,1.8059,0.4513,917.76,151.45,3.378,0.1952,453.329,71.801
martensitic_stainless,0.6415,3.6815,1.2037,847.93,582.67,1.281,0.5226,348.629,107.736
low_alloy_steel,0.3653,0.6822,0.7802,890.37,369.33,3.558,41.4728,303.389,104.151
low_alloy_steel,0.6324,1.8802,2.4159,821.82,275.82,2.97,3.1837,365.276,100.532
low_alloy_steel,0.493,1.1144,0.5975,890.47,201.42,0.745,16.4631,402.51,77.448
low_alloy_steel,0.9555,0.5865,0.1718,817.32,238.05,3.144,0.1283,325.197,79.764
low_alloy_steel,0.6418,1.7799,2.0123,931.66,547.71,2.551,10.372,307.498,120.392
low_alloy_steel,0.5053,1.0133,1.6076,789.23,191.14,2.604,0.1693,314.849,98.404
bearing_steel,0.7413,1.8825,2.233,896.51,578.75,1.371,20.3854,396.818,92.732
martensitic_stainless,0.9175,3.3144,1.3997,856.26,356.86,0.331,9.7153,549.56,74.023
bearing_steel,0.7424,1.4946,2.4873,962.56,307.92,0.343,4.713,470.198,102.896
martensitic_stainless,0.769,3.803,0.4596,775.52,462.74,0.71,2.1987,421.553,92.324
low_alloy_steel,0.2726,0.9227,1.5782,909.43,489.19,1.193,0.954,169.367,118.155
bearing_steel,0.6853,0.5519,1.7719,811.51,168.63,1.061,1.0099,411.307,87.49
low_alloy_steel,0.2934,0.2049,2.2581,785.59,330.34,2.962,1.1305,214.247,120.652
low_alloy_steel,0.8202,1.6569,1.6841,876.52,637.46,1.629,0.7996,250.228,132.571
martensitic_stainless,1.045,3.0992,0.1349,877.27,191.46,2.361,8.4075,641.096,46.248
spring_steel,0.3098,0.6488,1.8307,824.08,455.4,0.554,38.3215,249.892,138.602
low_alloy_steel,0.5928,1.7503,0.6527,899.64,584.27,3.671,0.3085,177.651,128.745
martensitic_stainless,0.9518,2.4863,2.3851,836.2,515.17,3.144,60.5084,534.305,83.632
spring_steel,0.569,1.1945,1.3898,778.58,323.86,2.434,0.6985,329.547,102.453
spring_steel,0.5035,1.7731,2.322,928.45,176.59,0.727,29.911,494.067,79.805
low_alloy_steel,1.0242,0.619,2.4751,958.33,386.92,2.33,148.5557,501.663,73.932
spring_steel,0.806,0.976,1.7119,870.59,276.41,1.586,0.2636,424.039,96.494
martensitic_stainless,0.4571,2.1906,2.2852,801.71,442.6,1.955,8.8589,388.542,100.792
spring_steel,0.7721,1.7748,0.5633,916.29,608.73,1.469,3.121,288.117,122.45
bearing_steel,0.3071,1.71,1.5726,894.44,364.75,3.062,4.4313,358.048,110.125
low_alloy_steel,0.8044,1.3528,0.0694,959.53,150.75,3.85,49.505,524.763,49.944
martensitic_stainless,0.5591,2.7443,1.8732,894.7,333.12,2.745,1.6316,430.38,93.588
martensitic_stainless,0.9147,3.3371,2.0764,888.58,421.59,3.305,0.3171,545.496,70.702
low_alloy_steel,0.3802,0.5098,1.3076,956.87,258.82,1.022,1.3049,274.154,93.618
bearing_steel,0.804,0.9238,0.6424,959.08,295.0,2.628,73.3377,510.087,64.746
bearing_steel,0.4146,1.2157,0.8447,784.54,519.95,1.998,6.7201,293.621,115.383
low_alloy_steel,0.6753,1.1653,0.5565,858.61,418.34,2.534,11.6277,310.772,104.474
low_alloy_steel,0.3943,1.6416,0.6215,912.99,582.77,2.32,28.7373,254.459,128.953
low_alloy_steel,1.011,0.8742,0.1223,802.76,646.4,1.516,0.217,190.455,135.769
low_alloy_steel,1.0359,0.5548,0.4393,959.09,609.87,1.253,7.8546,316.374,99.524
low_alloy_steel,0.9386,0.1311,0.2954,922.61,265.59,1.037,21.4334,446.597,56.749
low_alloy_steel,0.469,1.6577,2.4213,872.62,635.07,3.968,2.2024,143.429,135.098
martensitic_stainless,0.8728,2.7583,2.1887,768.52,165.52,0.422,19.876,635.793,63.648
martensitic_stainless,1.0133,3.268,1.6988,850.18,496.72,3.378,0.1651,455.72,79.223
martensitic_stainless,0.8528,3.5032,2.1402,976.27,170.78,1.112,0.2062,621.015,50.197
spring_steel,0.2407,0.3877,0.8299,842.81,310.26,3.334,11.7161,277.485,112.229
low_alloy_steel,0.9743,0.8924,1.7076,845.4,643.38,0.3,25.1176,260.389,142.069
low_alloy_steel,0.2944,1.5429,0.3287,900.2,391.71,1.019,0.278,164.954,123.317
low_alloy_steel,0.3483,1.5173,0.9399,941.58,191.68,0.373,1.3281,310.659,95.91
spring_steel,0.813,0.1982,0.8192,795.31,216.73,3.092,5.8091,414.609,86.742
martensitic_stainless,0.2111,2.1849,1.0625,892.33,543.86,2.336,14.221,341.411,97.483
low_alloy_steel,0.87,1.6878,0.1123,829.09,305.52,0.579,9.7429,411.251,64.554
spring_steel,0.9566,0.5708,2.0001,974.51,467.62,3.978,2.0795,375.729,104.134
