 ,,Composition (at%),,,,,,,,,,,,,,Processing,,20 C=RT,,,,,,,,,,Phases,,,,,,,,,,,Properties,,,,,,,,,,,,,,,
File_Name,Material,Fe,Ni,Co,Mn,Cr,Al,Ti,Cu,Si,V,Nb,B,Mo,Ta,"Homogenization? (Yes=1, No=0)",Homogenization temp (°C),Homogenization time (hr),"Rolling? (Yes=1, No=0)",Rolling temp (°C),Rolling %,"Recrystallization (Y=1, N=0)",Recrystallization temp (°C),Recrystallization Time (min),"Aging? (yes=1, No=0)",Aging temp (°C),Aging time (hr),"Matrix (FCC=1, BCC=2, L12=3, B2=4, Sigma=5)",Matrix volume percent (%),"Precipitates (None=0, L12=1, y''=2, B2=3, n=4, L21=5, Sig=6, BCC=7, FCC=8, Mu=9, HCP=10, Laves=11, ",Precipitate Size (nm),Precipitate volume percent (%),"Precipitates 2 (None=0, L12=1, y''=2, B2=3, n=4, L21=5, Sig=6, BCC=7, FCC=8, Mu=9, HCP=10, Laves=11, ",Precipitate size (nm),Precipitate volume percent (%),"Precipitates 3 (None=0, L12=1, y''=2, B2=3, n=4, L21=5, Sig=6, BCC=7, FCC=8, Mu=9, HCP=10, Laves=11, ",Precipitate size (nm),Precipitate volume percent (%),Ultimate Tensile Strength (MPa),Ultimate Compressive Strength (MPa),Tensile Yield Strength (Mpa),Compressive Yield Strength (Mpa),Hardness (HV),Tensile Ductility(%),Compressive Ductility (%),Non_Room_Temperature_Cryo_HT_Strength_Temperature,Non_Room_Temperature_Cryo_HT_Strength,Non_Room_Temperature_Cryo_HT_Ductility,,,,,,
A precipitation-hardened high-entropy alloy with outstanding tensile properties,Alloy A,25,25,25,0,25,0,0,0,0,0,0,0,0,0,Tube-sealed homogenization,1473K,4 h,0,,,0,,,0,,,"1 (Face‐Centered Cubic, FCC)",100,,,,,,,,,,453,,165,,,,,,,,,,,,,
A precipitation-hardened high-entropy alloy with outstanding tensile properties,Alloy B,23.5,23.5,23.5,0,23.5,4,2,0,0,0,0,0,0,0,Tube-sealed homogenization,1473K,4 h,0,,,0,,,0,,,1 (face‐centered cubic),100,,,,,,,,,,503,,,,,,,,,,,,,,,
A precipitation-hardened high-entropy alloy with outstanding tensile properties,Alloy P1,23.5,23.5,23.5,0,23.5,4,2,0,0,0,0,0,0,0,Tube-sealed homogenization,1473K,4 h,Cold rolling at room temperature (20 °C),20,30,Annealing (recrystallization) step,1273K,2 h,1,1073K,18 h,Face‐centered cubic (fcc) (Code 1),,"L12 (Ni₃(Ti,Al), g0 phase) (Code 1)",12.6,23.3,"L12 (Ni₃(Ti,Al), g0 phase) (Code 1)",46.3,16.2,"L21 (Ni₂AlTi phase, Heusler‐like structure) (Code 5)",>100,,1094,,645,,,39,,,,,,,,,,
A precipitation-hardened high-entropy alloy with outstanding tensile properties,Alloy P2,23.5,23.5,23.5,0,23.5,4,2,0,0,0,0,0,0,0,Tube-sealed homogenization,1473K,4 h,Cold rolling at room temperature (20 °C),20,70,0,,,1,923K,4 h,Face‐centered cubic (classification = 1),70,"L12 (classification = 1) – (This phase is the g0 phase, identified as Ni3(Ti,Al) with a superlattice L12 structure and a coherent interface with the fcc matrix.)",Approximately 9.7 nm in radius (i.e. roughly 20 nm in overall size),26.8,"L21 (classification = 5) – (This phase is identified as the Ni2AlTi phase exhibiting a Heusler‐like L21 structure. Although its hardening effect is noted to be minor, it is clearly distinguishable by TEM.)","Approximately 25.9 nm (characteristic particle size as measured, reported as the ‘radius’)",2.77,,,,1273,,1005,,,17,,,,,,,,,,
An as-cast high-entropy alloy with remarkable mechanical properties strengthened by nanometer precipitates,Complete (bulk) CoCrCuMnNi HEA,0,20,20,20,20,0,0,20,0,0,0,0,0,0,0,,,0,,,0,,,0,,,Face‐centered cubic (FCC) → Code 1,,"FCC → Code 8 (Cu‐rich, nanometer‐scale 'plate‐strip' precipitates confirmed by SAD patterns)",Approximately 5–50 nm,,FCC → Code 8 (nano‐scale domains typically in the inter‐dendrite zone with similar FCC structure),Approximately 5–10 nm,,,,,742,,458,,,40,,,,,,,,,,
Anomalous effect of lattice misfit on the coarsening behavior of multicomponent L12 phase,Nominal Composition Ni₂CoCrFeTi₀.₂Al₀.₁,18.9,37.7,18.9,0,18.9,1.9,3.8,0,0,0,0,0,0,0,1,1200,2 hr,1,20,70,1,1200,4 min,1,800,24 to 720 hr,Disordered face‐centered cubic (FCC),81.4,Ordered L1₂,"~10 nm (evolves with aging, transforming from spherical to round‐cornered cubes)",18.6,,,,,,,,,,,,,,800,,,,,,,,
Anomalous effect of lattice misfit on the coarsening behavior of multicomponent L12 phase,Nominal Composition Ni₂CoCrFeTi₀.₁₅Al₀.₁₅,18.9,37.7,18.9,0,18.9,2.8,2.8,0,0,0,0,0,0,0,1,1200,2 hr,1,20,70,1,1200,4 min,1,800,24 to 720 hr,Disordered face‐centered cubic (FCC),84.9,Ordered L1₂,~10 nm (coarsening with aging),15.1,,,,,,,,,,,,,,,,,,,,,,
Anomalous effect of lattice misfit on the coarsening behavior of multicomponent L12 phase,Nominal Composition Ni₂CoCrFeTi₀.₁Al₀.₂,18.9,37.7,18.9,0,18.9,3.8,1.9,0,0,0,0,0,0,0,1,1200,2 hr,1,20,70,1,1200,4 min,1,800,24 to 720 hr,Disordered face‐centered cubic (FCC),87.1,Ordered L1₂,"~10 nm (initially, with coarsening over time)",12.9,,,,,,,,,,,,,,,,,,,,,,
Concurrence of spinodal decomposition and nano-phase precipitation in a multi-component AlCoCrCuFeNi high-entropy alloy,"AlCoCrCuFeNi high-entropy alloy (Spray-cast, as-sprayed variant)",16.7,16.7,16.7,0,16.7,16.7,0,16.7,0,0,0,0,0,0,0,,,0,,,0,,,0,,,2,,"2 (body‐centered cubic); Fe–Cr‐rich plate (often associated with the disordered “A2” phase, here classified as BCC)",30 ± 3 nm,,4 (B2); Al–Ni‐rich plate (ordered B2 phase),38 ± 3 nm,,8 (face‐centered cubic); Cu‐rich precipitates that appear as small (oval) particles (observed with FCC symmetry in select diffraction patterns),~4 to 33 nm,,,,,,444,,,,,,,,,,,
Concurrence of spinodal decomposition and nano-phase precipitation in a multi-component AlCoCrCuFeNi high-entropy alloy,"AlCoCrCuFeNi high-entropy alloy (Spray-cast, annealed variant)",16.7,16.7,16.7,0,16.7,16.7,0,16.7,0,0,0,0,0,0,0,,,0,,,0,,,1,873,20,Body-Centered Cubic (BCC),,,,,,,,,,,,,,,460,,,,,,,,,,,
Concurrence of spinodal decomposition and nano-phase precipitation in a multi-component AlCoCrCuFeNi high-entropy alloy,AlCoCrCuFeNi high-entropy alloy (Melt-spun variant),16.7,16.7,16.7,0,16.7,16.7,0,16.7,0,0,0,0,0,0,0,,,0,,,0,,,0,,,2,,2 (body‐centered cubic); Fe–Cr‐rich plate,22 ± 3 nm,,4 (B2); Al–Ni‐rich plate,30 ± 3 nm,,"8 (face‐centered cubic); Cu‐rich precipitates (oval phase, with observed non‐crystalline region near grain boundary)",4–26 ± 3 nm,,,,,,539,,,,,,,,,,,
Design of ultrastrong but ductile medium-entropy alloy with controlled precipitations and heterogeneous grain structures,Co2CrNi1.5Al0.25Ti0.25,0,30,40,0,20,5,5,0,0,0,0,0,0,0,Yes (1),1200 °C (1473 K),4 hr,Yes (1),20 °C (ambient room temperature),85,0,,,1,700 °C (973 K),120 min (2 hr),Face-centered cubic (FCC) → Code 1,"Varies by region: RDG ~65.4%, MRG ~67.0%, NRG ~65.5%",L1₂ (ordered cubic) → Code 1,"Nearly equiaxed nanoparticles with size range 3–10 nm (average ~6.07 nm, RDG)",34.6% (in RDG),L1,Nanorods with average thickness ~8.06 nm and length ~32.74 nm (MRG),33.0% (in MRG),L1,"Nearly equiaxed nanoparticles with size range 3-7 nm (average ~5.67 nm, NRG)",34.5% (in NRG),1888,,1729,,,16,,77,2309,21.2,,,,,,
Design of ultrastrong but ductile medium-entropy alloy with controlled precipitations and heterogeneous grain structures,HGS‑HP MEA (Annealed 30 min),0,30,40,0,20,5,5,0,0,0,0,0,0,0,Yes,1473 K (≈1200°C),4 hr,Yes,20°C (ambient),85,Yes (Annealing),973 K (≈700°C),30 min,0,,,1,,1,,,,,,,,,,,,,,,,,,,,,,,,
Discontinuous precipitation leading to nano-rod intermetallic precipitates in an Al0.2Ti0.3Co1.5CrFeNi1.5 high entropy alloy results in an excellent strength-ductilit,SA condition,18.2,27.3,27.3,0,18.2,3.6,5.4,0,0,0,0,0,0,0,1,1150,6 hr,0,,,0,,,0,,,Face-centered cubic (FCC) [Classification: 1],91,L12 [Classification: 1],5 nm,9,,,,,,,597,,373,,,59,,,,,,,,,,
Discontinuous precipitation leading to nano-rod intermetallic precipitates in an Al0.2Ti0.3Co1.5CrFeNi1.5 high entropy alloy results in an excellent strength-ductilit,SA750 condition,18.2,27.3,27.3,0,18.2,3.6,5.4,0,0,0,0,0,0,0,1,1150,6 hr,0,,,0,,,1,750,50 hr,Face‐Centered Cubic (FCC) [Classification = 1],54,L12 [Classification = 1],25,40,L12 [Classification = 1],,6,,,,989,,796,,,17,,650,702,,,,,,,
Discontinuous precipitation leading to nano-rod intermetallic precipitates in an Al0.2Ti0.3Co1.5CrFeNi1.5 high entropy alloy results in an excellent strength-ductilit,60CRA condition,18.2,27.3,27.3,0,18.2,3.6,5.4,0,0,0,0,0,0,0,1,1150,6 hr,1,20,60,1,750,50 hr,0,,,Face‐centered cubic (FCC) (code 1),,"L12 (nearly spherical/globular in non‐recrystallized, coarse FCC regions; code 1)",105,,"L12 (discontinuous precipitation in recrystallized, fine FCC regions with lamellar/cellular morphology; nano‐rod similar in nature to that in 90CRA)","380 nm in length, 60 nm in width",1.7,L21 (grain‐boundary precipitate; code 5),,1.7,1386,,1142,,,14,,,,,,,,,,
Discontinuous precipitation leading to nano-rod intermetallic precipitates in an Al0.2Ti0.3Co1.5CrFeNi1.5 high entropy alloy results in an excellent strength-ductilit,90CRA condition,18.2,27.3,27.3,0,18.2,3.6,5.4,0,0,0,0,0,0,0,1,1150,6 hr,1,20,90,1,750,50 hr,0,,,Face‐centered cubic (FCC) (Classification value = 1),53.3,L12 (ordered intermetallic) (Classification value = 1),Nano‐rod morphology with an approximate length of 330 nm and a diameter on the order of 30 nm,45,L21 (also related to the B2 structure; indexed at grain boundaries) (Classification value = 5),,1.7,,,,1586,,1396,,,14,,500,,,,,,,,
Effect of coherent L12 nanoprecipitates on the tensile behavior of a fcc-based high-entropy alloy,Material Variant A (Precipitate‐strengthened),18.29,37.55,18.69,0,18.94,2.72,0,3.81,0,0,0,0,0,0,Yes (1),1200,24 hr,Yes (1),20 °C (room‐temperature rolling),93,Yes (1),700 °C,20 hr (1200 min),0,,,Face‐Centered Cubic (FCC) [Classification code: 1],,"L12 (ordered, coherent nanoprecipitates); specifically identified as (Ni,Cu)₃Al [Classification code: 1 for L12]",18.3,,,,,,,,1048,,719,,,30.4,,,,,,,,,,
Effect of coherent L12 nanoprecipitates on the tensile behavior of a fcc-based high-entropy alloy,Material Variant B (Single‐phase),18.29,37.55,18.69,0,18.94,2.72,0,3.81,0,0,0,0,0,0,Yes (1),1200,24 hr,Yes (1),20 °C (room‐temperature rolling),93,Yes (1),800 °C,1 hr (60 min),0,,,"1 (Face-Centered Cubic, FCC)",100,,,,,,,,,,732,,460,,,31.7,,,,,,,,,,
Engineering multi-scale B2 precipitation in a heterogeneous FCC based microstructure to enhance the mechanical properties of a Al0.5Co1.5CrFeNi1.5 high entropy alloy,Al0.5Co1.5CrFeNi1.5 - Single–phase FCC Condition,18.18,27.27,27.27,0,18.18,9.1,0,0,0,0,0,0,0,0,1,1150,6,0,,,0,,,0,,,"1 (face‐centered cubic, FCC)",100,,,,,,,,,,453,,180,,,62,,,,,,,,,,
Engineering multi-scale B2 precipitation in a heterogeneous FCC based microstructure to enhance the mechanical properties of a Al0.5Co1.5CrFeNi1.5 high entropy alloy,Al0.5Co1.5CrFeNi1.5 - SA750 Condition,18.18,27.27,27.27,0,18.18,9.1,0,0,0,0,0,0,0,0,1,1150,6,0,,,0,,,1,750,50,Face‐centered cubic (FCC) [Code = 1],approx 85,L12 (ordered “γ′”) [Precipitate Code: L12 = 1],10.2,12.1,B2 [Precipitate Code: B2 = 3],,small (minor) fraction,,,,720,,360,,,48,,,,,,,,,,
Engineering multi-scale B2 precipitation in a heterogeneous FCC based microstructure to enhance the mechanical properties of a Al0.5Co1.5CrFeNi1.5 high entropy alloy,Al0.5Co1.5CrFeNi1.5 - CR750 Condition,18.18,27.27,27.27,0,18.18,9.1,0,0,0,0,0,0,0,0,1,1150,6,1,20,60,1,750,50,0,,,Face‐centered cubic (FCC) [Code = 1],65,B2 [Precipitate Code: B2 = 3],760,35,Ordered B2 precipitate,from about 80 nm up to ~1.2 µm,,,,,1020,,790,,,20% tensile strain,,,,,,,,,,
Enhancing strength and strain hardenability via deformation twinning in fcc-based high entropy alloys reinforced with intermetallic compounds,"Al0.3CoCrFeNi - Coarse-Grained, Single-Phase fcc",23.4,23.4,23.1,0,23.4,6.7,0,0,0,0,0,0,0,0,Yes,1150,1 hr,Yes,20,90%,Yes,1150,30 min,0,,,face‐centered cubic (classified as 1),100,,,,,,,,,,410 ± 42,,159 ± 22,,,65 ± 3,,,,,,,,,,
Enhancing strength and strain hardenability via deformation twinning in fcc-based high entropy alloys reinforced with intermetallic compounds,"Al0.3CoCrFeNi - Refined, Triplex Microstructure with fcc + intermetallics",23.4,23.4,23.1,0,23.4,6.7,0,0,0,0,0,0,0,0,0,,,0,,,0,,,0,,,1,80,3,,10,6,,10,,,,1039,,840,,,30-32%,,,,,,,,,,
Enhancing strength-ductility synergy in a casting non-equiatomic NiCoCr-based high-entropy alloy by Al and Ti combination addition,AT0,0,43.8,37.5,0,18.8,0,0,0,0,0,0,0,0,0,0,,,0,,,0,,,0,,,Face‐Centered Cubic (FCC) (Code: 1),100,,,,,,,,,,447,,147,,,,,,,,,,,,,
Enhancing strength-ductility synergy in a casting non-equiatomic NiCoCr-based high-entropy alloy by Al and Ti combination addition,AT5,0,39.4,33.8,0,16.9,5,5,0,0,0,0,0,0,0,0,,,0,,,0,,,0,,,Face‐Centered Cubic (FCC) [Classification Code: 1],34,Ordered L1₂ phase [Classification Code: 1],~93 nm (average; ±31 nm dispersion),66,,,,,,,1004,,792,,,38.2,,Range from approximately 93 K (cryogenic) to 873 K (high temperature),,,,,,,,
Grain refinement of non-equiatomic Cr-rich CoCrFeMnNi high-entropy alloys through combination of cold rolling and precipitation of σ phase,10Cr,20,30,20,20,10,0,0,0,0,0,0,0,0,0,0,,,1,20 °C,90,1,1273 K,1 h,0,,,Face‐centered cubic (fcc) [Classification Code = 1],100%,,,,,,,,,,,,,,,,,Range from approximately 93 K (cryogenic) to 873 K (high temperature),,,,,,,,
Grain refinement of non-equiatomic Cr-rich CoCrFeMnNi high-entropy alloys through combination of cold rolling and precipitation of σ phase,20Cr,20,20,20,20,20,0,0,0,0,0,0,0,0,0,0,,,1,20 °C,90,1,1273 K,1 h,0,,,Face‑Centered Cubic (fcc) (classification = 1),100%,,,,,,,,,,,,,,,,,Range from approximately 93 K (cryogenic) to 873 K (high temperature),Not provided; yield strength increases as temperature decreases,Not provided; large elongation observed even at 93 K,,,,,,
Grain refinement of non-equiatomic Cr-rich CoCrFeMnNi high-entropy alloys through combination of cold rolling and precipitation of σ phase,25Cr,20,15,20,20,25,0,0,0,0,0,0,0,0,0,0,,,1,20 °C,90,1,1273 K,1 h,0,,,Fully recrystallized face‑centered cubic (fcc) with annealing twins (classification = 1),78%,Tetragonal σ phase,,22%,,,,,,,>730 MPa,,,,,,,Range from approximately 93 K (cryogenic) to 873 K (high temperature),,,,,,,,
Grain refinement of non-equiatomic Cr-rich CoCrFeMnNi high-entropy alloys through combination of cold rolling and precipitation of σ phase,25Cr (TTT),20,15,20,20,25,0,0,0,0,0,0,0,0,0,1,1100 °C,1 hr,1,20 °C,90,0,,,1,700–1100 °C,~0.003–1 hr,,,,,,,,,,,,>900 MPa,,above about 400 MPa,,,56,,93 K and 873 K,,Large ductility observed at 93 K; exact elongation value not provided,,,,,,
High temperature strengthening via nanoscale precipitation in wrought CoCrNi-based medium-entropy alloys,AT00,0,33.3,33.3,0,33.3,0,0,0,0,0,0,0,0,0,Solution treatment performed immediately after casting (as‑cast),1100,2 hr,0,,,Annealing after forging,1100,2 hr (120 min),1,850,10 hr,1 [face‑centered cubic (fcc)],~100%,,,,,,,,,,721,,244,,153,,,700,"Yield: ~141 MPa, Ultimate: ~387 MPa",,,,,,,
High temperature strengthening via nanoscale precipitation in wrought CoCrNi-based medium-entropy alloys,AT22,0,32,32,0,32,2,2,0,0,0,0,0,0,0,Solution treatment performed immediately after casting (as‑cast),1100,2 hr,0,,,Annealing after forging,1100,2 hr (120 min),1,850,10 hr,Face‑centered cubic (fcc) → Code 1,,γ′ phase having L12 crystal structure → Code 1 (forms as discontinuous (DP) colonies along grain boundaries),,,,,,,,,909,,476,,,61.1,,700,"Yield: ~141 MPa, Ultimate: ~387 MPa",,,,,,,
High temperature strengthening via nanoscale precipitation in wrought CoCrNi-based medium-entropy alloys,ATT221,0,31.7,31.7,0,31.7,2,2,0,0,0,0,0,0,1,Solution treatment performed immediately after casting (as‑cast),1100,2 hr,0,,,Annealing after forging,1100,2 hr (120 min),1,850,10 hr,1 (face‑centered cubic),82.80%,"1 (L12 structure, i.e. γ′ phase)",Approximately 28.8 nm (spherical/quasi‑cuboid morphology),17.2,4 (η phase with hexagonal structure),,,,,,1173,,773,,315,39.4,,700,"Yield: ~620 MPa, Ultimate: ~939 MPa",28.3,,,,,,
High-content ductile coherent nanoprecipitates achieve ultrastrong high-entropy alloys,Al0.5Cr0.9FeNi2.5V0.2 Alloy (ST),19.6,49,0,0,17.6,9.8,0,0,0,4,0,0,0,0,Yes,1200,24,0,,,0,,,0,,,1,100,,,,,,,,,,560,,274,,,,,,,,,,,,,
High-content ductile coherent nanoprecipitates achieve ultrastrong high-entropy alloys,Al0.5Cr0.9FeNi2.5V0.2 Alloy (600A),19.6,49,0,0,17.6,9.8,0,0,0,4,0,0,0,0,Yes,1200,24,Yes,20,72,0,,,1,600 °C,1,1,43.7,1,35,50.1,7,50,6.2,,,,1905,,1810,,,9-10%,,,,,,,,,,
High-content ductile coherent nanoprecipitates achieve ultrastrong high-entropy alloys,Al0.5Cr0.9FeNi2.5V0.2 Alloy (700A),19.6,49,0,0,17.6,9.8,0,0,0,4,0,0,0,0,Yes,1200,24,Yes,20,72,0,,,1,700 °C,1,1,50,1,35,44,7,50nm,6,,,,1763,,1570,,,9-10%,,,,,,,,,,
Improving mechanical properties of an FCC high-entropy alloy by γ′ and B2 precipitates strengthening,Annealed HEA (C),27.23,26.83,26.64,0,9.25,8.13,1.03,0,0,0,0.89,0,0,0,Yes,1190,6,Yes,20,80,Yes,1100,60,0,,,1,100,,,,,,,,,,701.8,,280.7,,,47.1,,,,,,,,,,
Improving mechanical properties of an FCC high-entropy alloy by γ′ and B2 precipitates strengthening,One-step aged HEA (S1),27.23,26.83,26.64,0,9.25,8.13,1.03,0,0,0,0.89,0,0,0,Yes,1190,6,Yes,20,80,Yes,1100,60,1,845,4,1,90.98,3,241,2.85,γ′(1),19.5,6.17,,,,863.5,,491.5,,,32.6,,,,,,,,,,
Improving mechanical properties of an FCC high-entropy alloy by γ′ and B2 precipitates strengthening,Two-step aged HEA (S2),27.23,26.83,26.64,0,9.25,8.13,1.03,0,0,0,0.89,0,0,0,Yes,1190,6,Yes,20,80,Yes,1100,60,1,"845, then 720","4, then 10",1,57.88,3,287,4.56,γ′(1),21.5,5.72,Smallest γ′ phase (L12),9.5,31.84,1285.9,,863.5,,,28.2,,600°C 630°C 650°C 700°C,"yield strength:
619.6
605.3
584.3
557.2
Ultimate Compressive Strength:
939.9
880.5
823.4
714.3","35.9
38.3
38.8
40.3",,,,,,
Influence of fine-scale B2 precipitation on dynamic compression and wear properties in hypo-eutectic Al0.5CoCrFeNi high-entropy alloy,Al0.5CoCrFeNi_HRA,22.2,22.2,22.2,0,22.2,11.2,0,0,0,0,0,0,0,0,Yes,1150,≈5 minutes (≈0.083 hr),Yes,700,50,Yes,1150,5 minutes,0,,,Face‑Centered Cubic (FCC),80.6,3,,9.1,B2,1-10μm,8.2,B2,"Approximately 200 nm (average needle‑shaped, fine‑scale)",2.1,1344,1157,1284,668,250.6,8,18,,,,,,,,,
Influence of fine-scale B2 precipitation on dynamic compression and wear properties in hypo-eutectic Al0.5CoCrFeNi high-entropy alloy,Al0.5CoCrFeNi_HRA-700_1hr,22.2,22.2,22.2,0,22.2,11.2,0,0,0,0,0,0,0,0,Yes,1150,≈5 minutes (≈0.083 hr),Yes,700,50,Yes,1150,5 minutes,1,700,1 hour,1,,3,,,3,1-10μm,,3,~200 nm,,,1168,,682,258.2,,,,,,,,,,,
Influence of fine-scale B2 precipitation on dynamic compression and wear properties in hypo-eutectic Al0.5CoCrFeNi high-entropy alloy,Al0.5CoCrFeNi_HRA-700_4hr,22.2,22.2,22.2,0,22.2,11.2,0,0,0,0,0,0,0,0,Yes,1150,≈5 minutes (≈0.083 hr),Yes,700,50,Yes,1150,5 minutes,1,700,4 hours,1,,3,,9,3,1-10μm,Between 8.2 and 12.5% (exact value not given for 4 h but intermediate),3,200,Between 2.1 and 10.3% (exact value not given for 4 h but intermediate),,1312,,867,254.5,,,,,,,,,,,
Influence of fine-scale B2 precipitation on dynamic compression and wear properties in hypo-eutectic Al0.5CoCrFeNi high-entropy alloy,Al0.5CoCrFeNi_HRA-700_20hr,22.2,22.2,22.2,0,22.2,11.2,0,0,0,0,0,0,0,0,Yes,1150,≈5 minutes (≈0.083 hr),Yes,700,50,Yes,1150,5 minutes,1,700,20 hours,1,,3,,Between ~9% (HRA) and ~10% (80 h); exact 20 h fraction not explicitly reported; (In HRA specifically: 9.1±2.7%),3,,Between ~8% (HRA) and ~12-13% (80 h); exact 20 h fraction not explicitly reported; (In HRA specifically: 8.2 ± 3.1%),3,~200 nm (fine-scale needles),Between ~2% (HRA) and ~10% (80 h); exact 20 h fraction not explicitly reported; (In HRA specifically: 2.1±1.1%),,1404,,997,296.4,,,,,,,,,,,
Influence of fine-scale B2 precipitation on dynamic compression and wear properties in hypo-eutectic Al0.5CoCrFeNi high-entropy alloy,Al0.5CoCrFeNi_HRA-700_40hr,22.2,22.2,22.2,0,22.2,11.2,0,0,0,0,0,0,0,0,Yes,1150,≈5 minutes (≈0.083 hr),Yes,700,50,Yes,1150,5 minutes,1,700,40 hours,FCC,,3,,Between 9.1% (HRA) and 9.8% (80 h); exact value not reported,3,1-10μm,Between 8.2 and 12.5% (exact value not reported for 40 h but intermediate),3,200,Between 2.1 and 10.3% (exact value not reported for 40 h but intermediate),,1452,,1196,283.5,,,,,,,,,,,
Influence of fine-scale B2 precipitation on dynamic compression and wear properties in hypo-eutectic Al0.5CoCrFeNi high-entropy alloy,Al0.5CoCrFeNi_HRA-700_80hr,22.2,22.2,22.2,0,22.2,11.2,0,0,0,0,0,0,0,0,Yes,1150,≈5 minutes (≈0.083 hr),Yes,700,50,Yes,1150,5 minutes,1,700,80 hours,Face‑Centered Cubic (FCC),67.4,3,,9.8,B2,1–10 μm range,12.5,B2,200,10.3,,1503,,1352,302.2,,,,,,,,,,,
L21-strengthened face-centered cubic high-entropy alloy with high strength and ductility,Ti6Al5 HEA,20.36,24.75,20.96,0,22.82,5.04,6.07,0,0,0,0,0,0,0,1 (Yes),1423 K ≈ 1150 °C,2 h,1 (Yes),Room temperature (set as 20 °C) [Cold rolling],80% thickness reduction,1 (Yes),1423 K ≈ 1150 °C,1.5 min,1,1053 K ≈ 780 °C,4 h,1 (face‐centered cubic),50.8,1 (L12),10.3,18.8,5 (L21),130.7,30.4,,,,1597,,1136,,,25.3,,,,,,,,,,
Multicomponent intermetallic nanoparticles and superb mechanical behaviors of complex alloys,Al7Ti7,28.67,28.67,28.67,0,0,7,7,0,0,0,0,0,0,0,Yes,1150,Approximately 2 hours,Cold rolling,20,~65%,Yes,1150,Approximately 1.5 minutes,1,780,4 hours,Face‐centered cubic (FCC) [Classification value: 1],~45–50%,"Ordered intermetallic phase (Lh MCINP, analogous to L1₂; classified here as 1)",,,,,,,,,,,1028,,,,,,,,,,,,,
Multicomponent intermetallic nanoparticles and superb mechanical behaviors of complex alloys,Al8Ti6,28.67,28.67,28.67,0,0,8,6,0,0,0,0,0,0,0,Yes,1150,Approximately 2 hours,Cold rolling,20,~65%,Yes,1150,Approximately 1.5 minutes,1,780,4 hours,Face‐centered cubic (classification = 1),~45–50%,1,,,,,,,,,,,,,,10,,,,,,,,,,
On the correlation between L12 nanoparticles and mechanical properties of (NiCo)52+2x(AlTi)4+2xFe29-4xCr15 (x=0-4) high-entropy alloys,Al2Ti2,29,26,26,0,15,2,2,0,0,0,0,0,0,0,1,1150,2 hours,1,20,70,1,1150,5 minutes,1,800,4 hours,Face‐centered cubic (FCC),99.6,L12,,0.4,,,,,,,,,345,,188,,,,,,,,,,,
On the correlation between L12 nanoparticles and mechanical properties of (NiCo)52+2x(AlTi)4+2xFe29-4xCr15 (x=0-4) high-entropy alloys,Al3Ti3,25,27,27,0,15,3,3,0,0,0,0,0,0,0,1,1150,2 hours,1,20,70,1,1150,5 minutes,1,800,4 hours,Face‐centered cubic (code 1),93.4,L12 (code 1),,6.6,,,,,,,,,345,,216 ± 2 HV,,,,,,,,,,,
On the correlation between L12 nanoparticles and mechanical properties of (NiCo)52+2x(AlTi)4+2xFe29-4xCr15 (x=0-4) high-entropy alloys,Al4Ti4,21,28,28,0,15,4,4,0,0,0,0,0,0,0,1,1150,2 hours,1,20,70,1,1150,5 minutes,1,800,4 hours,"1 (Face‐Centered Cubic, FCC)",86.8,1 (L12),15.7,13.2,,,,,,,1010,,635,,333 ± 5 HV,31,,,,,,,,,,
On the correlation between L12 nanoparticles and mechanical properties of (NiCo)52+2x(AlTi)4+2xFe29-4xCr15 (x=0-4) high-entropy alloys,Al5Ti5,17,29,29,0,15,5,5,0,0,0,0,0,0,0,1,1150,2 hours,1,20,70,1,1150,5 minutes,1,800,4 hours,Face-centered cubic (FCC),84.4,L12,25.7,15.6,,,,,,,1074,,753,,354 ± 2 HV,23,,,,,,,,,,
On the correlation between L12 nanoparticles and mechanical properties of (NiCo)52+2x(AlTi)4+2xFe29-4xCr15 (x=0-4) high-entropy alloys,Al5.5Ti5.5,15,29.5,29.5,0,15,5.5,5.5,0,0,0,0,0,0,0,1,1150,2 hours,1,20,70,1,1150,5 minutes,1,800,4 hours,Face‐Centered Cubic (FCC) [Classification Code: 1],83.4,L12 [Classification Code: 1],≈19.5 nm (±0.6 nm),16.6,,,,,,,>1100 MPa,,≥850 MPa,,384 ± 3 HV,~13%,,,,,,,,,,
On the correlation between L12 nanoparticles and mechanical properties of (NiCo)52+2x(AlTi)4+2xFe29-4xCr15 (x=0-4) high-entropy alloys,Al6Ti6,13,30,30,0,15,6,6,0,0,0,0,0,0,0,1,1150,2 hours,1,20,70,1,1150,5 minutes,1,800,4 hours,Face-Centered Cubic (FCC),81.5,L12,23.7,18.5,,,,,,,More than 1100 MPa,,At least ~850 MPa,,392 ± 5 HV,Approximately 13% elongation,,,,,,,,,,
Superior high-temperature properties and defomation-induced planar faults in a novel L12-strengthened high-entropy alloy,Al4 HEA,16,32,32,0,16,4,0,0,0,0,0,0.02 wt.%,0,0,Yes,1200,2 hr,Yes,20 °C (cold rolling at room temperature),66,Yes,1200,1.5 min,1,800,24 hr (optimal),"1 (Face‑centered cubic, FCC)",100,,,,,,,,,,,,,,,,,,,,,,,,,
Superior high-temperature properties and defomation-induced planar faults in a novel L12-strengthened high-entropy alloy,Nb4 HEA,16,32,32,0,16,,0,0,0,0,4,0.02 wt.%,0,0,Yes,1200,2 hr,Yes,20 °C (cold rolling at room temperature),66,Yes,1200,1.5 min,1,800,24 hr (optimal),Face‑centered cubic (FCC),67.9,"D019 phase (ordered, needle‑shaped, closest match: HCP)",34.5 ± 14.1 nm,32.1,,,,,,,,,,,,30,,,,,,,,,,
Superior high-temperature properties and defomation-induced planar faults in a novel L12-strengthened high-entropy alloy,Al2Nb4 HEA,15.7,31.3,31.3,0,15.7,2,0,0,0,0,4,0.02 wt.%,0,0,Yes,1200,2 hr,Yes,20 °C (cold rolling at room temperature),66,Yes,1200,1.5 min,1,800,24 hr (optimal),Face‑centered cubic (FCC) → Code 1,66,Needle‑shaped precipitates identified as the D019 phase (classified as HCP → Code 10),34.5,11.6,Cuboidal precipitates identified as the L12 phase (directly assigned → Code 1),15.1,22,,,,,,,,,30,,,,,,,,,,
Superior high-temperature properties and defomation-induced planar faults in a novel L12-strengthened high-entropy alloy,Al4Nb4 HEA,15.3,30.7,30.7,0,15.3,4,0,0,0,0,4,0.02 wt.%,0,0,Yes,1200,2 hr,Yes,20 °C (cold rolling at room temperature),66,Yes,1200,1.5 min,1,800,24 hr (optimal),Face‑centered cubic (FCC) [classified as “1” in the scheme],49,L12 phase [classified as “1”],≈39.0 nm (±9.7 nm),51,,,,,,,1232,,850,,440,30% elongation,,760,720,,,,,,,
Tailoring nanoprecipitates for ultra-strong high-entropy alloys via machine learning and prestrain aging,Recrystallized HEA,28,32,28,0,3,3,6,0,0,0,0,0,0,0,Yes,1200,2 hr,Yes,20,80,Yes,1000,1 min,0,,,FCC,100,,,0,,,0,,,0,1060,,670,,,39,,,,,,,,,,
Tailoring nanoprecipitates for ultra-strong high-entropy alloys via machine learning and prestrain aging,As-Aged Sample,28,32,28,0,3,3,6,0,0,0,0,0,0,0,0,,,Primary cold rolling,20,80,1,1000,1,1,700,60 minutes,Face‐centered cubic (FCC),50,Ordered δ′ phase with an L12 superlattice (classification code: 1),30 ± 6 nm,50,,,,,,,1340,,1030,,,21% elongation,,,,,,,,,,
Tailoring nanoprecipitates for ultra-strong high-entropy alloys via machine learning and prestrain aging,Prestrain-Aged Sample,28,32,28,0,3,3,6,0,0,0,0,0,0,0,0,,,Primary cold rolling,20,80,1,1000,1,1,700,60 minutes,Face‐centered cubic (FCC),48,Ordered δ′ phase with an L12 superlattice (classification code: 1),19 ± 4 nm,52,,,,,,,1650,,1310,,,15% elongation,,,,,,,,,,
The microstructure and mechaincal properties of novel Al-Cr-Fe-Mn-Ni high-entropy alloys with trimodal distributions of coherent B2 precipitates,A5 (Al₀.₅CrFeMnNi),22.22,22.22,0,22.22,22.22,11.11,0,0,0,0,0,0,0,0,0,,,0,,,0,,,0,,,2,19.2,3,580,15.3,3,530,47.8,3,22,17.6,,,,1091,353,,>45%,,,,,,,,,
The microstructure and mechaincal properties of novel Al-Cr-Fe-Mn-Ni high-entropy alloys with trimodal distributions of coherent B2 precipitates,A6 (Al₀.₆CrFeMnNi),21.74,21.74,0,21.74,21.74,13.04,0,0,0,0,0,0,0,0,0,,,0,,,0,,,0,,,2,18.9,3,510,26.8,3,485,39.9,3,21,14.4,,,,1125-1130,,,>45%,,,,,,,,,
The microstructure and mechaincal properties of novel Al-Cr-Fe-Mn-Ni high-entropy alloys with trimodal distributions of coherent B2 precipitates,A7 (Al₀.₇CrFeMnNi),21.28,21.28,0,21.28,21.28,14.89,0,0,0,0,0,0,0,0,0,,,0,,,0,,,0,,,2,22.5,3,480,33,3,450,33.6,3,20,10.9,,,,1160,,,>45%,,,,,,,,,
The microstructure and mechaincal properties of novel Al-Cr-Fe-Mn-Ni high-entropy alloys with trimodal distributions of coherent B2 precipitates,A8 (Al₀.₈CrFeMnNi),20.83,20.83,0,20.83,20.83,16.67,0,0,0,0,0,0,0,0,0,,,0,,,0,,,0,,,2,16.5,3,395,38,3,415,34.7,3,17,10.8,,,,1200,386,,>45%,,,,,,,,,
Ultrahigh-strength and ductile superlattice alloys with nanoscale disordered interfaces,complete (bulk) alloy,8.8,43.9,22.4,0,0,10.7,11.7,0,0,0,0,2.5,0,0,0,,,0,,,0,,,0,,,L12 (classification code 3),99.87,Face-centered cubic (FCC; classification code 8),5,0.13,,,,,,,1611 ± 2,,1040 ± 61,,417 ± 8 HV,25 ± 1%,,800,,,,,,,,
A Novel L12-strengthened multicomponent Co-rich high-entropy alloy with both high y'-solvus temperature and superior high-temperature strength,Multicomponent Co-rich high-entropy alloy - Recrystallized,0,28.8,43.1,0,10.2,10,2.1,0,0,0,1.5,0,2.2,2.1,Yes,1200,2,Yes,20,50,Yes,1200,2,0,,,γ phase with a face-centered cubic (FCC) crystal structure (Classification: 1 — FCC),100,,,,,,,,,,,,,,310 ± 6 HV,,,,,,,,397,3008,,0.868018617
A Novel L12-strengthened multicomponent Co-rich high-entropy alloy with both high y'-solvus temperature and superior high-temperature strength,Multicomponent Co-rich high-entropy alloy - Aged,0,28.8,43.1,0,10.2,10,2.1,0,0,0,1.5,0,2.2,2.1,Yes,1200,2,Yes,20,50,Yes,1200,2,Yes,800,72h,γ phase with a face-centered cubic (FCC) crystal structure (Classification: 1 — FCC),,γ′ phase with L1_2 ordering,"Cuboidal, high-density",,,,,,,,,,,,407 ± 13 HV,>20%,,"800, 900","corresponding 755, 664",,,,,,,
Co‑introduction of precipitate hardening and TRIP in a TWIP high‑entropy alloy using friction stir alloying,Material 2 - Ti–alloyed Ni–Si5–HEA FSA,41.3,9.3,0,27.3,14.3,0,3.5,0,4.3,0,0,0,0,0,0,,,0,,,0,,,0,,,γ phase (face‐centered cubic),100,,,,,,,,,,725,,554,,,,,,,,,,,,,
Co‑introduction of precipitate hardening and TRIP in a TWIP high‑entropy alloy using friction stir alloying,Material 2 - Ti–alloyed Ni–Si5–HEA FSA + Anneal,41.3,9.3,0,27.3,14.3,0,3.5,0,4.3,0,0,0,0,0,0,,,0,,,0,,,1,900,4 hr,γ phase (face‐centered cubic),79,Ni3Ti intermetallic,~5 nm,minority,ε phase (HCP),,21,,,,958,,736,,,,,,,,,,,,,
Co‑introduction of precipitate hardening and TRIP in a TWIP high‑entropy alloy using friction stir alloying,Material 1 - Base Ni–Si5–HEA as-cast,42.8,9.6,0,28.3,14.8,0,0,0,4.5,0,0,0,0,0,0,,,0,,,0,,,0,,,γ phase (face‐centered cubic),100,,,,,,,,,,367,,288,,,6,,,,,,,,,,
Co‑introduction of precipitate hardening and TRIP in a TWIP high‑entropy alloy using friction stir alloying,Material 1 - Base Ni–Si5–HEA FSP,42.8,9.6,0,28.3,14.8,0,0,0,4.5,0,0,0,0,0,0,,,0,,,0,,,0,,,γ phase (face‐centered cubic),100,,,,,,,,,,645,,451,,,43,,,,,,,,,,
Control of nanoscale precipitation and elimination of intermediatetemperature embrittlement in multicomponent high-entropy alloys,Al6Ti6 HEA - As-Solutionized,13,29.9,30,0,15,6,6,0,0,0,0,0.1,0,0,1,1165,2 h,1,20 °C (cold rolling at ambient temperature),~65%,1,1165,2 min,0,,,Face-Centered Cubic (FCC) (Code 1),100% - 27% - 1.19% = 71.81%,"L12 ordered phase – identified as (Ni,Co,Fe,Cr)₃(Ti,Al) (Code 1)",12,24,,,,,,,,,,,,,,,,,,,,,,
Control of nanoscale precipitation and elimination of intermediatetemperature embrittlement in multicomponent high-entropy alloys,"Al6Ti6 HEA - One-Step Aged (800 °C, 720 h)",13,29.9,30,0,15,6,6,0,0,0,0,0.1,0,0,1,1165,2 h,1,20 °C (cold rolling at ambient temperature),~65%,1,1165,2 min,1,800 °C,"720 h(corresponding to the following phases and properties, but paper said whole experiment is based on time 24 to 720h)",Face-Centered Cubic (FCC) (Code 1),100% - 37% - 0.87% = 62.13%,"L12 ordered phase – identified as (Ni,Co,Fe,Cr)₃(Ti,Al) (Code 1)",93.7,37,"Heusler phase (L21‑type, BCC)",,0.87,,,,,,,,,,,700,,3,,,,,,
Control of nanoscale precipitation and elimination of intermediatetemperature embrittlement in multicomponent high-entropy alloys,"Al6Ti6 HEA - One-Step Aged (900 °C, 720 h)",13,29.9,30,0,15,6,6,0,0,0,0,0.1,0,0,1,1165,2 h,1,20 °C (cold rolling at ambient temperature),~65%,1,1165,2 min,1,900 °C,"720 h(corresponding to the following phases and properties, but paper said whole experiment is based on time 24 to 720h)",Face-Centered Cubic (FCC) (Code 1),100% - 27% - 1.19% = 71.81%,"L12 ordered phase – identified as (Ni,Co,Fe,Cr)₃(Ti,Al) (Code 1)",308.3,27,"Heusler phase (L21‑type, BCC)",,1.19,,,,,,,,,,,700,,,,,,,,
Control of nanoscale precipitation and elimination of intermediatetemperature embrittlement in multicomponent high-entropy alloys,"Al6Ti6 HEA - One-Step Aged (1000 °C, 720 h)",13,29.9,30,0,15,6,6,0,0,0,0,0.1,0,0,1,1165,2 h,1,20 °C (cold rolling at ambient temperature),~65%,1,1165,2 min,1,1000 °C,"720 h(corresponding to the following phases and properties, but paper said whole experiment is based on time 24 to 720h)",Face-Centered Cubic (FCC) (Code 1),83,"L12 ordered phase – identified as (Ni,Co,Fe,Cr)₃(Ti,Al) (Code 1)",780.4,17,,,,,,,,,,,,,,700,,,,,,,,
Control of nanoscale precipitation and elimination of intermediatetemperature embrittlement in multicomponent high-entropy alloys,Al6Ti6 HEA - Duplex Aged (1000 °C for 4h + 800 °C for 24h),13,29.9,30,0,15,6,6,0,0,0,0,0.1,0,0,1,1165,2 h,1,20 °C (cold rolling at ambient temperature),~65%,1,1165,2 min,1,1000 °C for 4 h then 800 °C for 24 h,4 h + 24 h,Face-Centered Cubic (FCC) (Code 1),,"L12 ordered phase – identified as (Ni,Co,Fe,Cr)₃(Ti,Al) (Code 1)","145+- 30, 36+-5",,,,,,,,,,,,,,,700,1GPa,,,,,,,
Design of D022 superlattice with superior strengthening effect in high entropy alloys,Ni2CoCrFeNb0.15_SolidSolution,19.4,38.8,19.4,0,19.4,0,0,0,0,0,2.9,0,0,0,Yes,1200,2 h,Cold Rolling,20,Approximately 70% thickness reduction (final thickness ~1.5 mm),Yes,1200,4 min,0,,,FCC,100,,,,,,,,,,710,,284,,,71,,,,,,,,,,
Design of D022 superlattice with superior strengthening effect in high entropy alloys,Ni2CoCrFeNb0.15_80h_Aged,19.4,38.8,19.4,0,19.4,0,0,0,0,0,2.9,0,0,0,Yes,1200,2 h,Cold Rolling,20,Approximately 70% thickness reduction (final thickness ~1.5 mm),Yes,1200,4 min,1,650,80 h,FCC,93,γ″,15 nm,7,,,,,,,1230,,954,,,27,,,,,,,,,,
Design of D022 superlattice with superior strengthening effect in high entropy alloys,Ni2CoCrFeNb0.15_120h_Aged,19.4,38.8,19.4,0,19.4,0,0,0,0,0,2.9,0,0,0,Yes,1200,2 h,Cold Rolling,20,Approximately 70% thickness reduction (final thickness ~1.5 mm),Yes,1200,4 min,1,650,120 h,FCC,93,γ″,35 nm,7,,,,δ(author's guess),,,,,,,,,,,,,,,,,,
Development of high-strength Co-free high-entropy alloys hardened by nanosized precipitates,A1,37.5,37.5,0,10,15,0,0,0,0,0,0,0,0,0,Yes,1150,2 h,Yes,20,66,Yes,1150,2 min,0,,,"1 (i.e. face‑centered cubic, FCC)",100,,,,,,,,,,Approximately 270-310 MPa,,Approximately mid-to‑low 300 MPa,,,Ductile; fracture surfaces exhibit ductile dimples (exact value not provided),,,,,,,,,,
Development of high-strength Co-free high-entropy alloys hardened by nanosized precipitates,A2,33.5,33.5,0,10,15,5,3,0,0,0,0,0,0,0,Yes,1150,2 h,Yes,20,66,Yes,1150,2 min,1,800,1 h,1 [Face‑Centered Cubic (γ matrix)],,"1 [L12 structure, i.e. the coherent nano‑sized γ′ precipitates present in the grain interior]",Approximately 10–20 nm,,5 [L21 phase; in A2 the lower Ti/Al ratio favors the appearance of L21 at grain boundaries],"Larger than the interior γ′ precipitates – exact size not provided (estimate might be on the order of tens of nanometers, e.g. ~50–100 nm)",,,,,1076,,,,,Over 22%,,,,,,,,,,
Development of high-strength Co-free high-entropy alloys hardened by nanosized precipitates,A3,33.5,33.5,0,10,15,4,4,0,0,0,0,0,0,0,Yes,1150,2 h,Yes,20,66,Yes,1150,2 min,1,800,1 h,"γ phase (Face-centered cubic, classification: 1)",,"γ′ phase (L12-ordered, classification: 1)",10–20 nm,,η phase (classification: 4),larger than nano-sized γ′ precipitates (exact size ),,L21 phase (classification: 5),larger than nano-sized γ′ precipitates (exact size ),,,,,,,over 22%,,,,,,,,,,
Development of high-strength Co-free high-entropy alloys hardened by nanosized precipitates,A4,33.5,33.5,0,10,15,3,5,0,0,0,0,0,0,0,Yes,1150,2 h,Yes,20,66,Yes,1150,2 min,1,800,1 h,face‑centered cubic (FCC) → Code 1,,γ′ phase with L12 ordering → Code 1,~10–20 nm,,η phase → Code 4,,,L21 phase → Code 5,,,1247,,,,,Over 20%,,,,,,,,,,
Deviation from high-entropy configurations in the atomic distributions of a multi-principal-element alloy,Al1.3CoCrCuFeNi (Above 1315°C),15.9,15.9,15.9,0,15.9,20.6,0,15.9,0,0,0,0,0,0,0,,,0,,,0,,,0,,,Liquid,100,,,,,,,,,,,,,,,,,Above 1315°C,,,,,,,,
Deviation from high-entropy configurations in the atomic distributions of a multi-principal-element alloy,"Al1.3CoCrCuFeNi (1,230–1,315°C)",15.9,15.9,15.9,0,15.9,20.6,0,15.9,0,0,0,0,0,0,0,,,0,,,0,,,0,,,Liquid (Cu-rich),Majority (not explicitly quantified),BCC,,,,,,,,,,,,,,,,"1,230–1,315°C",,,,,,,,
Deviation from high-entropy configurations in the atomic distributions of a multi-principal-element alloy,"Al1.3CoCrCuFeNi (1,080–1,230°C)",15.9,15.9,15.9,0,15.9,20.6,0,15.9,0,0,0,0,0,0,0,,,0,,,0,,,0,,,hB2i,95,Liquid (Cu-rich interdendritic),,5,,,,,,,,,,,,,,"1,080–1,230°C",,,,,,,,
Deviation from high-entropy configurations in the atomic distributions of a multi-principal-element alloy,"Al1.3CoCrCuFeNi (600–1,080°C)",15.9,15.9,15.9,0,15.9,20.6,0,15.9,0,0,0,0,0,0,0,,,0,,,0,,,0,,,hB2i,85,"FCC (rod‐shaped, Cu‐rich)",,10,"FCC (interdendritic, Cu‐rich)",,5,,,,,,,,,,,"600–1,080°C",,,,,,,,
Deviation from high-entropy configurations in the atomic distributions of a multi-principal-element alloy,Al1.3CoCrCuFeNi (Room Temperature – 600°C),15.9,15.9,15.9,0,15.9,20.6,0,15.9,0,0,0,0,0,0,0,,,0,,,0,,,0,,,Spinodal BCC/B2-ordered,84,"FCC (rods, Cu-rich)",,10,"FCC (interdendritic, Cu-rich)",,5,"FCC (nanoprecipitates, Cu-rich)",,1,,,,,,,,,,,,,,,,
Ductile CoCrFeNiMox high entropy alloys strengthened by hard intermetallic phases,Mo0 (As‐cast),25,25,25,0,25,0,0,0,0,0,0,0,0,0,0,,,0,,,0,,,0,,,Face‐centered cubic (FCC) [Classification: 1],100,,,,,,,,,,472.4,,155,,,58.9,,,,,,,,,,
Ductile CoCrFeNiMox high entropy alloys strengthened by hard intermetallic phases,Mo0.1 (As‐cast),24.39,24.39,24.39,0,24.39,0,0,0,0,0,0,0,2.44,0,0,,,0,,,0,,,0,,,Face‐centered cubic (FCC) [Classification: 1],100,,,,,,,,,,479,,198.8,,,51.1,,,,,,,,,,
Ductile CoCrFeNiMox high entropy alloys strengthened by hard intermetallic phases,Mo0.2 (As‐cast),23.81,23.81,23.81,0,23.81,0,0,0,0,0,0,0,4.76,0,0,,,0,,,0,,,0,,,Face‐centered cubic (FCC) [Classification: 1],100,,,,,,,,,,589.6,,254.7,,,55.1,,,,,,,,,,
Ductile CoCrFeNiMox high entropy alloys strengthened by hard intermetallic phases,Mo0.3 (As‐cast),23.26,23.26,23.26,0,23.26,0,0,0,0,0,0,0,6.96,0,0,,,0,,,0,,,0,,,Face‐centered cubic (FCC) [Classification: 1],,sigma (s phase) [Classification: 6],,,,,,,,,709.7,,305.3,,,49.3,,,,,,,,,,
Ductile CoCrFeNiMox high entropy alloys strengthened by hard intermetallic phases,Mo0 (Powder Metallurgy),23.49,25.31,25.51,0,25.31,0,0,0,0,0,0,0,0,0,0,,,0,,,0,,,0,,,Face‐centered cubic (FCC) – Classification: 1,100,,,,,,,,,,,,,,,,,,,,,,,,,
Ductile CoCrFeNiMox high entropy alloys strengthened by hard intermetallic phases,Mo0.11 (Powder Metallurgy),24.03,23.89,24.87,0,24.43,0,0,0,0,0,0,0,2.78,0,0,,,0,,,0,,,0,,,"Face‐centered cubic (FCC), classified as 1",100,,,,,,,,,,,,,,,,,,,,,,,,,
Ductile CoCrFeNiMox high entropy alloys strengthened by hard intermetallic phases,Mo0.18 (Powder Metallurgy),25.7,23.23,22.74,0,23.99,0,0,0,0,0,0,0,4.34,0,0,,,0,,,0,,,0,,,Face‐centered cubic (FCC) [Classification: 1],100,,,,,,,,,,,,,,,,,,,,,,,,,
Ductile CoCrFeNiMox high entropy alloys strengthened by hard intermetallic phases,Mo0.23 (Powder Metallurgy),25.05,23.12,22.33,0,23.96,0,0,0,0,0,0,0,5.54,0,0,,,0,,,0,,,0,,,Face‐centered cubic (FCC) [Classification: 1],100,,,,,,,,,,,,,,,,,,,,,,,,,
Ductile CoCrFeNiMox high entropy alloys strengthened by hard intermetallic phases,"Mo0.3 (Cold‐Rolled & Annealed, 1123K/1h)",23.26,23.26,23.26,0,23.26,0,0,0,0,0,0,0,6.96,0,0,,,1,20,60,0,,,1,1123,1,Face‐centered cubic (FCC) [Classification: 1],,sigma (s phase) [Classification: 6],,,m phase [Classification: 9],,,,,,1186.5,,815.5,,,18.9,,,,,,,,,,
Ductile CoCrFeNiMox high entropy alloys strengthened by hard intermetallic phases,"Mo0.3 (Cold‐Rolled & Annealed, 1173K/5h)",23.26,23.26,23.26,0,23.26,0,0,0,0,0,0,0,6.96,0,0,,,1,20,60,0,,,1,1173,5,Face‐centered cubic (FCC) [Classification: 1],,sigma (s phase) [Classification: 6],,,m phase [Classification: 9],,,,,,1042,,646.7,,,32.5,,,,,,,,,,
Ductile CoCrFeNiMox high entropy alloys strengthened by hard intermetallic phases,"Mo0.3 (Cold‐Rolled & Annealed, 1173K/5h+973K/5h)",23.26,23.26,23.26,0,23.26,0,0,0,0,0,0,0,6.96,0,0,,,1,20,60,0,,,1,1173 K for 5 h + 973 K for 5 h,5 h + 5 h,Face‐centered cubic (FCC) [Classification: 1],,,,,,,,,,,1066.6,,683.7,,,30.4,,,,,,,,,,
Fully Recrystallized Al0.5CoCrFeNi High-Entropy alloy Strengthened by nanoscale precipitates,Al0.5CoCrFeNi alloy (Recrystallized),22.2,22.2,22.2,0,22.2,11.1,0,0,0,0,0,0,0,0,0,,,1 (Yes),20,70% thickness reduction,1 (Yes),1200,60 min (1 h),0,,,Face‐centered cubic (FCC) [Classification: 1],100,,,,,,,,,,783,,365,,,33.7,,,,,,,,,,
Fully Recrystallized Al0.5CoCrFeNi High-Entropy alloy Strengthened by nanoscale precipitates,Al0.5CoCrFeNi alloy (650-4),22.2,22.2,22.2,0,22.2,11.1,0,0,0,0,0,0,0,0,0,,,1 (Yes),20,70% thickness reduction,1 (Yes),1200,60 min (1 h),1,650,4 h,Face‐centered cubic (FCC) [Classification: 1],,Ordered L12 phase [Classification: L12 = 1],,,Lath‐like BCC phase [Classification: BCC = 7],,,,,,1061,,725,,,49.9,,,,,,,,,,
Fully Recrystallized Al0.5CoCrFeNi High-Entropy alloy Strengthened by nanoscale precipitates,Al0.5CoCrFeNi alloy (650-140),22.2,22.2,22.2,0,22.2,11.1,0,0,0,0,0,0,0,0,0,,,1 (Yes),20,70% thickness reduction,1 (Yes),1200,60 min (1 h),1,650,140 h,Face‐centered cubic (FCC) [Classification: 1],,Ordered L12 phase [Classification: L12 = 1],,,Lath‐like BCC phase [Classification: BCC = 7],,,,,,1283,,980,,,25.6,,,,,,,,,,
Heterogeneous precipitation behavior and stacking-fault-mediated deformation in a CoCrNi-based medium-entropy alloy,Al3Ti3 MEA (Solid Solution),0,31.3,31.3,0,31.3,3,3,0,0,0,0,0,0,0,Solution treatment,1200,2,0,,,0,,,0,,,"Face-centered cubic (fcc) phase (matrix), Classified as: 1",100% (single-phase),,,,,,,,,,,,334,,,,,,,,,,,,,
Heterogeneous precipitation behavior and stacking-fault-mediated deformation in a CoCrNi-based medium-entropy alloy,Al3Ti3 MEA (Precipitation Hardened),0,31.3,31.3,0,31.3,3,3,0,0,0,0,0,0,0,Solution treatment,1200,2,Cold rolling,20,66,Annealing,1160,3,1,800,2,"γ phase (matrix), Face‑centered cubic (fcc), Classified as: 1",,"g₀ precipitates (ordered phase) with L1₂ structure, Classified as: 1","CP region: ~10 nm; DP region: heterogeneous, including lamellar-like structures and short-rods >10 nm",CP region: ~11 ± 6%; DP colonies: ~60% of the microstructure,,,,,,,1300,,750,,,45,,,,,,,,,,
Heterogeneous precipitation behavior and stacking-fault-mediated deformation in a CoCrNi-based medium-entropy alloy,CoCrNi MEA,0,33.3,33.3,0,33.3,0,0,0,0,0,0,0,0,0,0,,,0,,,0,,,0,,,Face-centered cubic (fcc) (Code: 1),100,,,,,,,,,,900,,430,,,,,,,,,,,,,
Microstructural evolution and mechanical properties of Al0.3CoCrFeNiSix high-entropy allows containing coherent nanometer-scalescaled precipitates,Si0,23.3,23.3,23.3,0,23.3,7,0,0,0,0,0,0,0,0,0,,,0,,,0,,,0,,,FCC,100,,,,,,,,,,419,,180,187,143,63,>60,,,,,,,,,
Microstructural evolution and mechanical properties of Al0.3CoCrFeNiSix high-entropy allows containing coherent nanometer-scalescaled precipitates,Si0.2,22.2,22.2,22.2,0,22.2,6.7,0,0,4.4,0,0,0,0,0,0,,,0,,,0,,,0,,,FCC,,BCC/B2,56±11,46%,,,,,,,671,,293,299,,56,>60,,,,,,,,,
Microstructural evolution and mechanical properties of Al0.3CoCrFeNiSix high-entropy allows containing coherent nanometer-scalescaled precipitates,Si0.5,20.8,20.8,20.8,0,20.8,6.3,0,0,10.4,0,0,0,0,0,0,,,0,,,0,,,0,,,BCC/B2,,FCC,63±15,52%,,,,,,,,1369,,1039,,,24.3,,,,,,,,,
Microstructural evolution and mechanical properties of Al0.3CoCrFeNiSix high-entropy allows containing coherent nanometer-scalescaled precipitates,Si0.8,19.6,19.6,19.6,0,19.6,5.9,0,0,15.7,0,0,0,0,0,0,,,0,,,0,,,0,,,B2 (ordered BCC),,BCC (Cr-rich spherical nanoparticles),65 ± 10 nm,50%,FCC (side plates),Plate-like (several hundred nm),,,,,,1820,,1555,,,12.6,,,,,,,,,
Microstructural evolution and mechanical properties of Al0.3CoCrFeNiSix high-entropy allows containing coherent nanometer-scalescaled precipitates,Si1.0,18.9,18.9,18.9,0,18.9,5.7,0,0,18.9,0,0,0,0,0,0,,,0,,,0,,,0,,,B2 (ordered),,BCC (Cr-rich spherical particles),60,,FCC (side plates),,,,,,,1360,,,826,,6.7,,,,,,,,,
"Morphology, structure and composition of precipitates in Al0.3CoCrCu0.5FeNi high-entropy alloy",Al0.3CoCrCu0.5FeNi alloy,20.8,20.8,20.8,0,20.8,6.3,0,10.4,0,0,0,0,0,0,1,1100 °C,24 hr,0,,,0,,,0,,,fcc (lattice parameter 3.588 Å; classified as Face‐centered cubic → 1),,"L1₂ (plate-like; biphasic with a Cu-rich fcc portion and a (Ni, Cu)₃Al portion; classified as 1)",34.3,,L1₂ (spherical; classified as 1),nano-sized,,,,,,,,,,,,,,,,,,,,
Nano-precipitates strengthened non-equiatomic medium-entropy alloy with outstanding tensile properties,Base Alloy MEA,0,50,25,0,25,0,0,0,0,0,0,0,0,0,Yes,1523 K ≈ 1250 °C,4 hr,Yes,20 °C (Cold rolling assumed room temperature),80,Yes,1473 K ≈ 1200 °C,10 min,0,,,Face-centered cubic (FCC),100,,,,,,,,,,620,,180,,,68,,,,,,,,,,
Nano-precipitates strengthened non-equiatomic medium-entropy alloy with outstanding tensile properties,Novel Non‐Equiatomic (Al4Ti4) MEA,0,46,23,0,23,4,4,0,0,0,0,0,0,0,Yes,1523 K ≈ 1250 °C,4 hr,Yes,20 °C (Cold rolling assumed room temperature),80,Yes,1473 K ≈ 1200 °C,10 min,1,973 K ≈ 700 °C,20 hr,FCC (classification code: 1),69,γ0 (L12),20-30 nm,31,,,,,,,1320,,920,,,36,,,,,,,,,,
On the effect of Fe in L12 stregnthened Al-Co-Cr-Fe-Ni-Ti complex concentrated alloy,Fe11.5 Alloy-50h,11.53,39.88,21.68,0,11.9,7.69,7.32,0,0,0,0,0,0,0,Button flipped and re-melted five times to achieve compositional homogeneity,,,0,,,Solutionizing treatment in a vacuum-sealed quartz tube followed by water quenching,1180,20 hours,1,900,50 hours,Face‐Centered Cubic (FCC) (Classification value: 1),40.5,γ′ phase with ordered L12 structure (Classification value: 1),95.7,59.5 ± 6.3,,,,,,,,,135,,429,,,950,,,,,,,,
On the effect of Fe in L12 stregnthened Al-Co-Cr-Fe-Ni-Ti complex concentrated alloy,Fe5 Alloy-50h,5.08,46.95,20.78,0,12.09,7.71,7.39,0,0,0,0,0,0,0,Button flipped and re-melted five times to achieve compositional homogeneity,,,0,,,Solutionizing treatment in a vacuum-sealed quartz tube followed by water quenching,1230,20 hours,1,900,50 hours,Face‐Centered Cubic (FCC) (Classification: 1),≈39.8% (derived from 100% – 60.2%),γ′ phase with L12 (ordered) crystal structure (Classification: L12 → 1),Average radius ~90.3 ± 3.8 nm,60.2 ± 4.1,,,,,,,,,,,453,,,950°C and 1150°C,,,,,,,,
On the effect of Fe in L12 stregnthened Al-Co-Cr-Fe-Ni-Ti complex concentrated alloy,Fe0 Alloy-50h,0,52.09,20.86,0,11.94,7.79,7.32,0,0,0,0,0,0,0,Button flipped and re-melted five times to achieve compositional homogeneity,,,0,,,Solutionizing treatment in a vacuum-sealed quartz tube followed by water quenching,1230,20 hours,1,900,50 hours,FCC (code 1) – Ni‐rich solid solution with a face‐centered cubic structure,35.4,"L12 (ordered intermetallic phase, cuboidal morphology, code 1)",82.3 ± 8.3 nm,64.6 ± 6.2,,,,,,,,,336,,473,,,950,336,,,,,,,
On the effect of Fe in L12 stregnthened Al-Co-Cr-Fe-Ni-Ti complex concentrated alloy,Fe11.5 Alloy-550h,11.5,40.7,20.6,0,12.2,7.8,7.2,0,0,0,0,0,0,0,1,1180,20,0,,,0,,,1,900,550,1,55.5,1,206.1,44.5,,,,,,,,,,,,,,,,,,,,,,
On the effect of Fe in L12 stregnthened Al-Co-Cr-Fe-Ni-Ti complex concentrated alloy,Fe5 Alloy-550h,5,47.2,20.6,0,12.2,7.8,7.2,0,0,0,0,0,0,0,1,1180,20,0,,,0,,,1,900,550,1,43.4,1,189.1,56.6,,,,,,,,,,,,,,,,,,,,,,
On the effect of Fe in L12 stregnthened Al-Co-Cr-Fe-Ni-Ti complex concentrated alloy,Fe0 Alloy-550h,0,52.2,20.6,0,12.2,7.8,7.2,0,0,0,0,0,0,0,1,1180,20,0,,,0,,,1,900,550,1,47.5,1,176.5,52.5,,,,,,,,,,,,,,,,,,,,,,
Outstanding tensile properties of a precipitation-strengthened FeCoNiCrTi0.2 high-entropy alloy at room and cryogenic temperatures,FeCoNiCrTi0.2 high-entropy alloy,23.8,23.8,23.8,0,23.8,0,4.8,0,0,0,0,0,0,0,Yes,1373k,5 hr,Cold Rolling,20,80%,Yes,1373k,60 min,1,1073k,1 hr,Face–centered cubic (fcc) → (classification “1”),85,10,"Approximately 15 nm (lamellar thickness), with in-plane dimensions up to ~80 nm and lengths of several micrometers",<1%,1,4.1 nm (average particle radius),14.9,,,,1240,,700,,,36,,77k,1580,46,,,,,,
Phase Separation of metastable CoCrFeNi high entropy alloy at intermediate temperatures,CoCrFeNi HEA,25,25,25,0,25,0,0,0,0,0,0,0,0,0,0,,,0,,,0,,,1,750,800,fcc single-phase,Nearly 100% (XRD and SEM show a single fcc phase),,,,,,,,,,,,,,,,,,,,,,,,,
Phase Separation of metastable CoCrFeNi high entropy alloy at intermediate temperatures,CoCrFeNiAl0.1 HEA,24.4,24.4,24.4,0,24.4,2.4,0,0,0,0,0,0,0,0,0,,,0,,,0,,,1,750,800,fcc solid–solution,,second fcc phase-Code 8,,,σ phase (Cr-rich)-code 6,,,,,,,,,,,,,,,,,,,,,
Precipitation and Hardness of Carbonitrides in a CrMnFeCoNi High Entropy Alloy,HEA-0,20,20,20,20,20,,,,,,,,,,1 (Yes),1100,6 hr,0,,,0,,,0,,,1 [Face‐centered cubic (FCC)],100,,,,,,,,,,,,500,,4.5 ± 0.2,,,,,,,,,,,
Precipitation and Hardness of Carbonitrides in a CrMnFeCoNi High Entropy Alloy,HEA-CN,19.4,19.4,19.4,19.4,19.4,,,,,,,,,,1 (Yes),1000,96 hr,0,,,0,,,0,,,Face-centered cubic (FCC) → Code 1,91,Hexagonal structure (the SAED data indexed the phase as hexagonal β-Cr2N) → Code 10 (HCP),40000,8,"Hexagonal structure (same Cr-rich carbonitride, here appearing at grain boundaries) → Code 10 (HCP)",3000,1,,,,,,,,4.6 ± 0.3 GPa,,,,,,,,,,,
Tailoring microstructures and tensile properties of a precipitation-strengthened (FeCoNi)94Ti6 medium-entropy alloy,FeCoNi MEA (equimolar) - FeCoNieH,33.3,33.3,33.3,0,0,0,0,0,0,0,0,0,0,0,Yes (1),1100 °C,~2 h,0,,,0,,,0,,,Face-Centered Cubic (fcc),100,,,,,,,,,,320,,103,,,49,,,,,,,,,,
Tailoring microstructures and tensile properties of a precipitation-strengthened (FeCoNi)94Ti6 medium-entropy alloy,FeCoNi MEA (equimolar) - FeCoNieHeF,33.3,33.3,33.3,0,0,0,0,0,0,0,0,0,0,0,Yes (1),1100 °C,~2 h,0,,,0,,,0,,,Face-Centered Cubic (fcc),100,,,,,,,,,,551,,454,,,26,,,,,,,,,,
Tailoring microstructures and tensile properties of a precipitation-strengthened (FeCoNi)94Ti6 medium-entropy alloy,FeCoNi MEA (equimolar) - FeCoNieHeF-1000A,33.3,33.3,33.3,0,0,0,0,0,0,0,0,0,0,0,Yes (1),1100 °C,~2 h,0,,,Yes (1),1000 °C,60 min,0,,,Face-Centered Cubic (fcc),100,,,,,,,,,,461,,155,,,40,,,,,,,,,,
Tailoring microstructures and tensile properties of a precipitation-strengthened (FeCoNi)94Ti6 medium-entropy alloy,(FeCoNi)94Ti6 MEA - Ti6eH,31.3,31.3,31.3,0,0,0,6,0,0,0,0,0,0,0,Yes (1),1100 °C,~2 h,0,,,0,,,0,,,Face-Centered Cubic (fcc),100,,,,,,,,,,592,,290,,,54,,,,,,,,,,
Tailoring microstructures and tensile properties of a precipitation-strengthened (FeCoNi)94Ti6 medium-entropy alloy,(FeCoNi)94Ti6 MEA - Ti6eH-400A,31.3,31.3,31.3,0,0,0,6,0,0,0,0,0,0,0,Yes (1),1100 °C,~2 h,0,,,0,,,1,400 °C,1 h,Face-Centered Cubic (fcc),100,,,,,,,,,,751,,435,,,49,,,,,,,,,,
Tailoring microstructures and tensile properties of a precipitation-strengthened (FeCoNi)94Ti6 medium-entropy alloy,(FeCoNi)94Ti6 MEA - Ti6eH-500A,31.3,31.3,31.3,0,0,0,6,0,0,0,0,0,0,0,Yes (1),1100 °C,~2 h,0,,,0,,,1,500 °C,1 h,Face-Centered Cubic (fcc),100,,,,,,,,,,769,,436,,,46,,,,,,,,,,
Tailoring microstructures and tensile properties of a precipitation-strengthened (FeCoNi)94Ti6 medium-entropy alloy,(FeCoNi)94Ti6 MEA - Ti6eH-1000A,31.3,31.3,31.3,0,0,0,6,0,0,0,0,0,0,0,Yes (1),1100 °C,~2 h,0,,,0,,,1,1000 °C,1 h,Face-Centered Cubic (fcc),100,,,,,,,,,,1054,,756,,,21,,,,,,,,,,
Tailoring microstructures and tensile properties of a precipitation-strengthened (FeCoNi)94Ti6 medium-entropy alloy,(FeCoNi)94Ti6 MEA - Ti6eHeF,31.3,31.3,31.3,0,0,0,6,0,0,0,0,0,0,0,Yes (1),1100 °C,~2 h,0,,,0,,,0,,,Face-Centered Cubic (fcc),100,,,,,,,,,,968,,697,,,26,,,,,,,,,,
Tailoring microstructures and tensile properties of a precipitation-strengthened (FeCoNi)94Ti6 medium-entropy alloy,(FeCoNi)94Ti6 MEA - Ti6eHeF-200A,31.3,31.3,31.3,0,0,0,6,0,0,0,0,0,0,0,Yes (1),1100 °C,~2 h,0,,,0,,,1,200 °C,1 h,Face-Centered Cubic (fcc),100,,,,,,,,,,1027,,751,,,28,,,,,,,,,,
Tailoring microstructures and tensile properties of a precipitation-strengthened (FeCoNi)94Ti6 medium-entropy alloy,(FeCoNi)94Ti6 MEA - Ti6eHeF-300A,31.3,31.3,31.3,0,0,0,6,0,0,0,0,0,0,0,Yes (1),1100 °C,~2 h,0,,,0,,,1,300 °C,1 h,Face-Centered Cubic (fcc),100,,,,,,,,,,1049,,753,,,27,,,,,,,,,,
Tailoring microstructures and tensile properties of a precipitation-strengthened (FeCoNi)94Ti6 medium-entropy alloy,(FeCoNi)94Ti6 MEA - Ti6eHeF-500A,31.3,31.3,31.3,0,0,0,6,0,0,0,0,0,0,0,Yes (1),1100 °C,~2 h,0,,,0,,,1,500 °C,1 h,Face-Centered Cubic (fcc),100,,,,,,,,,,1097,,801,,,26,,,,,,,,,,
Tailoring microstructures and tensile properties of a precipitation-strengthened (FeCoNi)94Ti6 medium-entropy alloy,(FeCoNi)94Ti6 MEA - Ti6eHeF-800A,31.3,31.3,31.3,0,0,0,6,0,0,0,0,0,0,0,Yes (1),1100 °C,~2 h,0,,,0,,,1,800 °C,1 h,Face-Centered Cubic (fcc),100,,,,,,,,,,1246,,895,,,23,,,,,,,,,,
Tailoring microstructures and tensile properties of a precipitation-strengthened (FeCoNi)94Ti6 medium-entropy alloy,(FeCoNi)94Ti6 MEA - Ti6eHeF-1000A,31.3,31.3,31.3,0,0,0,6,0,0,0,0,0,0,0,Yes (1),1100 °C,~2 h,0,,,Yes (1),1000 °C,1 h,1,1000 °C,1 h,Face-Centered Cubic (fcc),59.5,L12-type Ni3Ti nanoparticles,47 nm (average),40.5,,,,,,,1263,,893,,,24,,,,,,,,,,
Tailoring microstructures and tensile properties of a precipitation-strengthened (FeCoNi)94Ti6 medium-entropy alloy,(FeCoNi)94Ti6 MEA - Ti6eHeF-1000WQ,31.3,31.3,31.3,0,0,0,6,0,0,0,0,0,0,0,Yes (1),1100 °C,~2 h,0,,,0,,,1,1000 °C (soaking),1 h,Face-Centered Cubic (fcc),100,,,,,,,,,,663,,290,,,54,,,,,,,,,,
Temperature-affected microstructural stability of coherent cuboidal B2 particles in precipitationstrengthened body-centered-cubic Al0.7CoCr2FeNi high-entropy alloy,Al0.7CoCr2FeNi_as-cast,17.2,17.1,17.7,0,35,13,0,0,0,0,0,0,0,0,0,,,0,,,0,,,0,,,B2,55 ± 2%,BCC,100 ± 18 nm,45 ± 2%,,,,,,,,,,1727,626 ± 10 HV,,,,,,,,,,,
Temperature-affected microstructural stability of coherent cuboidal B2 particles in precipitationstrengthened body-centered-cubic Al0.7CoCr2FeNi high-entropy alloy,Al0.7CoCr2FeNi_673K,17.2,17.1,17.7,0,35,13,0,0,0,0,0,0,0,0,0,,,0,,,0,,,1,673 K,2,B2,61 ± 4%,BCC,107 ± 15 nm,39 ± 4%,,,,,,,,,,1965,614 ± 3 HV,,,,,,,,,,,
Temperature-affected microstructural stability of coherent cuboidal B2 particles in precipitationstrengthened body-centered-cubic Al0.7CoCr2FeNi high-entropy alloy,Al0.7CoCr2FeNi_773K,17.2,17.1,17.7,0,35,13,0,0,0,0,0,0,0,0,0,,,0,,,0,,,1,773 K,2,B2,62 ± 3%,BCC,120 ± 14 nm,38 ± 3%,,,,,,,,,,2190,658 ± 4 HV,,,,,,,,,,,
Temperature-affected microstructural stability of coherent cuboidal B2 particles in precipitationstrengthened body-centered-cubic Al0.7CoCr2FeNi high-entropy alloy,Al0.7CoCr2FeNi_873K,17.2,17.1,17.7,0,35,13,0,0,0,0,0,0,0,0,0,,,0,,,0,,,1,873 K,2,B2,62 ± 5%,BCC,116 ± 11 nm,28 ± 5%,sigma phase-code 6,,10 ± 1%,,,,,,,2145,631 ± 9 HV,,,,,,,,,,,
Temperature-affected microstructural stability of coherent cuboidal B2 particles in precipitationstrengthened body-centered-cubic Al0.7CoCr2FeNi high-entropy alloy,Al0.7CoCr2FeNi_973K,17.2,17.1,17.7,0,35,13,0,0,0,0,0,0,0,0,0,,,0,,,0,,,1,973 K,2,Sigma,61 ± 3%,B2,223 ± 59 nm,39 ± 3%,,,,,,,,,,,840 ± 8 HV,,,,,,,,,,,
Temperature-affected microstructural stability of coherent cuboidal B2 particles in precipitationstrengthened body-centered-cubic Al0.7CoCr2FeNi high-entropy alloy,Al0.7CoCr2FeNi_1073K,17.2,17.1,17.7,0,35,13,0,0,0,0,0,0,0,0,0,,,0,,,0,,,1,1073 K,2,Sigma,52 ± 2%,B2,292 ± 62 nm,48 ± 2%,,,,,,,,,,,859 ± 7 HV,,,,,,,,,,,
Temperature-affected microstructural stability of coherent cuboidal B2 particles in precipitationstrengthened body-centered-cubic Al0.7CoCr2FeNi high-entropy alloy,Al0.7CoCr2FeNi_1173K,17.2,17.1,17.7,0,35,13,0,0,0,0,0,0,0,0,0,,,0,,,0,,,1,1173 K,2,"Mixed (sigma and FCC), FCC phase appears as a minor component in the matrix",48 ± 7%,B2,439 ± 24 nm,48 ± 7%,,,,,,,,,,,776 ± 10 HV,,,,,,,,,,,
Temperature-affected microstructural stability of coherent cuboidal B2 particles in precipitationstrengthened body-centered-cubic Al0.7CoCr2FeNi high-entropy alloy,Al0.7CoCr2FeNi_1273K,17.2,17.1,17.7,0,35,13,0,0,0,0,0,0,0,0,0,,,0,,,0,,,1,1273 K,2,FCC,52 ± 5%,"B2, sigma",409 ± 25 nm,48 ± 5%,,,,,,,,,,1306,572 ± 15 HV,,,,,,,,,,,
The formation of cellular precipitate and its effect on the tensile properties of a precipitation strengthened high entropy alloy,JC2-nTMP,18.18,27.27,27.27,0,18.18,3.31,5.78,0,0,0,0,0,0,0,Yes (1),1150,6 h,0,,,0,,,1,750,50 h,Face‐centered cubic (FCC) [Code 1],66,L12 (γ′) [Code 1],25,34,,,,,,,940,,755,,,15.8,,650,792,2,,,,,,
The formation of cellular precipitate and its effect on the tensile properties of a precipitation strengthened high entropy alloy,JC2-TMP,18.18,27.27,27.27,0,18.18,3.31,5.78,0,0,0,0,0,0,0,Yes (1),1150,6 h (after vacuum arc melting; water quenched),Yes (1) (hot forging),1100,60% (thickness reduced from 20 mm to 8 mm),Yes (1),1050,30 min (followed by water quenching),1,750,50 h,Face‐centered cubic (FCC) [Classification: 1],66,L12 γ′ precipitate [Classification: 1],25,34,,,,,,,1306,,952,,,20.5,,"350°C
650°C
750°C
850°C
1000°C","Yield Strength
891
786
734
526
126
Ultimate Tensile Strength
1123
1029
815
557
128","18.0
13.1
3.0
6.0
18.5",,,,,,
The formation of cellular precipitate and its effect on the tensile properties of a precipitation strengthened high entropy alloy,JC2-FC,18.18,27.27,27.27,0,18.18,3.31,5.78,0,0,0,0,0,0,0,Yes (1),1150,6 h (water quench),Yes (1) (hot forging),1100,60% (air-cooled),Yes (1),1050,30 min (furnace cooling instead of water quenching),1,750,50 h,Face‐Centered Cubic (FCC) (Code 1),66,L12 (γ′ phase) (Code 1),Larger than 25 nm,Large amount reported; expected near 34% (not explicitly given),,,,,,,,,,,,,,,,,,,,,,
The formation of cellular precipitate and its effect on the tensile properties of a precipitation strengthened high entropy alloy,JC2-nCo,18.18,54.54,,0,18.18,3.31,5.78,0,0,0,0,0,0,0,Yes (1),1150,6 h,Yes (1) (hot forging),1100,60% (air cooled),Yes (1),1100,30 min (followed by water quenching),1,750,30 min,Face‐Centered Cubic (FCC),,L12 (γ′) precipitate,11,,,,,,,,,,,,,,,,,,,,,,,
The tribological properties of Al0.6CoCrFeNi high-entropy alloy with the s phase precipitation at elevated temperature,Al0.6CoCrFeNi_AsCast,21.7,21.7,21.7,0,21.7,13,0,0,0,0,0,0,0,0,0,,,1,20,10,0,,,0,,,"FCC solid solution (classified as 1, i.e. face‐centered cubic)",,Mixed BCC/B2 phase (the as‐cast alloy shows 'BCC (spinodal A2 + B2)'),,,,,,,,,,,,,270,,,,,,,,,,,
The tribological properties of Al0.6CoCrFeNi high-entropy alloy with the s phase precipitation at elevated temperature,Al0.6CoCrFeNi_Annealed,21.7,21.7,21.7,0,21.7,13,0,0,0,0,0,0,0,0,0,,,1,20,10,1,850,240,0,,,FCC solid solution,,B2 phase,,,s-CrFe phase (sigma phase),,,,,,,,,,480,,,,,,,,,,,
Thermal stability and coarsening of coherent particles in a precipitation-hardened (NiCoFeCr)94Ti2Al4 high-entropy alloy,High Entropy Alloy (NiCoFeCr)94Ti2Al4 - Recrystallized,23.5,23.5,23.5,0,23.5,4,2,0,0,0,0,0,0,0,Yes,1200,4,"Yes, Cold Rolled (70% reduction, room temperature)",20,70,Yes,1000,4 h (240 minutes),0,,,Face‐centered cubic (fcc),≈100%,,,,,,,,,,,,,,,,,,,,,,,,,
Thermal stability and coarsening of coherent particles in a precipitation-hardened (NiCoFeCr)94Ti2Al4 high-entropy alloy,High Entropy Alloy (NiCoFeCr)94Ti2Al4 - Aged at 750°C,23.5,23.5,23.5,0,23.5,4,2,0,0,0,0,0,0,0,Yes,1200,4,"Yes, Cold Rolled (70% reduction, room temperature)",20,70,Yes,1000,4 h (240 minutes),1,750°C,48,Face‐centered cubic (fcc),74.50%,"L12-ordered Ni3(Al,Ti)",~25 nm (observed at ~72 h),25.50%,,,,,,,,,">1000 MPa(this value is from a previous work, not in the current paper. )",,5.96 GPa (peak nanoindentation hardness),"~17%(this value is from a previous work, not in the current paper. )",,750°C,,,,,,,,
Thermal stability and coarsening of coherent particles in a precipitation-hardened (NiCoFeCr)94Ti2Al4 high-entropy alloy,High Entropy Alloy (NiCoFeCr)94Ti2Al4 - Aged at 775°C,23.5,23.5,23.5,0,23.5,4,2,0,0,0,0,0,0,0,Yes,1200,4,"Yes, Cold Rolled (70% reduction, room temperature)",20,70,Yes,1000,4 h (240 minutes),1,775°C,24,Face‐centered cubic (fcc),82.50%,"L12-ordered Ni3(Al,Ti)",,17.50%,,,,,,,,,,,5.50 GPa (peak nanoindentation hardness),"~17%(this value is from a previous work, not in the current paper. The current paper does not report tensile ductility.)",,775°C,,,,,,,,
Thermal stability and coarsening of coherent particles in a precipitation-hardened (NiCoFeCr)94Ti2Al4 high-entropy alloy,High Entropy Alloy (NiCoFeCr)94Ti2Al4 - Aged at 800°C,23.5,23.5,23.5,0,23.5,4,2,0,0,0,0,0,0,0,Yes,1200,4,"Yes, Cold Rolled (70% reduction, room temperature)",20,70,Yes,1000,4 h (240 minutes),1,800°C,17,Face‐centered cubic (fcc),87.30%,"L12-ordered Ni3(Al,Ti)",Representative size not explicitly stated; coarsening observed,12.70%,,,,,,,,,,,5.30 GPa (peak nanoindentation hardness),~17%,,800°C,,,,,,,,
Thermal stability and coarsening of coherent particles in a precipitation-hardened (NiCoFeCr)94Ti2Al4 high-entropy alloy,High Entropy Alloy (NiCoFeCr)94Ti2Al4 - Aged at 825°C,23.5,23.5,23.5,0,23.5,4,2,0,0,0,0,0,0,0,Yes,1200,4,"Yes, Cold Rolled (70% reduction, room temperature)",20,70,Yes,1000,4 h (240 minutes),1,825°C,1022,Face‐centered cubic (fcc),89.90%,"L12-ordered Ni3(Al,Ti)",,10.10%,,,,,,,,,,,,,,825°C,,,,,,,,
Composition evolution of gamma prime nanoparticles in the Ti-doped CoFeCrNi high entropy alloy,CoFeCrNiTi0.2 (Bulk Alloy) - Aging for 5 minutes,23.8,23.8,23.8,0,23.8,0,4.8,0,0,0,0,0,0,0,Yes,1373,5 hours,Cold rolling,20,80,Yes,1373,1 hour,1,1073,5 minutes,Face‐Centered Cubic (FCC) (Classification: 1),"~90% [Note: With ~10% volume fraction of γ′ precipitates (see Table 03), the remaining matrix is ~90%]",L12 structure (γ′ phase) (Classification: 1),Approximately 4 ± 1 nm,10,,,,,,,,,,,290 ± 21,,,,,,,,,,,
Composition evolution of gamma prime nanoparticles in the Ti-doped CoFeCrNi high entropy alloy,CoFeCrNiTi0.2 (Bulk Alloy) - Aging for 1 hour,23.8,23.8,23.8,0,23.8,0,4.8,0,0,0,0,0,0,0,Yes,1373,5 hours,Cold rolling,20,80,Yes,1373,1 hour,1,1073,1 hour,"1 (Face‐centered cubic, i.e. the γ phase)",87,1 (L12 structure representing the γ′ phase),11 ± 2 nm,13,,,,,,,,,,,459 ± 27,,,,,,,,,,,
Composition evolution of gamma prime nanoparticles in the Ti-doped CoFeCrNi high entropy alloy,CoFeCrNiTi0.2 (Bulk Alloy) - Aging for 24 hours,23.8,23.8,23.8,0,23.8,0,4.8,0,0,0,0,0,0,0,Yes,1373,5 hours,Cold rolling,20,80,Yes,1373,1 hour,1,1073,24 hours,Face-centered cubic (FCC) [Classification Code = 1],88,L12 (γ′ phase) [Classification Code = 1],20 ± 5 nm,12,,,,,,,,,,,406 ± 22,,,,,,,,,,,
Effect of Cr content on precipitation behavior of (CoCrNi)94Ti3Al3 medium entropy alloys,Cr0.1 Alloy,0,44.84,44.59,0,4.46,2.92,3.19,0,0,0,0,0,0,0,Yes (samples homogenized at 1200 °C for 4 hr and water-quenched afterward),1200 °C,4 hr,Yes (Cold Rolling implemented with 70% thickness reduction),20 °C,70% thickness reduction,Yes (annealed at 1150 °C for 5 min to obtain a fully recrystallized microstructure and then water-quenched),1150 °C,5 min,1,750 °C,100 h,Face‐centered cubic (FCC) (classification: 1),95.1,L12 phase (classification: 1),,4.89,,,,,,,,,,,361 ± 3,,,,,,,,,,,
Effect of Cr content on precipitation behavior of (CoCrNi)94Ti3Al3 medium entropy alloys,Cr0.2 Alloy,0,42.83,42.74,0,8.64,2.6,3.19,0,0,0,0,0,0,0,Yes (samples homogenized at 1200 °C for 4 hr and water-quenched afterward),1200 °C,4 hr,Yes (Cold Rolling implemented with 70% thickness reduction),20 °C,70% thickness reduction,Yes (annealed at 1150 °C for 5 min to obtain a fully recrystallized microstructure and then water-quenched),1150 °C,5 min,1,750 °C,75 h,FCC (face‐centered cubic),90,L12 phase,,9.97,,,,,,,,,,,383 ± 5,,,,,,,,,,,
Effect of Cr content on precipitation behavior of (CoCrNi)94Ti3Al3 medium entropy alloys,Cr0.4 Alloy,0,39.67,38.84,0,15.81,2.53,3.15,0,0,0,0,0,0,0,Yes (samples homogenized at 1200 °C for 4 hr and water-quenched afterward),1200 °C,4 hr,Yes (Cold Rolling implemented with 70% thickness reduction),20 °C,70% thickness reduction,Yes (annealed at 1150 °C for 5 min to obtain a fully recrystallized microstructure and then water-quenched),1150 °C,5 min,1,750 °C,100 h,Face‐Centered Cubic (FCC) (coded as 1),83.5,L12 phase (L12 ordered intermetallic phase; coded as 1),24,16.53,,,,,,,,,,,,,,,,,,,,,,
Effect of nano-sized precipitates on the fatigue property of lamellar structured high entropy alloy,Al0.7CoCrFeNi (AH),21,21,21,0,21,15,0,0,0,0,0,0,0,0,1,1100,10,1,"1150 °C (hot rolling), 20 °C (cold rolling)",30% reduction (hot rolling) and 30% reduction (cold rolling),0,,,0,,,Face–centered cubic (FCC) (classification value = 1),65,B2 (ordered BCC) (precipitate classification: B2 = 3),1200 ± 800 nm,35,,,,,,,1040,,780,,329 ± 19,17,,,,,,,,,,
Effect of nano-sized precipitates on the fatigue property of lamellar structured high entropy alloy,Al0.7CoCrFeNi (AH + LTA),21,21,21,0,21,15,0,0,0,0,0,0,0,0,1,1100,10,1,"1150 °C (hot rolling), 20 °C (cold rolling)",30% reduction (hot rolling) and 30% reduction (cold rolling),0,,,1,580,24,Face-centered cubic (FCC) (classification value = 1),60,B2 (ordered BCC) (precipitate classification: B2 = 3),1100 ± 200 nm,40,L12,,,,,,1400,,1050,,453 ± 24,12,,,,,,,,,,
Effects of Al and Ti additions on precipitation behavior and mechanical properties of Co35Cr25Fe40-xNix TRIP high entropy alloys,Ni5,35,5,35,0,25,0,0,0,0,0,0,0,0,0,Performed,1200,4 hours,Cold rolling,20,67,Annealing,1150,5 minutes,0,,,Face‐Centered Cubic (FCC) (Code: 1),,Hexagonal Close‐Packed (HCP) (Code: 10),,,,,,,,,961,,382,,207 HV,15,,,,,,,,,,
Effects of Al and Ti additions on precipitation behavior and mechanical properties of Co35Cr25Fe40-xNix TRIP high entropy alloys,Ni14,26,14,35,0,25,0,0,0,0,0,0,0,0,0,Performed,1200,4 hours,Cold rolling,20,67,Annealing,1150,5 minutes,0,,,Face‐Centered Cubic (FCC) (Code: 1),100,,,,,,,,,,871 ± 5 MPa,,296 ± 3 MPa,,,55.0 ± 1%,,,,,,,,,,
Effects of Al and Ti additions on precipitation behavior and mechanical properties of Co35Cr25Fe40-xNix TRIP high entropy alloys,Ni5-TA_800C_2h,32.9,4.7,32.9,0,23.5,3,3,0,0,0,0,0,0,0,Performed,1200,4 hours,Cold rolling,20,67,Annealing,1150,5 minutes,1,800,2,Face‐Centered Cubic (FCC) (Code: 1),Nearly 100%,L21 Heusler phase,Approximately 0.2 μm,,,,,,,,791 ± 6 MPa,,285 ± 5 MPa,,245 HV,68.5 ± 1%,,,,,,,,,,
Effects of Al and Ti additions on precipitation behavior and mechanical properties of Co35Cr25Fe40-xNix TRIP high entropy alloys,Ni5-TA_800C_16h,32.9,4.7,32.9,0,23.5,3,3,0,0,0,0,0,0,0,Performed,1200,4 hours,Cold rolling,20,67,Annealing,1150,5 minutes,1,800,16,Face‐Centered Cubic (FCC) (Code: 1),Nearly 100%,L21 Heusler phase,Approximately 0.4 μm,,,,,,,,816 ± 3 MPa,,294 ± 4 MPa,,252 HV,51.1 ± 2%,,,,,,,,,,
Effects of Al and Ti additions on precipitation behavior and mechanical properties of Co35Cr25Fe40-xNix TRIP high entropy alloys,Ni14-TA_800C_2h,24.4,13.2,32.9,0,23.5,3,3,0,0,0,0,0,0,0,Performed,1200,4 hours,Cold rolling,20,67,Annealing,1150,5 minutes,1,800,2,Face‐Centered Cubic (FCC) (Code: 1),Approximately 96.4%,Heusler phase,Approximately 0.15 μm,,,,,,,,925 ± 2 MPa,,425 ± 4 MPa,,266 HV,53.3 ± 2%,,,,,,,,,,
Effects of Al and Ti additions on precipitation behavior and mechanical properties of Co35Cr25Fe40-xNix TRIP high entropy alloys,Ni14-TA_800C_16h,24.4,13.2,32.9,0,23.5,3,3,0,0,0,0,0,0,0,Performed,1200,4 hours,Cold rolling,20,67,Annealing,1150,5 minutes,1,800,16,Face‐Centered Cubic (FCC) (Code: 1),Approximately 96.4%,Heusler phase,Approximately 0.30 μm,,L12 phase,Approximately 35 nm,,,,,929 ± 5 MPa,,447 ± 5 MPa,,286 HV,41.2 ± 2%,,,,,,,,,,
Exceptional nanostructure stability and its origins in the CoCrNi-based precipitation-strengthened medium-entropy alloy,(CoCrNi)94Al3Ti3 MEA (As-Recrystallized),0,31.3,31.3,0,31.3,3,3,0,0,0,0,0,0,0,Yes (1),1200,2 h,Cold rolling (∼66% reduction),20,66,Yes (1),1160,3 min,0,,,Face‐Centered Cubic (FCC) (classification code = 1),100,,,,,,,,,,,,,,,,,,,,,,,,,
Exceptional nanostructure stability and its origins in the CoCrNi-based precipitation-strengthened medium-entropy alloy,(CoCrNi)94Al3Ti3 MEA (Aged),0,31.3,31.3,0,31.3,3,3,0,0,0,0,0,0,0,Yes (1),1200,2 h,Cold rolling (∼66% reduction),20,66,Yes (1),1160,3 min,1,800,Ranged from 2 h up to 360 h,Face‐Centered Cubic (FCC) (classification code = 1),84,L12-type γ′ phase,5.9 ± 0.6 nm (4 h) to 25.7 ± 5.2 nm (360 h),16,,,,,,,,,,,,,,,,,,,,,,
Heterogeneous precipitation mediated heterogeneous nanostructure enhances strengthductility synergy in severely cryorolled and annealed CoCrFeNi2.1Nb0.2 high entropy alloy,CoCrFeNi2.1Nb0.2,18.87,39.62,18.87,0,18.87,0,0,0,0,0,3.77,0,0,0,1,1200,24,0,,,0,,,0,,,1,92,11,5000-10000,7,Nb-rich FCC,,1,,,,600,,,,,40,,,,,,,,,,
Heterogeneous precipitation mediated heterogeneous nanostructure enhances strengthductility synergy in severely cryorolled and annealed CoCrFeNi2.1Nb0.2 high entropy alloy,CoCrFeNi2.1Nb0.2 (Cold Rolled and Annealed),18.87,39.62,18.87,0,18.87,0,0,0,0,0,3.77,0,0,0,Yes,1200,24 h,Cold Rolling,20,90,Yes,800,1 h,0,,,1,82,ε-phase,125 ± 40 nm,11,11,1000 nm,6,Nb-rich FCC,,1,1085 ± 18 MPa,,774 ± 13 MPa,,,Approximately 20%,,,,,,,,,,
Heterogeneous precipitation mediated heterogeneous nanostructure enhances strengthductility synergy in severely cryorolled and annealed CoCrFeNi2.1Nb0.2 high entropy alloy,CoCrFeNi2.1Nb0.2 (Cryo Rolled and Annealed),18.87,39.62,18.87,0,18.87,0,0,0,0,0,3.77,0,0,0,Yes,1200,24 h,Cryo Rolling,20,90,Yes,800,1 h,0,,,1,75,ε-phase,97 ± 36 nm,18,11,680,6,Nb-rich FCC,,1,1272 ± 25 MPa,,1219 ± 14 MPa,,,~22%,,,,,,,,,,
High-strength and high-ductility AlCoCrFeNi2.1 eutectic high-entropy alloy achieved via precipitation strengthening in a heterogeneous structure,AlCoCrFeNi2.1_AC,16.4,34.4,16.4,0,16.4,16.4,0,0,0,0,0,0,0,0,0,,,0,,,0,,,0,,,FCC,50,B2 lamellae,,,,,,,,,1088.4,,646.4,,,17.2,,,,,,,,,,
High-strength and high-ductility AlCoCrFeNi2.1 eutectic high-entropy alloy achieved via precipitation strengthening in a heterogeneous structure,AlCoCrFeNi2.1_CR-R,16.4,34.4,16.4,0,16.4,16.4,0,0,0,0,0,0,0,0,0,,,1,20,70,1,1000,60,0,,,Face-Centered Cubic (FCC),50,,,,,,,,,,1147.7,,732.3,,,24.6,,,,,,,,,,
High-strength and high-ductility AlCoCrFeNi2.1 eutectic high-entropy alloy achieved via precipitation strengthening in a heterogeneous structure,AlCoCrFeNi2.1_CR-R-A,16.4,34.4,16.4,0,16.4,16.4,0,0,0,0,0,0,0,0,0,,,1,20,70,1,1000,60,1,600,50,Face-Centered Cubic (FCC),,3,810,32.1,1,3.4,25.4,7,6.6,17.9,1475.6,,1008.8,,,19.2,,,,,,,,,,
Influence of pre-deformation on the precipitation characteristics of aged non-equiatomic Co1.5CrFeNi1.5 high entropy alloys with Ti and Al additions,Al05_ST_50h,18.2,27.3,27.3,0,18.2,9,0,0,0,0,0,0,0,0,Yes,1150,6 hr,0,,,0,,,1,750,50h,1,,B2 (needle‐shaped) → Code 3,,,,,,,,,,,,,ST condition: initial hardness increase ~30 HV; peak–aged at 240 h,,,,,,,,,,,
Influence of pre-deformation on the precipitation characteristics of aged non-equiatomic Co1.5CrFeNi1.5 high entropy alloys with Ti and Al additions,Al05_ST_240h,18.2,27.3,27.3,0,18.2,9,0,0,0,0,0,0,0,0,Yes,1150,6 hr,0,,,0,,,1,750,240h,1,,B2 (needle‐shaped) → Code 3,1459,,,,,,,,,,,,ST condition: initial hardness increase ~30 HV; peak–aged at 240 h,,,,,,,,,,,
Influence of pre-deformation on the precipitation characteristics of aged non-equiatomic Co1.5CrFeNi1.5 high entropy alloys with Ti and Al additions,Al05_ST_550h,18.2,27.3,27.3,0,18.2,9,0,0,0,0,0,0,0,0,Yes,1150,6 hr,0,,,0,,,1,750,550h,1,,B2 (needle‐shaped) → Code 3,,,,,,,,,,,,,ST condition: initial hardness increase ~30 HV; peak–aged at 240 h,,,,,,,,,,,
Influence of pre-deformation on the precipitation characteristics of aged non-equiatomic Co1.5CrFeNi1.5 high entropy alloys with Ti and Al additions,Al05_ST-PS_50h,18.2,27.3,27.3,0,18.2,9,0,0,0,0,0,0,0,0,Yes,1150,6 hr,0,,,0,,,1,750,50h,1,,B2 (needle‐shaped) → Code 3,,,,,,,,,,,,,ST–PS condition: hardness increased by ~54% relative to ST; initial stage increase ~75 HV; peak-aged at 50 h,,,,,,,,,,,
Influence of pre-deformation on the precipitation characteristics of aged non-equiatomic Co1.5CrFeNi1.5 high entropy alloys with Ti and Al additions,Al05_ST-PS_240h,18.2,27.3,27.3,0,18.2,9,0,0,0,0,0,0,0,0,Yes,1150,6 hr,0,,,0,,,1,750,240h,1,,B2 (needle‐shaped) → Code 3,1562,,,,,,,,,,,,ST–PS condition: hardness increased by ~54% relative to ST; initial stage increase ~75 HV; peak-aged at 50 h,,,,,,,,,,,
Influence of pre-deformation on the precipitation characteristics of aged non-equiatomic Co1.5CrFeNi1.5 high entropy alloys with Ti and Al additions,Al05_ST-PS_550h,18.2,27.3,27.3,0,18.2,9,0,0,0,0,0,0,0,0,Yes,1150,6 hr,0,,,0,,,1,750,550h,1,,B2 (needle‐shaped) → Code 3,,,,,,,,,,,,,ST–PS condition: hardness increased by ~54% relative to ST; initial stage increase ~75 HV; peak-aged at 50 h,,,,,,,,,,,
Influence of pre-deformation on the precipitation characteristics of aged non-equiatomic Co1.5CrFeNi1.5 high entropy alloys with Ti and Al additions,Al02Ti03_ST_50h,18.2,27.3,27.3,0,18.2,3.5,5.5,0,0,0,0,0,0,0,Yes,1150,6 hr,0,,,0,,,1,750,50h,1,"Predominantly single–phase FCC (>90% by volume, not explicitly stated)",g′ precipitates with L12 structure [Code 1],,,γ phase – equilibrium η phase [Code 4],,0.5±0.2%,,,,,,,,ST condition: initial hardness increment of ~110 HV; peak–aged at 240 h,,,750 °C (aging treatment),,,,,,,,
Influence of pre-deformation on the precipitation characteristics of aged non-equiatomic Co1.5CrFeNi1.5 high entropy alloys with Ti and Al additions,Al02Ti03_ST_240h,18.2,27.3,27.3,0,18.2,3.5,5.5,0,0,0,0,0,0,0,Yes,1150,6 hr,0,,,0,,,1,750,240h,1,"Predominantly single–phase FCC (>90% by volume, not explicitly stated)",g′ precipitates with L12 structure [Code 1],58.6,,γ phase – equilibrium η phase [Code 4],,3±0.9%,,,,,,,,ST condition: initial hardness increment of ~110 HV; peak–aged at 240 h,,,750 °C (aging treatment),,,,,,,,
Influence of pre-deformation on the precipitation characteristics of aged non-equiatomic Co1.5CrFeNi1.5 high entropy alloys with Ti and Al additions,Al02Ti03_ST_550h,18.2,27.3,27.3,0,18.2,3.5,5.5,0,0,0,0,0,0,0,Yes,1150,6 hr,0,,,0,,,1,750,550h,1,"Predominantly single–phase FCC (>90% by volume, not explicitly stated)",g′ precipitates with L12 structure [Code 1],,,γ phase – equilibrium η phase [Code 4],,5.8±1.1%,,,,,,,,ST condition: initial hardness increment of ~110 HV; peak–aged at 240 h,,,750 °C (aging treatment),,,,,,,,
Influence of pre-deformation on the precipitation characteristics of aged non-equiatomic Co1.5CrFeNi1.5 high entropy alloys with Ti and Al additions,Al02Ti03_ST-PS_50h,18.2,27.3,27.3,0,18.2,3.5,5.5,0,0,0,0,0,0,0,Yes,1150,6 hr,0,,,0,,,1,750,50h,1,"Predominantly single–phase FCC (>90% by volume, not explicitly stated)",g′ precipitates with L12 structure [Code 1],,,γ phase – equilibrium η phase [Code 4],,1.5±0.5%,,,,,,,,ST–PS condition: hardness increased by ~34% relative to ST; initial stage increase ~140 HV; peak–aged at 50 h,,,"750 °C (aging treatment, not test temperature)",,,,,,,,
Influence of pre-deformation on the precipitation characteristics of aged non-equiatomic Co1.5CrFeNi1.5 high entropy alloys with Ti and Al additions,Al02Ti03_ST-PS_240h,18.2,27.3,27.3,0,18.2,3.5,5.5,0,0,0,0,0,0,0,Yes,1150,6 hr,0,,,0,,,1,750,240h,1,"Predominantly single–phase FCC (>90% by volume, not explicitly stated)",g′ precipitates with L12 structure [Code 1],65,,γ phase – equilibrium η phase [Code 4],,3.2±0.6%,,,,,,,,ST–PS condition: hardness increased by ~34% relative to ST; initial stage increase ~140 HV; peak–aged at 50 h,,,"750 °C (aging treatment, not test temperature)",,,,,,,,
Influence of pre-deformation on the precipitation characteristics of aged non-equiatomic Co1.5CrFeNi1.5 high entropy alloys with Ti and Al additions,Al02Ti03_ST-PS_550h,18.2,27.3,27.3,0,18.2,3.5,5.5,0,0,0,0,0,0,0,Yes,1150,6 hr,0,,,0,,,1,750,550h,1,"Predominantly single–phase FCC (>90% by volume, not explicitly stated)",g′ precipitates with L12 structure [Code 1],,,γ phase – equilibrium η phase [Code 4],,4.8±0.8%,,,,,,,,ST–PS condition: hardness increased by ~34% relative to ST; initial stage increase ~140 HV; peak–aged at 50 h,,,"750 °C (aging treatment, not test temperature)",,,,,,,,
Influence of pre-deformation on the precipitation characteristics of aged non-equiatomic Co1.5CrFeNi1.5 high entropy alloys with Ti and Al additions,Ti05_ST_50h,18.2,27.3,27.3,0,18.2,0,9,0,0,0,0,0,0,0,Yes,1150,6 hr,0,,,0,,,1,750,50h,1,,gʹ of L12,,,4 (η),,8±0.9%,,,,,,,,ST condition: micro–hardness trend indicates an initial increase of ~117 HV with peak–aged condition at 240 h,,,,,,,,,,,
Influence of pre-deformation on the precipitation characteristics of aged non-equiatomic Co1.5CrFeNi1.5 high entropy alloys with Ti and Al additions,Ti05_ST_240h,18.2,27.3,27.3,0,18.2,0,9,0,0,0,0,0,0,0,Yes,1150,6 hr,0,,,0,,,1,750,240h,1,,gʹ of L12,50.3,,4 (η),,14±0.9%,,,,,,,,ST condition: micro–hardness trend indicates an initial increase of ~117 HV with peak–aged condition at 240 h,,,,,,,,,,,
Influence of pre-deformation on the precipitation characteristics of aged non-equiatomic Co1.5CrFeNi1.5 high entropy alloys with Ti and Al additions,Ti05_ST_550h,18.2,27.3,27.3,0,18.2,0,9,0,0,0,0,0,0,0,Yes,1150,6 hr,0,,,0,,,1,750,550h,1,,gʹ of L12,,,4 (η),,42±0.6%,,,,,,,,ST condition: micro–hardness trend indicates an initial increase of ~117 HV with peak–aged condition at 240 h,,,,,,,,,,,
Influence of pre-deformation on the precipitation characteristics of aged non-equiatomic Co1.5CrFeNi1.5 high entropy alloys with Ti and Al additions,Ti05_ST-PS_50h,18.2,27.3,27.3,0,18.2,0,9,0,0,0,0,0,0,0,Yes,1150,6 hr,0,,,0,,,1,750,50h,1,,gʹ of L12,,,4 (η),,21±1.4%,,,,,,,,ST–PS condition: hardness increased by ~21% relative to ST; initial stage increase ~125 HV; peak–aged at 50 h,,,,,,,,,,,
Influence of pre-deformation on the precipitation characteristics of aged non-equiatomic Co1.5CrFeNi1.5 high entropy alloys with Ti and Al additions,Ti05_ST-PS_240h,18.2,27.3,27.3,0,18.2,0,9,0,0,0,0,0,0,0,Yes,1150,6 hr,0,,,0,,,1,750,240h,1,,gʹ of L12,59.9,,4 (η),,59±1.9%,,,,,,,,ST–PS condition: hardness increased by ~21% relative to ST; initial stage increase ~125 HV; peak–aged at 50 h,,,,,,,,,,,
Influence of pre-deformation on the precipitation characteristics of aged non-equiatomic Co1.5CrFeNi1.5 high entropy alloys with Ti and Al additions,Ti05_ST-PS_550h,18.2,27.3,27.3,0,18.2,0,9,0,0,0,0,0,0,0,Yes,1150,6 hr,0,,,0,,,1,750,550h,1,,gʹ of L12,,,4 (η),,92±1.8%,,,,,,,,ST–PS condition: hardness increased by ~21% relative to ST; initial stage increase ~125 HV; peak–aged at 50 h,,,,,,,,,,,
Lattice distortion and atomic ordering of the sigma precipitates in CoCrFeNiMo high-entropy alloy,as‐cast CoCrFeNiMo high‐entropy alloy,19.8,19.5,19.1,0,19.9,0,0,0,0,0,0,0,21.7,0,0,,,0,,,0,,,0,,,Face‐centered cubic (FCC) → Code 1,63.87,Intermetallic σ phase (s‐phase) → Code 6,,36.13,,,,,,,,,,,,,,,,,,,,,,
Microstructure and tensile property of a precipitation strengthened high entropy alloy processed by selective laser melting and post heat treatment,DA–SLM,18.18,27.27,27.27,0,18.18,3.64,5.45,0,0,0,0,0,0,0,0,,,0,,,0,,,1,750 °C,50 h,1,62.3,1,25,32.7,5,200,3,4,50,2,1550,,1235,,,10.69,,500,1042,13.47,,,,,,
Microstructure and tensile property of a precipitation strengthened high entropy alloy processed by selective laser melting and post heat treatment,C&W+HT,18.18,27.27,27.27,0,18.18,3.64,5.45,0,0,0,0,0,0,0,1 (yes),1150 °C,6 h,1 (yes – hot forging step reducing thickness by 50%),1100 °C,50 %,1 (yes – an annealing treatment applied to achieve a uniform grain structure),1050 °C,30 min,1,750 °C,50 h,Face‐centered cubic (FCC) → (classification = 1),66.1,L12 phase (classification = 1),25.6,33.9,,,,,,,1310,,951,,,21.25,,500,1068,16.5,,,,,,
Nanophase precipitation and strengthening in a dual-phase Al0.5CoCrFeNi high-entropy alloy,Al0.5CoCrFeNi - As-Cast,22.2,22.2,22.2,0,22.2,11.1,0,0,0,0,0,0,0,0,0,,,0,,,0,,,0,,,fcc (code 1),nearly 100% in dendritic regions; additional chemically distinct regions exist at boundaries,,,,,,,,,,619.2,,475.3,,,47.3,,,,,,,,,,
Nanophase precipitation and strengthening in a dual-phase Al0.5CoCrFeNi high-entropy alloy,Al0.5CoCrFeNi - CRSA-4,22.2,22.2,22.2,0,22.2,11.1,0,0,0,0,0,0,0,0,0,,,1,20,70,1,1200,60,1,650,4 hours,fcc (code 1),96,L12 (code 1),7,4,,,,,,,,,,,,,,,,,,,,,,
Nanophase precipitation and strengthening in a dual-phase Al0.5CoCrFeNi high-entropy alloy,Al0.5CoCrFeNi_CRSA-8,22.2,22.2,22.2,,22.2,11.1,0,0,0,0,0,0,0,0,0,,,1,20 °C,70%,1,1200 °C,60 min,1,650 °C,8 h,Face‐centered cubic (fcc),Dominant phase,B2/bcc precipitate,,,,,,,,,,,,,,,,,,,,,,,,
Nanophase precipitation and strengthening in a dual-phase Al0.5CoCrFeNi high-entropy alloy,Al0.5CoCrFeNi_CRSA-20,22.2,22.2,22.2,,22.2,11.1,0,0,0,0,0,0,0,0,0,,,1,20 °C,70%,1,1200 °C,60 min,1,650 °C,20 h,Face‐centered cubic (fcc),,,,,,,,,,,,,,,,,,,,,,,,,,
Nanophase precipitation and strengthening in a dual-phase Al0.5CoCrFeNi high-entropy alloy,Al0.5CoCrFeNi - CRSA-80,22.2,22.2,22.2,0,22.2,11.1,0,0,0,0,0,0,0,0,0,,,1,20,70,1,1200,60,1,650,80 hours,fcc (code 1),81,L12 (code 1),"Larger than ~7 nm, evolving into lamellar morphology",19,B2 (code 3),,,bcc (code 7),,,1221.5,,1000.1,,,21.3,,,,,,,,,,
Nanophase precipitation and strengthening in a dual-phase Al0.5CoCrFeNi high-entropy alloy,Al0.5CoCrFeNi - CRSA-140,22.2,22.2,22.2,0,22.2,11.1,0,0,0,0,0,0,0,0,0,,,1,20,70,1,1200,60,1,650,140 hours,fcc (code 1),80,L12 (code 1),Approximately 57 nm in length and 13 nm in width (lamellar morphology),20,B2 (code 3),,,bcc (code 7),,,,,,,,,,,,,,,,,,
Nanophase precipitation and strengthening in a dual-phase Al0.5CoCrFeNi high-entropy alloy,Al0.5CoCrFeNi - CRSA-200,22.2,22.2,22.2,0,22.2,11.1,0,0,0,0,0,0,0,0,0,,,1,20,70,1,1200,60,1,650,200 hours,fcc (code 1),,L12 (code 1),,,B2 (code 3),,,bcc (code 7),,,,,,,,,,,,,,,,,,
Optimizing the coupled effects of Hall-Petch and precipitation strengthening in a Al0.3CoCrFeNi high entropy alloy,Al0.3CoCrFeNi high‐entropy alloy - CRSA (1150 °C/60 min),23,23,23,0,23,7,0,0,0,0,0,0,0,0,As cast and homogenized,,,1,20,90,Solution treatment at 1150 °C for 60 min,1150,60,0,,,Face-centered cubic (FCC) → code 1,100,,,,,,,,,,410,,159,,,65,,,,,,,,,,
Optimizing the coupled effects of Hall-Petch and precipitation strengthening in a Al0.3CoCrFeNi high entropy alloy,Al0.3CoCrFeNi high‐entropy alloy - CRSA (1150 °C/5 min),23,23,23,0,23,7,0,0,0,0,0,0,0,0,As cast and homogenized,,,1,20,90,Solution treatment at 1150 °C for 5 min,1150,5,0,,,Face-centered cubic (FCC) → code 1,100,,,,,,,,,,550,,220,,,60,,,,,,,,,,
Optimizing the coupled effects of Hall-Petch and precipitation strengthening in a Al0.3CoCrFeNi high entropy alloy,Al0.3CoCrFeNi high‐entropy alloy - CRSA (1150 °C/60 min) + 700 °C/50 h,23,23,23,0,23,7,0,0,0,0,0,0,0,0,As cast and homogenized,,,1,20,90,1,1150,60min,1,700,50,Face-centered cubic (FCC) → code 1,,L12,lath-like,,B2,,,,,,520,,215,,,43,,,,,,,,,,
Optimizing the coupled effects of Hall-Petch and precipitation strengthening in a Al0.3CoCrFeNi high entropy alloy,Al0.3CoCrFeNi high‐entropy alloy - CRSA (1150 °C/60 min) + 550 °C/150 h,23,23,23,0,23,7,0,0,0,0,0,0,0,0,As cast and homogenized,,,1,20,90,1,1150,60min,1,550,150,Face-centered cubic (FCC) → code 1,,L12,fine scale,,B2,,,,,,540,,285,,,55,,,,,,,,,,
Optimizing the coupled effects of Hall-Petch and precipitation strengthening in a Al0.3CoCrFeNi high entropy alloy,Al0.3CoCrFeNi high‐entropy alloy - CRSA (1150 °C/2 min),23,23,23,0,23,7,0,0,0,0,0,0,0,0,As cast and homogenized,,,1,20,90,Solution treatment at 1150 °C for 2 min,1150,2min,0,,,Face-centered cubic (FCC) → code 1,100,,,,,,,,,,589,,263,,,60,,,,,,,,,,
Optimizing the coupled effects of Hall-Petch and precipitation strengthening in a Al0.3CoCrFeNi high entropy alloy,Al0.3CoCrFeNi high‐entropy alloy - CRSA (1150 °C/2 min) + 620 °C/50 h,23,23,23,0,23,7,0,0,0,0,0,0,0,0,As cast and homogenized,,,1,20,90,1,1150,2min,1,620,50,Face-centered cubic (FCC) → code 1,,g' precipitate,fine scale,,B2,grain boundary/ lath-like,,,,,840,,490,,,45,,,,,,,,,,
"Phase evolution, microstructure, mechanical behaviors of the CrFeNiAlxTiy medium-entropy alloys",M,33.3,33.3,0,0,33.3,0,0,0,0,0,0,0,0,0,0,,,0,,,0,,,0,,,1,100,,,,,,,,,,,,,160 ± 5,187 ± 4,,,,,,,,,,,
"Phase evolution, microstructure, mechanical behaviors of the CrFeNiAlxTiy medium-entropy alloys",MAl2,31.3,31.3,0,0,31.3,6.3,0,0,0,0,0,0,0,0,0,,,0,,,0,,,0,,,1,85.93,3,,14.07,,,,,,,,,,280 ± 7,216 ± 9,,,,,,,,,,,
"Phase evolution, microstructure, mechanical behaviors of the CrFeNiAlxTiy medium-entropy alloys",MAl4,29.4,29.4,0,0,29.4,11.8,0,0,0,0,0,0,0,0,0,,,0,,,0,,,0,,,Face‐centered cubic (FCC) → Classification Code = 1,65.6,Body‐centered cubic (BCC) → Classification Code = 7,"Less than 1 μm (i.e. sub‐micron scale, roughly <1000 nm)",34.4,,,,,,,,3219 ± 7,,1350 ± 9,542 ± 10,,37 ± 0.5,,,,,,,,,
"Phase evolution, microstructure, mechanical behaviors of the CrFeNiAlxTiy medium-entropy alloys",MAl3Ti3,27.8,27.8,0,0,27.8,8.3,8.3,0,0,0,0,0,0,0,0,,,0,,,0,,,0,,,"Body-Centered Cubic (BCC, Classification Code: 2; enriched in Fe and Cr)",,"Face-Centered Cubic (FCC, Classification Code: 8; enriched in Fe, Cr and Ni)",,45.7,"Ordered B2 phase (Classification Code: 4; enriched in Al, Ni and Ti)",,,,,,,3700 ± 9,,1712 ± 8,551 ± 7,,39.8 ± 0.6,,,,,,,,,
"Phase evolution, microstructure, mechanical behaviors of the CrFeNiAlxTiy medium-entropy alloys",MAl4Ti2,27.8,27.8,0,0,27.8,11.1,5.6,0,0,0,0,0,0,0,0,,,0,,,0,,,0,,,Body‐Centered Cubic (BCC),,Ordered B2 phase,Ranges from the nano‐scale up to nearly 1 µm; average ~549 nm (see Table 7 parameters),0.28,,,,,,,,3819 ± 6,,1600 ± 6,580 ± 8,,45 ± 0.9,,,,,,,,,
Precipitation and its strengthening of Cu-rich phase in CrMnFeCoNiCux high-entropy alloys,Cu0,17.75,21.86,18.89,21.96,19.55,0,0,0,0,0,0,0,0,0,0,,,0,,,0,,,0,,,1 (face‐centered cubic),100,,,,,,,,,,,,,188.04,165.35,,,,,,,,,,,
Precipitation and its strengthening of Cu-rich phase in CrMnFeCoNiCux high-entropy alloys,Cu0.25,19.05,19.05,19.05,19.05,19.05,0,0,4.76,0,0,0,0,0,0,0,,,0,,,0,,,0,,,"fcc1 (dendrite region, Face‐centered cubic → Code 1)",96.2,"Nano‐sized Cu–rich precipitate (arising from the (Cu, Mn)–rich inter‐dendritic region, FCC → Code 8)",50,3.76,,,,,,,,,,,,,,,,,,,,,,
Precipitation and its strengthening of Cu-rich phase in CrMnFeCoNiCux high-entropy alloys,Cu0.5,18.18,18.18,18.18,18.18,18.18,0,0,9.09,0,0,0,0,0,0,0,,,0,,,0,,,0,,,Face‑centered cubic (fcc) (code 1),92.25,Cu‑rich precipitate with fcc crystal structure (code 8),50,7.75,,,,,,,,,,,,,,,,,,,,,,
Precipitation and its strengthening of Cu-rich phase in CrMnFeCoNiCux high-entropy alloys,Cu0.75,17.39,17.39,17.39,17.39,17.39,0,0,13.04,0,0,0,0,0,0,0,,,0,,,0,,,0,,,Face‐centered cubic (fcc) → Classification 1,82.33,Cu‐rich precipitate with fcc structure → Classification 8,50,17.67,,,,,,,,,,,,,,,,,,,,,,
Precipitation and its strengthening of Cu-rich phase in CrMnFeCoNiCux high-entropy alloys,Cu1,16.67,16.67,16.67,16.67,16.67,0,0,0,0,0,0,0,0,0,0,,,0,,,0,,,0,,,"Cu‐depleted dendritic region (fcc1, Face‐Centered Cubic, classification 1)",76,"Nano‐sized Cu‐rich precipitate from (Cu, Mn)‐rich inter‐dendritic region (FCC, classification 8)",50,23.95,,,,,,,,,,350.63,215.84,,,,,,,,,,,
Precipitation behavior and its effects on tensile properties of FeCoNiCr high-entropy alloys,TA14,23.75,23.75,23.75,0,23.75,4,1,0,0,0,0,0,0,0,1,1200,4,1,20,30,1,1000,2h,1,800,18h,Face‐centered cubic (FCC),83.2,"L12 (Ni3(Ti,Al))",12.1 ± 1.0 nm,14.9 ± 1.2% (relative to matrix),"L21 (Ni,Co)2TiAl Heusler",188.2 ± 5.5 nm,1.9 ± 1.0% (relative to whole volume),,,,,,,,,,,,,,,,,,,
Precipitation behavior and its effects on tensile properties of FeCoNiCr high-entropy alloys,TA24,23.5,23.5,23.5,0,23.5,4,2,0,0,0,0,0,0,0,1,1200,4,1,20,30,1,1000,2h,1,800,18h,Face‐centered cubic (FCC),74.4,"L12 (Ni3(Ti,Al))",13.4 ± 0.7 nm,22.0 ± 0.8% (relative to matrix),"L21 (Ni,Co)2TiAl Heusler",173.0 ± 10.2 nm,3.6 ± 1.2% (relative to whole volume),,,,983,,,,,Approximately 40% or higher (this is gpt correct number.  34% is also right from figure),,,,,,,,,,
Precipitation behavior and its effects on tensile properties of FeCoNiCr high-entropy alloys,TA36,22.75,22.75,22.75,0,22.75,6,3,0,0,0,0,0,0,0,1,1200,4,1,20,30,1,1000,2h,1,800,18h,Face‐centered cubic (FCC),57.1,"L12 (Ni3(Ti,Al))",11.6 ± 1.0,10.2 ± 2.0,"L21 (Ni,Co)2TiAl Heusler",230.8 ± 6.8,32.7 ± 0.7,,,,,,,,,≈8%,,,,,,,,,,
Precipitation behavior and its effects on tensile properties of FeCoNiCr high-entropy alloys,TA39,22,22,22,0,22,9,3,0,0,0,0,0,0,0,1,1200,4,1,20,30,1,1000,2h,1,800,18h,Face‐centered cubic (FCC),56.7,"L12 (coherent Ni3(Ti,Al))",10.5 ±1.4,4.5 ± 1.1,"L21 (Ni,Co)2TiAl Heusler",350.3 ± 9.0,38.8 ± 0.9,,,,,,,,,Less than 5% (reported for TA39 aged at 800 °C for 18 h); qualitatively very low,,,,,,,,,,
Precipitation strengthening of ductile Cr15Fe20Co35Ni20Mo10 alloys,Mo20 HEA,20,20,20,0,20,0,0,0,0,0,0,0,20,0,Yes,1200 °C,48 hr,0,,,0,,,0,,,Face-Centered Cubic (FCC),,σ phase [Classification Code: 6],,,,,,,,,,,,,,,,,,,,,,,,
Precipitation strengthening of ductile Cr15Fe20Co35Ni20Mo10 alloys,Mo15 HEA,20,20,27.5,0,17.5,0,0,0,0,0,0,0,15,0,Yes,1200 °C,48 hr,0,,,0,,,0,,,Face-Centered Cubic (FCC) [Classification Code: 1],,σ phase [Classification Code: 6],,,,,,,,,,,,,,"extremely brittle without apparent plasticity (i.e., essentially negligible)",,,,,,,,,,
Precipitation strengthening of ductile Cr15Fe20Co35Ni20Mo10 alloys,Mo10 HEA (Homogenized),20,20,35,0,15,0,0,0,0,0,0,0,10,0,Yes,1200 °C,48 hr,0,,,0,,,0,,,Face-centered cubic (FCC) [Classification: 1],,μ phase (identified by its hexagonal close-packed structure; classified here as 9),,,,,,,,,720,,350,,,21.9,,,,,,,,,,
Precipitation strengthening of ductile Cr15Fe20Co35Ni20Mo10 alloys,Mo10 HEA (Recrystallized - 800 °C/1 h/AC),20,20,35,0,15,0,0,0,0,0,0,0,10,0,Yes,1200 °C,48 hr,Yes,Hot Rolling at 1100 °C; Cold Rolling at 20 °C,70%,Yes,800 °C,1 h,0,,,Face-centered cubic (FCC) [Classification: 1],,μ phase (classified as 9),80–200 nm,,,,,,,,1410,,1311,,,12.1,,,,,,,,,,
Precipitation strengthening of ductile Cr15Fe20Co35Ni20Mo10 alloys,Mo10 HEA (Recrystallized - 850 °C/5 min/WQ),20,20,35,0,15,0,0,0,0,0,0,0,10,0,Yes,1200 °C,48 hr,Yes,Hot Rolling at 1100 °C; Cold Rolling at 20 °C,70%,Yes,850 °C,5 min,0,,,Face-centered cubic (FCC) [Classification: 1],,μ phase (classified as 9),"80–200 nm(this is from text, 140 is right which shown in fig 3g)",,,,,,,,1360,,1212,,,14.9,,,,,,,,,,
Precipitation strengthening of ductile Cr15Fe20Co35Ni20Mo10 alloys,Mo10 HEA (Recrystallized - 900 °C/5 min/WQ),20,20,35,0,15,0,0,0,0,0,0,0,10,0,Yes,1200 °C,48 hr,Yes,Hot Rolling at 1100 °C; Cold Rolling at 20 °C,70%,Yes,900 °C,5 min,0,,,Face-centered cubic (FCC) [Classification: 1],,μ phase (classified as 9),80–200 nm,,,,,,,,1249,,1028,,,18.3,,,,,,,,,,
Precipitation strengthening of ductile Cr15Fe20Co35Ni20Mo10 alloys,Mo10 HEA (Recrystallized - 1000 °C/5 min/WQ),20,20,35,0,15,0,0,0,0,0,0,0,10,0,Yes,1200 °C,48 hr,Yes,Hot Rolling at 1100 °C; Cold Rolling at 20 °C,70%,Yes,1000 °C,5 min,0,,,Face-centered cubic (FCC) [Classification: 1],,μ phase (classified as 9),80–200 nm,,,,,,,,1194,,879,,,25.4,,,,,,,,,,
Precipitation strengthening of ductile Cr15Fe20Co35Ni20Mo10 alloys,Mo10 HEA (Recrystallized - 1000 °C/1 h/AC),20,20,35,0,15,0,0,0,0,0,0,0,10,0,Yes,1200 °C,48 hr,Yes,Hot Rolling at 1100 °C; Cold Rolling at 20 °C,70%,Yes,1000 °C,1 h,0,,,Face-centered cubic (FCC) [Classification: 1],,μ phase (classified as 9),80–200 nm,,,,,,,,1127,,799,,,28.2,,,,,,,,,,
Precipitation strengthening of ductile Cr15Fe20Co35Ni20Mo10 alloys,Mo10 HEA (Recrystallized - 1150 °C/1 h/AC),20,20,35,0,15,0,0,0,0,0,0,0,10,0,Yes,1200 °C,48 hr,Yes,Hot Rolling at 1100 °C; Cold Rolling at 20 °C,70%,Yes,1150 °C,1 h,0,,,Face‐Centered Cubic (FCC) [Classification: 1],100,,,,,,,,,,918,,350,,,62.4,,,,,,,,,,
Precipitation strengthening of ductile Cr15Fe20Co35Ni20Mo10 alloys,Mo5 Homogenized (x = 7.5),20,20,42.5,,12.5,,,,,,,,5,,1,1200,48,0,,,0,,,0,,,FCC (1),,,,,,,,,,,,,,,,55%,,,,,,,,,,
Precipitation strengthening of ductile Cr15Fe20Co35Ni20Mo10 alloys,Mo5 HEA (Recrystallized),20,20,42.5,0,12.5,0,0,0,0,0,0,0,5,0,Yes,1200 °C,48 hr,Yes,Hot Rolling at 1100 °C; Cold Rolling at 20 °C,70%,Yes,"800 C, 850 C, 900 C, and 1000 C",5 and 60 mins,0,,,Face‐Centered Cubic (FCC; classified as “1”),100,,,,,,,,,,700-1000,,300-800,,,45-75,,,,,,,,,,
"Realizing strength-ductility combination of coarse-grained Al0.2Co1.5CrFeNi1.5Ti0.3 alloy via nano-sized, coherent precipitates",HEA (Al0.2Co1.5CrFeNi1.5Ti0.3) [Aged at 800°C for 1h],18.2,27.3,27.3,0,0,18.2,3.6,5.5,0,0,0,0,0,0,1,1200,48 h,1,1100,≈85%,1,1150,180 min,1,800,1 h,Face-centered cubic (FCC; classification: 1),84.2,"L12 Ni3(Ti,Al)",6 nm,15.8,,,,,,,,,745,,,40,,,,,,,,,,
"Realizing strength-ductility combination of coarse-grained Al0.2Co1.5CrFeNi1.5Ti0.3 alloy via nano-sized, coherent precipitates",HEA (Al0.2Co1.5CrFeNi1.5Ti0.3) [Aged at 800°C for 5h],18.2,27.3,27.3,0,0,18.2,3.6,5.5,0,0,0,0,0,0,1,1200,48 h,1,1100,≈85%,1,1150,180 min,1,800,5 h,Face-centered cubic (FCC; classification: 1),81.5,"L12 Ni3(Ti,Al)",12 nm,18.5,,,,,,,1160,,760,,,33,,,,,,,,,,
"Realizing strength-ductility combination of coarse-grained Al0.2Co1.5CrFeNi1.5Ti0.3 alloy via nano-sized, coherent precipitates",HEA (Al0.2Co1.5CrFeNi1.5Ti0.3) [Aged at 800°C for 25h],18.2,27.3,27.3,0,0,18.2,3.6,5.5,0,0,0,0,0,0,1,1200,48 h,1,1100,≈85%,1,1150,180 min,1,800,25 h,Face-centered cubic (FCC; classification: 1),71.8,"L12 Ni3(Ti,Al)",,28.2,,,,,,,,,,,,,,,,,,,,,,
"Realizing strength-ductility combination of coarse-grained Al0.2Co1.5CrFeNi1.5Ti0.3 alloy via nano-sized, coherent precipitates",HEA (Al0.2Co1.5CrFeNi1.5Ti0.3) [Solution-Annealed],18.2,27.3,27.3,0,0,18.2,3.6,5.5,0,0,0,0,0,0,1,1200,48 h,1,1100,≈85%,1,1150,180 min,0,,,Face-centered cubic (FCC; classification: 1),100,,,,,,,,,,917,,540,,,50,,,,,,,,,,
"Realizing strength-ductility combination of coarse-grained Al0.2Co1.5CrFeNi1.5Ti0.3 alloy via nano-sized, coherent precipitates",HEA (Al0.2Co1.5CrFeNi1.5Ti0.3) [Aged at 800°C for 50h],18.2,27.3,27.3,0,0,18.2,3.6,5.5,0,0,0,0,0,0,1,1200,48 h,1,1100,≈85%,1,1150,180 min,1,800,50 h,Face-centered cubic (FCC; classification: 1),63.2,"L12 Ni3(Ti,Al)",45 nm,36.8,,,,,,,1160,,,,,,,,,,,,,,,
"Realizing strength-ductility combination of coarse-grained Al0.2Co1.5CrFeNi1.5Ti0.3 alloy via nano-sized, coherent precipitates",HEA (Al0.2Co1.5CrFeNi1.5Ti0.3) [Aged at 800°C for 100h],18.2,27.3,27.3,0,0,18.2,3.6,5.5,0,0,0,0,0,0,1,1200,48 h,1,1100,≈85%,1,1150,180 min,1,800,100 h,Face-centered cubic (FCC; classification: 1),57.1,"L12 Ni3(Ti,Al)",51 nm,42.9,,,,,,,1160,,750,,,12,,,,,,,,,,
Self-ion irradiation response of (CoCrFeNi)94 Ti2Al4 alloy containing coherent nanoprecipitates,CoCrFeNi,25,25,25,0,25,0,0,0,0,0,0,0,0,0,1 (Yes),1423 K ≈ 1150 °C,24 h,1 (Yes),Room temperature (20 °C),85% thickness reduction,1 (Yes),1423 K ≈ 1150 °C,72 h (converted to 4320 min),0,,,Face‐centered cubic (FCC) (classified as 1),100,,,,,,,,,,,,,,,,,,,,,,,,,
Self-ion irradiation response of (CoCrFeNi)94 Ti2Al4 alloy containing coherent nanoprecipitates,(CoCrFeNi)₉₄Ti₂Al₄,23.5,23.5,23.5,0,23.5,4,2,0,0,0,0,0,0,0,1 (Yes),1473 K ≈ 1200 °C,4 h,1 (Yes),Room temperature (20 °C),70% thickness reduction,1 (Yes),1273 K ≈ 1000 °C,4 h (converted to 240 min),1,1073 K ≈ 800 °C,1 h,Face‐centered cubic (FCC) → Code 1,,L1₂ coherent nanoprecipitates → Code 1 (L12),"ca. 6.5 ± 1.2 nm (the unirradiated state is reported at ~6.5 nm, with a slight increase to ~7.1 nm after irradiation)",,L1₂ (same ordered phase as the primary precipitates) → Code 1 (L12),,,,,,,,,,,,,,,,,,,,,
"Solid Solubility, precipitates, and stacking fault energy of micro-alloyed CoCrFeNi high entropy alloys",CoCrFeNi,25,25,25,0,25,0,0,0,0,0,0,0,0,0,0,,,0,,,0,,,1,750,800,1,~100% (no detectable precipitates),,,,,,,,,,,,,,Measured using an HMV‐T2 tester under a load of 1 kg for 15 s; lowest of all four investigated HEAs,,,,,,,,,,,
"Solid Solubility, precipitates, and stacking fault energy of micro-alloyed CoCrFeNi high entropy alloys",CoCrFeNiTi0.1,27.86,16.56,26.58,0,28.4,0,0.6,0,0,0,0,0,0,0,0,,,0,,,0,,,1,750,800,1,,1,,,4,,,11,,,,,,,"Exhibits highest hardness among the four HEAs studied; tested using an HMV‐T2 Vickers hardness tester (load: 1 kg, dwell time: 15 s); no numerical value reported",,,,,,,,,,,
"Solid Solubility, precipitates, and stacking fault energy of micro-alloyed CoCrFeNi high entropy alloys",CoCrFeNiAl0.1,25.01,22.94,24.53,0,25.22,2.3,0,0,0,0,0,0,0,0,0,,,0,,,0,,,1,750,800,1,Nearly 100%,"s phase (interpreted as Cr‐rich σ phase, code 6)",,,,,,,,,,,,,"Slightly higher than CoCrFeNi HEA; Vickers hardness (1 kg load, 15 s) test performed; no numerical value provided",,,,,,,,,,,
"Solid Solubility, precipitates, and stacking fault energy of micro-alloyed CoCrFeNi high entropy alloys",CoCrFeNiMo0.2,23.73,23.14,"22.96 is only for matrix, not entire material",0,"27.16 is only for matrix, not entire material",0,0,0,0,0,0,0,3.01,0,0,,,0,,,0,,,1,750,800,1,,"m phase (mu phase, code 9)",,,"s phase (sigma phase, code 6)",,,,,,,,,,,,,,,,,,,,,
Synergistic effect of Ti and Al on L12-phase disign in CoCrFeNi-based high entropy alloys,Ti1Al3 HEA,20,20,20,0,0,20,15,5,0,0,0,0,0,0,Yes,1100,5 hr,Cold rolling,20,80,0,,,1,800,1 hr,Face‐centered cubic (FCC) (Classification value: 1),"Not explicitly given; the XRD and SADP indicate that the FCC phase is dominant (i.e., nearly 100% minus a few low‐volume precipitates)",L12 phase (classification code: 1),,,B2,,,,,,,,,,,,,,,,,,,,,
Synergistic effect of Ti and Al on L12-phase disign in CoCrFeNi-based high entropy alloys,Ti1Al1 HEA,20,20,20,0,0,20,10,10,0,0,0,0,0,0,Yes,1100,5 hr,Cold rolling,20,80,0,,,1,800,1 hr,Face‑Centered Cubic (classification code: 1),"Nearly the entire microstructure (estimated ≈95% or higher, since no obvious precipitates were detected by XRD/SEM)",L12 phase (classification code: 1),Approximately 10 nm (spherical particles as identified by APT),Very low (trace level; estimated around 5% or less),,,,,,,,,,,,,,,,,,,,,,
Synergistic effect of Ti and Al on L12-phase disign in CoCrFeNi-based high entropy alloys,Ti3Al1 HEA,20,20,20,0,0,20,5,15,0,0,0,0,0,0,Yes,1100,5 hr,Cold rolling,20,80,0,,,1,800,1 hr,Face‑Centered Cubic (FCC),Not explicitly quantified; FCC is the dominant phase with visible η and σ precipitates and minor L12 ordering,η phase(code: 4),,,σ phase(code 6),,,L12 superlattice ordering,,,,,,,,,,,,,,,,,,
Ultrahigh strength and ductility in newly developted materials with coherent nanolamellar architectures,CNL alloy,21.9,32.8,21.9,0,10.9,7.5,5,0,0,0,0,0,0,0,1,1150 °C,2 hours,1,20 °C,90%,0,,,1,600 °C,8 hours,1,56,1,30,44,,,,,,,2118 ± 34 MPa,,2026 ± 20 MPa,,,16% uniform elongation,,,,,,,,,,
Ultrahigh strength and ductility in newly developted materials with coherent nanolamellar architectures,Severely deformed alloy,21.9,32.8,21.9,0,10.9,7.5,5,0,0,0,0,0,0,0,1,1150 °C,2 hours,1,20 °C,90%,0,,,0,,,Face‑Centered Cubic (FCC) [Classification Code = 1],100,,,,,,,,,,,,,,,~1% uniform elongation,,,,,,,,,,
Ultrahigh strength and ductility in newly developted materials with coherent nanolamellar architectures,Conventionally processed alloy,21.9,32.8,21.9,0,10.9,7.5,5,0,0,0,0,0,0,0,1,1150 °C,2 hours,1,20 °C,90%,1,1150 °C,3 min,1,600 °C,8 hours,1,100,,,,,,,,,,,,,,,,,,,,,,,,,
A high-strength precipitation hardened cobalt-free high-entropy alloy,Bulk HEA (Fe26.4Ni26.4Mn26.4Cr8.8Ti4Al8) - Homogenized,26.4,26.4,0,26.4,8.8,8,4,0,0,0,0,0,0,0,Yes (1),1100,48,0,,,0,,,0,,,Face‐centered cubic (FCC),100,,,,,,,,,,746,,375,,151 HV,18,,,,,,,,,,
A high-strength precipitation hardened cobalt-free high-entropy alloy,Bulk HEA (Fe26.4Ni26.4Mn26.4Cr8.8Ti4Al8) - Peak Aged,26.4,26.4,0,26.4,8.8,8,4,0,0,0,0,0,0,0,Yes (1),1100,48,0,,,0,,,1,650,120,Face‐centered cubic (FCC),38.83 ± 6.81,"γ′ (Ni3(Ti,Al)) code:1",22.1 ± 3.6 nm,10.08 ± 1.77,B2,330 ± 56 nm,28.95 ± 3.19,χ code:6,360 ± 72 nm,22.14 ± 5.39,,2151,,1800,535 HV,,3.8 ± 0.1,,,,,,,,,
A new strategy of tailoring strength and ductility of CoCrFeNi based high-entropy alloy,CoCrFeNi,25,25,25,0,25,0,0,0,0,0,0,0,0,0,1,1200,19,1,20,60,0,,,1,700,16,1,100,,,,,,,,,,580,,256,,,60,,,,,,,,,,
A new strategy of tailoring strength and ductility of CoCrFeNi based high-entropy alloy,CoCrFeNi(Ni3Al)0.25 HEA,19.17,38.99,21.71,0,16.65,3.48,0,0,0,0,0,0,0,0,Yes,1200,19 h,Yes (cold rolling),20 °C (room temperature),60,0,,,1,700,16 h,Face‐Centered Cubic (FCC) – (classification code 1),80.3,L12 (ordered Ni3Al),33.7(diameter),19.7,,,,,,,,,,,,,,1396,,,,,,,,
A new strategy of tailoring strength and ductility of CoCrFeNi based high-entropy alloy,CoCrFeNi(Ni3Al)0.5 HEA,17.38,41.82,17.69,0,16.47,6.63,0,0,0,0,0,0,0,0,Yes,1200,19 h,Yes (cold rolling),20 °C (room temperature),60,0,,,1,700,16 h,Face‐Centered Cubic (FCC) (Classification Code: 1),67,L12 (ordered Ni3Al),33.7(diameter),33,,,,,,,,,,,,,,,,,,,,,,
A new strategy of tailoring strength and ductility of CoCrFeNi based high-entropy alloy,CoCrFeNi(Ni3Al)0.75 HEA,14.1,47.48,14.86,0,13.54,10.02,0,0,0,0,0,0,0,0,Yes,1200,19 h,Yes (cold rolling),20 °C (room temperature),60,0,,,1,700,16 h,Face‐Centered Cubic (FCC) – (Classification code 1),57.6,L12 (ordered Ni3Al),33.7(diameter),42.4,,,,,,,1200(tensile fracture strength),,910,,,14,,,,,,,,,,
A new strategy of tailoring strength and ductility of CoCrFeNi based high-entropy alloy,CoCrFeNi(Ni3Al)1 HEA,12.25,52.59,13.25,0,11.39,10.52,0,0,0,0,0,0,0,0,Yes,1200,19 h,Yes (cold rolling),20 °C (room temperature),60,0,,,1,700,16 h,Face‐Centered Cubic (FCC) solid solution (Classification: 1 [FCC]),50.4,L12 (ordered Ni3Al),33.7(diameter),49.6,,,,,,,1170(tensile fracture strength),,1000,,,6,,,,,,,,,,
A novel face-centered-cubic high-entropy alloy strengthened by nanoscale precipitates,FCC Co9Cr7Cu36Mn25Ni23 HEA,0,23,9,25,7,0,0,36,0,0,0,0,0,0,0,,,0,,,0,,,0,,,"FCC (225, Cu rich)",,"FCC (225, Co and Cr rich)",3–8 nm,,,,,,,,700,,401,,,36,,,,,,,,,,
Aluminum and titanium alloyed non-equiatomic Co–Fe–Ni medium-entropy alloy with ultra high strength and hardness,CoFeNiTi0.4,29.4(ideal composition in theory),29.4(ideal composition in theory),29.4(ideal composition in theory),0,0,0,11.7,0,0,0,0,0,0,0,1,1100,24,0,,,0,,,0,,,Body‐Centered Cubic (BCC) (Classification: 2),~100%,,,,,,,,,,,,,,,,,,,,,,,,,
Aluminum and titanium alloyed non-equiatomic Co–Fe–Ni medium-entropy alloy with ultra high strength and hardness,WAl0.1,32.2,32.2,32.2,0,0,3.2,0,0,0,0,0,0,0,0,1,1100,24,0,,,0,,,0,,,Face‐Centered Cubic (FCC) [Classification code: 1],100,,,,,,,,,,,,,,,,,,,,,,,,,
Aluminum and titanium alloyed non-equiatomic Co–Fe–Ni medium-entropy alloy with ultra high strength and hardness,WAl0.4,29.4,29.4,29.4,0,0,11.7,0,0,0,0,0,0,0,0,1,1100,24,0,,,0,,,0,,,Face‐Centered Cubic (FCC) [classified as “1”],100,,,,,,,,,,,,,,,,,,,,,,,,,
Aluminum and titanium alloyed non-equiatomic Co–Fe–Ni medium-entropy alloy with ultra high strength and hardness,W,33.3,33.3,33.3,0,0,0,0,0,0,0,0,0,0,0,1,1100,24,0,,,0,,,0,,,Face‐Centered Cubic (FCC) (classified as 1),100,,,,,,,,,,,2769 ± 14 MPa,,131 ± 1,179 ± 3 HV,,,,,,,,,,,
Aluminum and titanium alloyed non-equiatomic Co–Fe–Ni medium-entropy alloy with ultra high strength and hardness,WAl0.6,27.78(ideal composition in theory),27.78(ideal composition in theory),27.78(ideal composition in theory),0,0,16.67(ideal composition in theory),0,0,0,0,0,0,0,0,1,1100,24,0,,,0,,,0,,,"Face‐Centered Cubic (FCC, classified as 1)",,"B2 phase (NiAl‐rich phase formed by Al addition, classified as 3)",,,,,,,,,,,,395,302,,,,,,,,,,,
Aluminum and titanium alloyed non-equiatomic Co–Fe–Ni medium-entropy alloy with ultra high strength and hardness,WAl0.5Ti0.5,25(ideal composition in theory),25(ideal composition in theory),25(ideal composition in theory),0,0,12.5(ideal composition in theory),12.5(ideal composition in theory),0,0,0,0,0,0,0,1,1100,24,0,,,0,,,0,,,Face‐Centered Cubic (FCC) (classified as 1),,Body‐Centered Cubic (BCC) (classified as 7),,,Ordered L12 phase (classified as 1),,,,,,,3246 ± 12 MPa,,2078 ± 10 MPa,750 ± 9 HV,,13.7 ± 0.5%,,,,,,,,,
Aluminum and titanium alloyed non-equiatomic Co–Fe–Ni medium-entropy alloy with ultra high strength and hardness,WAl0.4Ti0.6,25(ideal composition in theory),25(ideal composition in theory),25(ideal composition in theory),0,0,12.5(ideal composition in theory),12.5(ideal composition in theory),0,0,0,0,0,0,0,1,1100,24,0,,,0,,,0,,,Face‐Centered Cubic (FCC) (classified as 1),,Body‐Centered Cubic (BCC) (classified as 7),,,Ordered L12 phase (classified as 1),smaller than 100 nm,,,,,,3123 ± 10 MPa,,2244 ± 11 MPa,775 ± 11 HV,,11.6 ± 0.3%,,,,,,,,,
Aluminum and titanium alloyed non-equiatomic Co–Fe–Ni medium-entropy alloy with ultra high strength and hardness,WAl0.3Ti0.7,25(ideal composition in theory),25(ideal composition in theory),25(ideal composition in theory),0,0,7.5(ideal composition in theory),17.5(ideal composition in theory),0,0,0,0,0,0,0,1,1100,24,0,,,0,,,0,,,1,,1,434 and 34,,8,,,,,,,2769 ± 12 MPa,,2250 ± 9 MPa,774 ± 10 HV,,6.4 ± 0.5%,,,,,,,,,
Coherent precipitation and strengthening in a dual-phase AlNi2Co2Fe1.5Cr1.5 high-entropy alloy,AlNi2Co2Fe1.5Cr1.5 HEA S1,18.75,25,25,0,18.75,12.5,0,0,0,0,0,0,0,0,0,,,0,,,0,,,0,,,1,85,7,60,15,,,,,,,,,346,,205,,,,,,,,,,,
Coherent precipitation and strengthening in a dual-phase AlNi2Co2Fe1.5Cr1.5 high-entropy alloy,AlNi2Co2Fe1.5Cr1.5 HEA S2,18.75,25,25,0,18.75,12.5,0,0,0,0,0,0,0,0,0,,,Yes (Cold Rolling),Room temperature (20 °C),70,0,,,0,,,1,85,7,58,15,,,,,,,,,,,431,,,,,,,,,,,
Coherent precipitation and strengthening in a dual-phase AlNi2Co2Fe1.5Cr1.5 high-entropy alloy,AlNi2Co2Fe1.5Cr1.5 HEA S3,18.75,25,25,0,18.75,12.5,0,0,0,0,0,0,0,0,Yes,1573 K (approx. 1300 °C),2 hours,Yes (Cold Rolling),Room temperature (20 °C),70,0,,,0,,,1,92,7,10,8,,,,,,,637,,302,,197,,,,,,,,,,,
Coherent precipitation and strengthening in a dual-phase AlNi2Co2Fe1.5Cr1.5 high-entropy alloy,AlNi2Co2Fe1.5Cr1.5 HEA S4,18.75,25,25,0,18.75,12.5,0,0,0,0,0,0,0,0,Yes,1573 K (approx. 1300 °C),2 hours,Yes (Cold Rolling),Room temperature (20 °C),70,0,,,1,923 K (approx. 650 °C),4 hours,1,~45,7,10,24,1,8,31,,,,1077,,772,,385,26,,,,,,,,,,
Coherent precipitation and strengthening in a dual-phase AlNi2Co2Fe1.5Cr1.5 high-entropy alloy,AlNi2Co2Fe1.5Cr1.5 HEA S5,18.75,25,25,0,18.75,12.5,0,0,0,0,0,0,0,0,Yes,1573 K (approx. 1300 °C),2 hours,Yes (Cold Rolling),Room temperature (20 °C),70,0,,,1,923 K (approx. 650 °C),213 hours,1,~50,7,26,24,1,57,26,,,,1240,,869,,468,12.4,,,,,,,,,,
Contrasting mechanical behavior in precipitation hardenable AlXCoCrFeNi high entropy alloy microstructures Single phase FCC vs. dual phase FCCBCC,Al0.3CoCrFeNi - 0.3HM,23.3,23.3,23.3,0,23.3,7,0,0,0,0,0,0,0,0,High temperature homogenization (details not specified),,,Cold rolling,20,50,Annealing for recrystallization and homogenization,1150,1 hour,0,,,Face‐centered cubic (FCC) [Classification: 1],100,,,,,,,,,,,,160,,,64,,,,,,,,,,
Contrasting mechanical behavior in precipitation hardenable AlXCoCrFeNi high entropy alloy microstructures Single phase FCC vs. dual phase FCCBCC,Al0.3CoCrFeNi - 0.3HM-550,23.3,23.3,23.3,0,23.3,7,0,0,0,0,0,0,0,0,1,,,Cold rolling,20,50,Annealing for recrystallization and homogenization,1150,1 hour,1,550,150 hours,Face‐Centered Cubic (FCC) (Classification value: 1),"Nearly the entire microstructure (the solutionized 0.3HM condition was single‐phase FCC; after aging the FCC matrix remains dominant, with only a small fraction of precipitates)",Ordered L12 precipitate (Classification value: 1),3 to 10 nm,,,,,,,,,,250,,,56,,,,,,,,,,
Contrasting mechanical behavior in precipitation hardenable AlXCoCrFeNi high entropy alloy microstructures Single phase FCC vs. dual phase FCCBCC,Al0.7CoCrFeNi - 0.7HM,21.3,21.3,21.3,0,21.3,14.9,0,0,0,0,0,0,0,0,1,,,Cold rolling,20,30,Annealing for recrystallization and homogenization,1100,5 minutes,0,,,Disordered face‐centered cubic (FCC) [Classification code: 1],,"Mixed BCC/B2 phase [BCC: 7, B2: 3; B2 features observed]",,,,,,,,,,,830,,,20,,,,,,,,,,
Contrasting mechanical behavior in precipitation hardenable AlXCoCrFeNi high entropy alloy microstructures Single phase FCC vs. dual phase FCCBCC,Al0.7CoCrFeNi - 0.7HM-580,21.3,21.3,21.3,0,21.3,14.9,0,0,0,0,0,0,0,0,1,,,Cold rolling,20,30,Annealing for recrystallization and homogenization,1100,5 minutes,1,580,24 hours,Face‐centered cubic (FCC),70,L12 (ordered intermetallic),3–10 nm,,B2 (ordered BCC),,,,,,,,1076,,,20,,,,,,,,,,
Cu assisted stabilization and nucleation of L12 precipitates in Al0.3CuFeCrNi2 fcc-based high entropy alloy,Al0.3CuFeCrNi2 High-Entropy Alloy - As-Cast,18.9,37.7,0,0,18.9,5.7,0,18.9,0,0,0,0,0,0,0,,,0,,,0,,,0,,,Face-Centered Cubic (fcc),,Interdendritic Cu‐rich phase,,,,,,,,,,,,,,,,,,,,,,,,
Cu assisted stabilization and nucleation of L12 precipitates in Al0.3CuFeCrNi2 fcc-based high entropy alloy,Al0.3CuFeCrNi2 High-Entropy Alloy - CR-SA,18.9,37.7,0,0,18.9,5.7,0,18.9,0,0,0,0,0,0,0,,,1,20,20,1,1000,3,0,,,Face-Centered Cubic (fcc),100,,,,,,,,,,,,,,,,,,,,,,,,,
Cu assisted stabilization and nucleation of L12 precipitates in Al0.3CuFeCrNi2 fcc-based high entropy alloy,Al0.3CrCuFeNi2 - CR-SA-550,18.9,37.7,0,0,18.9,5.7,0,18.9,0,0,0,0,0,0,0,,,Cold Rolling (CR),20°C,20%,"Recrystallization occurred during solution annealing, resulting in an equiaxed, strain‐free microstructure",1000°C,3 h (≈180 min),1,550°C,150 h,face-centered cubic (fcc) (code 1),,L12 (ordered) (code 1),5,,FCC Cu (code 8),5,,,,,,,,,,,,,,,,,,,,
Cu assisted stabilization and nucleation of L12 precipitates in Al0.3CuFeCrNi2 fcc-based high entropy alloy,Al0.3CrCuFeNi2 - CR-SA-700,18.9,37.7,0,0,18.9,5.7,0,18.9,0,0,0,0,0,0,0,,,Cold Rolling (CR),20°C,20%,"Recrystallization occurred during solution annealing, resulting in an equiaxed, strain‐free microstructure",1000°C,3 h (≈180 min),1,700°C,50 h,Face‐Centered Cubic (fcc) [Code = 1],,Ordered L1₂ phase (denoted “g₀”) [Code = 1],75,,Cu‐rich phase that is essentially disordered (the Cu‐rich regions have nearly the same fcc lattice as the matrix) [Code = 8 for FCC],75,,,,,,,,,,,,,,,,,,,,
Cu assisted stabilization and nucleation of L12 precipitates in Al0.3CuFeCrNi2 fcc-based high entropy alloy,Al0.3CrCuFeNi2 - CR-SA-800,18.9,37.7,0,0,18.9,5.7,0,18.9,0,0,0,0,0,0,0,,,Cold Rolling (CR),20°C,20%,"Recrystallization occurred during solution annealing, resulting in an equiaxed, strain‐free microstructure",1000°C,3 h (≈180 min),1,800°C,20 h,face‐centered cubic (fcc) (code 1),,Ordered L1₂ phase (g₀ precipitates) (code 1),,,"Cu‐rich, disordered phase with fcc structure (code 8)",,,,,,,,,,,,,,,,,,,,,
Cu assisted stabilization and nucleation of L12 precipitates in Al0.3CuFeCrNi2 fcc-based high entropy alloy,Al0.3CrCuFeNi2 - CR-SA-900,18.9,37.7,0,0,18.9,5.7,0,18.9,0,0,0,0,0,0,0,,,Cold Rolling (CR),20°C,20%,"Recrystallization occurred during solution annealing, resulting in an equiaxed, strain‐free microstructure",1000°C,3 h (≈180 min),1,900°C,20 h,Face‐centered cubic (fcc),,L1₂ (ordered gamma‐prime),,,Disordered fcc (Cu–rich),,,,,,,,,,,,,,,,,,,,,
Cu assisted stabilization and nucleation of L12 precipitates in Al0.3CuFeCrNi2 fcc-based high entropy alloy,Al0.3CrCuFeNi2 - CR-SA-935,18.9,37.7,,,18.9,5.7,,18.9,,,,,,,0,,,1,20°C,20%,1,1000°C,180 min,1,935°C,20 h,1,,8,,,0,,,0,,,,,,,,,,,,,,,,,,
Deformation stimulated precipitation of a single-phase CoCrFeMnNi high entropy alloy,Equiatomic CoCrFeMnNi HEA - Recovery,20,20,20,20,20,0,0,0,0,0,0,0,0,0,Yes,1200,8,Cold rolled from 10 mm thick plates at room temperature,20,95,0,,,1,600,10min,"1 (face‐centered cubic, FCC)",nearly 100% of the microstructure (dominant phase with only minor secondary phase formation observed),6 (σ‐phase; Cr‐rich sigma phase),tens of nanometers (observed in dislocation walls),minor fraction (not quantitatively specified),,,,,,,,,,,,,,,,,,,,,,
Deformation stimulated precipitation of a single-phase CoCrFeMnNi high entropy alloy,Equiatomic CoCrFeMnNi HEA - Recrystallized,20,20,20,20,20,0,0,0,0,0,0,0,0,0,Yes,1200,8,Cold rolled from 10 mm thick plates at room temperature,20,95,1,700,40,0,,,"1 (face‐centered cubic, FCC)",dominant phase (approximately 95% with a minor fraction of Cr‐rich sigma phase precipitates),6 (σ‐phase; Cr‐rich sigma phase),tens of nanometers,minor fraction (not quantitatively specified),,,,,,,,,,,,,,,,,,,,,,
Deformation stimulated precipitation of a single-phase CoCrFeMnNi high entropy alloy,Equiatomic CoCrFeMnNi HEA - Fully Recrystallized,20,20,20,20,20,0,0,0,0,0,0,0,0,0,Yes,1200,8,Cold rolled from 10 mm thick plates at room temperature,20,95,1,1100,360,1,700,300min,Face‐centered cubic (FCC; classified as '1'),Nearly 100% (X‐ray diffraction shows only the FCC phase),,,,,,,,,,,,,,,,,,,,,,,,,
Ductilizing brittle high-entropy alloys via tailoring valence electron concentrations of precipitates by controlled elemental partitioning,Ni56.4−xCoxFe18.8Cr18.8Ti6 (x=0),18.8,56.4,0,0,18.8,0,6,0,0,0,0,0,0,0,Yes,1175 °C,2 hr,Yes,Room temperature → 20 °C,Approximately 65% thickness reduction (final thickness ≈ 1.7 mm),Yes,1175 °C,2 min,1,780 °C,24 hr,"Face‐Centered Cubic (FCC) (γ phase, coded: 1)",67,"η Phase (Ni3Ti‐type, hexagonally ordered, coded: 4)",64 ± 30 nm,33,,,,,,,1000,,,,,7,,,,,,,,,,
Ductilizing brittle high-entropy alloys via tailoring valence electron concentrations of precipitates by controlled elemental partitioning,Ni56.4−xCoxFe18.8Cr18.8Ti6 (x=18.8),18.8,37.6,18.8,0,18.8,0,6,0,0,0,0,0,0,0,Yes,1175 °C,2 hr,Yes,Room temperature → 20 °C,Approximately 65% thickness reduction (final thickness ≈ 1.7 mm),Yes,1175 °C,2 min,1,780 °C,24 hr,"Face‐centered cubic (γ phase, coded: 1)",,"η Phase (Ni3Ti‐type, hexagonally ordered, coded: 4)",,,"L12‐type γ′ phase (ordered‐FCC, coded: 1)",,,,,,,,,,,9,,,,,,,,,,
Ductilizing brittle high-entropy alloys via tailoring valence electron concentrations of precipitates by controlled elemental partitioning,Ni56.4−xCoxFe18.8Cr18.8Ti6 (x=28.2),18.8,28.2,28.2,0,18.8,0,6,0,0,0,0,0,0,0,Yes,1175 °C,2 hr,Yes,Room temperature → 20 °C,Approximately 65% thickness reduction (final thickness ≈ 1.7 mm),Yes,1175 °C,2 min,1,780 °C,24 hr,"Face‐centered cubic (γ phase, coded: 1)",60–70%,"η Phase (Ni3Ti‐type, hexagonally ordered, coded: 4)",,Lower than 33% (reduced relative to C1),"L12‐type γ′ phase (ordered‐FCC, coded: 1)",,,,,,,,,,,23,,,,,,,,,,
Ductilizing brittle high-entropy alloys via tailoring valence electron concentrations of precipitates by controlled elemental partitioning,Ni56.4−xCoxFe18.8Cr18.8Ti6 (x=37.6),18.8,18.8,37.6,0,18.8,0,6,0,0,0,0,0,0,0,Yes,1175 °C,2 hr,Yes,Room temperature → 20 °C,Approximately 65% thickness reduction (final thickness ≈ 1.7 mm),Yes,1175 °C,2 min,1,780 °C,24 hr,"Face‐centered cubic (FCC) (γ phase, Classification: 1)",62,"L12‐type γ′ precipitate (ordered‐FCC, Classification: 1)",39 ± 6 nm,38,,,,,,,1350,,,,,35,,,,,,,,,,
Fine-scale precipitation in the high-entropy alloy Al0.5CrFeCoNiCu,Al0.5CrFeCoNiCu (As-Cast),18.2,18.2,18.2,0,18.2,9.1,0,18.2,0,0,0,0,0,0,0,,,0,,,0,,,0,,,Face–centred cubic (fcc) [Classification: 1],,"L12 phase (Ni– and Al–rich, with some Cu solubility) [Classification: 1]",Fine– or nano–scale (cuboidal particles observed; larger in the dendritic regions),,"Face–centred cubic (fcc) precipitates (enriched in Cr, Co, Fe & Ni) [Classification: 8]","Fine, with a rectangular cross–section (nanoscale details observed in the interdendritic regions)",,,,,,,,,,,,,,,,,,,,
Fine-scale precipitation in the high-entropy alloy Al0.5CrFeCoNiCu,Al0.5CrFeCoNiCu (Aged),18.2,18.2,18.2,0,18.2,9.1,0,18.2,0,0,0,0,0,0,0,,,0,,,0,,,1,1000,1000,"Face–centred cubic (FCC, classified as “1”)",,L12 (classified as “1”),"Coarse in interdendritic regions and moderately fine in dendritic regions (tens to hundreds of nanometers, with interdendritic precipitates noticeably coarser)",,FCC (classified as “8”),Small precipitates observed in the Cu-rich interdendritic areas,,,,,,,,,,,,,,,,,,,,
Growth kinetics of σ-phase precipitates and underlying diffusion processes in CrMnFeCoNi high-entropy alloys,Cr–Mn–Fe–Co–Ni HEA aged at 600 °C,20,14,20,20,26,0,0,0,0,0,0,0,0,0,0,,,0,,,"Solution annealed and recrystallized for 15 min at 1080 °C, followed by air cooling",1080,15,1,600,up to 1000 h,FCC,100,σ phase,,,,,,,,,,,,,,,,,,,,,,,,
Growth kinetics of σ-phase precipitates and underlying diffusion processes in CrMnFeCoNi high-entropy alloys,Cr–Mn–Fe–Co–Ni HEA aged at 700 °C,20,14,20,20,26,0,0,0,0,0,0,0,0,0,0,,,0,,,"Solution annealed and recrystallized for 15 min at 1080 °C, followed by air cooling",1080,15,1,700,up to 1000 h,FCC,100,σ phase,,,,,,,,,,,,,,,,,,,,,,,,
Growth kinetics of σ-phase precipitates and underlying diffusion processes in CrMnFeCoNi high-entropy alloys,Cr–Mn–Fe–Co–Ni HEA aged at 800 °C,20,14,20,20,26,0,0,0,0,0,0,0,0,0,0,,,0,,,"Solution annealed and recrystallized for 15 min at 1080 °C, followed by air cooling",1080,15,1,800,up to 1000 h,FCC,74,σ phase,Spherical precipitates within grains and plate‐shaped at grain boundaries,26,,,,,,,,,,,,,,,,,,,,,,
Growth kinetics of σ-phase precipitates and underlying diffusion processes in CrMnFeCoNi high-entropy alloys,Cr–Mn–Fe–Co–Ni HEA aged at 900 °C,20,14,20,20,26,0,0,0,0,0,0,0,0,0,0,,,0,,,"Solution annealed and recrystallized for 15 min at 1080 °C, followed by air cooling",1080,15,1,900,up to 1000 h,FCC,82,σ phase,Spherical in grain interiors and allotriomorphic at grain boundaries,18,,,,,,,,,,,,,,,,,,,,,,
Growth kinetics of σ-phase precipitates and underlying diffusion processes in CrMnFeCoNi high-entropy alloys,Cr–Mn–Fe–Co–Ni HEA aged at 1000 °C,20,14,20,20,26,0,0,0,0,0,0,0,0,0,0,,,0,,,"Solution annealed and recrystallized for 15 min at 1080 °C, followed by air cooling",1080,15,1,1000,up to 1000 h,FCC,92,σ phase,Spherical in grain interiors and allotriomorphic at grain boundaries; sizes not precisely quantified,8,,,,,,,,,,,,,,,,,,,,,,
Infuence of ordered L12 precipitation on strain-rate dependent mechanical behavior in a eutectic high entropy alloy,Al0.7CoCrFeNi_CR-H,21.25,21.25,21.25,0,21.25,15,0,0,0,0,0,0,0,0,1,1150 °C,1 hr,1,20 °C (room temperature),30%,1,1100 °C,5 min,0,,,FCC,70,B2 (with bcc nano‐precipitates) code 7,,30,,,,,,,1090,1080,770,,,17,,,,,,,,,,
Infuence of ordered L12 precipitation on strain-rate dependent mechanical behavior in a eutectic high entropy alloy,Al0.7CoCrFeNi_CR-H-580,21.25,21.25,21.25,0,21.25,15,0,0,0,0,0,0,0,0,1,1150 °C,1 hr,1,20 °C (room temperature),30%,1,1100 °C,5 min,1,580 °C,24 hr,FCC (with L12 precipitates),,L12,3–5 nm,6.65,B2 (with bcc nano‐precipitates),,,,,,1370,1440,1080,,,15,,,,,,,,,,
Microstructure Characterization of AlxCoCrCuFeNi High-Entropy Alloy System with Multiprincipal Elements,Al0.0CoCrCuFeNi,20.8,20.5,20.9,0,21.4,0,0,16.5,0,0,0,0,0,0,0,,,0,,,0,,,0,,,Disordered face‑centered cubic (fcc) (Code 1),approximately 90–95%,"Ordered fcc nanoprecipitates (L12 structure, Code 1)",Approximately 5–10 nm,minor (trace amount),,,,,,,,,,,,,,,,,,,,,,
Microstructure Characterization of AlxCoCrCuFeNi High-Entropy Alloy System with Multiprincipal Elements,Al0.5CoCrCuFeNi,18,19,17.7,0,18.2,9.4,0,17.7,0,0,0,0,0,0,0,,,0,,,0,,,0,,,Disordered face‑centered cubic (fcc) (Code 1),nearly 100%,Ordered fcc phase with L12 ordering (Code 1),Approximately 5 to 10 nm,minor (not quantified),,,,,,,,,,,,,,,,,,,,,,
Microstructure Characterization of AlxCoCrCuFeNi High-Entropy Alloy System with Multiprincipal Elements,Al1.0CoCrCuFeNi,16.8,16.8,17,0,17.2,16.7,0,15.6,0,0,0,0,0,0,0,,,0,,,0,,,0,,,"Ordered bcc plates (B2‑type, Code 4)",approximately 80%,"Disordered bcc interplates (A2‑type, Code 7)",approximately 70 nm thick,minor,"FCC (Cu‑rich interdendritic phase, Code 8)",around 1000 nm,minor,,,,,,,,,,,,,,,,,,,
Microstructure Characterization of AlxCoCrCuFeNi High-Entropy Alloy System with Multiprincipal Elements,Al1.5CoCrCuFeNi,15.6,15.3,15.5,0,15.6,24.3,0,13.7,0,0,0,0,0,0,0,,,0,,,0,,,0,,,"Ordered bcc solid solution (B2‑type, Code 4)",approximately 75–80%,Disordered bcc Widmanstätten precipitates (Code 7),approximately 30 nm in width,minor (estimated ~10%),"FCC (Cu‑rich interdendritic phase, Code 8)",,minor (estimated ~10%),Disordered bcc spherical precipitates (Code 7),5 to 15 nm,minor,,,,,,,,,,,,,,,,
Microstructure Characterization of AlxCoCrCuFeNi High-Entropy Alloy System with Multiprincipal Elements,Al2.0CoCrCuFeNi,15.5,14.8,13.8,0,13.9,28.5,0,13.5,0,0,0,0,0,0,0,,,0,,,0,,,0,,,"Ordered bcc solid solution (B2‑type, Code 4)",approximately 70–80%,Disordered bcc precipitates from spinodal decomposition (Code 7),approximately 15 nm,minor,"FCC (Cu‑rich interdendritic phase, Code 8)",,minor,,,,,,,,,,,,,,,,,,,
Microstructure Characterization of AlxCoCrCuFeNi High-Entropy Alloy System with Multiprincipal Elements,Al2.5CoCrCuFeNi,14.1,13.4,13,0,11.8,36.3,0,11.3,0,0,0,0,0,0,0,,,0,,,0,,,0,,,Body‑centered cubic (bcc) (Code 2),approximately 90%,"FCC (Cu‑rich phase exhibiting spherical precipitates, Code 8)",Approximately 5–15 nm,approximately 10%,,,,,,,,,,,,,,,,,,,,,,
Microstructure Characterization of AlxCoCrCuFeNi High-Entropy Alloy System with Multiprincipal Elements,Al3.0CoCrCuFeNi,13.5,12.1,12.6,0,11.2,38.9,0,11.7,0,0,0,0,0,0,0,,,0,,,0,,,0,,,"Strongly ordered bcc phase (B2‑type, Code 4)",approximately 80%,"FCC (Cu‑rich phase, Code 8)",approximately 7–50 nm,minor (<10%),"Disordered bcc precipitates from spinodal decomposition (spherical, Code 7)",approximately 30 nm,minor,,,,,,,,,,,,,,,,,,,
Nano-precipitates in severely deformed and low-temperature aged CoCrFeMnNi high-entropy alloy studied by synchrotorn small-angle x-ray scattering,CoCrFeMnNi HEA as cold-rolled,19.98,19.54,20.22,19.79,20.46,0,0,0,0,0,0,0,0,0,Yes (1),1200,24,Cold Rolling: Yes (1),20,85,0,,,0,,,Face‑Centered Cubic (FCC),100%,,1.2,,,,,,,,1192,,372.4,,,4.7,,,,,,,,,,
Nano-precipitates in severely deformed and low-temperature aged CoCrFeMnNi high-entropy alloy studied by synchrotorn small-angle x-ray scattering,CoCrFeMnNi HEA aged at 500 °C (60 min),19.98,19.54,20.22,19.79,20.46,0,0,0,0,0,0,0,0,0,Yes (1),1200,24,Cold Rolling: Yes (1),20,85,0,,,1,500,60 min,FCC (code 1),majority,,2.0–2.5 nm,,BCC (code 7),Approximately 50 nm,,,,,1219,,468.3,,,4.38,,,,,,,,,,
Nano-precipitates in severely deformed and low-temperature aged CoCrFeMnNi high-entropy alloy studied by synchrotorn small-angle x-ray scattering,CoCrFeMnNi HEA aged at 500 °C (300 min),19.98,19.54,20.22,19.79,20.46,0,0,0,0,0,0,0,0,0,Yes (1),1200,24,Cold Rolling: Yes (1),20,85,0,,,1,500,300 min,FCC (code 1),majority,,2.0–2.5 nm (saturated),,,,,,,,1094,,489.9,,,3.16,,,,,,,,,,
Nano-precipitates in severely deformed and low-temperature aged CoCrFeMnNi high-entropy alloy studied by synchrotorn small-angle x-ray scattering,CoCrFeMnNi HEA aged at 350 °C,19.98,19.54,20.22,19.79,20.46,0,0,0,0,0,0,0,0,0,Yes (1),1200,24,Cold Rolling: Yes (1),20,85,0,,,1,350,Representative 60 min (little precipitation growth),Face‑Centered Cubic (FCC),majority,,,,,,,,,,,,,,,,,,,,,,,,,
Nano-precipitates in severely deformed and low-temperature aged CoCrFeMnNi high-entropy alloy studied by synchrotorn small-angle x-ray scattering,CoCrFeMnNi HEA aged at 400 °C,19.98,19.54,20.22,19.79,20.46,0,0,0,0,0,0,0,0,0,Yes (1),1200,24,Cold Rolling: Yes (1),20,85,0,,,1,400,Representative 60 min,Face‑Centered Cubic (FCC) [Code = 1],majority,,,,,,,,,,,,,,,,,,,,,,,,,
Nanoparticles-strengthened high-entropy alloys for cryogenic applications showing an exceptional strength-ductility synergy,CoCrFeMnNi HEA aged at 800 °C,13,30,30,0,15,6,6,0,0,0,0,0,0,0,1,1150,2,1,20,65,1,1150,2,1,800,4,1,62.7,1,29 ± 5,37.3,,,,,,,1310,,925,,,43,,,1700,51,,,,,,
On the high temperature coarsening kinetics of y' precipitates in a high strength Co37.6Ni35.4Al9.9Mo4.9Cr5.9Ta2.8Ti3.5 fcc-based high entropy alloy,HEACoNi_Aged_0h,0,35.4,37.6,0,5.9,9.9,3.5,0,0,0,0,0,4.9,2.8,1,1250,25,0,,,0,,,0,,,1,,1,Bimodal distribution: spheroidal precipitates of 28 ± 7 nm and finer irregular-shaped precipitates,,,,,,,,,,,,330 ± 8 HV,,,,,,,,,,,
On the high temperature coarsening kinetics of y' precipitates in a high strength Co37.6Ni35.4Al9.9Mo4.9Cr5.9Ta2.8Ti3.5 fcc-based high entropy alloy,HEACoNi_Aged_25h,0,35.4,37.6,0,5.9,9.9,3.5,0,0,0,0,0,4.9,2.8,1,1250,25,0,,,0,,,1,900,25,1,,1,Bimodal distribution: spheroidal precipitates of 28 ± 7 nm and finer irregular-shaped precipitates,76 ± 2%,,,,,,,,,,,,,,,,,,,,,,
On the high temperature coarsening kinetics of y' precipitates in a high strength Co37.6Ni35.4Al9.9Mo4.9Cr5.9Ta2.8Ti3.5 fcc-based high entropy alloy,HEACoNi_Aged_50h,0,35.4,37.6,0,5.9,9.9,3.5,0,0,0,0,0,4.9,2.8,1,1250,25,0,,,0,,,1,900,50,1,,1,Bimodal distribution: spheroidal precipitates of 28 ± 7 nm and finer irregular-shaped precipitates,76 ± 2%,,,,,,,,,,770,380 ± 5 HV,,,"670°C, 770°C, 970°C","674 MPa, 772 MPa, 465 MPa",,,,,,,
On the high temperature coarsening kinetics of y' precipitates in a high strength Co37.6Ni35.4Al9.9Mo4.9Cr5.9Ta2.8Ti3.5 fcc-based high entropy alloy,HEACoNi_Aged_100h,0,35.4,37.6,0,5.9,9.9,3.5,0,0,0,0,0,4.9,2.8,1,1250,25,0,,,0,,,1,900,100,1,,1,Bimodal distribution: spheroidal precipitates of 28 ± 7 nm and finer irregular-shaped precipitates,76 ± 2%,,,,,,,,,,,380 ± 5 HV,,,,,,,,,,,
On the high temperature coarsening kinetics of y' precipitates in a high strength Co37.6Ni35.4Al9.9Mo4.9Cr5.9Ta2.8Ti3.5 fcc-based high entropy alloy,HEACoNi_LT_900,0,35.4,37.6,0,5.9,9.9,3.5,0,0,0,0,0,4.9,2.8,1,1250,25,0,,,0,,,1,900,1000,1,,1,Bimodal distribution: spheroidal precipitates of 28 ± 7 nm and finer irregular-shaped precipitates,76 ± 2%,,,,,,,,,,,,,,,,,,,,,,
On the high temperature coarsening kinetics of y' precipitates in a high strength Co37.6Ni35.4Al9.9Mo4.9Cr5.9Ta2.8Ti3.5 fcc-based high entropy alloy,HEACoNi_LT_950,0,35.4,37.6,0,5.9,9.9,3.5,0,0,0,0,0,4.9,2.8,1,1250,25,0,,,0,,,1,950,1000,1,,1,Bimodal distribution: spheroidal precipitates of 28 ± 7 nm and finer irregular-shaped precipitates,73 ± 1%,,,,,,,,,,,,,,,,,,,,,,
On the high temperature coarsening kinetics of y' precipitates in a high strength Co37.6Ni35.4Al9.9Mo4.9Cr5.9Ta2.8Ti3.5 fcc-based high entropy alloy,HEACoNi_LT_1000,0,35.4,37.6,0,5.9,9.9,3.5,0,0,0,0,0,4.9,2.8,1,1250,25,0,,,0,,,1,1000,500,1,,1,Bimodal distribution: spheroidal precipitates of 28 ± 7 nm and finer irregular-shaped precipitates,67 ± 1%,,,,,,,,,,,,,,,,,,,,,,
Precipitation behavior of AlxCoCrFeNi high entropy alloys under ion irradiation,Al0.1CoCrFeNi_Virgin,24.4,24.4,24.4,0,24.4,2.4,0,0,0,0,0,0,0,0,0,,,0,,,0,,,0,,,Face‐centered cubic (FCC) → code 1,100,,,,,,,,,,,,,,,,,,,,,,,,,
Precipitation behavior of AlxCoCrFeNi high entropy alloys under ion irradiation,Al0.1CoCrFeNi_AsIrradiated,24.4,24.4,24.4,0,24.4,2.4,0,0,0,0,0,0,0,0,0,,,0,,,0,,,0,,,Face‑centered cubic (FCC) → code 1,100,,,,,,,,,,,,,,,,,,,,,,,,,
Precipitation behavior of AlxCoCrFeNi high entropy alloys under ion irradiation,Al0.75CoCrFeNi_Virgin,21.1,21.1,21.1,0,21.1,15.8,0,0,0,0,0,0,0,0,0,,,0,,,0,,,0,,,FCC,,B2,,,,,,,,,,,,,,,,,,,,,,,,
Precipitation behavior of AlxCoCrFeNi high entropy alloys under ion irradiation,Al0.75CoCrFeNi_AsIrradiated,21.1,21.1,21.1,0,21.1,15.8,0,0,0,0,0,0,0,0,0,,,0,,,0,,,0,,,FCC,,B2,,,,,,,,,,,,,,,,,,,,,,,,
Precipitation behavior of AlxCoCrFeNi high entropy alloys under ion irradiation,Al1.5CoCrFeNi_Virgin,18.2,18.2,18.2,0,18.2,27.3,0,0,0,0,0,0,0,0,0,,,0,,,0,,,0,,,B2 (ordered bcc) [Classification: B2 → code 4],,A2 (disordered bcc; considered as BCC) [Classification: BCC → code 7],~80 nm (average spherical precipitate diameter),Minor phase (not specified),,,,,,,,,,,,,,,,,,,,,,
Precipitation behavior of AlxCoCrFeNi high entropy alloys under ion irradiation,Al1.5CoCrFeNi_AsIrradiated,18.2,18.2,18.2,0,18.2,27.3,0,0,0,0,0,0,0,0,0,,,0,,,0,,,0,,,B2 (ordered bcc) [Classification: B2 → code 4],,A2 (disordered bcc) [Classification: BCC → code 7] (grown under irradiation),"~80 nm (average, with distinct growth observed)",,,,,,,,,,,,,,,,,,,,,,,
Precipitation-hardened high entropy alloys with excellent tensile properties,Ni48.7Co17.5Cr10Fe9.3Al7.5Ti7,9.3,48.7,17.5,0,10,7.5,7,0,0,0,0,0,0,0,0,,,0,,,0,,,0,,,Face‐centered cubic (fcc),,γ′ phase with spherical particles,70,55,γ′ phase with shapes having spheres and cube,122,50,Eutectic γ+γ′ phase,,,1044,,859,,,14.7,,,,,,,,,,
Precipitation-hardened high entropy alloys with excellent tensile properties,Ni47.7Co17.5Cr10Fe9.3Al7.5Ti7Mo1,9.3,47.7,17.5,0,10,7.5,7,0,0,0,0,0,1,0,0,,,0,,,0,,,0,,,Face‐centered cubic (fcc),,"Nano γ′ particles with Ni₃(Al,Ti) crystal structure (L1₂ ordering, classification 1) with spherical particles",62,55,Nano γ′ particles with L1₂ structure (classification 1) with shapes having spheres and cub,127,50,"Eutectic γ + γ′ phase (does not fall into a single conventional discrete classification; marked as 'None', classification 0)",,,1064,,899,,,14.3,,,,,,,,,,
Ripening of L12 nanoparticles and their effects on mechanical properties of Ni28Co28Fe21Cr15Al4Ti4 high-entropy alloys,Ni28Co28Fe21Cr15Al4Ti4 Alloy - Aged for 0 h,21,28,28,0,15,4,4,0,0,0,0,0,0,0,Performed with water quenching,1150,2,Cold‐rolled to 70% thickness reduction,20,70,Recrystallized with water quenching,1150,5,0,,,Face-centered cubic (FCC),100,L12,,,,,,,,,552,,289,,,,,,,,,,,,,
Ripening of L12 nanoparticles and their effects on mechanical properties of Ni28Co28Fe21Cr15Al4Ti4 high-entropy alloys,Ni28Co28Fe21Cr15Al4Ti4 Alloy - Aged for 4 h,21,28,28,0,15,4,4,0,0,0,0,0,0,0,Performed with water quenching,1150,2,Cold‐rolled to 70% thickness reduction,20,70,Recrystallized with water quenching,1150,5,1,800,4,Face‐Centered Cubic (FCC) (Classification code: 1),74.7,L12 nanoparticles (Classification code: 1),15.7 nm (±0.4 nm),25.3% (±1.7%),,,,,,,,,634,,,,,,,,,,,,,
Ripening of L12 nanoparticles and their effects on mechanical properties of Ni28Co28Fe21Cr15Al4Ti4 high-entropy alloys,Ni28Co28Fe21Cr15Al4Ti4 Alloy - Aged for 12 h,21,28,28,0,15,4,4,0,0,0,0,0,0,0,Performed with water quenching,1150,2,Cold‐rolled to 70% thickness reduction,20,70,Recrystallized with water quenching,1150,5,1,800,12,Face-centered cubic (FCC; classification = 1),72.2,L12 (classification = 1 as defined for precipitate phases),26.1,27.8,,,,,,,,,703,,,,,,,,,,,,,
Ripening of L12 nanoparticles and their effects on mechanical properties of Ni28Co28Fe21Cr15Al4Ti4 high-entropy alloys,Ni28Co28Fe21Cr15Al4Ti4 Alloy - Aged for 24 h,21,28,28,0,15,4,4,0,0,0,0,0,0,0,Performed with water quenching,1150,2,Cold‐rolled to 70% thickness reduction,20,70,Recrystallized with water quenching,1150,5,1,800,24,Face‐Centered Cubic (FCC) (Classification code: 1),67.2,L12 (Classification code: 1 [for L12]),29.8,32.8,,,,,,,1031,,855,,,,,,,,,,,,,
Ripening of L12 nanoparticles and their effects on mechanical properties of Ni28Co28Fe21Cr15Al4Ti4 high-entropy alloys,Ni28Co28Fe21Cr15Al4Ti4 Alloy - Aged for 48 h,21,28,28,0,15,4,4,0,0,0,0,0,0,0,Performed with water quenching,1150,2,Cold‐rolled to 70% thickness reduction,20,70,Recrystallized with water quenching,1150,5,1,800,48,Face‐centered cubic (FCC) → Code 1,68.1,L12 → Code 1,32.3,31.9,,,,,,,,,,,,,,,,,,,,,,
Ripening of L12 nanoparticles and their effects on mechanical properties of Ni28Co28Fe21Cr15Al4Ti4 high-entropy alloys,Ni28Co28Fe21Cr15Al4Ti4 Alloy - Aged for 96 h,21,28,28,0,15,4,4,0,0,0,0,0,0,0,Performed with water quenching,1150,2,Cold‐rolled to 70% thickness reduction,20,70,Recrystallized with water quenching,1150,5,1,800,96,"1 (face‐centered cubic, FCC)",68.8,1 (L12),51.3,31.2,,,,,,,,,,,,,,,,,,,,,,
Ripening of L12 nanoparticles and their effects on mechanical properties of Ni28Co28Fe21Cr15Al4Ti4 high-entropy alloys,Ni28Co28Fe21Cr15Al4Ti4 Alloy - Aged for 240 h,21,28,28,0,15,4,4,0,0,0,0,0,0,0,Performed with water quenching,1150,2,Cold‐rolled to 70% thickness reduction,20,70,Recrystallized with water quenching,1150,5,1,800,240,"1 (face‐centered cubic, FCC)",70.5,1 (L12),65.5,29.5,,,,,,,,,,,,,,,,,,,,,,
Ripening of L12 nanoparticles and their effects on mechanical properties of Ni28Co28Fe21Cr15Al4Ti4 high-entropy alloys,Ni28Co28Fe21Cr15Al4Ti4 Alloy - Aged for 500 h,21,28,28,0,15,4,4,0,0,0,0,0,0,0,Performed with water quenching,1150,2,Cold‐rolled to 70% thickness reduction,20,70,Recrystallized with water quenching,1150,5,1,800,500,Face‐centered cubic (FCC; classified as 1),69.7,L12 (classified as 1),79.9,30.3,,,,,,,,,,,,,,,,,,,,,,
Stability of ordered L12 and B2 precipitates in face centered cubic based high entropy alloys - Al0.3CoFeCrNi and Al0.3CuFeCrNi2,S1 - Al0.3CuCrFeNi2 no aged,18.9,37.7,0,0,18.9,5.7,0,18.9,0,0,0,0,0,0,Solutionizing with water quench,1200,0.5,Cold Rolling,20,20,0,,,0,,,Face‑centered cubic (fcc) [Classification: 1],100%,,,,,,,,,,,,,,171 ± 05,,,,,,,,,,,
Stability of ordered L12 and B2 precipitates in face centered cubic based high entropy alloys - Al0.3CoFeCrNi and Al0.3CuFeCrNi2,S1 - Al0.3CuCrFeNi2 aged at 550°C,18.9,37.7,0,0,18.9,5.7,0,18.9,0,0,0,0,0,0,Solutionizing with water quench,1200,0.5,Cold Rolling,20,20,0,,,1,550,150,Face‑centered cubic (fcc) [Classification: 1],,Ordered L12 [Classification: 1 for L12],3–10 nm (spherical morphology),,,,,,,,,,,,294 ± 09,,,,,,,,,,,
Stability of ordered L12 and B2 precipitates in face centered cubic based high entropy alloys - Al0.3CoFeCrNi and Al0.3CuFeCrNi2,S1 - Al0.3CuCrFeNi2 aged at 700°C,18.9,37.7,0,0,18.9,5.7,0,18.9,0,0,0,0,0,0,Solutionizing with water quench,1200,0.5,Cold Rolling,20,20,0,,,1,700,50,Face‑centered cubic (fcc),,Ordered L12 [Classification: 1 for L12],~70–100 nm (cuboidal morphology),,,,,,,,,,,,273 ± 11,,,,,,,,,,,
Stability of ordered L12 and B2 precipitates in face centered cubic based high entropy alloys - Al0.3CoFeCrNi and Al0.3CuFeCrNi2,S2 - Al0.3CoCrFeNi no aged,23.3,23.3,23.3,0,23.3,7,0,0,0,0,0,0,0,0,Solutionizing with water quench,1200,0.5,Cold Rolling,20,20,0,,,0,,,Face‑centered cubic (fcc) → Classification code: 1,100%,,,,,,,,,,,,,,152 ± 11,,,,,,,,,,,
Stability of ordered L12 and B2 precipitates in face centered cubic based high entropy alloys - Al0.3CoFeCrNi and Al0.3CuFeCrNi2,S2 - Al0.3CoCrFeNi aged at 550°C,23.3,23.3,23.3,0,23.3,7,0,0,0,0,0,0,0,0,Solutionizing with water quench,1200,0.5,Cold Rolling,20,20,0,,,1,550,150,Face‑centered cubic (fcc) → Classification code: 1,,L12 (ordered intermetallic) → Classification code: 1,~5 nm,,,,,,,,,,,,216 ± 07,,,,,,,,,,,
Stability of ordered L12 and B2 precipitates in face centered cubic based high entropy alloys - Al0.3CoFeCrNi and Al0.3CuFeCrNi2,S2 - Al0.3CoCrFeNi aged at 700°C,23.3,23.3,23.3,0,23.3,7,0,0,0,0,0,0,0,0,Solutionizing with water quench,1200,0.5,Cold Rolling,20,20,0,,,1,700,50,Face‑centered cubic (code 1),,B2 (ordered body‑centered cubic; code 3),"coarse and lath‑like (qualitative description; expected on the order of ~70–100 nm, not precisely reported)",sparsely precipitated,,,,,,,,,,,259 ± 02,,,,,,,,,,,
Thermal Stability of (CoCrFeNi)94Ti2Al4 alloy containing coherent nanoprecipitates at intermediate temperatures,(CoCrFeNi)₉₄ Ti₂ Al₄ - Original (1073K/8h),23.5,23.5,23.5,0,23.5,4,2,0,0,0,0,0,0,0,Yes,1473 K (≈1200 °C),4 h,Yes,20 °C,70,Yes,1273 K (≈1000 °C),4 h (240 min),1,1073 K (≈800 °C),8 h,Face‑centered cubic (FCC) (code 1),,L1₂ ordered,"12.4 ± 0.1 nm (after 1073 K, 8 h aging)",,,,,,,,,,,,,,,,,,,,,,,
Thermal Stability of (CoCrFeNi)94Ti2Al4 alloy containing coherent nanoprecipitates at intermediate temperatures,(CoCrFeNi)₉₄ Ti₂ Al₄ - Aged at 723 K for 168 h,23.5,23.5,23.5,0,23.5,4,2,0,0,0,0,0,0,0,Yes,1473 K (≈1200 °C),4 h,Yes,20 °C,70,Yes,1273 K (≈1000 °C),4 h (240 min),1,723 K (≈450 °C),168 h,Face‑centered cubic (FCC) (code 1),,L1₂ ordered,"12.8 ± 0.2 nm (after 723 K, 168 h aging)",,,,,,,,,,,,,,,,,,,,,,,
Thermal Stability of (CoCrFeNi)94Ti2Al4 alloy containing coherent nanoprecipitates at intermediate temperatures,(CoCrFeNi)₉₄ Ti₂ Al₄ - Aged at 923 K for 168 h,23.5,23.5,23.5,0,23.5,4,2,0,0,0,0,0,0,0,Yes,1473 K (≈1200 °C),4 h,Yes,20 °C,70,Yes,1273 K (≈1000 °C),4 h (240 min),1,923 K (≈650 °C),168 h,Face‑centered cubic (FCC) (code 1),,L1₂ ordered,"13.6 ± 0.2 nm (after 923 K, 168 h aging)",,L1₂ ordered (secondary precipitates),~3 nm,,,,,,,,,,,,,,,,,,,,
Towards stronger high-entropy alloy by nanoprecipitaiton-hardned ultra-fine nano-grains,Bulk Al0.5Cr0.9FeNi2.5V0.2 HEA,19.6,49,0,0,17.6,9.8,0,0,0,3.9,0,0,0,0,1 (Yes),1200 °C,24 hr,1 (Yes; via cryo-rolling),Approximately –196 °C (the sample was immersed in a liquid nitrogen bath before and after each pass),85% reduction in thickness,0,,,1,600 °C,1 hr,Face–centered cubic (FCC) (classified as 1),,L12 (Ordered Ni3Al–type; classified as 1),,,BCC (classified as 7),50,12,,,,2230,,2100,2800,10,3,,,,,,,,,,
Achieving high strength and large ductility in a Cr30Co30Ni30Al5Ti5,Cr30Co30Ni30Al5Ti5,0,30,30,0,30,5,5,0,0,0,0,0,0,0,Yes (complete material state),1100 °C,3 hr,Yes,"20 °C (cold rolling, assumed at room temperature)",85% thickness reduction,Yes,1100 °C,1.5 min,1,600 °C,2 hr,Face‐centered cubic (FCC) [Code 1],>~90%,L12 (ordered intermetallic) [Code 1],3.97 ± 1.49 nm (approximately 4 nm in diameter),6.57,"L12 (NiTiAl-rich, formed at high–energy grain boundaries via discontinuous precipitation) [Code 1]",,,"Body–centered cubic (BCC, decorating the grain boundaries; linked to Cr segregation) [Code 7]",,,1500,,1010,,,41,,,,,,,,,,
Co-free Al0.5CrNi1.5Fe2 multi-principal element alloy,Al0.5CrNi1.5Fe2 MPEA - As-cast,40,30,0,0,20,10,0,0,0,0,0,0,0,0,0,,,0,,,0,,,0,,,FCC,93.8,B2 (ordered),,Part of ~6.2% BCC region,A2 (disordered),,Balance of ~6.2% BCC region,,,,649.1 ± 9.3 MPa,,306.2 ± 5.6 MPa,,,24.7 ± 1.5%,,,,,,,,,,
Co-free Al0.5CrNi1.5Fe2 multi-principal element alloy,Al0.5CrNi1.5Fe2 MPEA - CR80,40,30,0,0,20,10,0,0,0,0,0,0,0,0,0,,,1,20,80,0,,,0,,,FCC,93.8,B2 (ordered),,Part of ~6.2% BCC region,A2 (disordered),,Balance of ~6.2% BCC region,,,,1593.6 ± 27.2 MPa,,1572.9 ± 15.6 MPa,,,2.2 ± 0.4%,,,,,,,,,,
Co-free Al0.5CrNi1.5Fe2 multi-principal element alloy,Al0.5CrNi1.5Fe2 MPEA - CA600,40,30,0,0,20,10,0,0,0,0,0,0,0,0,0,,,1,20,80,1,600,60,0,,,FCC,93.8,B2 (ordered),,Approximately part of ~6.2% BCC region,A2 (disordered),,Remaining fraction of ~6.2% BCC region,,,,1359.9 ± 13.8 MPa,,1290.7 ± 7.9 MPa,,,5.1 ± 0.6%,,,,,,,,,,
Co-free Al0.5CrNi1.5Fe2 multi-principal element alloy,Al0.5CrNi1.5Fe2 MPEA - CA800,40,30,0,0,20,10,0,0,0,0,0,0,0,0,0,,,1,20,80,1,800,60,0,,,FCC (heterogeneous),93.8,B2 (ordered),"* Recrystallized area: droplet-shaped, about 200 nm
* Unrecrystallized area: rod-shaped, 50-160 nm long, 30-60 nm wide",Part of ~6.2% BCC region,A2 (disordered),,Remaining fraction of ~6.2% BCC region,,,,1291.5 ± 8.6 MPa,,1035.2 ± 6.7 MPa,,,20.8 ± 1.1%,,,,,,,,,,
Coherent precipitation hardening effect and hetero-deformation,AlCrFeNi3,16.67,50,0,0,16.67,16.67,0,0,0,0,0,0,0,0,0,,,0,,,0,,,0,,,FCC,58,B2,,42,,,,,,,1045,,615,,,14.9,,,,,,,,,,
Effective strengthening and toughening in multi-principal elements alloy,Nb‐free (0Nb) alloy,32,28,0,0,25,10,5,0,0,0,0,0,0,0,Yes,1100,2 hr,0,,,0,,,1,1000,8 hr,Body‐Centered Cubic (BCC) (classification 2),30.9,B2 phase (ordered structure) (classification 4),2.594,,Face‐Centered Cubic (FCC) (classification 8),3.786,,,,,,,,,,,,873,750,16.9,,,,,,
Effective strengthening and toughening in multi-principal elements alloy,Nb‐containing (0.5Nb) alloy,31.75,27.75,0,0,25,10,5,0,0,0,0.5,0,0,0,Yes,1100,2 hr,0,,,0,,,1,1000,8 hr,Body‐Centered Cubic (BCC) (classification index 2),40.9,B2 (ordered phase) (classification index 3),2.846,,Face‐Centered Cubic (FCC) (classification index 8),3.676,,,,,,,,,,,,873 K (≈600 °C),over 920 MPa,34.1,,,,,,
Investigation on effect of L12 and B2 phases,Al0.3CoCrFeNi_A,23,23,23,,23,7,,,,,,,,,1,1150 °C,24 h,1,20 °C,90 %,1,1100 °C,5 min,0,,,1,≈100 %,,,,,,,,,,674,,263,,,44,,,,,,,,,,
Investigation on effect of L12 and B2 phases,Al0.3CoCrFeNi_B,23,23,23,,23,7,,,,,,,,,1,1150 °C,24 h,1,20 °C,90 %,1,750 °C,96 h,0,,,1,≈88.7 %,3,370 nm,,6,,,,,,967,,705,,,32,,,,,,,,,,
Investigation on effect of L12 and B2 phases,Al0.3CoCrFeNi_A-500S,23,23,23,0,23,7,0,0,0,0,0,0,0,0,Yes,1150 °C,24 h,Yes (cold rolling),20 °C,90%,Yes,1100 °C,5 min,1,500 °C,48 h,"1 (face‑centered cubic, FCC)",91.9,1 (L12),2,8.1,,,,,,,751,,352,,,45,,,,,,,,,,
Investigation on effect of L12 and B2 phases,Al0.3CoCrFeNi_A-500L,23,23,23,0,23,7,0,0,0,0,0,0,0,0,Yes,1150 °C,24 h,Yes (cold rolling),20 °C,90%,Yes,1100 °C,5 min,1,500 °C,144 h,Face‑Centered Cubic (FCC) → Code 1,91,L12 phase → Code 1,2.3,8.9,B2 phase → Code 3,,,,,,772,,365,,,45,,,,,,,,,,
Investigation on effect of L12 and B2 phases,Al0.3CoCrFeNi_A-650S,23,23,23,0,23,7,0,0,0,0,0,0,0,0,Yes,1150 °C,24 h,Yes (cold rolling),20 °C,90%,Yes,1100 °C,5 min,1,650 °C,48 h,"1 (face‑centered cubic, FCC)",,1 (L12),10,14,3 (B2),,,,,,845,,433,,,38,,,,,,,,,,
Investigation on effect of L12 and B2 phases,Al0.3CoCrFeNi_B-500S,23,23,23,0,23,7,0,0,0,0,0,0,0,0,Yes,1150 °C,24 h,Yes (cold rolling),20 °C,90%,Yes,750 °C,96 h,1,500 °C,48 h,Face‑Centered Cubic (FCC) [Classification Code: 1],82.7,B2 (ordered body‑centered; classified here as 'B2'),350,17.3,σ (σ phase → Code: 6),350,,,,,1026,,759,,,28,,,,,,,,,,
Investigation on effect of L12 and B2 phases,Al0.3CoCrFeNi_B-500L,23,23,23,0,23,7,0,0,0,0,0,0,0,0,Yes,1150 °C,24 h,Yes (cold rolling),20 °C,90%,Yes,750 °C,96 h,1,500 °C,144 h,Face‑Centered Cubic (FCC),83.5,B2 phase,350,16.5,σ phase,350,,,,,1014,,747,,,27,,,,,,,,,,
Investigation on effect of L12 and B2 phases,Al0.3CoCrFeNi_B-600S,23,23,23,0,23,7,0,0,0,0,0,0,0,0,Yes,1150 °C,24 h,Yes (cold rolling),20 °C,90%,Yes,750 °C,96 h,1,600 °C,48 h,Face‑centered cubic (code 1),83.2,B2 phase (code 3),310,16.8,σ phase (code 6),310,,,,,985,,722,,,32,,,,,,,,,,
Investigation on effect of L12 and B2 phases,Al0.3CoCrFeNi_B-650S,23,23,23,0,23,7,0,0,0,0,0,0,0,0,Yes,1150 °C,24 h,Yes (cold rolling),20 °C,90%,Yes,750 °C,96 h,1,650 °C,48 h,Face‑Centered Cubic (FCC) – (classified as 1),82,B2 phase – (classified as 3),350,17.9,σ phase – (classified as 6),350,,,,,1000,,725,,,28,,,,,,,,,,
Mechanical properties and microstructure evolution of lightweight,Ti45V45Cr5Al5 MPEA (as-cast),0,0,0,0,4.84,4.97,44.87,0,0,45.32,0,0,0,0,0,,,0,,,0,,,0,,,Body‐Centered Cubic (BCC) (classification code 2),100,0,,,,,,,,,,,828.7,,,17.8,,,,,,,,,,
Mechanical properties and microstructure evolution of lightweight,Ti45V45Cr5Al5 MPEA (CR),0,0,0,0,5,5,45,0,0,45,0,0,0,0,0,,,1,20,87,0,,,0,,,Body‐Centered Cubic (BCC) (classification code 2),100,0,,,,,,,,,,,1326.8,,,,,,,,,,,,,
Mechanical properties and microstructure evolution of lightweight,Ti45V45Cr5Al5 MPEA (CR-700),0,0,0,0,5,5,45,0,0,45,0,0,0,0,0,,,1,20,87,1,700,60,0,,,Body‐Centered Cubic (BCC),98,HCP-Ti,100,2,,,,,,,,,1026.9,,,,,,,,,,,,,
Mechanical properties and microstructure evolution of lightweight,Ti45V45Cr5Al5 MPEA (CR-800),0,0,0,0,5,5,45,0,0,45,0,0,0,0,0,,,1,20,87,1,800,60,0,,,Body‐Centered Cubic (BCC),98,FCC-Ti,100,2,,,,,,,,,993.7,,,24,,"400°C, 600°C,800°C: 314.3 MPa",400°C: 34%; 600°C:41%; 800°C: 67%,,,,,,,
Mechanical properties and microstructure evolution of lightweight,Ti45V45Cr5Al5 MPEA (CR-1000),0,0,0,0,5,5,45,0,0,45,0,0,0,0,0,,,1,20,87,1,1000,60,0,,,BCC (code 2),more than 97%,FCC-Ti phase,100,less than 3%,,,,,,,,,970.3,,,27.9,,,,,,,,,,
Multi-principal element alloy with ultrafine and high-density,FeCoNi3Cu0.5Al0.8_C0.8,15.9,47.6,15.9,0,0,12.7,0,7.9,0,0,0,0,0,0,0,,,0,,,0,,,0,,,Face‑Centered Cubic (FCC) – Dual FCC structure,Nearly 100%,L12 phase,,,,,,,,,736,,382,,267,59.1,,,,,,,,,,
Multi-principal element alloy with ultrafine and high-density,FeCoNi3Cu0.5Al0.8_A0.8,15.9,47.6,15.9,0,0,12.7,0,7.9,0,0,0,0,0,0,0,,,0,,,0,,,1,850°C,1 hr,Face‑Centered Cubic (FCC),35%,L12 phase,Approximately 100 nm,65%,,,,,,,900,,632,,470,28.1,,,,,,,,,,
Non-coherent nano-precipitation weakens ductile refractory,RA-0.5V,0,0,0,0,0,7.69,46.15,0,0,7.69,7.69,0,0,0,0,,,0,,,0,,,0,,,Body‑Centered Cubic (BCC) – (classification value 2),100,0,,,,,,,,,,1457,833,779,,8.1,>50%,"873K, 1073K","873 K: Yield strength = 459 MPa, Ultimate strength = 497 MPa
1073 K: Yield strength = 63 MPa, Ultimate strength = 71 MPa",,,,Zr=30.77,,,
Non-coherent nano-precipitation weakens ductile refractory,RA-1.0V,0,0,0,0,0,7.14,42.86,0,0,14.29,7.14,0,0,0,0,,,0,,,0,,,0,,,Body‑Centered Cubic (classification value 2),100,0,,,,,,,,,1066,1612,911,974,,8.7,>50,"873K, 1073 K","873 K: Yield_Strength:645,88
1073 K: Ultimate_Strength：701,107",>50,,,Zr=28.6,,,
Non-coherent nano-precipitation weakens ductile refractory,RA-1.5V,0,0,0,0,0,6.67,40,0,0,20,6.67,0,0,0,0,,,0,,,0,,,0,,,Body‑Centered Cubic (BCC) → (classification “2”),>90%,Hexagonal (Al–Zr intermetallic phase; classified as HCP with classification “10”),60,few to ~10%,,,,,,,222,1592,,1037,,,>50%,"873K, 1073 K","873 K: Yield strength = 506 MPa, Ultimate strength = 570 MPa
1073 K: Yield strength = 80 MPa, Ultimate strength = 100 MPa",,,,Zr=26.67,,,
Serration behavior and brittle phase,Bulk Al₀.₃CoCrFeNi alloy,23.3,23.3,23.3,0,23.3,7,0,0,0,0,0,0,0,0,0,,,0,,,0,,,0,,,Face‐centered cubic (FCC) (Classified as 1),99.3,Ordered B2 phase (NiAl‐type structure) (Classified as 3),,0.7,,,,,,,,,,,,,,700,Tensile Yield Strength = 238 MPa; Ultimate Tensile Strength = 390 MPa,,,,,,,
The effect of the interaction between recrystallization and precipitation,Al0.3CoCrFeNi_A700,26.6,20.6,24.5,0,24.1,4.4,0,0,0,0,0,0,0,0,1,1250,24 hr,1,20,Approximately 85–90% reduction (severe cold rolling),1,700,60 min (1 h),0,,,Face–centered cubic (FCC) [Classification code: 1],82.7,B2 (Type–I) [code: 3],249,,B2 (Type–II) [code: 3],100,,B2 (Type–III) [code: 3],,,1270,,1216,,,11,,,,,,,,,,
The effect of the interaction between recrystallization and precipitation,Al0.3CoCrFeNi_A750,25.5,21.6,23.9,0,24.1,4.7,0,0,0,0,0,0,0,0,1,1250,24 hr,1,20,Approximately 85–90% reduction (severe cold rolling),1,750,60 min (1 h),0,,,"Face–Centered Cubic (FCC), Classification code: 1",85,"B2 (Type–I B2), Classification code: 3, Morphology: Equiaxed or ellipsoidal (formed along grain boundaries in the partially recrystallized region)",249,Not separated individually; overall B2 phase content is ~14.7%,"B2 (Type–II B2), Classification code: 3, Morphology: Equiaxed or ellipsoidal (formed within FCC grains in partially recrystallized regions)",100,,"B2 (Type–III B2), Classification code: 3, Morphology: Needle–like or elongated (located in non–recrystallized regions)",,,1135,,1040,,,22,,,,,,,,,,
The effect of the interaction between recrystallization and precipitation,Al0.3CoCrFeNi_A800,25.3,21.6,23.6,0,24.3,5,0,0,0,0,0,0,0,0,1,1250,24 hr,1,20,Approximately 85–90% reduction (severe cold rolling),1,800,60 min (1 h),0,,,Face–Centered Cubic (FCC) [Classification: 1],86.4,B2 [Type I; Classification: 3],249,,B2 [Type II; Classification: 3],100,,B2 [Type III; Classification: 3],,,,,847,,,,,,,,,,,,,
The effect of the interaction between recrystallization and precipitation,Al0.3CoCrFeNi_A850,25,22.3,23.3,0,23.7,5.4,0,0,0,0,0,0,0,0,1,1250,24 hr,1,20,Approximately 85–90% reduction (severe cold rolling),1,850,60 min (1 h),0,,,FCC,92.3,B2,249,,B2,100,,B2,,,,,602,,,,,,,,,,,,,
"The influence of microstructural evolutions on electrochemical corrosion 
and passive behavior in precipitation-strengthened high-entropy alloys",HEA (Ni2Co2FeCr)92Al4Nb4 - Recrystallized single‐phase FCC (Precipitate‐free),15.3,30.7,30.7,0,15.3,4,0,0,0,0,4,0,0,0,Yes,1200,2 hours,Yes,20,~65%,Yes,1200,1.5 minutes,0,,,FCC (1),100%,,,,,,,,,,,,,,,,,,,,,,,,,
"The influence of microstructural evolutions on electrochemical corrosion 
and passive behavior in precipitation-strengthened high-entropy alloys",HEA (Ni2Co2FeCr)92Al4Nb4 - L12-strengthened variant,15.3,30.7,30.7,0,15.3,4,0,0,0,0,4,0,0,0,Yes,1200,2 hours,Yes,20,~65%,Yes,1200,1.5 minutes,1,700,32 hours,1,,1,,,,,,,,,,,,,,,,,,,,,,,,
"The influence of microstructural evolutions on electrochemical corrosion 
and passive behavior in precipitation-strengthened high-entropy alloys",HEA (Ni2Co2FeCr)92Al4Nb4 - D019-strengthened variant,15.3,30.7,30.7,0,15.3,4,0,0,0,0,4,0,0,0,Yes,1200,2 hours,Yes,20,~65%,Yes,1200,1.5 minutes,1,900,32 hours,1,,D019 (Ti₃Al‐type lamellar precipitate),74,,,,,,,,,,,,,,,,,,,,,,,
Ultra-high ratio of ultimate strength to yield strength,AlTi-12 h,5,50,20,0,10,10,5,0,0,0,0,0,0,0,Yes,1250,4,0,,,0,,,1,step 1: 1050; step 2: 850,step 1: 4; step 2: 12,Face-centered cubic (FCC) → Code 1,,L12 precipitate (superlattice) → Code 1,53.2,,L12 precipitate (superlattice) → Code 1,366,,,,,,2883,,801,,,36.2,,,,,,,,,
Ultra-high ratio of ultimate strength to yield strength,AlTi-36 h,5,50,20,0,10,10,5,0,0,0,0,0,0,0,Yes,1250,4,0,,,0,,,1,step 1: 1050; step 2: 850,step 1: 4; step 2: 36,Face‐Centered Cubic (FCC),,L12 (ordered precipitate),53.2,,L12 (ordered precipitate),366,,,,,,,,,,,,,,,,,,,,
Ultra-high ratio of ultimate strength to yield strength,AlTi-64 h,5,50,20,0,10,10,5,0,0,0,0,0,0,0,Yes,1250,4,0,,,0,,,1,step 1: 1050; step 2: 850,step 1: 4; step 2: 64,Face‐centered cubic (FCC) (Code = 1),,L12 (ordered intermetallic) (Code = 1),53.2,,L12 (ordered intermetallic) (Code = 1),366,,,,,,,,,,,,,,,,,,,,
Ultra-high ratio of ultimate strength to yield strength,AlTi-108 h,5,50,20,0,10,10,5,0,0,0,0,0,0,0,Yes,1250,4,0,,,0,,,1,step 1: 1050; step 2: 850,step 1: 4; step 2: 108,Face-Centered Cubic (FCC),,L12 (ordered precipitate),53.2,,L12 (ordered precipitate),366,,,,,,,,,,,,,,,,,,,,
Tensile deformation behavior and strengthening mechanism of a Fe2.5Ni2.5CrAl multi-principal element alloy,Fe2.5Ni2.5CrAl MPEA (as‐cast),35.7,35.7,0,0,14.3,14.3,0,0,0,0,0,0,0,0,0,,,0,,,0,,,0,,,Face‐centered cubic (FCC) → Code 1,81.8,Body‐centered cubic (BCC) → Code 7,,5.1,B2 (ordered structure) → Code 3,,13.1,,,,929.1,,596.3,,,,,,,,,,,,,
Short-Term Splitting and Long-Term Stability of Cuboidal Nanoparticles in Ni44Co22Cr22Al6Nb6 MultiPrincipal Element Alloy,Ni44Co22Cr22Al6Nb6 MPEA - Homogenized,0,44,22,0,22,6,0,0,0,0,6,0,0,0,1,1200,2 h,0,,,0,,,0,,,Face‐Centered Cubic (FCC) (Classification: 1),100%,,,,,,,,,,,,,,,,,,,,,,,,,
Short-Term Splitting and Long-Term Stability of Cuboidal Nanoparticles in Ni44Co22Cr22Al6Nb6 MultiPrincipal Element Alloy,Ni44Co22Cr22Al6Nb6 MPEA - Aged 10h 800°C,0,44,22,0,22,6,0,0,0,0,6,0,0,0,1,1200,2 h,0,,,0,,,1,800 °C,10 h,Face‐Centered Cubic (FCC) (Classification: 1),,"L12 nanoparticles (Ni3(Al, Nb)-type) (Classification: 1)","Approximately 220–320 nm, butterfly-shaped",,,,,,,,,,745,,,,,,,,,,,,,
Short-Term Splitting and Long-Term Stability of Cuboidal Nanoparticles in Ni44Co22Cr22Al6Nb6 MultiPrincipal Element Alloy,Ni44Co22Cr22Al6Nb6 MPEA - Aged 24h 800°C,0,44,22,0,22,6,0,0,0,0,6,0,0,0,1,1200,2 h,0,,,0,,,1,800 °C,24 h,Face‐Centered Cubic (FCC) (Classification: 1),,"L12 nanoparticles (Ni3(Al, Nb)-type) (Classification: 1)",,,,,,,,,,,801,,,,,,,,,,,,,
Short-Term Splitting and Long-Term Stability of Cuboidal Nanoparticles in Ni44Co22Cr22Al6Nb6 MultiPrincipal Element Alloy,Ni44Co22Cr22Al6Nb6 MPEA - Aged 48h 800°C,0,44,22,0,22,6,0,0,0,0,6,0,0,0,1,1200,2 h,0,,,0,,,1,800 °C,48 h,Face‐Centered Cubic (FCC) (Classification: 1),,"L12 nanoparticles (Ni3(Al, Nb)-type) (Classification: 1)",,,,,,,,,,,843,,,,,,,,,,,,,
Short-Term Splitting and Long-Term Stability of Cuboidal Nanoparticles in Ni44Co22Cr22Al6Nb6 MultiPrincipal Element Alloy,"Ni44Co22Cr22Al6Nb6 MPEA, Aged at 800°C for 200 h",0,44,22,0,22,6,0,0,0,0,6,0,0,0,1,1200,2 h,0,,,0,,,1,800,200 h,FCC (code 1),,L12 (code 1),,,,,,,,,,,,,,,,,,,,,,,,