tree
version=v4
num_class=1
num_tree_per_iteration=1
label_index=0
max_feature_idx=11
objective=binary sigmoid:1
feature_names=Column_0 Column_1 Column_2 Column_3 Column_4 Column_5 Column_6 Column_7 Column_8 Column_9 Column_10 Column_11
feature_infos=[-28.988199999999999:168.1455] [-0.032899999999999999:0.020299999999999999] [0.4199:0.88839999999999997] [-0.5353:0.2979] [9.8773:12.989800000000001] [-7150.25:0] [0.0103:0.22] [7.6032000000000002:23.345300000000002] [1.6872:289.82639999999998] [6.4481999999999999:48.988199999999999] [7397.3100000000004:10653.5] [0.051299999999999998:292.22739999999999]
tree_sizes=1662 1710 1713 1671 1380 1500 1290 1707 1459 1292 1717 1489 1704 1684 1718 1709 1718 1713 1726 1723 1692 1296 1710 1723 1717 1702 1615 1605 1727 1729 1712 1713 1731 1723 1293 1726 1714 1717 1598 1694 1719 1297 1587 1384 1592 1724 1699 1728 1507 1713 1722 1700 1712 1379 1724 1706 1487 1173 1618 1390 1728 1689 1300 1706 1361 1387 1609 1724 1395 1187 1723 1601 1516 1493 1719 1607 1507 1399 1578 1614 1702 1698 1727 1692 1615 1699 1718 1707 1201 1699 1726 1720 1602 1712 1728 1193 1702 1650 1191 1168

Tree=0
num_leaves=15
num_cat=0
split_feature=0 6 3 8 3 11 10 8 1 7 5 6 9 3
split_gain=58.4961 17.3066 12.4188 10.7287 7.68959 4.04075 5.64132 3.79572 3.31301 2.81415 2.75765 1.14538 0.752541 0.743742
threshold=8.0195500000000006 0.033150000000000006 0.014800000000000002 8.0238000000000014 0.012750000000000003 0.25005000000000005 8833.6448500000024 6.1573000000000011 -0.0055499999999999985 8.6739000000000015 -5494.4999999999991 0.022650000000000003 19.196850000000001 0.044150000000000009
decision_type=2 2 2 2 2 2 2 2 2 2 2 2 2 2
left_child=1 5 10 4 7 8 9 -2 12 -7 -3 -10 -1 -6
right_child=3 2 -4 -5 13 6 -8 -9 11 -11 -12 -13 -14 -15
leaf_value=-2.617593678519134 -2.5499563874109836 -2.5954248209925566 -2.6205527678590586 -2.5180530260198108 -2.619390422605163 -2.6104177930124788 -2.6222949171843388 -2.6043435076169463 -2.6113471444009071 -2.5713310267797489 -2.5287893896825753 -2.5870953920788091 -2.6281380344031953 -2.6006626841522582
leaf_weight=21.014139294624322 3.8440498709678632 1.6016874462366102 1.9860924333333967 4.292522355914115 1.7298224419355395 1.6016874462366084 4.4206573516130447 1.6657549440860746 1.7298224419355457 3.0111723989248276 1.6016874462366097 1.6016874462366102 30.944601461291313 2.1142274290323257
leaf_count=328 60 25 31 67 27 25 69 26 27 47 25 25 483 33
internal_value=-2.60363 -2.61513 -2.57051 -2.5511 -2.57921 -2.61972 -2.60199 -2.56138 -2.62268 -2.58281 -2.54495 -2.59781 -2.62454 -2.61053
internal_weight=83.1596 69.5132 5.18947 13.6464 9.35385 64.3238 9.03352 5.5098 55.2903 4.61286 3.20337 3.33151 51.9587 3.84405
internal_count=1298 1085 81 213 146 1004 141 86 863 72 50 52 811 60
is_linear=0
shrinkage=1


Tree=1
num_leaves=15
num_cat=0
split_feature=0 1 4 5 5 11 3 4 11 3 0 7 3 9
split_gain=47.5544 14.5935 13.16 16.4682 13.0984 7.02035 4.92562 4.33747 3.9385 3.46282 2.78897 2.44383 4.1835 2.44707
threshold=4.9272500000000008 -0.0076499999999999997 12.431600000000001 -5518.8749999999991 -5411.1249999999991 0.12075000000000001 -0.027599999999999996 12.509500000000001 0.34490000000000004 0.015550000000000001 15.835450000000003 8.9004500000000011 -0.015399999999999999 18.835900000000002
decision_type=2 2 2 2 2 2 2 2 2 2 2 2 2 2
left_child=1 8 -2 6 7 -5 -4 -3 11 -7 -8 13 -13 -1
right_child=2 4 3 5 -6 9 10 -9 -10 -11 -12 12 -14 -15
leaf_value=-0.0089762431935047245 -0.012159561044556334 -0.020913227139168725 0.039929036934892338 0.0085956738545830448 0.060048361058612963 0.10236601154129236 -0.017734851069832001 0.019233788029394783 0.014594445484035533 0.017800973001010228 0.013251809548482341 0.0085651466221013366 -0.018251096229384655 -0.028491544169454621
leaf_weight=11.239318192005156 2.8530180230736759 3.9665465280413628 2.5903950557112729 1.707605652511117 2.5674442499876005 4.2490989491343498 2.6515658646821976 2.1096466258168221 1.8748702406883229 1.625995486974716 3.9624293446540833 6.8657419309020069 11.447575576603411 24.411976225674152
leaf_count=177 44 62 39 26 40 64 41 33 29 25 60 108 181 387
internal_value=0.00124401 -0.0113227 0.0398754 0.0492316 0.0214712 0.0774428 0.016048 -0.00529156 -0.0170178 0.0898074 -5.5938e-05 -0.018652 -0.00819643 -0.0232225
internal_weight=84.1232 64.4831 19.6401 16.7871 8.64364 7.5827 9.20439 6.07619 55.8395 5.87509 6.614 53.9646 18.3133 35.6513
internal_count=1316 1017 299 255 135 115 140 95 882 89 101 853 289 564
is_linear=0
shrinkage=0.03


Tree=2
num_leaves=15
num_cat=0
split_feature=8 11 1 7 1 3 2 5 7 7 10 2 10 6
split_gain=28.7752 18.5347 18.4726 11.7188 7.88398 10.5816 8.63215 5.90278 4.72489 4.34861 3.39921 2.30282 2.94264 1.12626
threshold=8.806300000000002 0.22570000000000004 -0.0081499999999999993 9.0970000000000031 -0.0079499999999999987 0.0021500000000000004 0.77655000000000018 -5518.8749999999991 8.754900000000001 8.7962000000000025 8833.6448500000024 0.83890000000000009 8883.150050000002 0.043250000000000004
decision_type=2 2 2 2 2 2 2 2 2 2 2 2 2 2
left_child=1 4 9 7 11 6 -6 -3 -9 -2 -5 13 -13 -1
right_child=2 3 -4 10 5 -7 -8 8 -10 -11 -12 12 -14 -15
leaf_value=-0.021042149809672971 -0.017032743878654402 -0.013398601020328095 0.087651939844341178 0.07419415945523132 -0.0024499725035459913 -0.019751629219922469 0.05316229110964793 0.040740062953855995 -0.0048633245177922835 0.024245003051885913 0.0085119080825457119 0.019732777004831784 -0.01606267977972373 0.0013347534386140519
leaf_weight=41.864295527338982 2.4385434053838253 6.3699590042233458 3.2614971846342069 1.9577188417315476 4.2850093990564329 5.8063415959477425 3.2825281769037247 2.9512058161199084 2.655505858361721 2.8046017773449421 1.7146614864468572 2.0718897096812716 2.1833338402211666 1.6176742538809765
leaf_count=671 38 100 47 29 65 90 49 45 41 43 26 33 35 25
internal_value=0.00115144 -0.00506077 0.0477948 0.0222212 -0.0125774 0.00684572 0.0274295 0.00435908 0.0231468 0.00523074 0.0578696 -0.0181356 0.00162331 -0.0201216
internal_weight=85.2648 76.7601 8.50464 15.6491 61.1111 13.3739 7.56754 11.9767 5.60671 5.24315 3.67238 47.7372 4.25522 43.482
internal_count=1337 1209 128 241 968 204 114 186 86 81 55 764 68 696
is_linear=0
shrinkage=0.03


Tree=3
num_leaves=15
num_cat=0
split_feature=0 1 5 7 8 5 7 4 4 5 4 9 5 1
split_gain=53.469 17.0929 8.11935 7.54683 6.68233 5.27599 3.14404 4.16829 2.80348 2.54428 2.22727 2.14836 1.21228 1.17922
threshold=8.0195500000000006 -0.0067499999999999991 -5394.3749999999991 8.6679000000000013 5.6213000000000006 -5580.8749999999991 9.1819500000000023 12.484700000000002 12.461500000000003 -6357.1249999999991 12.614700000000001 18.998650000000001 -5518.8749999999991 -0.0076499999999999997
decision_type=2 2 2 2 2 2 2 2 2 2 2 2 2 2
left_child=1 6 4 -3 -2 -5 10 8 -8 -6 11 -1 -11 -4
right_child=2 3 13 5 9 -7 7 -9 -10 12 -12 -13 -14 -15
leaf_value=-0.011294872147870868 -0.0051079148845041989 -0.010816524884222398 0.095368481903165381 0 0.061102090058600241 0.057024419878611107 -0.00640599769177491 -0.016894065015788957 0.031861012002512228 0.0014764167854495573 0.0056762433903947201 -0.02624325317632701 0.027940205045763337 0.023992196706392206
leaf_weight=19.908834300935268 3.7923157364130002 2.5460190437734118 2.0034235045313835 1.9176377318799493 1.8685673624277104 3.3884949050843716 1.7762625813484172 4.375779751688242 2.235853273421526 3.3649267591536032 1.9994767494499672 29.934702984988689 2.0024960786104224 2.2823042646050444
leaf_count=317 57 39 28 30 27 50 28 70 35 49 32 489 28 32
internal_value=0.000124557 -0.011507 0.0473653 0.0257125 0.0252943 0.0418135 -0.0170779 0 0.0179251 0.0392085 -0.0197393 -0.0209964 0.0166614 0.0775634
internal_weight=83.3971 68.0831 15.314 7.85215 11.0283 5.30613 60.2309 8.3879 4.01212 7.23599 51.843 49.8435 5.36742 4.28573
internal_count=1311 1090 221 119 161 80 971 133 63 104 838 806 77 60
is_linear=0
shrinkage=0.03


Tree=4
num_leaves=12
num_cat=0
split_feature=0 9 4 5 1 5 8 5 4 5 8
split_gain=39.6099 15.8962 11.318 8.95127 6.99144 7.47491 4.94424 4.27325 2.59247 1.85781 0.447949
threshold=8.0195500000000006 31.592300000000005 12.4335 -5518.8749999999991 -0.0064499999999999991 -5580.8749999999991 5.6213000000000006 -5004.3749999999991 12.552050000000003 -6357.1249999999991 5.0831000000000008
decision_type=2 2 2 2 2 2 2 2 2 2 2
left_child=1 4 -2 6 7 -6 -4 8 -1 -8 -5
right_child=2 -3 3 10 5 -7 9 -9 -10 -11 -12
leaf_value=-0.021337507916300812 -0.014918786125876831 0.043421735899452307 -0.010552293922487129 0.020391798853164059 -0.017237935846160707 0.036434826353785255 0.046562180454926667 0.01697364253510017 -0.00473192734939714 0.006294541979863174 0.081261880061343536
leaf_weight=46.035518910735838 1.8828087039291848 2.7720699645578852 2.4900390915572634 2.0021760091185561 2.5004683211445808 3.2540986724197856 1.8177076205611213 1.6898591965436995 12.513092055916784 2.6960318200290216 4.3394712507724762
leaf_count=753 28 41 38 27 39 47 25 27 205 39 58
internal_value=-2.50692e-05 -0.00998992 0.0407344 0.0497027 -0.0134889 0.0142952 0.0177636 -0.0165654 -0.0181116 0.0322887 0.0719005
internal_weight=83.9933 68.7651 15.2282 13.3454 65.993 5.75457 7.00378 60.2385 58.5486 4.51374 6.34165
internal_count=1327 1112 215 187 1071 86 102 985 958 64 85
is_linear=0
shrinkage=0.03


Tree=5
num_leaves=13
num_cat=0
split_feature=0 6 8 11 11 10 5 2 2 10 2 5
split_gain=44.4951 11.0536 7.66049 14.7622 5.34547 6.27441 5.07203 3.85053 3.0044 3.62308 2.94531 2.83787
threshold=8.0195500000000006 0.034300000000000004 8.0238000000000014 0.22570000000000004 0.25005000000000005 8833.6448500000024 -5471.4999999999991 0.69030000000000002 0.83890000000000009 8883.150050000002 0.76865000000000017 -4993.4999999999991
decision_type=2 2 2 2 2 2 2 2 2 2 2 2
left_child=1 4 3 10 8 7 -3 -6 11 -10 -2 -1
right_child=2 6 -4 -5 5 -7 -8 -9 9 -11 -12 -13
leaf_value=-0.021192030576758884 -0.0212037440494275 -0.0036158758056399776 0.068581573124155651 0.053277963536688296 -0.0061111090116732977 -0.016592383605975813 0.047074549992846521 0.038679326490162917 0.021834017136544225 -0.01663255956074736 0.012373478647289183 0.0095544646059472337
leaf_weight=48.305460531264536 4.0766558982431871 2.4583688154816628 5.1243283450603476 4.3120559379458427 1.7316111214458922 4.2587934173643589 2.1745392717421046 3.0966240391135216 2.4677359834313384 2.3494215272367001 2.059480857104063 1.6230032406747401
leaf_count=803 61 39 65 59 27 69 32 48 39 39 30 25
internal_value=-3.6079e-05 -0.0107198 0.0426389 0.0206998 -0.0142144 0.00581593 0.0267445 0.0250914 -0.0176798 0.00325746 -0.00929409 -0.0198053
internal_weight=84.0381 68.4656 15.5725 10.4482 63.8326 9.08703 4.63291 4.82824 54.7456 4.81716 6.13614 49.9285
internal_count=1336 1121 215 150 1050 144 71 75 906 78 91 828
is_linear=0
shrinkage=0.03


Tree=6
num_leaves=11
num_cat=0
split_feature=0 6 2 1 8 5 0 0 11 7
split_gain=45.7764 13.3903 7.54006 9.31497 7.43181 4.86855 3.01494 2.95231 2.88586 2.24436
threshold=8.0195500000000006 0.043850000000000007 0.81975000000000009 -0.0074499999999999992 6.9007000000000014 -5004.3749999999991 -5.1990999999999987 13.130900000000002 0.26535000000000003 9.2345000000000024
decision_type=2 2 2 2 2 2 2 2 2 2
left_child=1 2 5 8 7 6 -1 -2 -4 -9
right_child=4 -3 3 -5 -6 -7 -8 9 -10 -11
leaf_value=0.0026088211379803011 -0.0076423577001215447 0.0412301253954864 -0.012460544233094948 0.042755162100077813 0.064392928630512505 0.017992645624308252 -0.022528865853669922 0.034582057513024046 0.015475396222422753 -0.00020463887088501207
leaf_weight=4.0841019898653022 1.9456530325114707 2.505977150052785 12.149294380098583 2.4132879376411429 7.2767818048596373 1.608542963862418 42.861791536211967 4.7322074994444847 2.4327261149883261 1.962642718106508
leaf_count=67 28 37 204 35 91 24 719 66 38 28
internal_value=0.00165267 -0.00929435 -0.0124339 0.00426322 0.044438 -0.0182751 -0.0202635 0.018406 -0.00631465 0.0263377
internal_weight=83.973 68.0557 65.5497 16.9953 15.9173 48.5544 46.9459 8.6405 14.582 6.69485
internal_count=1337 1124 1087 277 213 810 786 122 242 94
is_linear=0
shrinkage=0.03


Tree=7
num_leaves=15
num_cat=0
split_feature=1 8 3 11 7 4 10 10 9 2 7 4 5 11
split_gain=28.9833 17.9824 12.8712 11.9902 9.5813 14.578 5.95857 11.1171 5.08098 4.4204 1.87692 3.49487 1.43737 1.36462
threshold=-0.008649999999999998 8.0238000000000014 0.0021500000000000004 0.21160000000000004 8.6018500000000007 12.452350000000001 8831.8251000000018 8597.4000000000015 22.817250000000005 0.7703500000000002 9.286900000000001 12.484700000000002 -5518.8749999999991 0.23920000000000002
decision_type=2 2 2 2 2 2 2 2 2 2 2 2 2 2
left_child=3 2 4 10 -2 -6 7 -5 9 -3 -1 -12 -8 -4
right_child=1 8 13 6 5 -7 12 -9 -10 -11 11 -13 -14 -15
leaf_value=-0.021341157194133757 -0.012679786749754863 -0.0076913586603471135 -0.021244567175552339 -0.0081237725010121897 -0.016082446459743483 0.058356496593038126 -0.018301975906330779 0.058176002764934592 0.086805573950074016 0.039983322463564543 0.019462808755764862 -0.018174539531975866 0.0053253198461266039 0.0017631554507413381
leaf_weight=37.996014192700386 2.9767109975218835 1.9393003731966008 6.9011081941425783 3.2747077532112581 2.156989883631466 6.9358987547457218 2.8771878257393837 2.9887357391417027 2.5290448032319546 2.1492345705628395 2.0946468114852896 2.8387268483638763 2.8216002359986305 2.4376090094447136
leaf_count=649 46 27 110 50 32 99 48 45 30 26 34 48 43 35
internal_value=0.000647223 0.0245116 0.00872483 -0.0119178 0.0274002 0.040712 0.0129484 0.0295729 0.0613569 0.0217789 -0.0191814 -0.000756963 -0.0078695 -0.0157228
internal_weight=82.9175 28.0259 21.4083 54.8916 12.0696 9.09289 11.9622 6.26344 6.61758 4.08853 42.9294 4.93337 5.69879 9.33872
internal_count=1322 405 322 917 177 131 186 95 83 53 731 82 91 145
is_linear=0
shrinkage=0.03


Tree=8
num_leaves=13
num_cat=0
split_feature=0 6 5 8 2 7 10 9 5 8 2 5
split_gain=33.3455 12.8784 7.96946 6.05379 5.57535 5.9733 5.92644 4.35566 3.51846 3.31673 2.15122 0.314657
threshold=8.0195500000000006 0.036300000000000006 -5487.1249999999991 8.0238000000000014 0.81975000000000009 8.5983500000000017 9032.2650000000012 31.592300000000005 -5286.2499999999991 6.1573000000000011 0.6966500000000001 -5518.8749999999991
decision_type=2 2 2 2 2 2 2 2 2 2 2 2
left_child=1 4 -3 9 7 -6 -7 8 -1 10 -2 -12
right_child=3 2 -4 -5 5 6 -8 -9 -10 -11 11 -13
leaf_value=-0.022478259671310459 0 -0.0080404276447911174 0.056142233500703097 0.059200256712055067 -0.018648660532015821 0.028096198067423184 -0.013148462872348717 0.016959880319958175 0 -0.0039149443064553872 0.011575689469093011 0.042949309287887684
leaf_weight=36.611289866268628 1.8997893594205395 2.0294620953500271 2.4170865081250659 5.818719655275344 5.2524464055895796 7.4818669632077199 3.1379174552857876 1.6798882819712151 7.4873137846589151 3.5101443156599998 2.8139705359935765 2.7819316610693927
leaf_count=633 27 32 33 65 89 121 53 24 126 48 41 35
internal_value=0.00205186 -0.00772971 0.0329768 0.0373778 -0.0116567 0.00322289 0.0155192 -0.0167975 -0.0188285 0.0182802 0.0276253 0.0347695
internal_weight=82.9218 66.0973 4.44655 16.8246 61.6507 15.8722 10.6198 45.7785 44.0986 11.0058 7.49569 5.5959
internal_count=1327 1111 65 216 1046 263 174 783 759 151 103 76
is_linear=0
shrinkage=0.03


Tree=9
num_leaves=11
num_cat=0
split_feature=0 9 2 3 4 8 6 2 4 9
split_gain=35.7792 9.86975 7.75728 8.64917 11.9272 8.28822 5.6965 5.05506 2.55457 1.11425
threshold=4.9272500000000008 31.592300000000005 0.67530000000000012 0.013750000000000002 12.449400000000002 6.9007000000000014 0.043850000000000007 0.82085000000000008 12.527450000000002 16.286850000000005
decision_type=2 2 2 2 2 2 2 2 2 2
left_child=1 6 -2 4 -4 -5 7 9 -9 -1
right_child=2 -3 3 5 -6 -7 -8 8 -10 -11
leaf_value=-0.0022328563513715283 -0.01108586901245121 0.033851993117574634 5.4682137535840561e-05 -0.016941963955468011 0.063502211805893952 0.03516847646129987 0.02180553312174156 -0.010383444764342147 0.012890261561033902 -0.023078593338735461
leaf_weight=3.2676313407719126 2.5889255367219475 2.0951822809875003 3.5693462193012264 4.3586370684206477 9.8315598517656309 2.879947155714035 1.9021902680397023 8.0051371753215772 5.3590165562927714 39.328486703336239
leaf_count=55 39 29 49 67 119 35 27 133 88 689
internal_value=0.000161777 -0.0120707 0.0303093 0.0361548 0.0489994 0.00659111 -0.0148591 -0.0168666 -0.000392351 -0.0217186
internal_weight=83.1861 59.9576 23.2284 20.6395 13.4009 7.23858 57.8625 55.9603 13.3642 42.5961
internal_count=1330 1021 309 270 168 102 992 965 221 744
is_linear=0
shrinkage=0.03


Tree=10
num_leaves=15
num_cat=0
split_feature=0 8 11 1 2 1 9 7 4 2 4 10 6 6
split_gain=32.9659 12.7184 11.3156 9.08254 6.90967 6.53538 4.39976 4.04543 4.57694 2.29119 2.46389 1.84636 1.46979 1.3433
threshold=4.9272500000000008 8.0238000000000014 0.22065000000000004 -0.0079499999999999987 0.82085000000000008 -0.0091499999999999984 14.310000000000002 9.1819500000000023 12.484700000000002 0.83890000000000009 12.536200000000003 8729.309900000002 0.039600000000000003 0.017650000000000002
decision_type=2 2 2 2 2 2 2 2 2 2 2 2 2 2
left_child=3 2 13 7 -5 -3 -4 9 11 12 -11 -9 -1 -2
right_child=1 5 6 4 -6 -7 -8 8 -10 10 -12 -13 -14 -15
leaf_value=-0.023842691353876275 0.0066828878580380731 0.004088596138501089 -8.470684569595219e-05 -0.0037198535687271643 0.042124092980251458 0.069642082857129264 0.050518143528280164 0.034303890996671492 -0.015993130707068755 -0.014905781151262688 0.019689772361597312 -0.00012921763934389984 0.0020557126903376979 -0.015370362597193639
leaf_weight=36.161593455821276 1.8880827054381386 2.111710038036108 1.9416557177901257 7.7178660929203016 2.4449965097010136 5.5886007510125628 3.7789546698331833 1.6296468861401074 4.0770142413675785 1.9199983738362782 1.4999125376343725 1.9805797673761842 1.5366592705249775 7.2633761875331402
leaf_count=654 29 25 27 120 34 58 46 26 72 33 25 33 23 108
internal_value=7.52102e-05 0.0294439 0.0102068 -0.0117147 0.0121758 0.0565237 0.0373815 -0.017032 0.00214779 -0.0206206 0.00138044 0.0215672 -0.0226611 -0.0101689
internal_weight=81.5406 22.5724 14.8721 58.9683 10.1629 7.70031 5.72061 48.8054 7.68724 41.1182 3.41991 3.61023 37.6983 9.15146
internal_count=1313 293 210 1020 154 83 73 866 131 735 58 59 677 137
is_linear=0
shrinkage=0.03


Tree=11
num_leaves=13
num_cat=0
split_feature=0 5 9 2 9 4 6 2 7 11 3 5
split_gain=26.2046 13.5645 8.48849 5.18992 7.5473 5.83859 5.06174 4.70586 3.91717 3.71744 3.42185 3.10586
threshold=4.9272500000000008 -5392.3749999999991 31.592300000000005 0.76865000000000017 14.310000000000002 12.467450000000001 0.043850000000000007 0.82085000000000008 8.6018500000000007 0.21360000000000004 0.013300000000000001 -5286.2499999999991
decision_type=2 2 2 2 2 2 2 2 2 2 2 2
left_child=2 3 6 9 -5 -6 7 11 -9 -2 -3 -1
right_child=1 10 -4 4 5 -7 -8 8 -10 -11 -12 -13
leaf_value=-0.023402157563776848 -0.019578476827568168 0.066517112507248496 0.031251264894839162 -0.015528024067293259 -0.0014381567048827001 0.054735072230688429 0.021076210758282428 -0.017768130300531367 0.011085690780782696 0.013564518419373684 0.010119605507406948 -0.00070165514979967812
leaf_weight=34.239115670323365 5.5635957419872337 4.9357154369354239 2.2570561170577994 1.9823711626231659 2.1005379930138588 3.4924487732350826 1.952567197382449 4.833095956593751 9.1333149671554548 3.2142616584897041 2.2399959564208984 6.8508640825748506
leaf_count=625 81 55 30 28 28 41 27 85 149 40 28 119
internal_value=0.000281374 0.0258448 -0.0103309 0.00814785 0.0236956 0.0384213 -0.0130314 -0.01499 0 -0.00689884 0.0552819 -0.0198952
internal_weight=82.7949 23.5289 59.266 16.3532 7.57536 5.59299 57.009 55.0564 13.9664 8.77786 7.17571 41.09
internal_count=1336 301 1035 218 97 69 1005 978 234 121 83 744
is_linear=0
shrinkage=0.03


Tree=12
num_leaves=15
num_cat=0
split_feature=6 0 3 11 7 11 11 2 5 1 11 9 1 3
split_gain=23.9706 15.1067 12.2031 6.17192 4.9563 4.49448 3.5988 3.52758 3.54843 2.85966 2.20704 2.09435 1.66086 0.514517
threshold=0.036300000000000006 8.0195500000000006 0.00125 0.22065000000000004 9.2011500000000002 0.22310000000000005 0.21360000000000004 0.81975000000000009 -5558.1249999999991 -0.0081499999999999993 0.11210000000000002 18.998650000000001 -0.0073499999999999998 -0.030449999999999994
decision_type=2 2 2 2 2 2 2 2 2 2 2 2 2 2
left_child=1 4 13 9 7 10 -4 11 -9 -3 -6 -1 -5 -2
right_child=2 3 6 12 5 -7 -8 8 -10 -11 -12 -13 -14 -15
leaf_value=-0.010269615628320341 0.070800313624129071 0.0024816542265040293 -0.017982836773817425 0.0091299484502408539 0.011585482529836133 0.033228443096491291 0.020811989534286358 -0.019208347361091602 0.0077224126073900511 0.044844302010193272 -0.016784188623175031 -0.027889835916833892 -0.01727685756716104 0.017907002810501432
leaf_weight=13.558382429182528 3.5084252245724201 2.3124078474938869 2.7227150723338127 2.3119970560073853 2.1471070460975152 1.6838493458926675 1.9518032446503637 5.5621912218630305 8.57734292373061 4.9520309865474683 4.3862138688564301 22.380886819213629 2.3386257663369179 2.1691087000071985
leaf_count=243 41 29 42 25 36 25 24 94 143 59 77 414 27 25
internal_value=-0.000959531 -0.0075777 0.0376433 0.0208315 -0.0139324 0.00619226 0 -0.0174031 -0.00375318 0.0351301 -0.00657905 -0.0222133 -0.00490022 0.0609121
internal_weight=80.5631 70.211 10.3521 11.9151 58.296 8.21717 4.67452 50.0788 14.1395 7.26444 6.53332 35.9393 4.65062 5.67753
internal_count=1304 1172 132 140 1032 138 66 894 237 88 113 657 52 66
is_linear=0
shrinkage=0.03


Tree=13
num_leaves=15
num_cat=0
split_feature=0 8 3 1 3 11 11 10 11 2 8 9 9 0
split_gain=28.4966 11.0955 9.62257 7.56334 7.85611 5.60008 3.7045 3.6042 5.56405 5.01492 3.41516 3.12365 1.07705 0.723551
threshold=4.9272500000000008 8.1010500000000025 0.0047500000000000007 -0.0079499999999999987 -0.022699999999999994 0.22570000000000004 0.15675000000000003 8867.3150500000029 0.26535000000000003 0.83890000000000009 6.9317000000000011 21.990450000000003 14.82455 18.849100000000004
decision_type=2 2 2 2 2 2 2 2 2 2 2 2 2 2
left_child=3 2 5 7 6 11 -5 8 9 -1 -6 -2 -3 -4
right_child=1 12 13 4 10 -7 -8 -9 -10 -11 -12 -13 -14 -15
leaf_value=-0.015888943219451838 0.018671357682038828 0.015319636108116302 -0.020110674944885751 0.053282565683422468 -0.018452324308110776 0.049895400287712215 0 -0.022356312580654257 0.022146511168589296 0.021393017819351681 0.017618651576958688 -0.015766774149096847 0.062836531089551145 -0.00029441763377471993
leaf_weight=21.014592345803983 3.88662869110704 2.3762713633477679 3.5605624914169303 2.2125007510185246 5.0894483216106874 3.8052550777792931 1.7668393254280088 20.881144292652607 3.5464983023703089 1.9453520216047753 1.6310813464224336 2.0186706036329269 5.4773953706026077 2.8983008973300457
leaf_count=394 54 26 56 30 82 43 26 390 57 31 24 26 53 41
internal_value=0.00300929 0.0291984 0.0119397 -0.00838311 0.0126188 0.0287096 0.0379806 -0.013505 -0.00534753 -0.0111488 -0.00732089 0.00550895 0.0547914 -0.0137452
internal_weight=82.1105 24.0231 16.1694 58.0875 10.6999 9.71055 3.97934 47.3876 26.5064 22.9599 6.72053 5.9053 7.85367 6.45886
internal_count=1333 299 220 1034 162 123 56 872 482 425 106 80 79 97
is_linear=0
shrinkage=0.03


Tree=14
num_leaves=15
num_cat=0
split_feature=0 9 5 1 3 1 5 8 10 4 1 1 8 4
split_gain=26.0753 8.63245 8.0682 8.00673 6.34138 10.5378 6.69963 6.00573 4.70709 3.115 2.83884 2.1686 1.47464 1.26154
threshold=4.9272500000000008 31.592300000000005 -5392.3749999999991 -0.0081499999999999993 -0.022699999999999994 -0.0079499999999999987 -5487.1249999999991 8.9578000000000024 8808.3001000000022 12.480500000000001 -0.010549999999999999 -0.0076499999999999997 10.134100000000002 12.595900000000002
decision_type=2 2 2 2 2 2 2 2 2 2 2 2 2 2
left_child=1 4 3 10 5 9 -7 8 -5 -1 -2 -4 13 -6
right_child=2 -3 11 7 12 6 -8 -9 -10 -11 -12 -13 -14 -15
leaf_value=0.0064612867381992813 0.0099464740812368457 0.031764915542506822 0.061334942919614145 0.024163826881210566 -0.023372339874516895 -0.0059338782141478575 0.057733142746962167 0.054741169304668276 -0.014350647845878872 -0.019180683128872219 -0.022363615515917559 0.015735732351223643 0.003830376478103244 -0.0014169405974527266
leaf_weight=5.0539944432675865 2.2835800535976887 2.2193426676094523 4.0439662598073483 4.3536167219281197 30.619316183030605 1.7049144431948664 2.0032103545963755 2.4368213191628456 3.3196328058838844 10.390507657080887 4.6110304556787058 3.5457596443593493 1.3812782391905774 3.1444978564977637
leaf_count=91 34 29 45 56 567 27 26 22 43 195 64 38 25 57
internal_value=0.000880137 -0.0102987 0.0255241 0.0113038 -0.0131386 0.000664356 0.0361123 0.0264296 0.00766935 -0.010839 -0.0114946 0.0480695 -0.0203722 -0.0216051
internal_weight=81.1115 56.5171 24.5944 17.0047 54.2977 19.1526 3.70812 10.1101 7.67325 15.4445 6.89461 7.58973 35.1451 33.7638
internal_count=1319 1017 302 219 988 339 53 121 99 286 98 83 649 624
is_linear=0
shrinkage=0.03


Tree=15
num_leaves=15
num_cat=0
split_feature=0 1 3 3 4 7 3 0 0 9 7 2 11 4
split_gain=29.1118 10.6984 7.88853 7.17302 6.34667 10.6262 6.13658 4.16665 2.78868 2.60274 3.11349 2.81872 2.34639 1.68876
threshold=5.0072500000000009 -0.0076499999999999997 0.013750000000000002 -0.025349999999999994 12.449400000000002 8.592150000000002 0.044150000000000009 18.590450000000004 18.849100000000004 25.257750000000005 8.9004500000000011 0.82130000000000003 0.25485000000000008 12.509500000000001
decision_type=2 2 2 2 2 2 2 2 2 2 2 2 2 2
left_child=1 9 4 -3 -2 -6 -4 -7 -8 11 -11 -1 -13 -5
right_child=2 3 6 13 5 7 8 -9 -10 10 -12 12 -14 -15
leaf_value=-0.022117481681739985 0.00043385687661555487 0.040111902806527239 -0.020773399973865229 -0.015032904158413825 -0.0047348789763705925 0.070641818397766093 -0.0017837245808264022 0.017983326063688434 0.038088329573749427 -0.014584292367149932 0.023846662636025043 -0.010022682872056011 0.017720026455469017 0.010031985909726678
leaf_weight=32.934766802936792 3.4661325104534688 3.79369255900383 3.7219316549599162 3.6892714127898198 2.5654658377170554 6.9303383342921716 2.162089679390192 3.8697796314954758 1.8396932482719419 1.8654169365763658 1.77432294934988 9.2633410394191724 1.6333518177270878 2.2804484330117702
leaf_count=640 44 51 52 61 33 71 32 39 24 35 30 164 26 34
internal_value=0.00166362 -0.0100403 0.0277581 0.0161357 0.0382423 0.0465193 0.00143561 0.0577661 0.0226305 -0.0159192 0.00543121 -0.0179173 -0.00352849 -0.00496691
internal_weight=81.79 57.2346 24.5554 9.76341 16.8317 13.3656 7.72371 10.8001 4.00178 47.4712 3.63974 43.8315 10.8967 5.96972
internal_count=1336 1041 295 146 187 143 108 110 56 895 65 830 190 95
is_linear=0
shrinkage=0.03


Tree=16
num_leaves=15
num_cat=0
split_feature=1 6 10 11 2 3 10 10 2 9 5 10 5 3
split_gain=19.1224 10.1859 10.0059 9.78703 6.76141 5.80521 4.52512 7.98964 2.6355 3.34745 4.05543 2.66573 2.25922 2.23218
threshold=-0.008649999999999998 0.022650000000000003 8996.6449000000011 0.21160000000000004 0.75765000000000005 -0.012099999999999998 8831.8251000000018 8618.6300000000028 0.83890000000000009 16.068050000000003 -5412.8749999999991 8883.150050000002 -5279.8749999999991 -1.0000000180025095e-35
decision_type=2 2 2 2 2 2 2 2 2 2 2 2 2 2
left_child=3 12 4 8 -3 -6 7 -5 9 10 -1 -10 -2 -4
right_child=1 2 13 6 5 -7 -8 -9 11 -11 -12 -13 -14 -15
leaf_value=-0.013980764085432237 -0.0096298387455043995 0.011798273329370088 0.012370003354443264 -0.0044819328932748882 0.080214814480815771 0.018225768248357994 -0.0065507953988470091 0.050982219871803333 0.021165503183295502 -0.022413846974761703 0.027358409101850285 -0.014167882661824539 0.015967298947745762 -0.017229783908443409
leaf_weight=3.3943694159388542 8.7979058139026147 5.4235172308981436 2.6960996352136135 3.6390960626304132 4.0772236920893219 3.9030628912150833 5.2819922603666782 3.0443733558058739 1.9612286016345017 30.711301747709513 1.5315815582871426 1.7675707004964349 2.3455516509711769 2.4645950868725768
leaf_count=61 131 72 36 55 41 49 88 44 31 597 21 32 30 39
internal_value=0.00158842 0.0200337 0.0325718 -0.00938143 0.0447069 0.0599253 0.0127598 0.0263604 -0.0164754 -0.018917 0.00262795 0.00479383 -0.00240389 -0.00221113
internal_weight=81.0395 29.708 18.5645 51.3315 13.4038 7.98029 11.9655 6.68347 39.3661 35.6373 4.92595 3.7288 11.1435 5.16069
internal_count=1327 398 237 929 162 90 187 99 742 679 82 63 161 75
is_linear=0
shrinkage=0.03


Tree=17
num_leaves=15
num_cat=0
split_feature=0 5 8 3 5 1 2 1 5 2 4 6 11 10
split_gain=18.942 9.79165 7.33172 5.97867 7.34733 7.71248 5.2969 4.09447 4.01298 3.34983 3.27798 3.23501 1.57695 0.807052
threshold=4.9272500000000008 -5394.3749999999991 8.3458500000000004 -0.030949999999999995 -5511.8749999999991 -0.008349999999999998 0.85635000000000006 -0.0076499999999999997 -5442.1249999999991 0.81380000000000008 12.614700000000001 0.014550000000000002 0.22570000000000004 8511.8999500000009
decision_type=2 2 2 2 2 2 2 2 2 2 2 2 2 2
left_child=3 2 9 4 13 8 10 -3 -6 12 11 -5 -2 -1
right_child=1 7 -4 6 5 -7 -8 -9 -10 -11 -12 -13 -14 -15
leaf_value=0.00080439467521186987 -0.023986389493883136 0.057375345132149091 0.028930381293655615 0.005209008571806375 0.025340064882901688 0.051863992825328602 0.021302483480828967 0.0095998343367373288 -0.013455650441040301 0.011915934983000184 0.01226971130622273 -0.024037030458286611 0.0013873399512608251 -0.019660999795707981
leaf_weight=1.6746368370950246 6.0584163665771538 4.6098827198147774 5.2077152654528609 2.8755064494907847 1.680071976035834 2.2657238729298088 1.3884467110037793 3.6263323463499528 4.8964777663350105 3.4066359773278228 1.4085642807185639 33.572415966540575 2.4507165402173996 5.9195874333381653
leaf_count=28 92 47 51 54 30 26 22 38 93 43 25 640 31 111
internal_value=-0.00124788 0.0193016 0.00464504 -0.0110037 0.00373948 0.0204472 -0.0171331 0.0426189 0 -0.00838563 -0.0196163 -0.0215007 -0.0175198 -0.0156085
internal_weight=81.0411 25.3597 17.1235 55.6814 16.4365 8.84227 39.2449 8.23622 6.57655 11.9158 37.8565 36.4479 8.50913 7.59422
internal_count=1331 302 217 1029 288 149 741 85 123 166 719 694 123 139
is_linear=0
shrinkage=0.03


Tree=18
num_leaves=15
num_cat=0
split_feature=8 1 3 9 2 9 11 7 9 2 4 11 11 2
split_gain=15.5228 11.9108 9.57105 8.064 7.10188 6.79669 6.17136 5.84899 5.79944 3.87056 3.60318 1.67062 1.02116 0.570491
threshold=6.7387000000000006 -0.0084499999999999974 0.0047500000000000007 21.399100000000001 0.6785500000000001 19.196850000000001 0.24785000000000004 8.7962000000000025 19.448650000000004 0.80525000000000013 12.461500000000003 0.3564500000000001 0.26535000000000003 0.76965000000000006
decision_type=2 2 2 2 2 2 2 2 2 2 2 2 2 2
left_child=2 7 4 9 -1 10 -7 12 -9 -3 -6 -4 -2 -10
right_child=1 3 11 -5 5 6 -8 8 13 -11 -12 -13 -14 -15
leaf_value=-0.023486653538578661 -0.022764883120122027 -0.0096717486745065053 -0.025128048336974868 0.060316866796777772 -0.0013172670902142007 -0.013489497789167129 0.024314812307582867 0.037448782395056175 -0.015081076972438014 0.028504964114479052 0.034278355959397794 0.0029282325826220285 0.00081266462913508989 0.0027257019339766435
leaf_weight=6.0255574770271769 5.2802790366113204 3.4918327629566175 21.25398609414697 5.3278818875551224 3.0941018089652079 12.889579281210901 3.2659315131604663 3.1601718664169312 1.9095752052962782 2.4084529504179955 7.4640544354915619 1.4489396288990963 1.6559142917394636 1.4734916426241396
leaf_count=117 98 44 399 51 51 229 42 48 32 26 118 22 25 24
internal_value=-0.000198476 0.0186661 -0.00901485 0.0388975 0.00145068 0.00842418 -0.00384527 -0.000840755 0.0168261 0.00880312 0.0250596 -0.0231239 -0.0178783 -0.00863688
internal_weight=80.1497 24.7076 55.4422 11.2282 32.7392 26.7137 16.1555 13.4794 6.54324 5.90029 10.5582 22.7029 6.93619 3.38307
internal_count=1326 348 978 121 557 440 271 227 104 70 169 421 123 56
is_linear=0
shrinkage=0.03


Tree=19
num_leaves=15
num_cat=0
split_feature=0 10 11 5 3 1 10 0 2 11 1 2 7 5
split_gain=21.2372 7.94096 8.63618 7.5542 6.3372 5.64051 3.93121 3.79325 4.02534 5.64152 1.61423 1.07133 1.05774 0.863392
threshold=8.0195500000000006 8992.5201000000015 0.21160000000000004 -5779.6249999999991 -0.011649999999999999 -0.0084499999999999974 8639.090000000002 26.942250000000005 0.76560000000000017 0.21360000000000004 -0.0051499999999999992 0.84345000000000014 9.286900000000001 -5500.7499999999991
decision_type=2 2 2 2 2 2 2 2 2 2 2 2 2 2
left_child=1 2 4 -4 5 -1 -5 8 9 13 12 -6 -3 -2
right_child=7 10 3 6 11 -7 -8 -9 -10 -11 -12 -13 -14 -15
leaf_value=-0.0048051594570799007 -0.013848152312951825 -0.026544017899107063 -0.012397250959636013 0.0038636540024274985 -0.021033732996846275 0.033670780932725422 0.04975742945020558 -0.004224384188819404 0.046811026538085901 0.032329995136901386 0.0033677241176093687 0.0013680898267827233 -0.0013238249849646009 0.0051855562686826725
leaf_weight=9.3695416525006276 3.1948873028159177 16.391810726374395 2.9409942217171192 3.0080403015017492 15.479316830635073 2.9977329522371319 4.203425869345665 2.4294175393879405 7.3038377650082102 4.8494006246328354 1.4038655273616303 1.6166627518832672 2.1416336856782427 1.9726908728480355
leaf_count=184 44 319 51 46 312 40 60 27 72 49 21 26 39 22
internal_value=0.00150547 -0.00749782 0.000425293 0.0219512 -0.00782062 0.00770119 0.0359352 0.0269842 0.031501 0.0141551 -0.0219814 -0.0188368 -0.0241886 -0.00674412
internal_weight=79.3033 59.553 39.6157 10.1525 29.4633 12.3673 7.21147 19.7502 17.3208 10.017 19.9373 17.096 18.5334 5.16758
internal_count=1312 1098 719 157 562 224 106 214 187 115 379 338 358 66
is_linear=0
shrinkage=0.03


Tree=20
num_leaves=15
num_cat=0
split_feature=0 1 4 7 3 8 3 9 11 2 6 0 7 0
split_gain=18.7208 7.42429 7.23051 7.64931 6.2102 6.21454 4.98038 3.81903 3.80236 3.34002 3.33954 2.8978 2.67956 2.50326
threshold=4.9272500000000008 -0.0066499999999999988 12.458000000000002 8.592150000000002 0.013750000000000002 6.9007000000000014 -0.033999999999999996 25.163150000000005 0.12925000000000003 0.82085000000000008 0.043250000000000004 18.590450000000004 8.5983500000000017 14.960000000000003
decision_type=2 2 2 2 2 2 2 2 2 2 2 2 2 2
left_child=1 7 13 -4 11 -6 -3 9 -9 10 -1 -5 -11 -2
right_child=2 6 3 4 5 -7 -8 8 -10 12 -12 -13 -14 -15
leaf_value=-0.021177921047970061 -0.018718906808528592 0.040830310157583906 -0.0075214577637916537 0.061979194471204327 -0.017966304894115867 0.03101045321678245 -0.0026148512261718266 -0.013846704725653828 0.028059332462344357 -0.015694239358658265 0.013300839891486754 0.01784996988638685 0.0100334550905159 0.01073714695625308
leaf_weight=30.178209103643898 2.9119820185005691 2.4918238259851933 3.0687903240323093 6.7311645150184649 2.733890999108552 2.6873087361454964 4.3165013678371897 1.7093374393880356 2.502329096198082 3.9918017089366895 1.3172939717769612 4.4386224001646042 7.2954089529812336 3.5193262360990047
leaf_count=629 43 29 41 60 44 28 68 33 43 76 19 43 126 41
internal_value=0.00304437 -0.00704734 0.0229815 0.0313143 0.0386954 0.0077218 0.0186058 -0.0114329 0.0115863 -0.0141822 -0.0189382 0.0500448 0 -0.00352082
internal_weight=79.8938 53.8027 26.0911 19.6598 16.591 5.4212 6.80833 46.9944 4.21167 42.7827 31.4955 11.1698 11.2872 6.43131
internal_count=1323 1023 300 216 175 72 97 926 76 850 648 103 202 84
is_linear=0
shrinkage=0.03


Tree=21
num_leaves=11
num_cat=0
split_feature=0 9 6 5 5 1 2 2 10 0
split_gain=17.9027 8.88111 7.08667 6.66911 6.2593 3.58739 3.47121 2.68211 1.45632 0.336545
threshold=8.0195500000000006 31.592300000000005 0.043850000000000007 -5392.3749999999991 -6357.1249999999991 -0.0050499999999999998 0.76865000000000017 0.81975000000000009 8802.0499000000018 17.003600000000002
decision_type=2 2 2 2 2 2 2 2 2 2
left_child=1 2 5 4 -2 7 9 -1 -8 -6
right_child=3 -3 -4 -5 6 -7 8 -9 -10 -11
leaf_value=-0.018063063227310182 0.036362405259555294 0.032243297198544081 0.02752304223240103 0.046835975693448849 -0.0020021899264157472 0.015105757704337551 0.022540321491436314 -0.0022177412931110438 -0.0032677485338136227 -0.020412431777358089
leaf_weight=35.940014149993658 3.6180880963802347 3.0839026160538188 2.503975484520196 6.50500813871622 2.1081330180168152 2.4410535693168631 2.8429197147488594 14.312397271394728 2.2696004211902618 3.4587361477315426
leaf_count=741 41 37 33 57 24 34 28 247 24 44
internal_value=0.00261046 -0.00598061 -0.00922141 0.0252247 0.010667 -0.0119649 -0.00216433 -0.0138652 0.0129643 -0.016209
internal_weight=79.0838 58.2813 55.1974 20.8025 14.2975 52.6935 10.6794 50.2524 5.11252 5.56687
internal_count=1310 1092 1055 218 161 1022 120 988 52 68
is_linear=0
shrinkage=0.03


Tree=22
num_leaves=15
num_cat=0
split_feature=0 1 8 11 6 10 1 11 5 4 0 10 5 11
split_gain=17.3586 7.56841 5.44241 11.3639 5.73932 5.33451 5.03358 4.07099 3.51809 3.94063 2.73143 2.34231 1.83415 0.544943
threshold=4.9272500000000008 -0.0066499999999999988 8.0238000000000014 0.22065000000000004 0.022950000000000002 8831.8251000000018 -0.0081499999999999993 0.21160000000000004 -5392.3749999999991 12.509500000000001 1.0682000000000003 8643.0848500000011 -5394.3749999999991 0.15015000000000003
decision_type=2 2 2 2 2 2 2 2 2 2 2 2 2 2
left_child=1 5 3 12 -5 7 -4 10 9 -3 -1 -9 13 -2
right_child=2 8 6 4 -6 -7 -8 11 -10 -11 -12 -13 -14 -15
leaf_value=-0.017304500152052333 -0.022688135771042235 -0.018272281771494682 0.0019803672287185938 -0.0010205778454692876 0.047894823793022526 -0.022581836505585387 0.048746293170496863 -0.0011746154184019897 0.037281950394455775 0.022472264901633763 0.0045377087332847737 0.031652175889872285 0.0057716322226849838 -0.00176234511371052
leaf_weight=11.018004640936857 4.9953769259154823 2.816728875041008 3.1387651115655899 2.9051930829882613 4.6298847086727619 21.852496027946472 6.6134095266461355 3.0682846792042247 2.2918488644063464 1.838354457169771 7.1041256450116625 2.2390921749174595 2.6979024559259441 2.1522558704018593
leaf_count=234 78 45 33 32 47 454 51 51 27 24 140 33 32 31
internal_value=0.0020593 -0.0079868 0.0207211 0.00864863 0.0324623 -0.0125707 0.0368484 -0.00207377 0.0176879 0 -0.00899299 0.0171365 -0.0117272 -0.018478
internal_weight=79.3617 52.2289 27.1328 17.3806 7.53508 45.282 9.75217 23.4295 6.94693 4.65508 18.1221 5.30738 9.84554 7.14763
internal_count=1312 1008 304 220 79 912 84 458 96 69 374 84 141 109
is_linear=0
shrinkage=0.03


Tree=23
num_leaves=15
num_cat=0
split_feature=0 2 7 4 5 7 5 1 4 0 10 6 9 11
split_gain=14.9142 11.2337 9.17372 8.96532 10.4548 4.71527 6.15503 4.03591 1.9182 1.64337 1.59162 0.982341 0.454975 0.028298
threshold=0.74320000000000008 0.67530000000000012 8.5197500000000019 12.447100000000001 -5511.8749999999991 8.8101000000000003 -5580.8749999999991 -0.011049999999999999 12.595900000000002 17.003600000000002 9006.4550000000036 0.021350000000000004 27.055000000000003 0.14595000000000002
decision_type=2 2 2 2 2 2 2 2 2 2 2 2 2 2
left_child=5 -2 13 9 -5 8 -7 11 12 -4 -9 -8 -1 -3
right_child=1 2 3 4 -6 6 7 10 -10 -11 -12 -13 -14 -15
leaf_value=-0.027770911938756016 -0.023108521425033154 -0.019313712093440377 -0.01652974061268558 0.0084457685259040627 0.044428688864033915 -0.022614230387593255 0.0051089064029399651 0.035140555140449448 0.0039526459060414765 0.0078295438685300131 0.00020540245476513244 -0.015981156179723063 -0.0019233880366772769 -0.0026639490176893223
leaf_weight=15.195255499333149 5.4913496747612944 3.286177046597003 4.1791827008128157 14.764144863933323 15.591016661375763 5.2666318230330935 2.0856124088168135 3.3460056111216536 1.3615976199507702 2.4371649026870728 1.7581814117729662 2.2286761812865734 1.2206339426338662 1.2976961396634576
leaf_count=324 99 61 68 222 179 106 42 55 25 27 33 46 21 23
internal_value=0.000894387 0.0115347 0.0170324 0.0220349 0.0286239 -0.0142136 -0.000983024 0.0126924 -0.0237864 -0.00747408 0.0269747 -0.00692178 -0.0264295 -0.0172969
internal_weight=79.5093 47.0467 41.5554 36.9715 30.3552 32.4626 14.6851 9.41848 17.7775 6.61635 5.10419 4.31429 16.4159 4.58387
internal_count=1331 679 580 496 401 652 282 176 370 95 88 88 345 84
is_linear=0
shrinkage=0.03


Tree=24
num_leaves=15
num_cat=0
split_feature=0 1 8 11 6 3 10 10 4 11 8 6 3 9
split_gain=15.5022 6.30035 5.14527 8.96904 5.81585 4.8878 3.63062 4.92958 5.5227 4.13558 2.73806 2.14566 1.9193 0.415253
threshold=4.9272500000000008 -0.0076499999999999997 8.1468000000000007 0.22065000000000004 0.022950000000000002 -0.024549999999999999 8867.3150500000029 8748.2150500000025 12.484700000000002 0.12495000000000002 6.9616000000000007 0.025550000000000003 0.014800000000000002 22.817250000000005
decision_type=2 2 2 2 2 2 2 2 2 2 2 2 2 2
left_child=1 6 3 11 -5 -3 7 8 -1 -9 -7 12 -2 -4
right_child=2 5 13 4 -6 10 -8 9 -10 -11 -12 -13 -14 -15
leaf_value=0.0097692047234579239 0.014614754034251116 0.031000610427306983 0.017810004913126381 -0.0022140107287800595 0.044772468323946837 -0.016420355686294869 -0.020747477157105162 -0.012482298456671086 -0.020910986324774554 0.031544064310957173 0.016217740299355993 -0.019087464579814275 -0.013403883154211324 0.048695297677604749
leaf_weight=6.6617677137255731 3.7365197539329582 4.5713341571390629 4.9457399696111661 3.0802806839346868 5.2505663484334946 4.2058306224644166 17.990913361310959 1.4664351157844056 12.49785530567169 3.6902403384447098 1.7206473387777803 5.1223677359521389 1.6000857874751089 3.7558191791176796
leaf_count=130 50 54 44 33 51 72 391 32 255 72 24 69 28 28
internal_value=0.00342748 -0.00605654 0.0209213 0.00995741 0.0300438 0.0129746 -0.011219 -0.00301416 -0.0101867 0.0186154 -0.00486489 -0.00805566 0.00444111 0.0380304
internal_weight=80.2964 52.805 27.4914 18.7898 8.33085 10.4978 42.3072 24.3163 19.1596 5.15668 5.92648 10.459 5.33661 8.70156
internal_count=1333 1030 303 231 84 150 880 489 385 104 96 147 78 72
is_linear=0
shrinkage=0.03


Tree=25
num_leaves=15
num_cat=0
split_feature=8 11 10 1 3 1 5 1 5 11 5 11 4 0
split_gain=14.7273 10.1302 9.15857 5.58664 4.85204 4.47118 6.08293 3.41722 2.91486 2.68863 2.20742 2.03332 1.74747 1.9213
threshold=8.806300000000002 0.21160000000000004 8831.8251000000018 -0.0081499999999999993 -0.014849999999999999 -0.0084499999999999974 -5399.8749999999991 -0.011149999999999998 -5397.3749999999991 0.10435000000000001 -5518.8749999999991 0.26965000000000006 12.547900000000002 4.492700000000001
decision_type=2 2 2 2 2 2 2 2 2 2 2 2 2 2
left_child=1 4 7 8 5 9 -7 -3 -2 -1 -4 -12 -6 -14
right_child=3 2 10 -5 12 6 -8 -9 -10 -11 11 -13 13 -15
leaf_value=0.010475525049289329 -0.0096469428896169222 0 -0.020946522735332554 0.04771844391515373 -0.022539079694413398 -0.0043411017715907349 0.043088245472485749 0.038027212994405202 0.02487905297974766 -0.016295656972541959 0.019613550464099554 -0.010144283359539484 -0.012314356410974203 0.01332451529522919
leaf_weight=2.9737810157239464 3.5869700089097023 2.7515606433153144 3.9379546828567982 5.6131357103586179 21.310891721397642 4.5966703072190285 2.3305746279656878 8.0659051090478915 1.657619025558233 10.098299115896223 2.0164820887148363 2.3263587206602097 6.0782228857278806 1.932716518640518
leaf_count=58 58 44 67 45 429 61 24 92 22 210 26 33 127 25
internal_value=0.00162323 -0.00376965 0.0137979 0.0311399 -0.0109033 0.000450617 0.0173581 0.0299281 0.00470709 -0.0094245 -0.00870456 0.00502766 -0.0182774 -0.00440284
internal_weight=79.2771 68.4194 19.0983 10.8577 49.3212 19.9993 6.92724 10.8175 5.24459 13.0721 8.2808 4.34284 29.3218 8.01094
internal_count=1321 1196 262 125 934 353 85 136 80 268 126 59 581 152
is_linear=0
shrinkage=0.03


Tree=26
num_leaves=14
num_cat=0
split_feature=2 3 8 4 3 6 5 5 8 2 11 5 10
split_gain=9.79846 8.99631 13.493 8.43182 6.37959 6.31421 4.07536 2.61428 1.83247 1.56835 1.90275 1.27797 0.996699
threshold=0.67530000000000012 0.0047500000000000007 6.7387000000000006 12.446200000000001 0.028450000000000003 0.033150000000000006 -5558.1249999999991 -5580.8749999999991 8.1010500000000025 0.84240000000000015 0.34490000000000004 -5500.7499999999991 8746.3800000000028
decision_type=2 2 2 2 2 2 2 2 2 2 2 2 2
left_child=8 3 9 12 11 6 -5 -6 -1 10 -3 -4 -2
right_child=1 2 4 5 7 -7 -8 -9 -10 -11 -12 -13 -14
leaf_value=-0.025931046231681066 0.0021351673290556572 -0.026142061338119232 -0.016377458859507078 -0.0013699750016887208 0.0045718186953991897 0.044156131468723894 0.021409963321719051 0.052184171969220865 0.0045192642112705335 0.0037091566816923917 0.0043083281850286861 0.0082405019281232179 -0.017936754880763319
leaf_weight=9.5336818732321245 2.3903928250074378 15.135947130620488 2.19502866268158 10.793049104511736 2.0754848197102547 6.7873941250145426 16.212666429579262 2.5932851620018482 1.2804218046367157 1.3826730400323857 1.3062587864696968 1.6222114264965037 4.6960754953324795
leaf_count=203 39 307 36 187 32 64 250 34 19 23 18 17 77
internal_value=0.00215904 0.00660479 -0.00670073 0.0151515 0.0212163 0.021245 0.0127356 0.039187 -0.0219489 -0.0209423 -0.0233554 -0.00616359 -0.0118563
internal_weight=78.0046 67.1905 26.3109 40.8796 8.48601 33.7931 27.0057 4.66877 10.8141 17.8249 16.4422 3.81724 7.08647
internal_count=1306 1084 467 617 119 501 437 66 222 348 325 53 116
is_linear=0
shrinkage=0.03


Tree=27
num_leaves=14
num_cat=0
split_feature=7 4 1 3 9 5 4 2 3 0 3 7 6
split_gain=12.2587 10.0746 11.356 7.93682 6.69155 7.06939 5.32531 4.90008 3.40616 1.43355 0.872701 0.374019 0.334844
threshold=8.5783500000000021 12.446200000000001 -0.0085499999999999986 0.013750000000000002 16.068050000000003 -5460.7499999999991 12.461700000000002 0.7490500000000001 0.10885000000000002 15.330450000000001 0.051750000000000011 8.7118500000000019 0.017250000000000005
decision_type=2 2 2 2 2 2 2 2 2 2 2 2 2
left_child=9 10 4 7 5 -3 -6 -4 -5 12 11 -2 -1
right_child=1 2 3 8 6 -7 -8 -9 -10 -11 -12 -13 -14
leaf_value=-0.0056527707861602399 -0.0030162052079542342 -0.0053995105079762459 0.010662366455370748 -0.013058361141111419 0.02691478129823717 0.052294355094812277 -0.010294913569333788 0.050916405641614572 0.022671310213237747 0.003803657046639704 0.0016386768695588164 -0.021676105372215971 -0.024863180560363268
leaf_weight=2.8323511742055407 2.3338395319879037 2.7374866306781769 5.4767407327890458 4.4783957861363879 2.0347205549478558 2.2003581933677188 23.271532371640205 9.8934236802160722 1.8149553053081033 1.2992280162870873 1.5911428369581688 7.2753157690167427 11.846311178058384
leaf_count=57 40 46 63 66 27 22 467 91 26 13 30 131 239
internal_value=0.00196598 0.00800891 0.0135915 0.0291665 0.00122504 0.027541 -0.00544105 0.0396248 0 -0.0199707 -0.0157754 -0.0187029 -0.0224586
internal_weight=79.0858 63.1079 51.9076 21.6635 30.2441 4.93784 25.3063 15.3702 6.29335 15.9779 11.2003 9.60916 14.6787
internal_count=1318 1009 808 246 562 68 494 154 92 309 201 171 296
is_linear=0
shrinkage=0.03


Tree=28
num_leaves=15
num_cat=0
split_feature=0 7 3 4 3 2 2 11 1 0 11 1 9 2
split_gain=14.7372 10.8089 10.3966 9.20752 8.72647 7.51575 4.05909 3.55948 3.23223 2.18698 1.81109 0.62655 0.616305 0.51791
threshold=0.74320000000000008 8.5406000000000013 0.013750000000000002 12.446200000000001 0.10885000000000002 0.6785500000000001 0.83270000000000011 0.28130000000000005 -0.011449999999999998 -5.1990999999999987 0.13295000000000004 -0.0074499999999999992 17.955900000000003 0.82750000000000001
decision_type=2 2 2 2 2 2 2 2 2 2 2 2 2 2
left_child=6 13 3 12 7 -5 9 -4 -8 10 -1 -11 -3 -2
right_child=1 2 4 5 -6 -7 8 -9 -10 11 -12 -13 -14 -15
leaf_value=-0.015479522063525573 -0.020732492755763061 -0.016932743870430363 -0.025503701019005839 -0.0042519451175584118 0.033268169775608057 0.039927452884831113 -0.013623673854258824 0.0092925385549717833 0.02556622259488733 -0.025404797856283676 0.011710944097584304 -0.0037874415124030691 0.0017557494194501463 -0.0011171525439065157
leaf_weight=2.0662165470421376 6.4052931480109674 2.3786453604698212 8.0392338745295984 3.5379159860312965 2.0997768379747859 20.154898814857006 1.6659180112183096 2.2743577845394602 2.1569348499178878 18.728133924305446 2.7958353087306023 2.4630798697471574 1.5435345023870466 2.0837845169007778
leaf_count=40 112 38 142 56 30 223 32 26 32 433 47 40 24 35
internal_value=0.000353596 0.0104592 0.0169694 0.0266798 -0.00512898 0.0333962 -0.0155898 -0.0173238 0.0091594 -0.0197224 -0.000550758 -0.0235649 -0.0109623 -0.0173347
internal_weight=78.3936 48.5174 40.0284 27.615 12.4134 23.6928 29.8761 10.3136 3.82285 26.0533 4.86205 21.1912 3.92218 8.48908
internal_count=1310 686 539 341 198 279 624 168 64 560 87 473 62 147
is_linear=0
shrinkage=0.03


Tree=29
num_leaves=15
num_cat=0
split_feature=7 5 1 1 8 4 4 10 1 3 3 4 5 11
split_gain=11.3846 10.1647 6.71677 5.5004 7.56108 6.53085 4.68792 3.81829 2.95753 2.7437 1.47984 1.1027 0.947542 0.270106
threshold=8.5197500000000019 -5394.3749999999991 -0.011749999999999998 -0.0081499999999999993 8.9578000000000024 12.509500000000001 12.449400000000002 9003.5300000000007 -0.013449999999999998 -0.032399999999999991 0.0029000000000000002 12.526100000000001 -5234.3749999999991 0.28475000000000006
decision_type=2 2 2 2 2 2 2 2 2 2 2 2 2 2
left_child=13 3 10 8 5 -5 12 -8 11 -10 -3 -2 -4 -1
right_child=1 2 6 4 -6 -7 7 -9 9 -11 -12 -13 -14 -15
leaf_value=-0.025608599769138322 -0.0030544213307105257 -0.017498290420679838 0.0089923313746947762 -0.015392759882585634 0.039190716115273874 0.021568980525345914 0.044259666042945553 0.0063624417998495927 0.0016465095026274078 -0.018815428411905373 0.0083421721674887764 0.023945908085237742 -0.012835508180441362 -0.002512458055342926
leaf_weight=8.9975171349942666 1.3717392049729817 2.6546818912029293 1.6533665284514429 8.8519857004284912 4.0556997284293166 5.1220670565962783 11.321285534650086 4.0759935826063147 7.7570648491382626 16.921108793467283 1.7218108698725698 1.2326730638742445 1.4733477197587515 1.2722661979496468
leaf_count=198 31 54 27 129 31 60 132 55 139 345 34 23 25 21
internal_value=0.00282469 0.0074515 0.0228559 -0.00090742 0.0111784 -0.000652701 0.0301853 0.0362846 -0.0092148 -0.0126299 -0.00743371 0.0139237 -0.00170283 -0.0238678
internal_weight=78.4826 68.2128 22.9005 45.3123 18.0298 13.9741 18.524 15.3973 27.2826 24.6782 4.37649 2.60441 3.12671 10.2698
internal_count=1304 1085 327 758 220 189 239 187 538 484 88 54 52 219
is_linear=0
shrinkage=0.03


Tree=30
num_leaves=15
num_cat=0
split_feature=7 0 3 9 8 3 7 5 4 8 7 11 0 11
split_gain=10.2095 8.45321 12.1112 7.85089 6.17681 5.68609 3.5764 5.58536 3.62292 3.23786 1.93009 1.32644 1.05116 0.262071
threshold=8.5197500000000019 0.74320000000000008 0.013750000000000002 21.423150000000003 6.9007000000000014 -0.016999999999999998 8.8899000000000026 -5580.8749999999991 12.572750000000001 6.2704000000000013 9.0970000000000031 0.19470000000000001 -5.575899999999999 0.2788000000000001
decision_type=2 2 2 2 2 2 2 2 2 2 2 2 2 2
left_child=13 6 3 5 -4 -3 8 -8 12 -9 -6 -5 -2 -1
right_child=1 2 4 11 10 -7 7 9 -10 -11 -12 -13 -14 -15
leaf_value=-0.025610761519452123 -0.00044531053620521996 -0.0023339684152036736 -0.0248123170295559 0.017697801479184282 -0.0046294718215526779 0.027492885952824554 -0.019683723295604361 0.0012826961514322158 0.010839403735511215 0.037598889626324135 0.024245959432572375 0.05576093305120601 -0.026050785130166565 -0.0025215264953646604
leaf_weight=9.0268666297197324 1.9930508174002159 11.919540893286465 7.4050232209265214 4.3311311565339548 2.5227060094475746 8.3652454428374821 3.5439809858798981 5.2311322242021543 2.2388388812541953 2.294925395399332 2.6935154646635056 4.8866135701537132 10.039580263197424 1.2588270790874947
leaf_count=202 35 168 141 39 36 113 77 101 46 37 29 35 230 19
internal_value=0.0012987 0.00576109 0.0137802 0.0238563 -0.00960926 0.0111952 -0.00749185 0.00471564 -0.016561 0.0182405 0.0124526 0.0444876 -0.0226913 -0.0238996
internal_weight=77.751 67.4653 42.1238 29.5025 12.6212 20.2848 25.3415 11.07 14.2715 7.52606 5.21622 9.21774 12.0326 10.2857
internal_count=1308 1087 561 355 206 281 526 215 311 138 65 74 265 221
is_linear=0
shrinkage=0.03


Tree=31
num_leaves=15
num_cat=0
split_feature=7 0 3 2 10 3 7 5 2 11 2 11 11 1
split_gain=12.2956 10.7097 9.35775 5.30603 5.77815 5.02858 4.5407 7.58139 3.53123 2.96728 2.00082 1.32213 1.18874 0.452628
threshold=8.5277000000000012 0.74320000000000008 0.0093500000000000024 0.6785500000000001 8789.8550500000001 0.10885000000000002 8.8899000000000026 -5428.8749999999991 0.71855000000000013 0.28130000000000005 0.82750000000000001 0.21920000000000003 0.11225 -0.0059499999999999996
decision_type=2 2 2 2 2 2 2 2 2 2 2 2 2 2
left_child=-1 6 3 11 -5 9 10 12 -9 -4 13 -3 -8 -2
right_child=1 2 5 4 -6 -7 7 8 -10 -11 -12 -13 -14 -15
leaf_value=-0.024819167105594557 -0.025958388898606861 -0.01597691535947663 -0.019080868037855876 0.041890355364852513 0.010262207380915782 0.025810922427074872 0.0033767450040336888 -0.0051140103816427213 0.038592215583210916 0.0096131835368456695 0.0027324779444976325 0.0090398471997541786 -0.021578630760530217 -0.00082203134077833825
leaf_weight=11.708993550390003 10.037970121949909 2.1606168113648923 9.6822355575859529 13.301112756133081 10.886795703321694 2.0992148481309405 1.4174413271248338 1.6217361800372581 3.5015968084335327 2.9265481606125823 2.3507025726139537 1.5988235808908937 4.5180749744176865 1.0860883966088319
leaf_count=246 241 39 168 146 130 29 28 34 59 33 43 19 94 16
internal_value=0.00112286 0.00627388 0.0151277 0.024786 0.0296402 -0.00381511 -0.00898668 0.00472369 0.0267848 -0.0118112 -0.019589 -0.00537222 -0.015892 -0.0242321
internal_weight=78.898 67.189 42.6553 27.9473 24.1879 14.708 24.5336 11.0588 5.12333 12.6088 13.4748 3.75944 5.93552 11.1241
internal_count=1325 1079 564 334 276 230 515 215 93 201 300 58 122 257
is_linear=0
shrinkage=0.03


Tree=32
num_leaves=15
num_cat=0
split_feature=8 3 7 6 1 9 3 1 11 3 3 7 11 2
split_gain=10.6303 11.2574 7.04577 6.8741 4.44637 4.18091 4.09289 3.7034 3.68275 2.37056 2.2701 2.06192 0.338592 0.386406
threshold=6.7387000000000006 0.0047500000000000007 9.1819500000000023 0.034300000000000004 -0.0081499999999999993 18.942300000000003 -0.031499999999999993 -0.010949999999999998 0.12825000000000003 -0.037549999999999993 -0.013599999999999999 8.7962000000000025 0.36160000000000009 0.84240000000000015
decision_type=2 2 2 2 2 2 2 2 2 2 2 2 2 2
left_child=1 3 4 5 7 6 -1 11 -6 -7 -4 -2 13 -3
right_child=2 12 10 -5 8 9 -8 -9 -10 -11 -12 -13 -14 -15
leaf_value=-0.0087549153053192528 -0.005115522927726956 -0.026344395259040965 0.0096317120018055199 0.029431036714985648 0.037434144425815857 0.0017504935155268665 0.02304430539097746 -0.020503008452533399 0.00028169038934919185 -0.019409528183159483 0.049040747294274274 0.025965577426638225 -0.0017899932673708251 -0.0019469162225614256
leaf_weight=4.6937987767159939 2.7295704521238839 16.131155114620931 3.4889713041484356 5.481761507689952 2.9934411346912393 6.8502432145178345 6.6415090337395686 6.0498249232769012 5.0038983337581158 10.390260487794874 4.1511982157826415 1.5953651592135427 1.1934407241642464 1.2278960309922684
leaf_count=80 57 355 35 51 27 127 109 103 49 211 48 25 19 22
internal_value=0.00116121 -0.00653583 0.0161908 0.00376434 0.00456575 -0.00266429 0.0103135 -0.00774836 0.0191949 -0.011538 0.0370873 0.0104604 -0.0241165 -0.025153
internal_weight=78.6223 52.6101 26.0123 34.0576 18.3721 28.5758 11.3353 10.3748 7.99734 17.2405 7.64017 4.32494 18.5525 17.3591
internal_count=1318 974 344 578 261 527 189 185 76 338 83 82 396 377
is_linear=0
shrinkage=0.03


Tree=33
num_leaves=15
num_cat=0
split_feature=0 5 6 2 1 1 3 4 6 6 9 3 8 1
split_gain=9.61854 7.34833 5.02986 4.29236 4.01025 3.96983 3.75602 3.16347 3.51154 2.86118 2.58074 2.13901 2.20589 1.83695
threshold=4.9272500000000008 -5394.3749999999991 0.036300000000000006 0.82085000000000008 -0.0081499999999999993 -0.0067499999999999991 -0.022699999999999994 12.456950000000001 0.020750000000000001 0.016550000000000006 25.095000000000002 0.013750000000000002 8.0238000000000014 -0.010549999999999999
decision_type=2 2 2 2 2 2 2 2 2 2 2 2 2 2
left_child=2 5 3 9 -3 13 -4 -5 -9 10 -1 12 -7 -2
right_child=1 4 6 7 -6 11 -8 8 -10 -11 -12 -13 -14 -15
leaf_value=-0.0077858943675541128 0.0080193953192941158 0.049236879002536427 0.035594310268531007 -0.017062950414088694 0.009200412382160959 0.0028244973423993745 -0.0075823380953676349 -0.004840359587842109 0.026050778536034391 -0.018405058040812192 0.025228355106781616 -0.0047828170381951692 0.035710658734317252 -0.016183794873100021
leaf_weight=4.5492018386721602 2.4344272874295729 4.7508672773838043 2.3529113456606865 2.4809988364577285 5.4251354932785016 3.8189179189503211 1.9491667672991742 4.8919719979166967 5.2188762612640858 27.886831663548946 1.1605858728289602 2.5624737441539764 3.043236032128334 7.3059209585189819
leaf_count=102 36 40 24 46 44 40 35 92 91 622 21 35 19 95
internal_value=0.00173873 0.0148806 -0.00611711 -0.0092571 0.0331559 0.00281917 0.0193579 0.00495062 0.0125258 -0.0146453 0.00333926 0.0152925 0.0225152 -0.00954347
internal_weight=79.8315 29.341 50.4905 46.1885 10.176 19.165 4.30208 12.5918 10.1108 33.5966 5.70979 9.42463 6.86215 9.74035
internal_count=1342 309 1033 974 84 225 59 229 183 745 123 94 59 131
is_linear=0
shrinkage=0.03


Tree=34
num_leaves=11
num_cat=0
split_feature=7 2 5 4 4 0 9 8 5 0
split_gain=11.6418 7.54326 8.21911 10.887 7.78182 5.81148 6.46133 1.7385 1.64219 0.490349
threshold=8.5197500000000019 0.67530000000000012 -5511.8749999999991 12.449400000000002 12.473900000000002 0.97815000000000019 18.069550000000003 7.7879000000000014 -5286.2499999999991 -2.4672499999999995
decision_type=2 2 2 2 2 2 2 2 2 2
left_child=-1 7 5 8 -5 9 -7 -2 -4 -3
right_child=1 2 3 4 -6 6 -8 -9 -10 -11
leaf_value=-0.02610490549368839 -0.02392412930993093 -0.0052061014860041574 -0.021418374712175971 0.054368303306054244 0.015814438960589899 -0.0068275787695322243 0.025808730321479439 0.0059247859791762975 0.0049498500741824401 -0.023438400371403392
leaf_weight=9.9164383225142938 6.5693745203316203 3.8832710795104504 4.0478883683681488 5.7172258235514191 20.775514587759972 10.944375276565554 7.6233593374490729 1.163243096321821 2.0642117820680133 6.091424912214281
leaf_count=225 148 81 67 57 284 167 100 19 36 141
internal_value=0.00132053 0.0059364 0.00961316 0.0194578 0.0274721 -0.00207223 0.00763273 -0.0188308 -0.0131185 -0.0186459
internal_weight=78.7963 68.8799 61.1473 32.6048 26.4927 28.5424 18.5677 7.73262 6.1121 9.9747
internal_count=1325 1100 933 444 341 489 267 167 103 222
is_linear=0
shrinkage=0.03


Tree=35
num_leaves=15
num_cat=0
split_feature=7 0 3 8 2 10 11 1 3 2 7 9 6 11
split_gain=10.6632 9.55255 7.27233 8.29819 4.89719 3.7372 3.46566 3.20607 3.35982 2.80058 2.03325 1.61075 0.578175 0.455571
threshold=8.5197500000000019 0.74320000000000008 0.013750000000000002 6.9007000000000014 0.67710000000000015 8782.5051000000003 0.22475000000000003 -0.008349999999999998 -0.021799999999999996 0.84345000000000014 9.1819500000000023 18.433150000000001 0.019550000000000001 0.28475000000000006
decision_type=2 2 2 2 2 2 2 2 2 2 2 2 2 2
left_child=13 7 4 -4 11 -6 -5 9 -9 10 -2 -3 -10 -1
right_child=1 2 3 6 5 -7 -8 8 12 -11 -12 -13 -14 -15
leaf_value=-0.025326077157902738 -0.021414991455290151 -0.016901663041201314 -0.021591581335581658 -9.3770386578968156e-05 0.037084029918611462 0.012391148254728496 0.03915627404180199 0.025031399705551755 0.0025317062699190072 0.014891959709182521 0.0024586585723862212 0.010777676906289007 -0.015371411556670156 -0.00051359763090846509
leaf_weight=8.6207060441374761 13.594442144036302 2.3831123262643845 7.4156999401748163 3.6662032529711723 14.682345751672985 13.402103811502455 2.1199219077825546 3.1536691449582577 1.4929118826985353 1.2186520844697941 3.2885396890342227 1.4276489950716493 2.0375707726925611 1.0663857571780671
leaf_count=206 335 41 148 50 157 156 19 36 26 21 71 18 39 18
internal_value=0.00321265 0.00749291 0.0154967 -0.0027964 0.0228752 0.0270073 0.0202655 -0.00702748 0.00872663 -0.0132835 -0.016838 -0.00587527 -0.00908061 -0.0234067
internal_weight=79.5699 69.8828 45.097 13.2018 31.8952 28.0844 5.78613 24.7858 6.68415 18.1016 16.883 3.81076 3.53048 9.68709
internal_count=1341 1117 589 217 372 313 69 528 101 427 406 59 65 224
is_linear=0
shrinkage=0.03


Tree=36
num_leaves=15
num_cat=0
split_feature=0 7 7 4 5 1 8 4 10 1 3 10 10 1
split_gain=9.05619 4.46725 7.31028 5.82138 3.96195 4.20944 3.70441 3.32816 3.23688 3.12697 4.60875 3.08058 3.01716 2.98225
threshold=4.9272500000000008 9.1819500000000023 9.6726500000000026 12.537900000000002 -5394.3749999999991 -0.0075499999999999986 8.806300000000002 12.595900000000002 8798.0749500000002 -0.0079499999999999987 -0.022699999999999994 8873.3200500000021 8646.5400000000027 -0.0067499999999999991
decision_type=2 2 2 2 2 2 2 2 2 2 2 2 2 2
left_child=1 7 3 -3 6 -6 8 9 13 -1 -11 12 -9 -2
right_child=4 2 -4 -5 5 -7 -8 11 -10 10 -12 -13 -14 -15
leaf_value=-0.019114035765282793 -0.0074006951632566344 0.03951103104028323 -0.019354680602389884 -0.012771790009798428 0.04098123009545445 0.0021907667536499973 0.021633271608040346 -0.0046245415422082829 -0.01766144668891842 0.021602189847360009 -0.01623971101122541 -0.01361077832602565 0.039781254536744748 0.023754045546712298
leaf_weight=27.61679113283753 4.1574908196926144 4.6523486077785474 3.2265349701046944 1.4744725823402403 5.4194719642400742 4.4310447461903077 5.2988184541463843 1.5319541729986661 6.2785083688795567 3.4899765513837337 4.1177407503128078 1.6849550977349279 1.3401042334735391 3.2527052573859718
leaf_count=662 58 75 57 28 43 36 39 29 85 42 73 38 22 34
internal_value=0.000498665 -0.00721931 0.00980397 0.0265129 0.0133614 0.0270999 0.00418773 -0.0115713 -0.00427104 -0.0146906 0.00169085 0.00920919 0.0233043 0.00809795
internal_weight=77.9729 49.1349 9.35336 6.12682 28.838 9.85052 18.9875 39.7815 13.6887 35.2245 7.60772 4.55701 2.87206 7.4102
internal_count=1321 1026 160 103 295 79 216 866 177 777 115 89 51 92
is_linear=0
shrinkage=0.03


Tree=37
num_leaves=15
num_cat=0
split_feature=0 7 3 3 11 7 5 7 8 2 5 6 2 3
split_gain=10.2353 7.77939 6.05909 6.86286 4.81757 4.63154 6.34203 4.2939 3.59165 3.44965 1.03552 2.17855 0.798212 0.716314
threshold=0.74320000000000008 8.5406000000000013 0.013750000000000002 0.10885000000000002 0.28130000000000005 8.8355500000000013 -5428.8749999999991 8.6780500000000007 4.3681500000000009 0.75765000000000005 -5770.9999999999991 0.018550000000000001 0.82750000000000001 0.010200000000000002
decision_type=2 2 2 2 2 2 2 2 2 2 2 2 2 2
left_child=5 12 7 4 -4 10 -7 -3 -9 13 11 -1 -2 -8
right_child=1 2 3 -5 -6 6 9 8 -10 -11 -12 -13 -14 -15
leaf_value=0.015130650017005939 -0.019770103076910007 0.040994753881140773 -0.025070087928271451 0.029828844029908146 0.01399308087193527 -0.016956180707664258 -0.01277121726163058 0.029309883116794798 0.004481253982663135 0.034107080440602636 -0.026659455498274361 -0.017143934406126306 0.00068578635447228613 0.0071340114197816582
leaf_weight=1.2125809993594878 5.8137178402394047 6.3294339850544956 7.4439571276307088 2.2933969050645819 2.451850026845932 6.5375789739191532 1.5029558949172481 6.5219750367105034 17.054798435419798 3.4045111984014511 11.662387443706395 2.6064013727009296 1.6787855364382265 1.0939140506088731
leaf_count=27 114 73 141 31 27 143 32 73 192 56 289 65 30 23
internal_value=0.00133886 0.00944556 0.0144966 -0.00284714 -0.014414 -0.0125812 0.000956215 0.0213949 0.0132217 0.0202049 -0.0225723 -0.00470244 -0.0156919 -0.00427791
internal_weight=77.6082 49.5879 42.0954 12.1892 9.89581 28.0203 12.539 29.9062 23.5768 6.00138 15.4814 3.81898 7.4925 2.59687
internal_count=1316 681 537 199 168 635 254 338 265 111 381 92 144 55
is_linear=0
shrinkage=0.03


Tree=38
num_leaves=14
num_cat=0
split_feature=7 5 4 4 6 9 5 6 10 5 2 2 2
split_gain=9.6811 8.16447 10.3141 7.2214 8.76697 5.11777 3.73349 3.5046 1.2529 1.20916 1.16633 3.26874 0.435132
threshold=8.5277000000000012 -5580.8749999999991 12.449400000000002 12.469500000000002 0.020550000000000002 22.817250000000005 -5770.9999999999991 0.036950000000000004 8944.8349500000022 -6516.7499999999991 0.74585000000000001 0.70120000000000016 0.82750000000000001
decision_type=2 2 2 2 2 2 2 2 2 2 2 2 2
left_child=12 5 10 -4 -5 7 8 9 -7 -2 11 -3 -1
right_child=1 2 3 4 -6 6 -8 -9 -10 -11 -12 -13 -14
leaf_value=-0.025111400521523056 0.0017814275343974249 -0.017009367475764686 0.047776910798206569 -0.0098391659519374668 0.023722509639676762 0.033199990427394764 -0.010919614558138247 0.01039206543384567 0.00049706082129729386 -0.022255566195913731 -0.021514222078113796 0.022344548511207898 -0.0046784642375978713
leaf_weight=7.9725262485444528 1.5583048965781952 2.4355681873857971 5.9151999913156024 8.8604472689330596 19.62881488725543 2.9386941101402044 2.5035132355988017 2.8517310582101336 1.6604769099503753 13.965906586498024 4.1935355495661497 1.3219471722841261 2.6514090243726969
leaf_count=188 29 47 56 158 262 38 46 36 27 283 73 26 55
internal_value=0.002396 0.00674403 0.0145851 0.0215467 0.0132254 -0.00629451 0.0128102 -0.0143587 0.0255766 -0.0197436 -0.0135129 0 -0.0217987
internal_weight=78.4581 67.8341 42.3555 34.4045 28.4893 25.4786 7.10268 18.3759 4.59917 15.5242 7.95105 3.75752 10.6239
internal_count=1324 1081 622 476 420 459 111 348 65 312 146 73 243
is_linear=0
shrinkage=0.03


Tree=39
num_leaves=15
num_cat=0
split_feature=0 6 2 6 6 5 1 8 10 11 1 6 8 2
split_gain=11.2879 4.92261 5.94005 4.99946 4.13623 3.5156 4.45693 3.2673 4.2535 3.08469 2.67591 2.58429 1.61681 1.27125
threshold=4.9272500000000008 0.036300000000000006 0.82085000000000008 0.020750000000000001 0.022850000000000006 -5392.3749999999991 -0.0081499999999999993 8.9578000000000024 8808.3001000000022 0.22570000000000004 -0.0076499999999999997 0.014450000000000003 10.499750000000001 0.79270000000000007
decision_type=2 2 2 2 2 2 2 2 2 2 2 2 2 2
left_child=1 2 11 -4 -5 6 9 8 -8 -2 -7 -1 -13 -3
right_child=5 13 3 4 -6 10 7 -9 -10 -11 -12 12 -14 -15
leaf_value=0.0076595829053763258 -0.02174723196691138 0.028168340598034757 -0.011190309026175724 0.045619517260497448 0.0023630513410603784 0.041431373455813006 0.019909510584188883 0.035451881670578639 -0.015606945487086479 0.010727790485056218 0.0078243617189907924 -0.020001931547735063 0.0064674812175250533 0
leaf_weight=2.5707325302064445 4.3326964154839542 2.4191732741892329 5.5841086283326131 1.8643212132155893 4.9174767155200243 5.6874122135341167 4.7288607954978961 3.8138220608234397 3.551037959754467 2.7676745839416981 4.8814024627208692 27.05905733443797 1.1491666771471489 1.8345967903733251
leaf_count=56 74 33 111 31 84 42 51 23 42 28 37 645 23 24
internal_value=0.00325495 -0.00576025 -0.0090618 0.00750153 0.0222773 0.0171652 0.00787354 0.0179828 0.00431265 -0.00918336 0.029863 -0.0158596 -0.0184675 0.0194355
internal_weight=77.1615 47.3986 43.1449 12.3659 6.7818 29.7629 19.1941 12.0937 8.2799 7.10037 10.5688 30.779 28.2082 4.25377
internal_count=1304 1007 950 226 115 297 218 116 93 102 79 724 668 57
is_linear=0
shrinkage=0.03


Tree=40
num_leaves=15
num_cat=0
split_feature=5 4 4 6 6 0 5 2 6 6 4 5 3 6
split_gain=7.01031 8.20811 7.91961 7.02493 11.3792 4.15303 5.50848 3.33974 2.50053 2.0885 1.92401 1.52174 1.051 0.973092
threshold=-5580.8749999999991 12.446200000000001 12.469500000000002 0.020550000000000002 0.022250000000000002 8.0195500000000006 -6357.1249999999991 0.6966500000000001 0.014250000000000002 0.018650000000000003 12.552050000000003 -5286.2499999999991 -0.066549999999999984 0.014450000000000003
decision_type=2 2 2 2 2 2 2 2 2 2 2 2 2 2
left_child=5 11 7 8 -5 9 -7 -3 -4 10 13 -2 -11 -1
right_child=1 2 3 4 -6 6 -8 -9 -10 12 -12 -13 -14 -15
leaf_value=0.0041906235338676715 -0.023431784318607186 0.0018543640516521282 0.0089489749218543396 0.052469791141452518 0.0032216987393761131 0.026098220636161455 -0.012616744966391036 0.047563096121752114 -0.019599401569534453 -0.0010321608665246598 0.01487678611087527 0.0014086331562831974 -0.026650917994738517 -0.018468322212030767
leaf_weight=1.3603195771575034 5.7259390950202942 2.1783693544566622 2.2893135976046315 3.636585887521508 18.670648418366909 3.9598404951393604 5.4907359071075899 5.2544694095849991 8.2213014252483827 2.0750130023807314 1.8722763098776338 2.5044108070433122 11.536287846043701 3.0435148179531097
leaf_count=31 117 24 35 58 264 40 61 56 170 37 40 48 276 72
internal_value=0.000740675 0.00767624 0.0133061 0.00584179 0.0150303 -0.0103831 0.00506809 0.0377186 -0.0127049 -0.0176548 -0.00186759 -0.0167822 -0.0235701 -0.0118778
internal_weight=77.819 48.481 40.2507 32.8178 22.3072 29.338 9.45058 7.43284 10.5106 19.8874 6.27611 8.23035 13.6113 4.40383
internal_count=1329 772 607 527 322 557 101 80 205 456 143 165 313 103
is_linear=0
shrinkage=0.03


Tree=41
num_leaves=11
num_cat=0
split_feature=7 2 5 4 4 9 2 6 8 1
split_gain=8.7958 6.33524 6.76488 6.3772 6.23212 3.59569 3.59053 3.32639 1.70683 0.225578
threshold=8.5197500000000019 0.67530000000000012 -5558.1249999999991 12.449400000000002 12.473900000000002 32.007750000000009 0.74585000000000001 0.036950000000000004 7.8901000000000012 -0.012749999999999999
decision_type=2 2 2 2 2 2 2 2 2 2
left_child=9 8 5 6 -5 7 -4 -3 -2 -1
right_child=1 2 3 4 -6 -7 -8 -9 -10 -11
leaf_value=-0.0028450951235356914 -0.023330250715859036 -0.012825493951701161 0.013688114903627579 0.044763711862981954 0.012784861792425342 0.024437467208309426 -0.0216399791789369 0.013206539424228019 0.0063433067679469655 -0.024888846526705276
leaf_weight=1.3573580980300901 6.0073846932500592 18.386005129665143 2.5776186417788258 6.5758962444961098 24.677104040980339 1.6484292671084393 4.2268000170588493 3.7913471758365622 1.1195770911872385 7.8643189650028926
leaf_count=36 146 365 45 63 340 17 74 44 17 194
internal_value=0.00168207 0.00557693 0.00881366 0.0163731 0.0218913 -0.00347786 -0.00784707 -0.00752675 -0.0179716 -0.0229969
internal_weight=78.2318 69.0102 61.8832 38.0574 31.253 23.8258 6.80442 22.1774 7.12696 9.22168
internal_count=1341 1111 948 522 403 426 119 409 163 230
is_linear=0
shrinkage=0.03


Tree=42
num_leaves=14
num_cat=0
split_feature=7 4 5 9 4 0 10 8 0 11 7 5 11
split_gain=9.74507 7.65061 6.9082 5.94449 5.03662 4.92828 3.10016 2.54761 1.30409 1.16598 1.13214 0.49683 0.38898
threshold=8.5651000000000028 12.447100000000001 -5511.8749999999991 28.723650000000003 12.484700000000002 0.97815000000000019 8789.8550500000001 8.806300000000002 14.541850000000002 0.28665000000000002 8.8101000000000003 -5194.3749999999991 0.34780000000000005
decision_type=2 2 2 2 2 2 2 2 2 2 2 2 2
left_child=8 7 3 6 10 -6 -3 9 11 -2 -4 12 -1
right_child=1 2 4 -5 5 -7 -8 -9 -10 -11 -12 -13 -14
leaf_value=-0.025966218888208718 -0.024741162921985312 0.0038360202540697625 0.0095034394973756223 0.030245080579882837 -0.0072110496328376501 0.020897929538951945 -0.01721703107264707 0.010950674345015092 0.002781132903677294 0.00026892873013244104 0.04303353809609433 0 -0.0014272717083705024
leaf_weight=9.9974719174206239 7.3357767220586521 11.135547222569587 2.8451815694570595 2.6518770344555369 7.928472355008128 11.767689049243925 10.495253648608921 1.433378955349325 1.3731121271848667 1.7069532293826339 6.7042610198259354 1.0244052242487658 1.1415895894169796
leaf_count=255 156 193 36 25 162 121 215 18 14 26 60 24 18
internal_value=0.00147321 0.00650431 0.011142 -0.000686633 0.0204746 0.009823 -0.00684458 -0.0149392 -0.019897 -0.0205548 0.0366789 -0.0227002 -0.0242797
internal_weight=77.541 64.0044 53.5283 24.2827 29.2456 19.6962 21.6308 10.4761 13.5366 9.04273 9.54944 12.1635 11.1391
internal_count=1323 1012 812 433 379 283 408 200 311 182 96 297 273
is_linear=0
shrinkage=0.03


Tree=43
num_leaves=12
num_cat=0
split_feature=7 2 3 8 4 4 5 8 11 7 11
split_gain=7.81288 6.37586 6.31597 6.64893 5.80332 4.41826 3.8188 1.75001 1.69684 1.41486 0.536185
threshold=8.5197500000000019 0.67530000000000012 0.014250000000000002 6.7387000000000006 12.446200000000001 12.480500000000001 -5558.1249999999991 8.2431500000000018 0.36160000000000009 8.6780500000000007 0.30785000000000007
decision_type=2 2 2 2 2 2 2 2 2 2 2
left_child=10 7 4 8 9 -5 -6 -2 -4 -3 -1
right_child=1 2 3 5 6 -7 -8 -9 -10 -11 -12
leaf_value=-0.02462730595821078 -0.023529235933561335 0.0069785092448565872 -0.021726199155842191 0.032364085600716172 0.0045479190296877844 -0.0079536705148046585 0.025619961228230473 0.0065062918125630195 0.0066666963923646743 -0.017035736086992256 0
leaf_weight=7.734886206686495 6.2504016589373341 1.8026464413851488 10.793440815061333 3.4260203558951607 13.048458205536003 3.1281327214092016 23.800697090104226 1.1029232554137705 1.1074060797691334 4.4214924555271864 0.96107277274131764
leaf_count=208 157 29 250 43 206 47 260 16 16 80 17
internal_value=0.00137513 0.00498353 0.00829832 -0.00583799 0.0144119 0.0154101 0.0188537 -0.0182755 -0.0182893 -0.0097102 -0.0225142
internal_weight=77.5776 68.8816 61.5283 18.455 43.0733 6.55415 36.8492 7.35332 11.9008 6.22414 8.69596
internal_count=1329 1104 931 356 575 90 466 173 266 109 225
is_linear=0
shrinkage=0.03


Tree=44
num_leaves=14
num_cat=0
split_feature=7 10 1 11 3 8 1 1 8 8 3 5 11
split_gain=8.07907 7.51228 5.44035 6.1119 4.19195 3.47807 5.73136 2.89143 2.75063 1.35276 1.68723 0.905785 0.52187
threshold=8.5197500000000019 8992.5201000000015 -0.0067499999999999991 0.21160000000000004 -0.011649999999999999 6.9007000000000014 -0.0053499999999999997 -0.0080499999999999981 10.264450000000002 5.1008500000000003 0.015550000000000001 -5252.4999999999991 0.30785000000000007
decision_type=2 2 2 2 2 2 2 2 2 2 2 2 2
left_child=12 2 3 4 -2 6 -4 -5 9 10 -3 -11 -1
right_child=1 8 5 7 -6 -7 -8 -9 -10 11 -12 -13 -14
leaf_value=-0.024353192031811712 0.0094547328083695124 0.0062294200612611032 0.029594988288873997 0.026016402660008629 -0.014102485526339597 0.040547514810867706 -0.012728678631795476 -0.0052777810181035235 0.016309163822764171 -0.022984863527831391 -0.016831161550461521 0 0
leaf_weight=7.3648525625467283 10.210693256929513 5.7143466919660622 3.6384100280702114 10.848612004891036 13.391094988211993 6.4836837016046047 4.0889657065272313 2.4098289441317311 1.5806034225970496 7.8998220581561354 2.5193130988627672 1.6732875686138822 0.96107277274131764
leaf_count=201 190 96 35 135 293 47 48 24 17 143 65 26 17
internal_value=0.00266101 0.00617042 0.0121111 0.00531126 -0.00385144 0.0267322 0.00887847 0.0201856 -0.00900779 -0.0128264 -0.00244384 -0.0195315 -0.0221899
internal_weight=78.7846 70.4587 51.0713 36.8602 23.6018 14.2111 7.72738 13.2584 19.3874 17.8068 8.23366 9.57311 8.32593
internal_count=1337 1119 772 642 483 130 83 159 347 330 161 169 218
is_linear=0
shrinkage=0.03


Tree=45
num_leaves=15
num_cat=0
split_feature=0 7 3 8 2 0 1 3 8 5 2 11 11 0
split_gain=9.75525 6.35902 6.27786 5.08107 4.51657 3.76647 3.38717 3.32899 2.72489 1.64368 1.45226 1.35082 0.55888 0.217163
threshold=0.74320000000000008 8.5277000000000012 0.013750000000000002 6.9007000000000014 0.67530000000000012 18.590450000000004 -0.0064499999999999991 0.040150000000000005 9.1271000000000004 -5409.1249999999991 0.84345000000000014 0.29120000000000007 0.28665000000000002 22.404050000000002
decision_type=2 2 2 2 2 2 2 2 2 2 2 2 2 2
left_child=6 11 4 13 -3 -6 8 -5 10 -8 12 -2 -1 -4
right_child=1 2 3 7 5 -7 9 -9 -10 -11 -12 -13 -14 -15
leaf_value=-0.023462870709382588 -0.02175191232488595 -0.011163687144625513 -0.022538371871047687 -0.0097074966957283477 0.028430491649371135 0.0020946540266076484 -0.0053778200553297678 0.027370696408585908 0.011001018664767648 0.021780286296755796 0.0039163855094864154 0.0048999589693990223 -0.0032405869612521588 -0.0016909691179495096
leaf_weight=17.652905657887473 4.7436010818928471 2.5807653591036788 5.1932828091084939 2.1784732230007648 23.157434020191435 6.7957096323370925 2.7030097767710686 3.3500180467963219 1.5176265500485886 1.7830591611564148 1.371624033898114 1.2248574942350385 2.4429624136537305 1.1920563727617262
leaf_count=472 118 47 113 28 252 54 43 37 32 17 26 17 54 21
internal_value=0.00147061 0.00923356 0.0132379 -0.00464655 0.0197639 0.0230545 -0.0123343 0.0136643 -0.0168344 0.0083416 -0.0196999 -0.0160488 -0.0216561 -0.0203358
internal_weight=77.8874 50.4162 44.4477 11.9138 32.5339 29.9531 27.4712 5.52849 22.9851 4.48607 21.4675 5.96846 20.0959 6.38534
internal_count=1331 687 552 199 353 306 644 65 584 60 552 135 526 134
is_linear=0
shrinkage=0.03


Tree=46
num_leaves=15
num_cat=0
split_feature=0 7 2 10 5 7 5 1 6 2 9 7 11 0
split_gain=8.84239 5.40687 4.74919 5.19675 8.00984 2.9191 4.03433 4.51793 2.41552 2.1494 1.44438 1.37958 0.978292 0.726336
threshold=0.74320000000000008 8.5197500000000019 0.65685000000000004 8789.8550500000001 -5558.1249999999991 8.8101000000000003 -5580.8749999999991 -0.010849999999999999 0.016450000000000003 0.82750000000000001 22.942300000000007 8.9084000000000021 0.15875000000000003 -7.7399999999999993
decision_type=2 2 2 2 2 2 2 2 2 2 2 2 2 2
left_child=5 -2 -3 8 -5 9 -7 12 -4 13 -11 -9 -8 -1
right_child=1 2 3 4 -6 6 7 11 -10 10 -12 -13 -14 -15
leaf_value=0 -0.016759932271047367 -0.017457766947344137 0.00020897212773872742 -0.017375911378903441 0.017321812426269088 -0.020406535775789301 -0.017608519150972772 0.038526352270062673 0.02845598370098585 -0.011070931252269631 0.017753569845468612 0.006089398795188149 0.0051251206617482425 -0.026126117340141471
leaf_weight=0.86620691418647666 4.4511497132480136 2.6073961257934561 3.4007044881582287 7.8783599454909554 13.234004035592081 3.9326526224613181 2.7549104671925297 1.7640400081872929 19.475986687466502 1.2328882887959474 1.0373002607375381 3.4612404182553291 1.2676726561039684 10.637194465845825
leaf_count=15 107 54 42 127 138 99 65 24 211 30 21 60 27 303
internal_value=0.00241475 0.00966921 0.0128415 0.0153837 0.00386092 -0.0109395 -0.000248621 0.0101611 0.0247319 -0.0196512 0.0035436 0.0250884 -0.0106233 -0.0242977
internal_weight=78.0017 51.0476 46.5965 43.9891 21.1124 26.9541 13.1805 9.24786 22.8767 13.7736 2.27019 5.22528 4.02258 11.5034
internal_count=1323 679 572 518 265 644 275 176 253 369 51 84 92 318
is_linear=0
shrinkage=0.03


Tree=47
num_leaves=15
num_cat=0
split_feature=10 9 5 2 6 1 2 3 8 5 8 9 11 11
split_gain=7.23628 7.87421 3.99093 6.77743 5.30271 3.56178 4.35527 2.42944 2.35172 2.2109 1.87775 0.916138 0.832605 0.623953
threshold=8992.5201000000015 25.163150000000005 -5511.8749999999991 0.76560000000000017 0.020750000000000001 -0.006049999999999999 0.75005000000000011 -0.012099999999999998 6.7387000000000006 -5279.8749999999991 10.264450000000002 29.778650000000003 0.093850000000000017 0.15015000000000003
decision_type=2 2 2 2 2 2 2 2 2 2 2 2 2 2
left_child=1 2 5 9 -5 6 -1 -3 -9 -4 11 12 -2 -14
right_child=10 7 3 4 -6 -7 -8 8 -10 -11 -12 -13 13 -15
leaf_value=0.0023670020947297926 6.0401503618956508e-05 0.037992952051505414 -0.015515147148559644 -0.0044737695002449061 0.035409835673739974 0.012864003495881631 -0.026088212122878419 -0.010460919698180431 0.021123396621619179 0.0069550230932283411 0.0098594602619185359 0.00027859266370850654 -0.02546208390091784 -0.0085914615176060655
leaf_weight=7.6084900032728937 1.7609790097922182 6.026974119246006 7.0727237742394209 3.5642884168773872 7.7517075836658478 3.859398052096366 9.3257299344986659 2.352032966911791 2.2575499974191189 5.1783781517297083 1.427780620753764 2.4238404482603064 8.5264557562768442 6.9716646838933221
leaf_count=173 40 52 135 65 94 47 199 35 20 69 16 28 202 133
internal_value=0.000995434 0.00674771 0.000695087 0.00886194 0.023837 -0.00839487 -0.0142454 0.027648 0.00626479 -0.00616365 -0.0131476 -0.0157103 -0.0179073 -0.0198939
internal_weight=76.108 54.9973 44.3607 23.5671 11.316 20.7936 16.9342 10.6366 4.60958 12.2511 21.1107 19.6829 17.2591 15.4981
internal_count=1308 889 782 363 159 419 372 107 55 204 419 403 375 335
is_linear=0
shrinkage=0.03


Tree=48
num_leaves=13
num_cat=0
split_feature=7 0 7 8 5 8 2 7 3 7 0 6
split_gain=7.38497 6.08705 6.86023 6.12301 5.42659 4.18687 3.46557 3.35481 4.72031 2.06153 0.759144 0.511469
threshold=8.5197500000000019 1.8050000000000002 8.6780500000000007 8.1468000000000007 -6083.7499999999991 4.3681500000000009 0.84345000000000014 8.8899000000000026 -0.037549999999999993 9.2345000000000024 -5.575899999999999 0.025550000000000003
decision_type=2 2 2 2 2 2 2 2 2 2 2 2
left_child=-1 6 4 5 -3 -4 7 10 -9 -5 -2 -6
right_child=1 2 3 9 11 -7 -8 8 -10 -11 -12 -13
leaf_value=-0.024709671252558626 -0.00030034369903304006 -0.00078508930140854254 0.010143362816909382 0.0043308050820890509 0.04836014923852653 -0.015098959467652138 0.019236427273840173 0.021905650276437944 -0.011374376327485251 0.034710785252575753 -0.02237114310077341 0.01210199860918159
leaf_weight=7.8465830981731406 1.9314431212842489 3.6325472723692656 7.4479752555489602 4.6789546236395818 4.5104628801345807 14.217404281720517 2.0646761804819098 4.0099642071872941 8.5820247810333949 3.3899634554982185 11.821159746497871 2.4517995920032263
leaf_count=222 36 45 91 37 50 195 30 60 191 22 305 25
internal_value=-0.000342555 0.00301655 0.0103306 0.00220529 0.0289247 -0.00617069 -0.00726416 -0.0106577 0.000567999 0.0217516 -0.0198936 0.0414764
internal_weight=76.585 68.7384 40.3291 29.7343 10.5948 21.6654 28.4093 26.3446 12.592 8.06892 13.7526 6.96226
internal_count=1309 1087 465 345 120 286 622 592 251 59 341 75
is_linear=0
shrinkage=0.03


Tree=49
num_leaves=15
num_cat=0
split_feature=8 3 2 7 2 4 5 4 5 11 2 4 4 5
split_gain=7.33795 7.07545 5.11688 5.43048 4.80452 4.50718 6.06913 3.98472 3.78608 2.92208 2.45509 2.18952 2.41191 1.24825
threshold=6.7387000000000006 -0.0051499999999999992 0.80375000000000008 9.2240500000000019 0.6785500000000001 12.529800000000003 -5558.1249999999991 12.552050000000003 -6161.7499999999991 0.30135000000000006 0.81975000000000009 12.547550000000003 12.467450000000001 -5458.8749999999991
decision_type=2 2 2 2 2 2 2 2 2 2 2 2 2 2
left_child=1 4 3 11 -1 6 -6 -3 -4 -7 -9 12 -2 -12
right_child=2 7 8 -5 5 9 -8 10 -10 -11 13 -13 -14 -15
leaf_value=-0.020078320149327797 0.0020596286992333851 -0.022937523137360229 -0.0029545320026578671 0.02455329732150912 -0.008042320764560287 -0.01651038043166703 0.029136610566958064 -0.011538099949507864 0.037976942420853824 0.016877849019838138 0.028458144613671757 0.011008395607331543 -0.024158244816285184 -0.0019743762515350219
leaf_weight=3.7943884357810047 4.5789533276110941 18.574403483420614 2.1116386111825705 4.9017042983323327 4.4430196452885893 5.9437198564410201 11.235656524077056 2.8114749472588292 6.9136457890272123 1.453733906149864 1.4638473056256773 2.5830038152635089 5.5878040809184313 1.2313821669667957
leaf_count=99 64 425 29 46 83 106 158 73 68 12 26 31 100 24
internal_value=0.00100333 -0.00560181 0.0132344 0.0027048 0.00480149 0.0102872 0.0187132 -0.0168032 0.0293294 -0.00743417 0.00408694 -0.00768191 -0.013706 0.0189969
internal_weight=77.6284 50.9516 26.6767 17.6515 26.8705 23.0761 15.6787 24.0811 9.02528 7.39745 5.5067 12.7498 10.1668 2.69523
internal_count=1344 1006 338 241 458 359 241 548 97 118 123 195 164 50
is_linear=0
shrinkage=0.03


Tree=50
num_leaves=15
num_cat=0
split_feature=11 10 10 8 2 11 5 11 3 11 7 0 0 9
split_gain=6.71039 7.87553 6.04887 5.36162 4.60383 4.1829 2.96484 2.95779 2.34711 2.47562 4.29797 2.12109 1.99387 1.90334
threshold=0.21160000000000004 8831.8251000000018 8535.6550500000012 8.0238000000000014 0.76865000000000017 0.28475000000000006 -5387.2499999999991 0.23580000000000004 0.0021500000000000004 0.11115000000000001 8.8355500000000013 1.9250000000000003 -2.9895499999999995 18.866350000000001
decision_type=2 2 2 2 2 2 2 2 2 2 2 2 2 2
left_child=3 2 13 8 6 7 -5 -3 9 10 -1 -11 -10 -2
right_child=1 5 -4 4 -6 -7 -8 -9 12 11 -12 -13 -14 -15
leaf_value=-0.013368569169110219 -0.013648831744727027 -0.010466237534907932 0.036792929080416995 -0.020475018051133404 0.026600337263422671 -0.021225134949829652 0.014761800738079743 0.024611634285814192 0.0021539857636651465 -0.00064345540192712854 0.023818597444386597 -0.020313979475065982 -0.024507069200245014 0.013461207567842918
leaf_weight=3.1978637576103237 2.9669638965278891 2.1452519800513965 9.9046570509672147 3.4520353581756353 5.5777971483767033 5.7509130984544754 1.6686950121074895 3.010491494089365 2.4675113260746011 10.610660595819356 4.2941703163087368 8.0450355503708106 11.87519188225269 2.3734491709619761
leaf_count=72 36 29 101 54 54 85 18 36 69 245 61 126 315 27
internal_value=0.000257683 0.0121308 0.0248817 -0.00597978 0.0113476 -0.00655344 -0.00765005 0.010751 -0.0109473 -0.00478684 0.0081574 -0.0104169 -0.0200345 -0.000806678
internal_weight=77.3407 26.1517 15.2451 51.189 10.6985 10.9067 5.12073 5.15574 40.4904 26.1477 7.49203 18.6557 14.3427 5.34041
internal_count=1328 314 164 1014 126 150 72 65 888 504 133 371 384 63
is_linear=0
shrinkage=0.03


Tree=51
num_leaves=15
num_cat=0
split_feature=0 6 3 2 6 6 4 10 0 8 8 1 9 8
split_gain=6.9424 8.06225 5.09184 3.15802 5.00884 4.36839 2.23357 5.29332 2.13354 1.90284 4.54678 3.85552 1.23119 0.955491
threshold=10.305000000000001 0.034300000000000004 -0.033999999999999996 0.81745000000000012 0.020950000000000003 0.022250000000000002 12.465400000000001 8805.280050000003 4.492700000000001 8.1468000000000007 6.1573000000000011 -0.0056499999999999996 22.942300000000007 6.2028000000000008
decision_type=2 2 2 2 2 2 2 2 2 2 2 2 2 2
left_child=1 3 -3 6 12 -6 7 -1 -8 10 11 -2 -5 -4
right_child=9 2 13 4 5 -7 8 -9 -10 -11 -12 -13 -14 -15
leaf_value=0.017072184417219225 0.027964301245988882 0.036400031954194521 -0.014919814299229003 -0.022110770227294796 0.041025099984993055 0.00015749705816828514 -0.023296923927930244 -0.021134615137393557 0 0.023650838986312667 -0.017099652332472477 -0.007971984406298779 0.0033268205689066066 0.0067512259647065894
leaf_weight=4.6875251140445453 5.5031689200550309 4.1180473268032074 1.9087649788707488 4.834792733192443 1.6731212139129619 7.0162564143538475 20.563865860924128 4.3624325394630432 4.4840137213468543 8.2001200243830663 3.7811136879026881 2.893600124865773 1.4049341976642606 1.6023849770426748
leaf_count=102 51 34 39 102 23 114 522 117 64 53 42 32 26 15
internal_value=-0.000323639 -0.00577559 0.0195966 -0.010396 0.000904671 0.0145107 -0.0152028 -0.00156534 -0.0195391 0.0138616 0.0046519 0.0161405 -0.0166019 -0.00562451
internal_weight=77.0341 56.6561 7.6292 49.0269 14.9291 8.68938 34.0978 9.04996 25.0479 20.378 12.1779 8.39677 6.23973 3.51115
internal_count=1336 1158 88 1070 265 137 805 219 586 178 125 83 128 54
is_linear=0
shrinkage=0.03


Tree=52
num_leaves=15
num_cat=0
split_feature=0 6 2 5 2 3 3 4 8 8 5 6 6 6
split_gain=7.47317 4.85179 4.12467 3.89542 3.66502 3.03578 3.3367 3.07 1.92845 1.91783 1.88566 2.34224 1.72686 1.20128
threshold=1.5077000000000003 0.021650000000000006 0.65685000000000004 -5511.8749999999991 0.70120000000000016 0.013750000000000002 0.040150000000000005 12.446200000000001 3.5991000000000004 4.304450000000001 -5394.3749999999991 0.013750000000000002 0.020550000000000002 0.015650000000000001
decision_type=2 2 2 2 2 2 2 2 2 2 2 2 2 2
left_child=3 9 -3 13 -5 7 -7 -4 -6 -2 11 -11 -10 -1
right_child=1 2 5 4 8 6 -8 -9 12 10 -12 -13 -14 -15
leaf_value=0.00029255484396574749 -0.01935203681515733 -0.01505277748905633 -0.0014670993230460954 -0.020193610249739081 -0.010436779636933983 -0.018070905688340324 0.015101511938075589 0.029460093896614137 -0.0017751047278649146 0.014490070329247814 0.015178845913944479 -0.014265522929921188 0.020205939540811988 -0.024077416112500541
leaf_weight=1.7793164663016821 3.2120606768876305 1.9555781148374105 2.9829709213227096 3.8951386865228441 2.4751227404922238 2.5950824543833724 4.6954083144664764 16.724854251369834 4.1716096010059101 1.7614636719226817 4.0289329551160327 6.2670648265630007 7.0072064120322466 11.073433384299276
leaf_count=47 62 43 43 110 52 42 68 148 94 21 43 104 122 307
internal_value=0.00143164 0.00917445 0.0160515 -0.0096098 0 0.0192907 0.00162246 0.0249369 0.00755963 -0.00404075 0.00199767 -0.00602582 0.0127511 -0.0209166
internal_weight=74.6252 44.2234 28.9539 30.4018 17.5491 26.9983 7.29049 19.7078 13.6539 15.2695 12.0575 8.02853 11.1788 12.8527
internal_count=1306 574 344 732 378 301 110 191 268 230 168 125 216 354
is_linear=0
shrinkage=0.03


Tree=53
num_leaves=12
num_cat=0
split_feature=6 1 8 0 6 9 9 2 10 1 7
split_gain=6.46146 6.05426 3.72343 3.25136 4.02505 3.55836 2.5686 2.6682 1.97312 1.91056 1.26788
threshold=0.036300000000000006 -0.0049499999999999987 7.2462500000000007 9.865000000000002 0.024250000000000004 18.069550000000003 31.161800000000003 0.8116000000000001 8952.2851000000028 -0.0056499999999999996 9.0438500000000008
decision_type=2 2 2 2 2 2 2 2 2 2 2
left_child=1 3 -3 6 5 -5 7 -1 9 10 -2
right_child=8 2 -4 4 -6 -7 -8 -9 -10 -11 -12
leaf_value=-0.018201978218590854 0.010164533828990458 -0.0025646063028708257 0.03700195630370634 0.0328007897734474 -0.013681897836343338 -0.0029106733843856552 0.011530503116565533 -0.0021217247846471478 -0.0025001795838648791 0 0.039923090113910098
leaf_weight=27.386340392753482 4.6386642642319185 3.1636652797460547 2.853823360055685 3.6631995439529401 4.1311865448951721 3.7238793969154358 2.5815409570932379 15.091330500319598 2.9769195187836877 2.9396786876022807 3.4008626714348793
leaf_count=702 46 41 20 28 42 31 24 296 39 24 26
internal_value=9.76324e-06 -0.00417612 0.0203752 -0.00744509 0.00585954 0.0176942 -0.0110143 -0.0129088 0.0171422 0.0222638 0.0284972
internal_weight=76.5511 62.595 6.01749 56.5775 11.5183 7.38708 45.0592 42.4777 13.9561 10.9792 8.03953
internal_count=1319 1184 61 1123 101 59 1022 998 135 96 72
is_linear=0
shrinkage=0.03


Tree=54
num_leaves=15
num_cat=0
split_feature=2 0 3 8 6 2 0 6 9 3 11 5 8 2
split_gain=5.60817 4.21983 4.62622 6.19602 3.30208 3.68683 3.50756 2.66602 3.88925 3.77418 2.49932 2.33302 2.1865 1.77105
threshold=0.67530000000000012 0.74320000000000008 0.013750000000000002 6.9007000000000014 0.020550000000000002 0.78360000000000019 18.849100000000004 0.015850000000000006 24.001800000000003 -0.037549999999999993 0.22475000000000003 -5476.7499999999991 8.3458500000000004 0.84345000000000014
decision_type=2 2 2 2 2 2 2 2 2 2 2 2 2 2
left_child=12 7 4 -4 5 -3 -6 8 -2 11 -5 -9 -1 -11
right_child=1 2 3 10 6 -7 -8 9 -10 13 -12 -13 -14 -15
leaf_value=-0.024117459007552612 -0.0088356159386578353 0.013961585205560454 -0.021098315472700468 -0.0027431550885733914 0.026469010825658595 -0.017112831455290668 -0.00052134034161836252 -0.0094960326380837661 0.036974065536918434 -0.022010256004146075 0.029741684157698303 0.021225267338179154 0.0095056894969988235 0.0068995389357756984
leaf_weight=7.0460556373000136 2.2143151257187159 5.9967996273189765 7.0875690337270481 3.1226472593843937 19.285472994670275 4.0169384479522705 5.0741796009242526 2.2968080621212721 1.0521461274474857 11.297088894993061 2.595132265239954 2.9507268313318535 0.8785145729780196 1.1060448400676257
leaf_count=204 60 67 164 42 215 57 40 52 19 304 19 44 14 20
internal_value=0.00219334 0.00516337 0.0100304 -0.00466842 0.0155443 0.000472887 0.0211201 -0.00560061 0.013788 -0.0103795 0.0154986 0.00845499 -0.0189233 -0.0186239
internal_weight=76.0204 68.0959 47.1787 12.8053 34.3734 10.0137 24.3597 20.9171 3.26646 17.6507 5.71778 5.24753 7.92457 12.4031
internal_count=1321 1103 604 225 379 124 255 499 79 420 61 96 218 324
is_linear=0
shrinkage=0.03


Tree=55
num_leaves=15
num_cat=0
split_feature=7 1 3 2 6 1 8 0 0 8 6 11 7 5
split_gain=6.63805 4.90519 4.95611 5.25212 5.0573 4.83081 3.67614 3.39572 1.46442 0.614766 0.484814 0.58072 0.540649 0.429495
threshold=8.5651000000000028 -0.011449999999999998 -0.043649999999999994 0.83445000000000014 0.020950000000000003 -0.013449999999999998 5.5140500000000001 0.74320000000000008 20.575450000000004 5.702300000000001 0.017250000000000005 0.34780000000000005 8.5145000000000017 -5674.2499999999991
decision_type=2 2 2 2 2 2 2 2 2 2 2 2 2 2
left_child=8 5 4 7 -3 6 -2 -4 10 -5 12 -12 -1 -6
right_child=1 2 3 9 13 -7 -8 -9 -10 -11 11 -13 -14 -15
leaf_value=-0.011035065569554008 -0.0088890387681624643 -0.0043599263895940377 -0.014849478866928735 0.0067184145850679288 0.010219036345543794 -0.020346535473051465 0.033696692410877416 0.0049362463355175617 0.0065185893828962494 0.034855806791394529 -0.024843610239594981 0 0.0064208217655993488 0.039491397929077687
leaf_weight=1.239849399775266 2.2418506424874063 3.3432119488716117 9.0636196825653297 2.5795904956758013 2.6805816497653714 9.1246754117310029 1.5943658687174318 24.409393267706037 1.0526716373860825 2.6933209113776684 7.8987979479134065 0.91434139758348454 1.1261567194014785 6.6177426669746628
leaf_count=37 56 43 232 36 32 218 25 297 10 21 221 16 22 61
internal_value=0.00182981 0.00580808 0.00995165 0.00401099 0.0249196 -0.009554 0.0137781 -0.00087181 -0.0167631 0.0271359 -0.0198396 -0.0227306 -0.00290413 0.0346209
internal_weight=76.5802 64.3484 51.3875 38.7459 12.6415 12.9609 3.83622 33.473 12.2318 5.27291 11.1791 8.81314 2.36601 9.29832
internal_count=1327 1021 722 586 136 299 81 529 306 57 296 237 59 93
is_linear=0
shrinkage=0.03


Tree=56
num_leaves=13
num_cat=0
split_feature=2 4 4 2 4 0 5 2 2 2 4 3
split_gain=6.92939 4.42897 6.20742 5.87309 5.94555 4.20604 3.52131 3.3848 2.63286 0.726055 0.50417 0.208918
threshold=0.67530000000000012 12.446200000000001 12.475400000000002 0.81215000000000015 12.527450000000002 20.794100000000004 -5518.8749999999991 0.69915000000000005 0.73060000000000014 0.6966500000000001 12.604700000000003 0.051750000000000011
decision_type=2 2 2 2 2 2 2 2 2 2 2 2
left_child=10 5 6 7 -5 11 8 -4 -3 -8 -1 -2
right_child=1 2 3 4 -6 -7 9 -9 -10 -11 -12 -13
leaf_value=-0.023969843724385768 -0.021655841710066206 0.021701203769483497 0.012359198723132262 -0.0068381107020752084 0.026959261569843355 0.019019956235126732 0.0074518108698365063 -0.011286006873985651 -0.010416635407310167 0.038939846919235258 0 -0.0015471230188840606
leaf_weight=6.902925504371523 7.2907987199723703 1.8635199796408404 5.1487469598650959 6.1054352372884777 10.91042119450867 1.4676020108163346 2.1995254792273027 22.110318820923567 3.6577024888247252 6.6047490146011114 0.89334099926054467 1.1792449522763488
leaf_count=205 157 27 81 101 145 15 20 404 68 60 15 27
internal_value=0.00182915 0.00510332 0.00830264 0.00228792 0.0152309 -0.0117414 0.0241506 -0.00617779 0.00291293 0.0341866 -0.0218138 -0.0199731
internal_weight=76.3343 68.5381 58.6004 44.2749 17.0159 9.93765 14.3255 27.2591 5.52122 8.80427 7.79627 8.47004
internal_count=1325 1105 906 731 246 199 175 485 95 80 220 184
is_linear=0
shrinkage=0.03


Tree=57
num_leaves=10
num_cat=0
split_feature=7 2 4 4 3 0 10 4 2
split_gain=7.51736 5.80591 4.44744 3.95004 3.55522 3.1789 2.30332 0.434914 0.376717
threshold=8.5197500000000019 0.67530000000000012 12.446200000000001 12.469500000000002 0.014250000000000002 20.794100000000004 8992.5201000000015 12.602850000000002 0.74500000000000011
decision_type=2 2 2 2 2 2 2 2 2
left_child=-1 7 5 6 -5 8 -4 -2 -3
right_child=1 2 3 4 -6 -7 -8 -9 -10
leaf_value=-0.024180460575448072 -0.022115919917646734 -0.0032702751673500318 0.032767548095904306 0.011057959697925862 -0.0073284296447507398 0.014944400698276702 0.0011623436848670783 0 -0.022442587603592617
leaf_weight=7.1654026973992577 5.0743779651820651 2.4315756279975158 7.8119112290441972 31.865408208221197 11.338006896898149 1.7560224048793314 3.0791212134063244 0.8766745701432227 4.8634643089026213
leaf_count=219 144 56 73 413 241 18 41 15 98
internal_value=0.00137907 0.00467747 0.00754859 0.0108237 0.00605564 -0.0101705 0.0256315 -0.0196458 -0.0184535
internal_weight=76.262 69.0966 63.1455 54.0944 43.2034 9.05106 10.891 5.95105 7.29504
internal_count=1318 1099 940 768 654 172 114 159 154
is_linear=0
shrinkage=0.03


Tree=58
num_leaves=14
num_cat=0
split_feature=7 10 9 2 4 0 7 3 8 2 2 7 1
split_gain=8.15879 4.16518 4.76974 3.93372 4.64472 3.65802 3.01764 2.06236 1.99885 1.12548 3.41315 1.69159 0.23736
threshold=8.5406000000000013 8992.5201000000015 25.163150000000005 0.81215000000000015 12.527450000000002 8.3031500000000023 9.1637500000000021 -0.012099999999999998 6.6197500000000007 0.72095000000000009 0.70725000000000005 8.653550000000001 -0.012749999999999999
decision_type=2 2 2 2 2 2 2 2 2 2 2 2 2
left_child=12 2 3 6 -5 9 -2 -4 -9 10 -3 -11 -1
right_child=1 5 7 4 -6 -7 -8 8 -10 11 -12 -13 -14
leaf_value=-0.0020498677306942646 -0.0094345712771141173 -0.017107923945330842 0.036972386163831139 -0.00058435423265777394 0.034320987128031076 0.011688232737767763 0.010212040425684866 -0.0096583267326936072 0.019755473763283047 0.0043797787655849444 0.023151608160111185 -0.024832604751318047 -0.023134343107853606
leaf_weight=1.2713371776044358 17.406232178211216 2.5925385598093302 5.1254898440092802 6.3053673133254033 4.9681164734065533 4.9102940447628489 9.0188250299543125 2.1981880925595743 2.2606995403766632 1.3395597022026757 1.2235930282622574 7.313919223845005 9.0702085457742196
leaf_count=40 365 71 37 92 59 43 117 33 18 34 20 162 237
internal_value=0.000846278 0.00500991 0.00955312 0.00404888 0.0174257 -0.00690564 -0.00237694 0.0265073 0.00628973 -0.0150384 -0.000161179 -0.0200556 -0.0215376
internal_weight=75.0044 64.6628 47.2829 37.6985 11.2735 17.3799 26.4251 9.58438 4.45889 12.4696 3.81613 8.65348 10.3415
internal_count=1328 1051 721 633 151 330 482 88 51 287 91 196 277
is_linear=0
shrinkage=0.03


Tree=59
num_leaves=12
num_cat=0
split_feature=7 4 5 9 0 7 7 0 9 11 11
split_gain=6.02691 5.46273 4.98815 4.30451 3.7802 6.22419 4.1402 3.5882 1.80913 0.636094 0.132819
threshold=8.5197500000000019 12.446200000000001 -6161.7499999999991 25.163150000000005 0.53685000000000016 8.6780500000000007 8.8101000000000003 20.794100000000004 14.556350000000002 0.31505000000000005 0.097250000000000017
decision_type=2 2 2 2 2 2 2 2 2 2 2
left_child=9 7 3 8 6 -6 -4 10 -3 -1 -2
right_child=1 2 4 -5 5 -7 -8 -9 -10 -11 -12
leaf_value=-0.023491023073454489 -0.0024145875114539089 0.0045613836273318146 -0.016112398931639009 0.017859174367554839 0.040040232491188744 0.0094539956003123395 0.01239559705873337 0.014333059878832514 -0.022228010316509197 0.00030671076068690466 -0.02214754198151404
leaf_weight=6.4773987103253594 1.2307310160249452 1.958519633859394 6.1382349468767634 2.599907409399747 7.0045864563435307 25.170901007950306 8.5005489103496057 1.8069401681423176 7.6982105877250433 0.81047146208584298 7.7951085567474365
leaf_count=213 29 24 163 30 78 277 161 20 169 16 171
internal_value=0.00171274 0.00464392 0.00830327 -0.00767117 0.01269 0.0181539 0 -0.0132608 -0.016687 -0.0210254 -0.020655
internal_weight=77.1916 69.9037 59.0709 12.2566 46.8143 32.1755 14.6388 10.8328 9.65673 7.28787 9.02584
internal_count=1351 1122 902 223 679 355 324 220 193 229 200
is_linear=0
shrinkage=0.03


Tree=60
num_leaves=15
num_cat=0
split_feature=0 9 6 7 5 6 6 8 2 5 1 5 8 8
split_gain=6.43768 4.28673 4.47419 3.59971 4.3124 3.53971 3.25696 3.00419 2.74581 2.01585 1.8073 1.24911 0.647008 0.578703
threshold=0.74320000000000008 34.763650000000005 0.020950000000000003 8.8101000000000003 -5286.2499999999991 0.026450000000000005 0.036300000000000006 5.5140500000000001 0.85500000000000009 -5311.6249999999991 -0.008349999999999998 -5464.8749999999991 4.1431500000000012 10.134100000000002
decision_type=2 2 2 2 2 2 2 2 2 2 2 2 2 2
left_child=3 2 9 8 10 7 -7 -4 -1 13 12 -12 -5 -2
right_child=1 -3 5 4 -6 6 -8 -9 -10 -11 11 -13 -14 -15
leaf_value=-0.026288263887111359 -0.017040549350779241 0.035696809995310899 0.0019848974912539496 -0.00044258031495237276 0.024058102484947913 -0.010383191175340239 0.011298888346144734 0.031149608719992478 0.011045228854346128 0.0069409292570314354 -0.0072266972524101074 0.017828700567346562 -0.021678721013994734 0.00047044342455011281
leaf_weight=11.134973309934139 9.9901082906872016 2.1558598987758151 5.6056321356445533 2.0652612801641217 2.7288259677588931 9.5426067169755715 11.516171423718331 7.3506967332214117 0.8087780214846142 3.7634262330830088 1.8760087285190823 1.4485871568322171 4.762012742459774 1.4733363743871439
leaf_count=354 191 14 95 57 45 137 108 86 15 44 37 14 125 13
internal_value=0.000197931 0.00625317 0.00356261 -0.0117588 -7.73705e-05 0.00950256 0.00129533 0.0206847 -0.0223234 -0.00909512 -0.00970368 0.00572308 -0.0171504 -0.0148316
internal_weight=76.2223 51.3978 49.242 24.8244 12.8807 34.0151 21.0588 12.9563 11.9438 15.2269 10.1519 3.3246 6.82727 11.4634
internal_count=1335 688 674 647 278 426 245 181 369 248 233 51 182 204
is_linear=0
shrinkage=0.03


Tree=61
num_leaves=15
num_cat=0
split_feature=7 8 3 8 8 1 1 4 10 0 10 6 0 3
split_gain=7.20122 4.18332 6.97283 4.32255 4.70765 3.4001 3.30606 2.82023 1.49647 1.44916 1.37896 1.19182 0.509005 0.0896092
threshold=8.5277000000000012 6.7387000000000006 0.00125 7.1532000000000009 8.1010500000000025 -0.011849999999999998 -0.008649999999999998 12.446200000000001 8646.5400000000027 -2.8958999999999997 9292.1050000000014 0.022150000000000006 14.960000000000003 0.032350000000000011
decision_type=2 2 2 2 2 2 2 2 2 2 2 2 2 2
left_child=12 2 5 -3 13 8 -6 -7 -2 11 -11 -4 -1 -5
right_child=1 3 9 4 6 7 -8 -9 -10 10 -12 -13 -14 -15
leaf_value=-0.024572576358419009 0.0059032925758339388 0.03634310661310073 0.014872789988177952 -0.01932823599758899 -0.0035577020401317645 -0.0082128774977763431 0.022144886082629843 0.017498551769398931 -0.019475914454994175 -0.022873857466326426 0.0030135295776449688 -0.010886629057428309 0 -0.0018075816518355041
leaf_weight=7.6468048095703107 1.9671936128288496 3.9211009051650789 1.2390107028186332 2.9973130580037859 5.9778490811586442 3.3367721624672475 10.555916123092169 17.612615201622248 3.4270631559193134 11.903699055314059 1.4107047282159335 1.2056172937154768 0.87287504598498333 1.1782875489443538
leaf_count=244 40 48 37 55 89 69 73 219 83 274 34 32 9 23
internal_value=0.000498676 0.00406107 -0.00168683 0.0133878 0.00609142 0.00755318 0.013309 0.0129137 -0.0107215 -0.016413 -0.0198998 0.00231173 -0.0225868 -0.0170565
internal_weight=75.2528 66.7331 42.1027 24.6305 20.7094 26.3436 16.5338 20.9494 5.39426 15.759 13.3144 2.44463 8.51968 4.1756
internal_count=1329 1076 788 288 240 411 162 288 123 377 308 69 253 78
is_linear=0
shrinkage=0.03


Tree=62
num_leaves=11
num_cat=0
split_feature=2 7 10 4 5 0 4 1 3 1
split_gain=5.95796 4.82035 4.07615 3.65717 4.15298 2.68385 1.76005 1.75389 0.772623 0.578546
threshold=0.67530000000000012 8.5197500000000019 8992.5201000000015 12.447100000000001 -5511.8749999999991 8.0195500000000006 12.401000000000002 -0.0050499999999999998 0.041950000000000008 -0.012749999999999999
decision_type=2 2 2 2 2 2 2 2 2 2
left_child=8 9 3 6 -5 7 -3 -4 -1 -2
right_child=1 2 5 4 -6 -7 -8 -9 -10 -11
leaf_value=-0.023482133467878932 0.00087000679153597499 0.010086241403570843 -0.016501216443824272 0.0032549518647724579 0.02331779167770227 0.010120335815248691 -0.014673118932205473 0.0087716866571680117 0.001724155594089307 -0.021257001403511548
leaf_weight=6.3416301645338526 0.78558525815606106 2.247611576691269 10.148333020508289 16.627411719411608 22.84003354609013 5.6691693589091292 4.9256149102002382 1.5888574291020638 0.71187014877796162 4.522859312593936
leaf_count=196 25 42 245 285 236 45 77 20 23 145
internal_value=0.00214598 0.0050377 0.00750527 0.0120078 0.0155024 -0.00439894 -0.00608051 -0.0120827 -0.0207879 -0.01823
internal_weight=76.409 69.3555 64.047 46.6407 39.4674 17.4064 7.17323 11.7372 7.0535 5.30844
internal_count=1339 1120 950 640 521 310 119 265 219 170
is_linear=0
shrinkage=0.03


Tree=63
num_leaves=15
num_cat=0
split_feature=5 7 4 0 4 6 9 5 6 2 2 11 6 5
split_gain=5.56325 4.81826 4.95671 3.9003 3.70927 4.75082 2.68097 1.91193 1.56906 1.39747 2.90605 1.2544 0.781723 0.51784
threshold=-5580.8749999999991 8.5983500000000017 12.449400000000002 13.895000000000001 12.473900000000002 0.020550000000000002 32.007750000000009 -6357.1249999999991 0.044050000000000006 0.74585000000000001 0.69915000000000005 0.32465000000000005 0.015650000000000001 -5194.3749999999991
decision_type=2 2 2 2 2 2 2 2 2 2 2 2 2 2
left_child=3 11 9 6 -4 -6 8 -5 12 10 -3 13 -1 -2
right_child=1 2 4 7 5 -7 -8 -9 -10 -11 -12 -13 -14 -15
leaf_value=-0.0027301465814765029 -0.01983546971712177 -0.015022926959438108 0.031677806487692729 0.019529257186846762 -0.010028234102611694 0.015969625334598826 0.010553058299161788 -0.0053664022830984103 0.0044395417407725414 -0.020244365466049109 0.023428811029495771 0.0070130656318235359 -0.025532949324418762 0.00078264030782162976
leaf_weight=2.3748057950288191 5.9711984116584063 1.9022008832544082 7.3365928772836915 3.0027060657739639 7.4153931792825487 18.41817176528275 1.4593404419720162 4.5154388770461074 1.2361553665250529 3.4388844519853592 1.2306240517646072 1.0315663497895 13.91531212069094 0.78256291151046653
leaf_count=63 172 41 58 31 139 221 17 47 18 66 22 13 387 23
internal_value=0 0.00605122 0.0103343 -0.0105846 0.0149961 0.00821493 -0.0173659 0.00627587 -0.0206871 -0.0108543 0.00274064 -0.0131497 -0.0230348 -0.0174707
internal_weight=74.031 47.5272 39.7419 26.5038 33.1702 25.8336 18.9856 7.51814 17.5263 6.57171 3.13282 7.78533 16.2901 6.75376
internal_count=1318 755 547 563 418 360 485 78 468 129 63 208 450 195
is_linear=0
shrinkage=0.03


Tree=64
num_leaves=12
num_cat=0
split_feature=7 10 2 11 7 7 8 0 1 7 11
split_gain=3.89846 3.71667 3.93178 6.30555 5.13774 4.26384 3.98597 2.76651 2.0347 0.915812 0.620527
threshold=8.5197500000000019 8992.5201000000015 0.83445000000000014 0.21160000000000004 8.9845000000000024 9.0970000000000031 5.5453500000000009 9.865000000000002 -0.0050499999999999998 9.286900000000001 0.30455000000000004
decision_type=2 2 2 2 2 2 2 2 2 2 2
left_child=10 2 3 4 -2 -5 -4 8 9 -3 -1
right_child=1 7 6 5 -6 -7 -8 -9 -10 -11 -12
leaf_value=-0.022377292585021063 0.003022547007221702 -0.02207906674547936 0 0.001295425069334269 -0.0235330275733425 0.02978702686856901 0.0405463980273063 0.008293634437886931 0.0081584718769613356 0 0.00071155285764812836
leaf_weight=5.5042003765702239 15.864341620355846 10.283083513379095 3.5511092208325854 10.351095493882896 8.5622944403439742 7.4127752520143977 3.4641154669225216 4.7577022500336161 1.6384462472051389 1.8385706450790174 0.79069687798619259
leaf_count=204 314 249 47 133 167 53 30 42 21 40 19
internal_value=-0.000169406 0.00210919 0.00641264 0.00237181 -0.00724901 0.0151478 0.0244644 -0.00869021 -0.0150602 -0.019122 -0.0196432
internal_weight=74.0184 67.7235 49.2057 42.1905 24.4266 17.7639 7.01522 18.5178 13.7601 12.1217 6.2949
internal_count=1319 1096 744 667 481 186 77 352 310 289 223
is_linear=0
shrinkage=0.03


Tree=65
num_leaves=12
num_cat=0
split_feature=7 2 5 4 2 2 7 4 0 11 11
split_gain=4.77814 4.02953 3.13903 4.75946 9.44578 4.24005 3.32468 4.50053 3.86333 0.686904 0.630812
threshold=8.5197500000000019 0.67530000000000012 -5394.3749999999991 12.526100000000001 0.79810000000000014 0.77115000000000011 8.7962000000000025 12.548500000000002 2.3723000000000005 0.3282500000000001 0.21920000000000003
decision_type=2 2 2 2 2 2 2 2 2 2 2
left_child=9 10 3 5 -5 -3 8 -8 -4 -1 -2
right_child=1 2 6 4 -6 -7 7 -9 -10 -11 -12
leaf_value=-0.022511721991717398 -0.020600915107482794 0.0048578942609776949 -0.01945663921113536 -0.012256974000934317 0.033528145013629593 -0.017709804147687917 0.030137654251122723 -0.0051957325362303932 0.014265051460958128 0.0014731661038185689 0
leaf_weight=5.6210090350359669 4.1283996775746337 14.111980333924295 3.4077233150601405 5.5374726243317109 7.5011711735278368 12.239860862493513 11.807638028636573 3.3746376521885386 5.0283485017716885 0.71236820518970478 1.8730512615293262
leaf_count=208 129 229 79 112 94 222 119 44 42 14 41
internal_value=0.00173758 0.0042523 0.006653 0.00119001 0.0148398 -0.00602835 0.0148428 0.0224187 -0.000187462 -0.0197478 -0.0159404
internal_weight=75.3437 69.0103 63.0088 39.3905 13.0386 26.3518 23.6183 15.1823 8.43607 6.33338 6.00145
internal_count=1333 1111 941 657 206 451 284 163 121 222 170
is_linear=0
shrinkage=0.03


Tree=66
num_leaves=14
num_cat=0
split_feature=7 5 5 5 8 0 9 3 3 8 8 3 11
split_gain=4.2852 3.63281 3.52417 3.49567 2.99942 2.84631 4.49917 3.77059 2.90865 1.84988 1.9085 1.30669 0.671879
threshold=8.5197500000000019 -5394.3749999999991 -5369.4999999999991 -5286.2499999999991 4.2649000000000008 0.53685000000000016 18.069550000000003 0.0067500000000000008 -1.0000000180025095e-35 5.1008500000000003 4.1020500000000011 0.041450000000000008 0.3282500000000001
decision_type=2 2 2 2 2 2 2 2 2 2 2 2 2
left_child=12 5 -3 11 -5 9 8 -8 -7 10 -2 -4 -1
right_child=1 2 3 4 -6 6 7 -9 -10 -11 -12 -13 -14
leaf_value=-0.022252658944935111 -0.012841972695275742 0.035164403838538388 -0.01469281719198412 -0.0050914690466445636 0.021290067303381927 -0.018280788893450473 0.02304340484771656 -0.0074003612451528835 0.0046578288488490476 -0.022998268663236419 0.01378737104048125 0.0081079415312792173 0.0014610643709261711
leaf_weight=5.4039241066202512 3.134310379624365 3.0374937560409334 5.8758359085768506 4.3607562184333775 10.969942500814794 8.0648644529283047 10.120543189346789 3.9262084178626528 8.2593881078064477 5.7362768892198801 2.5815706141293049 1.51503031514585 0.71327247470617283
leaf_count=204 90 31 96 65 120 108 111 68 149 165 63 22 14
internal_value=0.00116807 0.00358159 0.0120201 0.00621024 0.0138913 -0.00185866 0.00297289 0.0144853 -0.00726945 -0.0134319 0 -0.00896814 -0.0194393
internal_weight=73.6994 67.5822 25.7591 22.7216 15.3307 41.8232 30.371 14.0468 16.3243 11.4522 5.71588 7.39087 6.1172
internal_count=1306 1088 334 303 185 754 436 179 257 318 153 118 218
is_linear=0
shrinkage=0.03


Tree=67
num_leaves=15
num_cat=0
split_feature=1 5 2 2 1 4 6 6 5 4 9 4 9 5
split_gain=5.91519 4.00864 3.59623 3.55563 2.73401 2.59702 2.4222 6.62835 2.56073 2.23765 1.26199 1.50734 1.21762 0.146152
threshold=-0.0067499999999999991 -5518.8749999999991 0.79510000000000003 0.67530000000000012 -0.013949999999999999 12.469500000000002 0.020750000000000001 0.023650000000000001 -5333.4999999999991 12.503400000000001 13.417750000000002 12.614700000000001 21.423150000000003 -5337.1249999999991
decision_type=2 2 2 2 2 2 2 2 2 2 2 2 2 2
left_child=1 4 5 -3 -1 13 8 -8 -5 -4 -6 -12 -7 -2
right_child=2 3 9 6 10 12 7 -9 -10 -11 11 -13 -14 -15
leaf_value=0.015109883959586725 0.0040725105593536976 -0.019210855389988131 0.0022493432558205345 -0.017466736138554168 0.005886336067151823 -0.016850260915023393 0.033994994629345028 -0.00049022005702435429 0.0086724070906631073 0.035525595321854085 -0.019820665071554004 0.0060414475412120467 0.0035837836885879801 0.020291745293524933
leaf_weight=1.2100913468748355 2.5999196842312813 3.4202388618141439 2.9879625886678678 4.5119794271886349 1.1124866027385021 3.7074068654328585 6.2079535759985474 12.329307647421954 5.0529784988611954 5.9584390260279179 18.153535254299644 1.1692276541143645 3.4317558538168669 2.6218053326010722
leaf_count=34 35 111 35 100 17 47 86 173 84 41 467 24 41 17
internal_value=0.00187743 -0.00348362 0.0145345 0.00326052 -0.0128771 0.00270266 0.00718977 0.0130984 -0.00428681 0.0271274 -0.0158674 -0.0176952 -0.00806475 0.0159959
internal_weight=74.4751 53.1678 21.3073 31.5225 21.6453 12.3609 28.1022 18.5373 9.56496 8.9464 20.4352 19.3228 7.13916 5.22173
internal_count=1312 1096 216 554 542 140 443 259 184 76 508 491 88 52
is_linear=0
shrinkage=0.03


Tree=68
num_leaves=12
num_cat=0
split_feature=7 10 8 11 3 2 4 1 4 2 6
split_gain=5.61479 3.61215 3.44655 4.91561 4.92402 3.86932 2.42207 2.05274 1.49097 2.06343 0.805855
threshold=8.5197500000000019 8992.5201000000015 5.5140500000000001 0.36585000000000006 -0.04664999999999999 0.83445000000000014 12.469500000000002 -0.0050499999999999998 12.487350000000001 0.77150000000000019 0.026250000000000006
decision_type=2 2 2 2 2 2 2 2 2 2 2
left_child=-1 2 3 4 -2 6 -4 8 9 -3 -10
right_child=1 7 5 -5 -6 -7 -8 -9 10 -11 -12
leaf_value=-0.023122712678727397 0.016205156745236472 0.0096723054848184917 0.018356065941036257 0.028268931876195776 -0.015847876948084871 0.036818333708934753 0 0.011263408044330455 -0.023928775240548039 -0.016679157243637211 -0.0024816567819468181
leaf_weight=6.1385386968031517 3.9931944143027094 4.8358162138611105 9.2970755640417391 2.0878303088247767 14.257066788151862 3.6970311291515818 15.026386640965937 2.606289727613329 5.7365934830158931 2.3828969486057758 3.0388799551874399
leaf_count=226 56 90 106 15 300 32 224 31 131 56 53
internal_value=0.000410152 0.00321911 0.00750063 -0.00174414 -0.00777863 0.0139798 0.00786091 -0.00741412 -0.011538 -0.000432265 -0.0186193
internal_weight=73.0976 66.9591 48.3586 20.3381 18.2503 28.0205 24.3235 18.6005 15.9942 7.21871 8.77547
internal_count=1320 1094 733 371 356 362 330 361 330 146 184
is_linear=0
shrinkage=0.03


Tree=69
num_leaves=10
num_cat=0
split_feature=2 8 8 11 11 11 8 8 2
split_gain=3.43725 2.6529 4.71933 4.24182 4.46497 3.6085 4.66822 2.15137 1.66206
threshold=0.67530000000000012 4.2119500000000007 4.3681500000000009 0.33370000000000005 0.23920000000000002 0.33175000000000004 2.5113500000000006 8.6644500000000022 0.72095000000000009
decision_type=2 2 2 2 2 2 2 2 2
left_child=7 5 -3 4 -4 6 -2 -1 -8
right_child=1 2 3 -5 -6 -7 8 -9 -10
leaf_value=-0.023054436843320064 0.021217455321516948 0.034640368864298804 0.00068995925796760775 -0.0184526850451508 0.02254740482356268 0.021651126396209534 0.0011623953800159765 0.010473835324660034 -0.0242209265712479
leaf_weight=6.0395697578787795 1.2840000223368395 2.6968954149633637 34.485473958775401 5.2867727614939204 9.3189288079738599 1.2918764669448126 2.3923966083675614 0.80636658705770958 9.85372146964073
leaf_count=210 19 36 618 54 90 18 42 13 219
internal_value=0.000273296 0.00257362 0.00579362 0.00285618 0.00618687 -0.00784993 -0.0132854 -0.0172909 -0.0195845
internal_weight=73.456 66.6101 51.7881 49.0912 43.8044 14.822 13.5301 6.84594 12.2461
internal_count=1319 1096 798 762 708 298 280 223 261
is_linear=0
shrinkage=0.03


Tree=70
num_leaves=15
num_cat=0
split_feature=7 0 1 5 7 7 5 8 10 1 11 1 3 1
split_gain=4.04794 3.38867 2.84409 4.55298 5.25072 2.74274 4.84042 3.13547 3.38128 1.83456 1.72977 0.958302 0.855839 0.845894
threshold=8.5197500000000019 0.53685000000000016 -0.011049999999999999 -5476.7499999999991 8.8355500000000013 8.7209000000000021 -6161.7499999999991 10.007850000000003 8778.3800000000028 -0.0081499999999999993 0.12075000000000001 -0.013449999999999998 0.022450000000000001 -0.0055499999999999985
decision_type=2 2 2 2 2 2 2 2 2 2 2 2 2 2
left_child=-1 2 11 13 -5 6 9 8 -7 -3 -8 12 -2 -4
right_child=1 5 3 4 -6 7 10 -9 -10 -11 -12 -13 -14 -15
leaf_value=-0.019275557194168791 -0.01041395905015363 -0.017840624592091105 -0.020174867626787312 -0.011118597715370056 0.032640440955092928 0.0072326704650994868 0.0014975544258444651 0.021531396178135976 -0.01166404725769948 0.010132468884461445 0.033180166592578317 -0.023129537694356786 0.012564439461159592 0.0015013733910246305
leaf_weight=6.0251022810116401 1.1452824957668779 2.6329947710037231 3.9582105502486238 2.6453415416181061 4.251111077144742 16.374206965789202 2.318244079127906 4.3498399406671515 13.850233694538472 1.9867913872003544 7.7541476767510176 6.0718506965786245 0.71844512037932862 1.5321036167442796
leaf_count=225 35 52 133 60 60 195 36 32 200 17 83 184 21 22
internal_value=0.000903058 0.00318176 -0.00662166 0.00239708 0.016792 0.00738473 0.0174244 0.00231686 -0.00152007 -0.00593063 0.0275928 -0.0186499 0 -0.0149397
internal_weight=75.6139 69.5888 20.3223 12.3868 6.89645 49.2665 14.6922 34.5743 30.2244 4.61979 10.0724 7.93558 1.86373 5.49031
internal_count=1355 1130 515 275 120 615 188 427 395 69 119 240 56 155
is_linear=0
shrinkage=0.03


Tree=71
num_leaves=14
num_cat=0
split_feature=0 9 10 10 5 1 5 8 2 10 4 11 10
split_gain=4.68838 3.16507 2.91677 3.56743 4.47237 2.68979 3.58314 3.5753 2.36614 1.93977 1.30842 0.797058 0.185676
threshold=0.80315000000000014 34.763650000000005 8347.8800000000028 8789.8550500000001 -5558.1249999999991 -0.008349999999999998 -5428.8749999999991 9.1271000000000004 0.85635000000000006 8535.6550500000012 12.526100000000001 0.33175000000000004 9134.6350500000026
decision_type=2 2 2 2 2 2 2 2 2 2 2 2 2
left_child=5 2 10 9 -5 7 12 8 11 -4 -2 -1 -7
right_child=1 -3 3 4 -6 6 -8 -9 -10 -11 -12 -13 -14
leaf_value=-0.024995754134784828 -0.021588018777280723 0.029910360332114347 -4.6677536625015054e-05 -0.017882817284155715 0.0078689513692664897 -0.016152247900999603 0.021890259589854345 0.016572432896787195 0.010239307293360488 0.019496782355167764 0.0032708239788486111 0.00081528687138873734 0
leaf_weight=13.565173715353014 3.6803131941705933 2.4752566888928405 5.8363363891840008 8.0730985719710571 13.245069759897889 2.2251373119652276 3.1915543563663951 1.1080783028155554 0.86001997999847013 14.887653216719626 1.8844164572656152 0.78407817520201284 0.9899237286299466
leaf_count=468 56 16 80 155 162 52 32 26 16 172 25 21 22
internal_value=0.000487378 0.00561904 0.00314059 0.00603323 -0.00245185 -0.0102408 0.00485424 -0.0162142 -0.0204255 0.0143412 -0.0141342 -0.0234747 -0.0133914
internal_weight=72.8061 50.0821 47.6069 42.0422 21.3182 22.724 6.40662 16.3174 15.2093 20.724 5.56473 14.3493 3.21506
internal_count=1303 666 650 569 317 637 106 531 505 252 81 489 74
is_linear=0
shrinkage=0.03


Tree=72
num_leaves=13
num_cat=0
split_feature=7 10 0 2 3 11 9 8 3 6 11 6
split_gain=4.06455 3.61972 4.74609 3.74277 5.48204 4.04754 2.65247 2.47473 1.42941 1.19689 0.685574 0.332473
threshold=8.5197500000000019 8992.5201000000015 8.0195500000000006 0.83445000000000014 -0.043649999999999994 0.23920000000000002 21.813150000000004 5.5453500000000009 -0.085749999999999979 0.024150000000000001 0.30785000000000007 0.014550000000000002
decision_type=2 2 2 2 2 2 2 2 2 2 2 2
left_child=10 3 8 4 6 -6 -2 -5 -3 -4 -1 -10
right_child=1 2 9 7 5 -7 -8 -9 11 -11 -12 -13
leaf_value=-0.021907768977774959 0.0042889691449599062 0.0061432938835209493 0.021933137230303063 0.0016869095141379758 -0.010074053835209006 0.010881790711245138 0.032936365375768759 0.036677327757137071 -0.00030480320101608716 -0.00056344684178889759 0.001814438831172618 -0.021483070469494825
leaf_weight=5.1490333443507543 6.637697206810115 1.0638357456773526 2.654861617833375 3.1587892416864625 21.180277179926634 10.906593045219777 5.0234542693942785 4.0477950498461723 1.0744083262979991 3.2839076705276966 0.68805315159261216 10.127744964323936
leaf_count=211 98 16 20 43 434 116 44 32 27 30 15 261
internal_value=0.00151359 0.00377017 -0.00710415 0.00783352 0.00389747 -0.00264244 0.0198646 0.0253644 -0.0170094 0.0121075 -0.0189793 -0.020033
internal_weight=74.9965 69.1594 18.2048 50.9546 43.748 32.0869 11.6612 7.20658 12.266 5.93877 5.83709 11.2022
internal_count=1347 1121 354 767 692 550 142 75 304 50 226 288
is_linear=0
shrinkage=0.03


Tree=73
num_leaves=13
num_cat=0
split_feature=7 4 4 2 4 4 7 2 2 5 10 11
split_gain=3.86248 2.91135 4.53884 6.6706 6.14444 3.65183 2.24357 1.47892 4.29866 1.26666 3.35212 0.698099
threshold=8.5197500000000019 12.446200000000001 12.469500000000002 0.80375000000000008 12.526100000000001 12.500100000000002 8.5794000000000015 0.74500000000000011 0.71330000000000016 -5518.8749999999991 8782.5051000000003 0.31505000000000005
decision_type=2 2 2 2 2 2 2 2 2 2 2 2
left_child=11 6 9 5 -5 -4 -2 8 -8 10 -3 -1
right_child=1 2 3 4 -6 -7 7 -9 -10 -11 -12 -13
leaf_value=-0.021855454142131924 0.014167878320575351 0.022209556790536142 0.005191181142605669 -0.0065933747537346692 0.026964767009368083 -0.015811034256738878 -0.017874624500037593 -0.023106191696265908 0.028054860979306429 0.027316997361970848 -0.015912392481090581 0.0019991352078225447
leaf_weight=5.1148734521120778 1.1542450906708825 2.2718814797699451 10.792428368702533 6.6227208282798555 11.061822962015865 16.744087003171444 2.6973249129950987 5.3844435941427946 1.0085944980382917 7.6600207779556495 2.0580477919429541 0.67223503813147534
leaf_count=210 16 29 174 97 133 347 67 111 23 58 40 14
internal_value=0.00111553 0.00337038 0.00607297 0.00132146 0.0148521 -0.0076839 -0.010004 -0.0153452 0 0.0210284 0.00431337 -0.0188975
internal_weight=73.2427 67.4556 57.211 45.2211 17.6845 27.5365 10.2446 9.09036 3.70592 11.99 4.32993 5.78711
internal_count=1319 1095 878 751 230 521 217 201 90 127 69 224
is_linear=0
shrinkage=0.03


Tree=74
num_leaves=15
num_cat=0
split_feature=7 4 1 2 11 1 1 8 2 2 4 10 3 8
split_gain=4.57266 3.95394 3.92652 3.617 3.97291 3.88493 3.12943 2.79426 2.749 4.54576 2.2497 2.62413 1.90639 0.879891
threshold=8.5651000000000028 12.449400000000002 -0.0085499999999999986 0.79510000000000003 0.15440000000000001 -0.0075499999999999986 -0.013449999999999998 4.693550000000001 0.74500000000000011 0.71855000000000013 12.473900000000002 8748.2150500000025 -0.016149999999999994 6.8248500000000005
decision_type=2 2 2 2 2 2 2 2 2 2 2 2 2 2
left_child=10 8 6 5 -5 -4 12 -8 9 13 11 -1 -3 -2
right_child=1 2 3 4 -6 -7 7 -9 -10 -11 -12 -13 -14 -15
leaf_value=0.01904199499175574 -0.017728972487705642 -0.0033605642701996065 0.028602872446381093 0.044962712102777448 0.0055020019464142866 -0.0017988036025295268 0.0085337766922778842 -0.011009491231714902 -0.020816147757566992 0.033416054328205505 -0.023688309077974638 -0.015136141123132694 0.031603308452632629 0.0042206898064000671
leaf_weight=2.0241995733231288 2.6573004648089396 1.3818897865712645 3.1208140086382654 4.7081278897821885 4.7552430108189583 13.108033621683722 8.6125014573335665 15.441130002960561 6.0917183039709926 1.189974147826433 6.2739529460668564 2.0489827338606119 2.1345402877777806 1.2679520249366758
leaf_count=38 65 30 39 33 38 128 187 300 118 23 203 71 38 19
internal_value=0.00214345 0.0052401 0.00866637 0.01665 0.0298152 0.00637965 0.00050209 -0.00377887 -0.00966296 0.00531539 -0.0146312 0.00203235 0.0210825 -0.011101
internal_weight=74.8164 64.4692 53.2623 25.6922 9.46337 16.2288 27.5701 24.0536 11.2069 5.11523 10.3471 4.07318 3.51643 3.92525
internal_count=1330 1018 793 238 71 167 555 487 225 107 312 109 68 84
is_linear=0
shrinkage=0.03


Tree=75
num_leaves=14
num_cat=0
split_feature=7 8 3 3 9 8 8 8 4 7 11 0 9
split_gain=3.65703 3.68784 5.30643 4.36792 6.00128 3.50074 4.79881 2.87368 1.92691 1.67582 1.40166 1.13429 1.049
threshold=8.5277000000000012 6.7387000000000006 0.0047500000000000007 0.03740000000000001 27.289550000000002 5.7748500000000016 5.5140500000000001 7.1532000000000009 12.595900000000002 9.0970000000000031 0.32465000000000005 23.288200000000003 22.485900000000004
decision_type=2 2 2 2 2 2 2 2 2 2 2 2 2
left_child=10 2 5 4 7 6 -2 -3 11 -5 -1 -4 -7
right_child=1 3 8 9 -6 12 -8 -9 -10 -11 -12 -13 -14
leaf_value=-0.022854076302548283 0.002516593321097296 0.015012636430096215 -0.023805706221264027 0.0052736306239766842 0.025240105508988985 -0.020661073132972631 0.035861357918721658 -0.013479989823734927 0.0092347261384642543 0.041594083057038621 0.0042974253153312157 0.00044836720705926115 0.0015867553307193562
leaf_weight=5.7846952378749839 19.295471448451288 2.2694083880633178 10.492045816034073 2.6351693179458371 5.4486246164888135 3.4681799523532382 3.0650310665369025 11.71013157814741 0.93413745611906129 2.8936242703348398 1.2552500143647192 1.6515050455927855 2.1615397222340107
leaf_count=226 310 32 301 37 32 62 37 159 24 22 19 22 34
internal_value=8.74029e-05 0.0025062 -0.00296724 0.0111762 0.00314011 0.00439663 0.00977939 -0.00736676 -0.0174197 0.0306809 -0.0178013 -0.0206981 -0.013549
internal_weight=73.0648 66.0249 41.0679 24.957 19.4282 27.9902 22.3605 13.9795 13.0777 5.52879 7.03995 12.1436 5.62972
internal_count=1317 1072 790 282 223 443 347 191 347 59 245 323 96
is_linear=0
shrinkage=0.03


Tree=76
num_leaves=13
num_cat=0
split_feature=2 5 9 6 6 7 0 10 8 7 11 10
split_gain=3.62288 3.49707 3.7041 3.71964 4.93613 3.42808 4.1804 2.77074 2.12499 1.64999 1.37121 1.20718
threshold=0.67530000000000012 -5394.3749999999991 31.161800000000003 0.020950000000000003 0.023250000000000003 8.8038000000000007 2.3723000000000005 8535.6550500000012 9.439700000000002 8.6814000000000018 0.090250000000000011 8996.6449000000011
decision_type=2 2 2 2 2 2 2 2 2 2 2 2
left_child=8 2 3 10 -5 6 -3 -7 -1 -8 -2 -9
right_child=1 5 -4 4 -6 7 9 11 -10 -11 -12 -13
leaf_value=-0.022924104766603164 0.005639328772995859 -0.020448566475976756 0.021017337915413017 0.022937675979076168 -0.0053488876530333089 -0.0035325949219400625 0.022301698933846124 0.032029172439229148 0.010503586674839785 -0.0032563762907097697 -0.019591429167785768 0.0063485624809844826
leaf_weight=5.8936454644426695 1.1547388434410084 3.9386606235057133 3.6177902091294518 5.4268281375989345 19.913303758017719 2.8219459354877463 3.4902614634484053 7.9130692780017835 0.7914384827017783 2.8135202005505562 12.033357777632771 3.7853878680616617
leaf_count=210 27 109 29 98 335 32 35 76 12 23 284 50
internal_value=0.00112401 0.00343357 -0.00181057 -0.00495952 0.00183402 0.0119394 -0.00119826 0.0204113 -0.0171138 0.0124964 -0.016733 0.0260786
internal_weight=73.5939 66.9089 42.146 38.5282 25.3401 24.7628 10.2424 14.5204 6.68508 6.30378 13.1881 11.6985
internal_count=1320 1098 773 744 433 325 167 158 222 58 311 126
is_linear=0
shrinkage=0.03


Tree=77
num_leaves=12
num_cat=0
split_feature=7 4 4 2 4 6 0 2 8 8 11
split_gain=3.56289 3.24424 3.83209 5.03882 5.12821 5.08623 2.91708 1.86188 2.02857 1.52848 0.771062
threshold=8.5197500000000019 12.447100000000001 12.469500000000002 0.80375000000000008 12.526100000000001 0.043850000000000007 20.794100000000004 0.69030000000000002 4.3633000000000015 9.439700000000002 0.33370000000000005
decision_type=2 2 2 2 2 2 2 2 2 2 2
left_child=10 6 7 5 -5 -4 9 -3 -9 -2 -1
right_child=1 2 3 4 -6 -7 -8 8 -10 -11 -12
leaf_value=-0.021529682706779345 -0.021834387916241146 -0.0014129592695782645 -0.010817069920550587 -0.0059283798817360706 0.024871845219363774 0.021586055095151924 0.013707059972216815 -0.0010215748091695165 0.030637450441574416 0.006021089220085432 0.0030635474749750187
leaf_weight=4.9064445486292234 7.5900263385847193 2.4869847595691672 25.005319030955437 6.5565436240285662 10.915547629818318 3.2404954675585023 1.8292319439351548 1.8665557354688624 7.6805826127529144 1.0783779136836527 0.58969753049314011
leaf_count=218 190 31 487 98 127 31 20 25 68 13 12
internal_value=0.00126316 0.0033657 0.00622253 0.00185486 0.013738 -0.00581888 -0.0105916 0.0199726 0.0250831 -0.0176087 -0.0183774
internal_weight=73.7458 68.2497 57.752 45.7179 17.4721 28.2458 10.4976 12.0341 9.54714 8.6684 5.49614
internal_count=1320 1090 867 743 225 518 223 124 93 203 230
is_linear=0
shrinkage=0.03


Tree=78
num_leaves=14
num_cat=0
split_feature=7 4 5 7 10 4 6 0 5 3 5 8 10
split_gain=5.43192 3.03468 3.03192 2.66641 2.49731 2.41954 3.05384 2.12514 1.94164 0.808098 0.646077 0.543346 0.169263
threshold=8.5783500000000021 12.446200000000001 -5558.1249999999991 8.6316500000000023 8798.0749500000002 12.473900000000002 0.020550000000000002 14.541850000000002 -6377.9999999999991 1.0000000180025095e-35 -5286.2499999999991 3.6400000000000001 8539.7501000000029
decision_type=2 2 2 2 2 2 2 2 2 2 2 2 2
left_child=7 8 3 -3 -5 9 -7 11 -2 -4 12 -1 -10
right_child=1 2 5 4 -6 6 -8 -9 10 -11 -12 -13 -14
leaf_value=0 0.011877452426667804 0.018989146589056809 0.03053461188370294 0.0031078369348538511 -0.01838941800787074 -0.0085773258227549217 0.0127345882248408 0.006828416733122033 -0.0018286950568837553 0.0070396920583292938 0 -0.024480378589637964 -0.02160942279785202
leaf_weight=1.0056420527398566 1.3464170238003133 2.4728728197515037 5.9752431791275722 9.3277677390724438 6.8396841343492261 6.7759965863078859 18.588522426784039 1.7031039036810387 1.2067808620631684 3.8542044796049595 1.8410827908664931 7.4277988281100988 4.4275726638734341
leaf_count=44 22 41 41 168 160 133 223 16 28 34 38 257 112
internal_value=0.00162158 0.00507368 0.00779501 -0.0017643 -0.00684476 0.0127613 0.00672081 -0.0167892 -0.00962718 0.0243234 -0.0155065 -0.0222409 -0.0193547
internal_weight=72.7927 62.6561 53.8343 18.6403 16.1675 35.194 25.3645 10.1365 8.82185 9.82945 7.47544 8.43344 5.63435
internal_count=1317 1000 800 369 328 431 356 317 200 75 178 301 140
is_linear=0
shrinkage=0.03


Tree=79
num_leaves=14
num_cat=0
split_feature=10 9 10 6 8 0 0 6 11 1 5 5 1
split_gain=3.67234 3.35307 4.1958 2.60628 2.27643 3.21651 2.16978 1.83947 2.18983 1.82783 1.27563 0.590279 0.282942
threshold=8981.4100000000017 34.763650000000005 8535.6550500000012 0.013750000000000002 6.8248500000000005 0.53685000000000016 -2.4672499999999995 0.013250000000000001 0.087350000000000025 -0.0067499999999999991 -5276.3749999999991 -5198.8749999999991 -0.0044499999999999991
decision_type=2 2 2 2 2 2 2 2 2 2 2 2 2
left_child=1 2 3 -1 6 -6 -4 -2 -9 -5 12 -12 -10
right_child=7 -3 4 9 5 -7 -8 8 10 -11 11 -13 -14
leaf_value=0.016099920914263814 0.011161061466676241 0.028233339475427579 0.017700691090681526 -0.019918993944172458 -0.010110426754943757 0.021602012806130048 -0.0038202493328343711 0.010328349310355041 -0.022101617835202314 0.0041697183103018755 0.00859874719804774 -0.0083403714611522371 -0.00067244896425966666
leaf_weight=1.0288539752364148 1.3517366899177456 2.4682580381631842 3.2448939131572834 11.414270866662262 2.2577209407463661 11.154139325022696 19.390463823452595 1.5118711814284349 12.310021434910601 2.5776257943361989 1.5142495650798085 1.9017551736906124 1.0137224290519942
leaf_count=15 22 16 82 243 56 98 356 32 312 28 27 31 15
internal_value=-0.000783977 0.0032778 0.000996511 -0.0113595 0.00655054 0.0154497 0.000329662 -0.011292 -0.014041 -0.0153272 -0.0172694 0 -0.0209675
internal_weight=73.1396 53.5362 51.068 15.0208 36.0472 13.4119 22.6354 19.6034 18.2516 13.9919 16.7397 3.416 13.3237
internal_count=1333 894 878 286 592 154 438 439 417 271 385 58 327
is_linear=0
shrinkage=0.03


Tree=80
num_leaves=15
num_cat=0
split_feature=0 9 7 5 5 7 10 8 5 2 2 0 10 1
split_gain=4.11233 2.54134 2.46257 3.66936 2.36456 3.50591 2.85472 2.82135 2.23253 2.12714 1.92949 1.53782 1.37137 0.862628
threshold=0.97815000000000019 33.192700000000009 8.8355500000000013 -5399.8749999999991 -5394.3749999999991 8.7562000000000015 8415.8799000000017 10.134100000000002 -5641.1249999999991 0.85635000000000006 0.74410000000000009 0.39135000000000003 8941.9250500000016 -0.005749999999999999
decision_type=2 2 2 2 2 2 2 2 2 2 2 2 2 2
left_child=2 4 9 11 5 7 -6 -2 -7 13 -5 -4 -8 -1
right_child=1 -3 3 10 6 8 12 -9 -10 -11 -12 -13 -14 -15
leaf_value=-0.022712222227598586 0.0161117390339405 0.028496591478706666 -0.018086908817728037 -0.0052689427706822381 -0.010907089941720944 0.002009976816452637 0.023620908988154825 -0.014983195518326792 -0.017610297341765047 0.011900437473784574 0.025210429166333346 0.0095779705338120188 0.0019273926364440173 0
leaf_weight=9.3672406421974284 11.426678337156774 2.7783213779330245 5.0464862491935492 1.6456950195133666 2.1754528656601932 8.8264024555683154 9.7696982081979495 1.5032670833170403 8.9267864003777486 0.75201172754168588 4.0037460476160049 0.87662259861826886 4.2694232556968919 1.5934573253616697
leaf_count=360 208 16 146 43 24 134 82 15 129 15 57 18 47 23
internal_value=0.00246946 0.00729337 -0.00746595 0.00215517 0.00486171 -0.000117068 0.0134262 0.0107728 -0.0084879 -0.0161186 0.0168833 -0.0122297 0.0182737 -0.0198122
internal_weight=72.9613 49.676 23.2853 11.5725 46.8977 30.6831 16.2146 12.9299 17.7532 11.7127 5.64944 5.92311 14.0391 10.9607
internal_count=1317 655 662 264 639 486 153 223 263 398 100 164 129 383
is_linear=0
shrinkage=0.03


Tree=81
num_leaves=15
num_cat=0
split_feature=7 6 3 8 4 3 7 7 4 4 4 11 0 7
split_gain=4.05863 3.94618 5.06632 4.8702 4.54704 2.76552 2.37596 2.30467 2.79448 3.01973 1.87316 1.51979 0.993876 0.627466
threshold=8.5983500000000017 0.020550000000000002 -0.025549999999999996 6.9007000000000014 12.446200000000001 0.028450000000000003 8.8370000000000015 8.6600500000000018 12.480000000000002 12.452350000000001 12.449400000000002 0.11115000000000001 15.835450000000003 8.2799500000000013
decision_type=2 2 2 2 2 2 2 2 2 2 2 2 2 2
left_child=10 7 4 6 -3 -5 -4 -2 9 -9 12 -6 -1 -12
right_child=1 2 3 5 11 -7 -8 8 -10 -11 13 -13 -14 -15
leaf_value=-0.0060496680931623158 0.013419778739724806 -0.010370585317071836 0.0022386940140195172 0 0.045608783768056091 0.029963426723764387 -0.019763878977264851 -0.016550034493768576 -0.020680327417916294 0.015972344269465744 0.0015086971456103034 0.017130115964029111 0.017439003322371679 -0.020525620562317565
leaf_weight=1.7871760940179222 2.4067057566717294 2.4194785542786148 7.0394416069611925 5.7128822021186334 2.3741009794175616 3.7675394341349602 7.6970680383965373 2.3399790851399294 8.7263182820752245 4.2930339500308037 0.73250383697450061 13.201201797462998 0.92507972568273533 8.8213744163513166
leaf_count=70 47 46 125 59 22 38 174 59 191 51 31 140 6 255
internal_value=0.00131273 0.00463643 0.00953038 0.000163687 0.0207086 0.0153049 -0.0100627 -0.00662748 -0.0111258 0.00297552 -0.0131005 0.0263379 0.00532639 -0.0186079
internal_weight=72.2439 59.9777 42.2117 24.2169 17.9948 9.48042 14.7365 17.766 15.3593 6.63301 12.2661 15.5753 2.71226 9.55388
internal_count=1314 952 604 396 208 97 299 348 301 110 362 162 76 286
is_linear=0
shrinkage=0.03


Tree=82
num_leaves=15
num_cat=0
split_feature=8 9 3 0 3 11 8 1 3 8 8 4 9 5
split_gain=2.84854 4.22337 3.2994 3.52982 3.47292 3.44052 3.43357 3.3271 2.40148 2.38123 2.02474 1.0203 0.981725 0.662087
threshold=9.1271000000000004 19.435450000000003 0.0047500000000000007 0.80315000000000014 -0.016999999999999998 0.2788000000000001 4.3320000000000007 -0.0079499999999999987 -1.0000000180025095e-35 6.9007000000000014 4.2649000000000008 12.595900000000002 25.163150000000005 -5399.8749999999991
decision_type=2 2 2 2 2 2 2 2 2 2 2 2 2 2
left_child=2 8 3 7 6 11 -5 12 -2 -7 -6 -4 -1 -9
right_child=1 -3 5 4 10 9 -8 13 -10 -11 -12 -13 -14 -15
leaf_value=-0.021352260995691489 -0.019979035163058174 0.027563316625889935 -0.020346501828247612 0.016931684849180551 -0.0026370699617989874 -0.0074502751510065026 -0.0083494351960223812 -0.0011206913458048382 0.011210014217811978 0.024024214773473627 0.026605680929431694 0.0014849123618544797 0.0010952923287369839 0.017901639560179428
leaf_weight=7.6980206631123966 2.5665951613336802 5.8366329912096262 13.505335305817427 5.3217112682759824 2.0374103747308245 3.0737073440104714 12.222119621932505 2.0037398859858517 2.4104346968233568 1.9437024313956497 8.2669922197237593 1.6162744518369425 1.607992662116885 1.8828482087701583
leaf_count=272 28 59 397 58 30 57 160 33 24 15 102 45 35 17
internal_value=0.000684898 0.0135955 -0.00190774 0.00294221 0.00886939 -0.0112998 0.000113706 -0.00889252 -0.00556041 0.00768714 0.0210911 -0.017937 -0.0177006 0.0105362
internal_weight=71.9935 10.8137 61.1799 41.0408 27.8482 20.139 17.5438 13.1926 4.97703 5.01741 10.3044 15.1216 9.30601 3.88659
internal_count=1332 111 1221 707 350 514 218 357 52 72 132 442 307 50
is_linear=0
shrinkage=0.03


Tree=83
num_leaves=15
num_cat=0
split_feature=7 10 0 3 4 11 10 9 2 5 3 6 11 2
split_gain=3.43259 2.87479 3.06267 2.66868 4.65684 4.86154 4.28611 2.66075 5.91786 3.33009 1.26172 1.04952 0.75921 0.739706
threshold=8.5197500000000019 8992.5201000000015 8.0195500000000006 -0.010699999999999999 12.526100000000001 0.22475000000000003 8737.9600500000015 18.069550000000003 0.69030000000000002 -5371.1249999999991 -0.090449999999999989 0.024150000000000001 0.33370000000000005 0.72095000000000009
decision_type=2 2 2 2 2 2 2 2 2 2 2 2 2 2
left_child=12 3 10 7 5 -5 -6 9 -9 -2 -3 -4 -1 -12
right_child=1 2 11 4 6 -7 -8 8 -10 -11 13 -13 -14 -15
leaf_value=-0.021007989700916413 -0.012766624721936516 0.0071012703721392663 0.018104858505690182 -0.020388110376548838 0 0.00934917087430155 0.03831968488748639 -0.012809981906052743 0.027659089991451152 0.019425949989004231 -0.0022293946057823149 -0.0019073278603782061 0.003273868286994172 -0.02155415904359885
leaf_weight=4.5517554711550465 5.3315463662147522 0.96834629215300161 2.9265141040086737 9.836919637396937 5.8745657317340356 6.7767453230917445 2.5930381109938025 2.6928881201893118 14.324472453445194 2.7755475528538245 3.2830202225595713 3.4151571430265903 0.57323992438614357 7.3196424245834351
leaf_count=212 68 14 22 219 95 73 48 60 159 24 94 33 12 194
internal_value=0.0021292 0.00412763 -0.00566024 0.00776033 0.000537607 -0.00839583 0.0166071 0.0142888 0.0204237 0 -0.0141166 0.00909474 -0.0177144 -0.0171119
internal_weight=73.2434 68.1184 17.9127 50.2057 25.0813 16.6137 8.4676 25.1245 17.0174 8.10709 11.571 6.34167 5.125 10.6027
internal_count=1327 1103 357 746 435 292 143 311 219 92 302 55 224 288
is_linear=0
shrinkage=0.03


Tree=84
num_leaves=14
num_cat=0
split_feature=2 10 3 0 11 4 0 8 9 11 8 6 10
split_gain=3.2836 3.10908 3.67183 3.66463 3.47203 2.91278 3.39994 2.22863 2.18843 2.03444 1.15814 1.4743 0.185525
threshold=0.67530000000000012 8992.5201000000015 -0.013249999999999998 8.3031500000000023 0.12495000000000002 12.447100000000001 14.541850000000002 9.439700000000002 13.885000000000003 0.13715000000000002 5.1008500000000003 0.028050000000000002 8746.3800000000028
decision_type=2 2 2 2 2 2 2 2 2 2 2 2 2
left_child=7 2 5 10 8 12 -7 -1 -4 -6 11 -3 -2
right_child=1 3 4 -5 9 6 -8 -9 -10 -11 -12 -13 -14
leaf_value=-0.022517678441485146 0.00040897304490211407 -0.011377108830874888 0.009276074481249905 0.010639746207371485 0.022501665486265771 0.02507607141985644 -0.0024981945760829401 0.01194169628518987 -0.021555421507676958 0.00042109585606983787 -0.023413863266306192 0.013625920922523077 -0.0096013284115354369
leaf_weight=5.5819944543763986 1.6425011688843398 4.2285475833341497 1.330947983078661 5.402024518698453 3.2926010927185443 16.298683433793489 4.4791120104491702 0.6909631025046109 6.5407549366354942 14.224029354751108 5.8945574322715402 1.2202107477933166 2.1171184051781893
leaf_count=220 27 127 13 44 63 213 27 10 149 226 167 24 28
internal_value=0.00145029 0.003601 0.00732499 -0.00693884 -0.000667337 0.0151346 0.0193027 -0.0163901 -0.0152154 0.00660586 -0.0158751 -0.00321994 -0.00608376
internal_weight=72.944 66.6711 49.9257 16.7453 25.3883 24.5374 20.7778 6.27296 7.8717 17.5166 11.3433 5.44876 3.75962
internal_count=1338 1108 746 362 451 295 240 230 162 289 318 151 55
is_linear=0
shrinkage=0.03


Tree=85
num_leaves=15
num_cat=0
split_feature=0 3 3 7 5 2 7 2 11 5 11 8 2 1
split_gain=4.04528 3.58229 4.92931 3.19494 2.95581 2.42448 2.3627 2.26486 2.22552 1.94801 1.90535 2.8491 2.25998 1.03112
threshold=0.97815000000000019 0.013750000000000002 0.10885000000000002 8.8971500000000017 -5580.8749999999991 0.67530000000000012 9.3859500000000011 0.85580000000000012 0.23920000000000002 -5329.4999999999991 0.2788000000000001 5.9199000000000011 0.82625000000000004 -0.005749999999999999
decision_type=2 2 2 2 2 2 2 2 2 2 2 2 2 2
left_child=3 5 8 7 -5 -2 9 13 -3 -6 12 -12 -7 -1
right_child=1 2 -4 4 6 10 -8 -9 -10 -11 11 -13 -14 -15
leaf_value=-0.023198506081031522 -0.010366019222161819 -0.024102628405810383 0.021036282505684924 -0.016342933744540489 0.031435976489239244 0.022183561631141401 -0.0080260728814806944 0.012587461422698926 0.0025168527903616181 -0.0010214564690486454 0.014926423834717489 -0.014644844350022314 0 0.00080203693939062616
leaf_weight=10.037967768497763 2.4015548713505259 6.234230265952645 2.6753596710041156 2.3270546924322844 3.4454144891351461 20.531989071518186 2.0093454420566559 0.70613401755690652 3.486914224922657 1.9708195943385343 4.1130314227193585 3.6222007870674133 5.3793875668197861 1.4342340696603066
leaf_count=399 63 155 33 75 60 229 39 13 39 39 31 27 64 20
internal_value=0.00274225 0.00752681 -0.00557807 -0.00744706 0.00469936 0.0121686 0.0136805 -0.0166765 -0.0154982 0.0221306 0.0143525 0.000607016 0.0180109 -0.0203017
internal_weight=70.3756 48.4447 12.3965 21.931 9.75263 36.0482 7.42558 12.1783 9.72114 5.41623 33.6466 7.73523 25.9114 11.4722
internal_count=1286 641 227 645 213 414 138 432 194 99 351 58 293 419
is_linear=0
shrinkage=0.03


Tree=86
num_leaves=15
num_cat=0
split_feature=0 9 7 5 6 6 3 2 6 5 9 5 6 1
split_gain=3.26961 3.84723 3.64463 3.24721 3.12715 2.85329 2.60083 2.58065 2.47942 2.29817 1.25576 1.25656 0.875736 0.255306
threshold=0.53685000000000016 34.763650000000005 8.8971500000000017 -5476.7499999999991 0.020550000000000002 0.026350000000000002 -0.025849999999999995 0.85635000000000006 0.025150000000000002 -5580.8749999999991 18.942300000000003 -5834.6249999999991 0.013850000000000001 -0.0059499999999999996
decision_type=2 2 2 2 2 2 2 2 2 2 2 2 2 2
left_child=2 4 7 13 10 9 -7 12 -5 -6 11 -2 -1 -4
right_child=1 -3 3 8 5 6 -8 -9 -10 -11 -12 -13 -14 -15
leaf_value=0.0013855771211141461 -0.015653685034796055 0.030789624258245354 -0.016804249450360416 0.02810375140355428 -0.0021063893911429294 0.0098287249336629669 -0.0093865814092249644 0.012366782499781506 -0.004692603698632853 0.022421551445805727 -0.019664962846282299 0.0044597965361108244 -0.025643599525809954 0
leaf_weight=0.74254416674375612 1.9753734646365035 2.6139609739184371 2.5547222532331948 3.3289630413055402 4.016653415746986 9.7424341831356251 11.746628817170862 0.72187053412199098 2.3629177808761597 10.412645628675817 4.3951037405058733 7.2935711611062279 9.5898004826158267 0.82289405539631832
leaf_count=27 44 14 89 59 82 89 164 15 43 132 59 136 365 11
internal_value=0.000520891 0.00451206 -0.00916776 0.00432888 0.00192847 0.00656718 -0.000452155 -0.0194377 0.0164187 0.0159859 -0.00935526 -0.00157795 -0.0235482 -0.0140158
internal_weight=72.3201 52.1964 20.1237 9.0695 49.5824 35.9184 21.4891 11.0542 5.69188 14.4293 13.664 9.26894 10.3323 3.37762
internal_count=1329 720 609 202 706 467 253 407 102 214 239 180 392 100
is_linear=0
shrinkage=0.03


Tree=87
num_leaves=15
num_cat=0
split_feature=1 9 11 2 5 4 4 6 10 9 6 10 6 11
split_gain=2.72102 2.7624 2.73325 2.96683 2.66296 2.75512 3.95422 2.19829 2.18353 2.3755 2.07173 1.72746 1.7094 1.40051
threshold=-0.0088499999999999985 19.448650000000004 0.52900000000000014 0.84345000000000014 -5834.6249999999991 12.447100000000001 12.5647 0.021150000000000006 8996.6449000000011 20.896850000000004 0.026350000000000002 9243.9400000000023 0.018750000000000006 0.22065000000000004
decision_type=2 2 2 2 2 2 2 2 2 2 2 2 2 2
left_child=1 4 3 -3 -1 -6 -7 12 9 10 -9 -10 13 -2
right_child=7 2 -4 -5 5 6 -8 8 11 -11 -12 -13 -14 -15
leaf_value=-0.014755814178143522 0.011720659861874519 -0.020752111766868003 0.01688791325753871 0.012387017748329579 -0.014615382740602619 0.022147916346989455 -0.011660713344640207 0.016981831331649717 -0.015134632818935265 0.02422359147911559 -0.0064021952823729604 0.010062512030963618 -0.018684834930382491 -0.0092447443251987855
leaf_weight=3.6978863524273065 4.9251540219411236 14.054389800876377 0.80212216079235155 1.3858922645449645 1.9093729928135861 10.068386815488337 2.6571299303323022 3.7813640460372024 3.2210812028497449 10.520855236798523 6.3348856372758746 2.6315653137862682 2.7159007871523499 2.9019011333584785
leaf_count=104 77 456 7 27 57 175 53 50 52 73 67 38 52 25
internal_value=0.00115896 -0.00470617 -0.013041 -0.0165262 0.00308715 0.00900801 0.0142599 0.00667229 0.0110813 0.0153781 0.00345128 -0.00374574 -0.0041669 0.00334287
internal_weight=71.6079 34.5752 16.2424 15.4403 18.3328 14.6349 12.7255 37.0327 26.4898 20.6371 10.1162 5.85265 10.543 7.82706
internal_count=1313 879 490 483 389 285 228 434 280 190 117 90 154 102
is_linear=0
shrinkage=0.03


Tree=88
num_leaves=10
num_cat=0
split_feature=2 8 8 7 5 9 11 1 1
split_gain=4.06331 3.12793 2.75256 2.73784 1.90502 2.53265 2.47573 0.775827 0.595204
threshold=0.67530000000000012 3.4188500000000004 2.5113500000000006 8.5197500000000019 -5394.3749999999991 31.161800000000003 0.28835000000000005 -0.013549999999999998 -0.012549999999999999
decision_type=2 2 2 2 2 2 2 2 2
left_child=7 2 -2 8 5 -5 -6 -1 -3
right_child=1 3 -4 4 6 -7 -8 -9 -10
leaf_value=0.0028406183022126547 0.012731821805523218 0.0031735972152117141 -0.022554001540384096 0.00031477613539693673 0.020248713911867899 0.022043454401365733 -0.002882315184983354 -0.021883590358418303 -0.017969308203431143
leaf_weight=0.61680378485470999 1.2118162466213096 0.59602350369095836 4.7187128746882081 32.789500661194324 15.964388692751529 3.7370140906423321 4.5484272073954335 5.030353255569934 2.9527812153100959
leaf_count=21 20 23 114 559 200 26 36 197 123
internal_value=0.0019885 0.00428927 -0.0135731 0.00646347 0.00821987 0.00364462 0.0151861 -0.0187542 -0.0140137
internal_weight=72.1658 66.5187 5.93053 60.5881 57.0393 36.5265 20.5128 5.64716 3.5488
internal_count=1319 1101 134 967 821 585 236 218 146
is_linear=0
shrinkage=0.03


Tree=89
num_leaves=15
num_cat=0
split_feature=7 7 5 7 0 11 2 8 6 7 9 6 8 9
split_gain=3.30466 3.23048 3.25389 3.80631 2.33035 2.14051 2.05032 3.2267 2.23527 1.93347 0.914352 0.53632 0.655995 0.553315
threshold=8.592150000000002 8.6316500000000023 -5580.8749999999991 9.3979000000000017 14.541850000000002 0.36585000000000006 0.6966500000000001 8.1468000000000007 0.020550000000000002 9.6378000000000021 25.163150000000005 0.015350000000000001 3.6400000000000001 28.462250000000001
decision_type=2 2 2 2 2 2 2 2 2 2 2 2 2 2
left_child=4 10 3 5 11 -3 7 -4 -8 -5 -2 -1 -13 -14
right_child=1 2 6 9 -6 -7 8 -9 -10 -11 -12 12 13 -15
leaf_value=0.00082141933845359815 0.0034011056090074926 -0.019219516166620543 -0.018434526169097739 0.023898784076128277 0.0097728924814534362 0.0093945259668913126 -0.0020776630271092914 0.016329601475239715 0.014562411594052357 -0.0069169253860394929 0.033097692297677304 0.0011300299155869013 -0.024061900176852606 0
leaf_weight=0.79699056502431531 2.1552521884441367 12.167874393984677 4.6420002961531273 2.5272784139960995 2.0694643054157487 1.4195278137922276 9.0884667728096229 1.8445778973400591 23.666990298777819 1.6869293963536618 2.3436218854039907 0.76331544667482187 6.8558846497908235 0.7346854656934737
leaf_count=33 44 298 107 28 19 14 160 16 248 36 17 35 255 13
internal_value=0.00180532 0.00463452 0.0022118 -0.00780142 -0.0118392 -0.0152158 0.00698495 -0.00667663 0.0100052 0.0128245 0.0247576 -0.017872 -0.0197593 -0.0219704
internal_weight=72.7629 61.5425 57.0436 17.8016 11.2203 13.5874 39.242 6.48658 32.7555 4.21421 4.49887 9.15088 8.35389 7.59057
internal_count=1323 968 907 376 355 312 531 123 408 64 61 336 303 268
is_linear=0
shrinkage=0.03


Tree=90
num_leaves=15
num_cat=0
split_feature=2 10 3 6 8 10 3 10 8 1 4 6 4 6
split_gain=2.91496 2.56775 2.39334 3.15412 2.99061 4.26412 2.8279 2.76853 1.97009 1.6295 2.37612 2.11467 1.35799 0.551596
threshold=0.67530000000000012 8952.2851000000028 -0.027599999999999996 0.020950000000000003 5.2592000000000008 8768.0500500000016 -0.07909999999999999 8336.8300500000023 9.439700000000002 -0.0050499999999999998 12.487350000000001 0.025350000000000001 12.488700000000003 0.026250000000000006
decision_type=2 2 2 2 2 2 2 2 2 2 2 2 2 2
left_child=8 2 3 12 5 -4 -5 -6 -1 10 11 -3 -2 -12
right_child=1 9 4 6 7 -7 -8 -9 -10 -11 13 -13 -14 -15
leaf_value=-0.021834187649913149 0.0080805250175173347 0.013102660081222243 -0.019155894883270883 -0.0014488633789609025 -0.015173613916659296 0.015037522896457678 0.028409189076182811 0.013400267548272981 0.010511956775276679 0.011280493612581589 -0.023321563022436907 -0.01307706527357508 -0.016301488423803051 -0.0037823840246289987
leaf_weight=5.056860194541513 2.190712699666622 4.906315645202997 8.5173505097627658 3.225189123302699 1.8495697127655173 2.9523738389834753 10.375395406968888 16.089297297410667 0.77478806674480427 2.5298064462840548 5.2445386210456473 2.6374638434499502 2.1138804228976369 3.1877665016800165
leaf_count=217 28 110 182 32 35 69 103 220 11 31 145 53 42 56
internal_value=0.00175494 0.00374767 0.00739746 0.0154636 0.00171901 -0.00920567 0.0218584 0.00907722 -0.0155666 -0.00524878 -0.00899692 0.002813 -0.00479003 -0.0183637
internal_weight=71.6513 65.8197 47.3138 17.9052 29.4086 11.4697 13.6006 17.9389 5.83165 18.5059 15.9761 7.54378 4.30459 8.43231
internal_count=1334 1106 711 205 506 251 135 255 228 395 364 163 70 201
is_linear=0
shrinkage=0.03


Tree=91
num_leaves=15
num_cat=0
split_feature=11 10 8 10 3 9 9 11 5 2 0 2 0 8
split_gain=2.73768 7.10635 4.26818 3.09065 2.91115 3.41806 3.0477 2.28383 1.86605 1.7561 1.51697 1.05404 0.870309 0.588544
threshold=0.21160000000000004 8831.8251000000018 8.806300000000002 8535.6550500000012 0.014250000000000002 19.196850000000001 16.024100000000004 0.28475000000000006 -5518.8749999999991 0.84240000000000015 -2.9895499999999995 0.71855000000000013 5.7900000000000009 4.5733500000000005
decision_type=2 2 2 2 2 2 2 2 2 2 2 2 2 2
left_child=2 3 4 12 5 6 -1 8 -3 -7 13 -4 -2 -6
right_child=1 7 11 -5 10 9 -8 -9 -10 -11 -12 -13 -14 -15
leaf_value=-0.0091836975544858663 0.0095720506613916363 -0.013625039805805903 -0.0010261135299987835 0.028370116330994701 0.011965985231566879 -0.016148377513492882 0.017319277261792394 -0.021136470286368614 0.0142611839043523 0.0056576434325280025 -0.024996276195038181 0.019774025814905116 -0.0087643213115501887 -0.0075554443515394388
leaf_weight=4.4558688169345286 2.6996933147311237 1.5901430817320941 2.4752514958381644 10.143768914975224 0.75811693258583435 12.258527480065821 8.5545955114066583 5.1304248813539743 3.4423688454553467 2.9864230379462233 8.1447678916156274 5.3848722036927938 2.5964547656476498 0.76987552177160978
leaf_count=76 38 35 26 98 27 328 156 83 32 33 273 58 23 30
internal_value=0.000580552 0.00812263 -0.00373732 0.0200242 -0.00801532 -0.00249646 0.00802835 -0.0100316 0.00365428 -0.011542 -0.0206897 0.01404 0.000233122 0.00257255
internal_weight=71.3912 25.6029 45.7883 15.4399 37.9282 28.2554 13.0105 10.1629 5.03251 15.245 9.67276 7.86012 5.29615 1.52799
internal_count=1316 309 1007 159 923 593 232 150 67 361 330 84 61 57
is_linear=0
shrinkage=0.03


Tree=92
num_leaves=14
num_cat=0
split_feature=10 0 4 7 0 2 4 4 7 1 1 3 10
split_gain=3.13242 2.81538 2.4164 3.06618 2.338 2.23019 4.45351 2.61852 1.3648 0.769253 0.535703 0.249964 0.475023
threshold=9038.9100500000004 8.0195500000000006 12.447100000000001 8.5277000000000012 20.794100000000004 0.80375000000000008 12.500100000000002 12.526100000000001 9.286900000000001 -0.004749999999999999 -0.012549999999999999 -0.043649999999999994 8526.2350500000011
decision_type=2 2 2 2 2 2 2 2 2 2 2 2 2
left_child=2 8 4 10 11 6 -5 -7 9 -2 -4 -1 -13
right_child=1 -3 3 5 -6 7 -8 -9 -10 -11 -12 12 -14
leaf_value=-0.002059940778628859 -0.024484337796424446 0.0068012962212351856 0.0023978984690406621 0.013712759297771191 0.012781592145121635 0.0023475117828201802 -0.0089440547608457006 0.026697311833938992 0.0036460443941102321 0.0012272029353777149 -0.017952984998699628 0 -0.021431759417341847
leaf_weight=2.0847170613706112 7.5630923993885499 4.7030732799321404 0.65644330717623267 15.862982164137067 1.8756344541907308 7.0931485779583481 11.912918792106209 9.6993243284523469 1.3976290952414263 0.72384167090058316 2.8581552226096383 0.90430081728845646 4.1455915365368128
leaf_count=33 273 41 29 189 19 90 248 101 35 12 111 31 112
internal_value=0.00160178 -0.00999691 0.00481487 0.00751455 -0.00806751 0.00981781 0.00394658 0.017916 -0.0181791 -0.0221449 -0.0141168 -0.0154754 -0.0184326
internal_weight=71.4809 14.3876 57.0932 48.083 9.01024 44.5684 27.7759 16.7925 9.68456 8.28693 3.5146 7.13461 5.04989
internal_count=1324 361 963 768 195 628 437 191 320 285 140 176 143
is_linear=0
shrinkage=0.03


Tree=93
num_leaves=15
num_cat=0
split_feature=7 10 7 8 7 2 8 8 9 5 9 4 11 8
split_gain=3.7046 3.86313 2.38384 3.97816 2.57149 2.88889 2.2736 1.55022 2.12092 2.52469 1.63573 1.01116 0.432478 0.0981038
threshold=8.5197500000000019 8952.2851000000028 8.6780500000000007 4.408100000000001 8.8899000000000026 0.69030000000000002 4.3633000000000015 5.1008500000000003 21.155450000000005 -5558.1249999999991 31.161800000000003 12.552050000000003 0.25005000000000005 3.9892000000000007
decision_type=2 2 2 2 2 2 2 2 2 2 2 2 2 2
left_child=-1 2 3 -2 6 -6 -4 8 9 -3 12 -5 -9 -10
right_child=1 7 4 11 5 -7 -8 10 13 -11 -12 -13 -14 -15
leaf_value=-0.021198130619845407 -0.013697486284721999 -0.011451096914992921 0.0075785991685399755 0.01172955317320554 -0.011681057455502226 0.012542410063113092 -0.015297910466631634 -0.023841955818240827 -0.015784916064452804 0.023355329733531296 0.0068061150668353191 0.036656819612496713 -0.0045646175382968585 -0.0006435840913087391
leaf_weight=4.651243843138217 1.6861268561333407 1.3009420353919265 4.4117353763431302 7.3866162244230491 3.7314494149759438 20.296052325516939 8.7875895621255022 6.0749982995912415 1.9902707450091841 3.2286383118480471 1.341717867180704 2.949898375198245 2.9986108299344778 1.1041908729821441
leaf_count=227 47 46 75 109 79 230 149 158 44 54 9 26 39 31
internal_value=0.000149606 0.00223782 0.0065819 0.0171906 0.00237749 0.00805674 -0.0074632 -0.00894555 0.00107369 0.0124537 -0.0155128 0.0238761 -0.0197172 -0.0133447
internal_weight=71.9401 67.2888 49.2495 12.0226 37.2268 24.0275 13.1993 18.0394 7.62404 4.52958 10.4153 10.3365 9.07361 3.09446
internal_count=1323 1096 715 182 533 309 224 381 175 100 206 135 197 75
is_linear=0
shrinkage=0.03


Tree=94
num_leaves=15
num_cat=0
split_feature=2 6 3 5 3 11 3 6 4 4 5 4 4 5
split_gain=3.62667 2.10816 3.98767 3.54062 3.14169 3.37825 2.7694 2.48337 2.16916 2.7991 0.719784 0.641434 0.619778 0.421115
threshold=0.67530000000000012 0.020550000000000002 -0.025549999999999996 -5333.4999999999991 -0.016149999999999994 0.12495000000000002 -0.023249999999999996 0.013750000000000002 12.555800000000003 12.446200000000001 -5173.8749999999991 12.572750000000001 12.626750000000003 -5750.9999999999991
decision_type=2 2 2 2 2 2 2 2 2 2 2 2 2 2
left_child=12 3 8 7 -4 -6 -5 13 9 -3 -8 -9 -1 -2
right_child=1 2 4 6 5 -7 10 11 -10 -11 -12 -13 -14 -15
leaf_value=-0.021594612066562071 0.013484359882961011 -0.0048818051396557023 -0.021817590566239768 -0.010214477124616723 -0.011381760492638542 0.010728889682137428 0.03017244734131343 -0.022980788150238289 -0.0031287581525209088 0.025102116381912808 0.0026670084373277463 -0.0016816849908345625 0.0016899766568190995 -0.0017294987949585511
leaf_weight=4.8886382440105072 1.2309115231037142 2.5064987773075762 3.4010806875303414 2.0736747868359089 7.4349092571064856 16.27740337792784 2.131601644679904 7.8132369481027109 3.5508105345070353 13.780206607654689 1.9467051038518537 2.2080055736005306 0.61550121381878842 1.9409448914229894
leaf_count=216 20 44 48 29 166 242 33 205 42 137 27 62 12 33
internal_value=0.000935208 0.00312399 0.006509 -0.00479106 -0.00100051 0.00333344 0.0114789 -0.0130876 0.0160618 0.0202943 0.0227344 -0.019598 -0.0188346 0.00652588
internal_weight=71.8001 66.296 46.9509 19.3451 27.1134 23.7123 6.15198 13.1931 19.8375 16.2867 4.07831 10.0212 5.50414 3.17186
internal_count=1316 1088 679 409 456 408 89 320 223 181 60 267 228 53
is_linear=0
shrinkage=0.03


Tree=95
num_leaves=10
num_cat=0
split_feature=7 8 8 2 2 4 4 8 8
split_gain=2.60614 1.83676 3.97957 1.7946 1.72495 4.59161 4.00645 1.62579 0.618743
threshold=8.5197500000000019 3.4188500000000004 2.5113500000000006 0.67530000000000012 0.73850000000000005 12.526600000000002 12.500100000000002 8.6644500000000022 3.6775500000000005
decision_type=2 2 2 2 2 2 2 2 2
left_child=8 2 -2 7 6 -6 -5 -3 -1
right_child=1 3 -4 4 5 -7 -8 -9 -10
leaf_value=0.0022442880490295579 0.018500844104339324 -0.018653438990672767 -0.022252188027595841 0.022935414179117975 -0.0046405466546691936 0.015394488578974861 -0.0046216452441428446 0.011079372917393773 -0.019827112565301723
leaf_weight=0.66986965201795001 1.3661246234551061 3.2427458148449655 4.5793384583666921 11.787223757244648 26.155264935456216 14.219550689682363 6.113344511948525 0.73305700533092011 3.8166466159746051
leaf_count=34 18 131 111 145 401 183 112 11 183
internal_value=0.00179125 0.00346329 -0.0102107 0.00509313 0.00654918 0.00273832 0.0138548 -0.010796 -0.0163933
internal_weight=72.6832 68.1966 5.94546 62.2512 58.2754 40.3748 17.9006 3.9758 4.48652
internal_count=1329 1112 129 983 841 584 257 142 217
is_linear=0
shrinkage=0.03


Tree=96
num_leaves=15
num_cat=0
split_feature=7 0 7 5 7 11 2 10 4 10 7 10 7 10
split_gain=3.03608 5.57264 4.32661 3.27646 2.95284 2.75428 2.77493 2.93429 2.59928 2.57017 2.66868 2.47311 1.72277 1.61412
threshold=8.8971500000000017 1.5077000000000003 8.7209000000000021 -6083.7499999999991 8.5277000000000012 0.18355000000000002 0.76415000000000011 8976.4249500000024 12.614700000000001 8815.3301500000016 9.2419000000000029 9162.9850500000011 9.2656500000000026 8433.6100000000024
decision_type=2 2 2 2 2 2 2 2 2 2 2 2 2 2
left_child=1 8 3 -3 -5 6 11 13 -1 10 -7 -2 -11 -8
right_child=5 2 -4 4 -6 9 7 -9 -10 12 -12 -13 -14 -15
leaf_value=-0.022815533812424234 -0.020433579211483824 -0.0065488758651441256 -0.010627765394120629 -0.0025099255802590154 0.028465429318220579 0.036471725524083079 -0.0028094267984968262 -0.012298784504113905 0.012973661202042819 -0.011752518219371623 0.0016097083869622694 0.011633457358358775 0.013960728165520587 0.023355379311943199
leaf_weight=12.464605282992121 5.9633091809228125 4.4935147305950514 10.061677375808356 3.1708062794059542 8.0460950564593059 4.7679749224334937 2.1032718177884799 2.6595363160595298 0.67837598733604032 3.1234777681529513 3.327564287930727 1.3714823946356771 2.3243551626801491 5.8861947320401669
leaf_count=466 142 70 130 87 82 40 30 48 17 46 26 30 21 70
internal_value=0.000668552 -0.00479029 0.00335856 0.0126741 0.0204275 0.00737988 -0.000407646 0.008645 -0.0193006 0.0166356 0.025597 -0.0129084 0 0.0169836
internal_weight=70.4422 38.9151 25.7721 15.7104 11.2169 31.5272 17.9838 10.649 13.143 13.5434 8.09554 7.33479 5.44783 7.98947
internal_count=1305 852 369 239 169 453 320 148 483 133 66 172 67 100
is_linear=0
shrinkage=0.03


Tree=97
num_leaves=15
num_cat=0
split_feature=10 9 0 1 6 6 9 11 2 2 10 0 6 10
split_gain=3.08689 2.37183 2.19134 2.77244 2.05855 3.1205 3.56484 1.79772 1.35934 2.58151 1.13953 1.12061 0.802641 0.465606
threshold=8952.2851000000028 25.163150000000005 8.0195500000000006 -0.0073499999999999998 0.036950000000000004 0.027950000000000006 19.448650000000004 0.12925000000000003 0.72095000000000009 0.70725000000000005 8702.2900000000027 19.911800000000003 0.013550000000000001 8992.5201000000015
decision_type=2 2 2 2 2 2 2 2 2 2 2 2 2 2
left_child=1 4 8 -4 5 6 -1 -3 9 -2 -9 -6 -10 -14
right_child=2 7 3 -5 11 -7 -8 10 12 -11 -12 -13 13 -15
leaf_value=0.010655374338543784 -0.01391171100158521 0 0.019560975125416127 -0.011428935727650295 0.020786518579261178 -0.018654164762582508 -0.010176125032893073 0.0050174240128885526 0.0024488249489140268 0.020091961525739967 0.03379387320223725 0 0 -0.024501446748376305
leaf_weight=17.411875179037455 2.9873158419504788 4.0128009943291527 3.299803676083684 3.1556184720247975 4.7112324545159927 5.6806178949773303 9.9336604401469213 3.0428099175915122 0.64995825849473288 1.3643328845500944 3.3284503240138292 3.1773105747997761 0.77129574865102757 7.1669615805149078
leaf_count=285 114 43 30 32 46 100 294 33 19 23 22 29 18 226
internal_value=0.00156509 0.00542424 -0.00805469 0.0049372 0.00176817 -0.00165228 0.002808 0.0169754 -0.0145302 0 0.0248912 0.0138295 -0.0203332 -0.0226178
internal_weight=70.694 51.2988 19.3953 6.45542 40.9147 33.0262 27.3455 10.3841 12.9399 4.35165 6.37126 7.88854 8.58822 7.93826
internal_count=1314 852 462 62 754 679 579 98 400 137 55 75 263 244
is_linear=0
shrinkage=0.03


Tree=98
num_leaves=10
num_cat=0
split_feature=10 2 7 1 1 8 1 1 7
split_gain=2.94018 2.50314 2.02875 2.16064 1.97802 1.77593 1.64611 0.588699 0.278883
threshold=9317.8999500000009 0.67530000000000012 8.5197500000000019 -0.011849999999999998 -0.013449999999999998 9.439700000000002 -0.010449999999999999 -0.012649999999999998 9.4150000000000009
decision_type=2 2 2 2 2 2 2 2 2
left_child=1 5 7 4 -4 -1 -5 -3 -2
right_child=8 2 3 6 -6 -7 -8 -9 -10
leaf_value=-0.020600729923375326 -0.020171054811626676 0.0036168669696942045 0.0094935643473196604 0.020043370285401957 -0.015320731428984187 0.010275056998955938 0.0057928181028407705 -0.017189554311068053 0
leaf_weight=4.2363238753750911 3.7058897186070672 0.56193800363689694 2.8657756960019469 8.2225821493193418 5.4728983556851727 0.77428185380995262 41.915997644886382 2.6961473599076262 0.84643304534256447
leaf_count=192 115 24 61 135 133 11 511 126 17
internal_value=0.00140648 0.00323758 0.00506057 0.00651477 -0.00631577 -0.0138315 0.00886661 -0.0130197 -0.0177765
internal_weight=71.2983 66.7459 61.7353 58.4773 8.33867 5.01061 50.1386 3.25809 4.55232
internal_count=1325 1193 990 840 194 203 646 150 132
is_linear=0
shrinkage=0.03


Tree=99
num_leaves=10
num_cat=0
split_feature=2 8 8 8 8 11 6 10 2
split_gain=2.31676 2.10462 3.82162 2.06052 1.5979 3.13993 2.14967 0.910068 0.882637
threshold=0.67530000000000012 3.4188500000000004 2.5113500000000006 9.439700000000002 3.7062000000000004 0.3282500000000001 0.014550000000000002 8763.5299500000019 0.74130000000000007
decision_type=2 2 2 2 2 2 2 2 2
left_child=3 2 -2 -1 8 6 -6 -7 -3
right_child=1 4 -4 -5 5 7 -8 -9 -10
leaf_value=-0.021011532127740033 0.017267496317610896 0.030318562998001428 -0.022421550091194418 0.012415542495594737 0.022528982051713612 0 0.0038429123249411434 -0.021482105842073745 0.0020170319977316528
leaf_weight=4.5111543312668791 1.4423218490555871 1.5933329779654735 4.6357681890949607 0.64048411510884751 4.694836886599659 2.738760218024253 45.934534365311265 3.0831101592630148 2.1357896467670798
leaf_count=212 21 16 113 9 69 26 785 39 35
internal_value=0.00212062 0.00380467 -0.0106887 -0.0141263 0.00561343 0.00386234 0.00642295 -0.0139708 0.0209957
internal_weight=71.4101 66.2585 6.07809 5.15164 60.1804 56.4512 50.6294 5.82187 3.72912
internal_count=1325 1104 134 221 970 919 854 65 51
is_linear=0
shrinkage=0.03


end of trees

feature_importances:
Column_2=136
Column_5=126
Column_7=122
Column_8=122
Column_4=112
Column_11=110
Column_0=106
Column_3=104
Column_1=99
Column_6=94
Column_10=88
Column_9=74

parameters:
[boosting: gbdt]
[objective: binary]
[metric: binary_logloss]
[tree_learner: serial]
[device_type: cpu]
[data_sample_strategy: bagging]
[data: ]
[valid: ]
[num_iterations: 100]
[learning_rate: 0.03]
[num_leaves: 15]
[num_threads: 1]
[seed: 20260725]
[deterministic: 1]
[force_col_wise: 1]
[force_row_wise: 0]
[histogram_pool_size: -1]
[max_depth: 5]
[min_data_in_leaf: 25]
[min_sum_hessian_in_leaf: 0.001]
[bagging_fraction: 0.9]
[pos_bagging_fraction: 1]
[neg_bagging_fraction: 1]
[bagging_freq: 1]
[bagging_seed: 20260725]
[bagging_by_query: 0]
[feature_fraction: 0.85]
[feature_fraction_bynode: 1]
[feature_fraction_seed: 20260725]
[extra_trees: 0]
[extra_seed: 28444]
[early_stopping_round: 0]
[early_stopping_min_delta: 0]
[first_metric_only: 0]
[max_delta_step: 0]
[lambda_l1: 0.1]
[lambda_l2: 2]
[linear_lambda: 0]
[min_gain_to_split: 0]
[drop_rate: 0.1]
[max_drop: 50]
[skip_drop: 0.5]
[xgboost_dart_mode: 0]
[uniform_drop: 0]
[drop_seed: 12683]
[top_rate: 0.2]
[other_rate: 0.1]
[min_data_per_group: 100]
[max_cat_threshold: 32]
[cat_l2: 10]
[cat_smooth: 10]
[max_cat_to_onehot: 4]
[top_k: 20]
[monotone_constraints: ]
[monotone_constraints_method: basic]
[monotone_penalty: 0]
[feature_contri: ]
[forcedsplits_filename: ]
[refit_decay_rate: 0.9]
[cegb_tradeoff: 1]
[cegb_penalty_split: 0]
[cegb_penalty_feature_lazy: ]
[cegb_penalty_feature_coupled: ]
[path_smooth: 0]
[interaction_constraints: ]
[verbosity: -1]
[saved_feature_importance_type: 0]
[use_quantized_grad: 0]
[num_grad_quant_bins: 4]
[quant_train_renew_leaf: 0]
[stochastic_rounding: 1]
[linear_tree: 0]
[max_bin: 255]
[max_bin_by_feature: ]
[min_data_in_bin: 3]
[bin_construct_sample_cnt: 200000]
[data_random_seed: 20260725]
[is_enable_sparse: 1]
[enable_bundle: 1]
[use_missing: 1]
[zero_as_missing: 0]
[feature_pre_filter: 1]
[pre_partition: 0]
[two_round: 0]
[header: 0]
[label_column: ]
[weight_column: ]
[group_column: ]
[ignore_column: ]
[categorical_feature: ]
[forcedbins_filename: ]
[precise_float_parser: 0]
[parser_config_file: ]
[objective_seed: 26564]
[num_class: 1]
[is_unbalance: 0]
[scale_pos_weight: 1]
[sigmoid: 1]
[boost_from_average: 1]
[reg_sqrt: 0]
[alpha: 0.9]
[fair_c: 1]
[poisson_max_delta_step: 0.7]
[tweedie_variance_power: 1.5]
[lambdarank_truncation_level: 30]
[lambdarank_norm: 1]
[label_gain: ]
[lambdarank_position_bias_regularization: 0]
[eval_at: ]
[multi_error_top_k: 1]
[auc_mu_weights: ]
[num_machines: 1]
[local_listen_port: 12400]
[time_out: 120]
[machine_list_filename: ]
[machines: ]
[gpu_platform_id: -1]
[gpu_device_id: -1]
[gpu_device_id_list: ]
[gpu_use_dp: 0]
[num_gpu: 1]

end of parameters

pandas_categorical:null
