tree
version=v4
num_class=1
num_tree_per_iteration=1
label_index=0
max_feature_idx=7
objective=regression
feature_names=Column_0 Column_1 Column_2 Column_3 Column_4 Column_5 Column_6 Column_7
monotone_constraints=0 0 0 0 -1 0 0 0
feature_infos=[12.220000000000001:47.829999999999998] [0.55700000000000005:2.4929999999999999] [0.52500000000000002:2.9910000000000001] [0.50600000000000001:0.999] [0:1000] [0:1] [0:1] [0:1]
tree_sizes=1362 1411 1415 1423 1411 1422 1420 1406 1419 1411 1422 1421 1427 1410 1418 1409 1422 1419 1418 1419 1415 1425 1419 1410 1425 1430 1414 1425 1420 1425 1430 1425 1426 1418 1426 1422 1411 1412 1433 1417 1424 1419 1434 1418 1437 1422 1426 1425 1425 1421 1432 1434 1422 1417 1426 1414 1429 1423 1418 1421 1425 1425 1411 1414 1420 1443 1429 1426 1429 1408 1438 1445 1432 1420 1424 1437 1420 1426 1427

Tree=0
num_leaves=15
num_cat=0
split_feature=4 4 4 1 0 1 3 3 1 1 0 3 1 0
split_gain=1.46474e+06 130289 115410 82434.5 78298.2 62406 97218.4 39027.2 39822 32218.3 20830.3 17828.6 12511.4 11012.2
threshold=175.00000000000003 305.00000000000006 85.000000000000014 1.0930000000000002 25.210000000000004 1.1380000000000001 0.67450000000000021 0.8025000000000001 0.87000000000000011 1.1380000000000001 30.100000000000005 0.8025000000000001 0.55800000000000016 25.290000000000003
decision_type=2 2 2 2 2 2 2 2 2 2 2 2 2 2
left_child=2 5 -1 4 6 7 8 10 -3 -4 -2 -8 -6 -7
right_child=1 3 9 -5 12 13 11 -9 -10 -11 -12 -13 -14 -15
leaf_value=58.203437890568281 57.898482042504298 56.711367501700607 57.898482042504298 56.503385114406434 56.769129154314747 57.017194982088711 56.912532898641189 56.769129154314747 57.576886939095132 57.406951913019505 57.320797062790483 56.468449298981376 56.55123217855563 56.71303474472888
leaf_weight=718 120 65 251 3848 65 264 256 94 247 480 155 194 1012 432
leaf_count=718 120 65 251 3848 65 264 256 94 247 480 155 194 1012 432
internal_value=56.8787 56.662 57.8881 56.5955 56.7883 57.0172 57.0172 57.3845 57.3845 57.5769 57.5769 56.7206 56.5948 56.822
internal_weight=8201 6752 1449 5687 1839 1065 762 369 312 731 275 450 1077 696
internal_count=8201 6752 1449 5687 1839 1065 762 369 312 731 275 450 1077 696
is_linear=0
shrinkage=1


Tree=1
num_leaves=15
num_cat=0
split_feature=4 4 1 1 4 3 4 1 0 0 4 3 0 3
split_gain=1.34622e+06 126648 123509 124600 70246.2 41289.3 40445.8 32248.7 50667.8 20940.7 19220.7 14170.7 13664.3 12317.8
threshold=185.00000000000003 105.00000000000001 1.0930000000000002 0.97100000000000009 395.00000000000006 0.8025000000000001 315.00000000000006 1.1380000000000001 35.920000000000009 30.100000000000005 55.000000000000007 0.54400000000000015 25.125000000000004 0.8025000000000001
decision_type=2 2 2 2 2 2 2 2 2 2 2 2 2 2
left_child=1 10 3 4 5 9 11 -3 -5 -2 -1 -4 -13 -6
right_child=2 7 6 8 13 -7 -8 -9 -10 -11 -12 12 -14 -15
leaf_value=1.3658104627605272 0.79949176833340352 0.90757496287704065 0.38379023855414585 0.90757496287704065 -0.16770292069404485 -0.23296601550915083 -0.36668254163710967 0.38379023855414585 -0.097115186492150493 0.240229484284535 1.0258419866561137 0.091010743580081252 -0.245577105684292 -0.40200145303766144
leaf_weight=478 135 220 58 215 992 130 3796 422 76 210 394 230 410 381
leaf_count=478 135 220 58 215 992 130 3796 422 76 210 394 230 410 381
internal_value=-0.0025119 0.938847 -0.217489 0.00143167 -0.106073 0.26043 -0.321666 0.564415 0.564415 0.460754 1.21355 -0.0766699 -0.12466 -0.232966
internal_weight=8147 1514 6633 2139 1848 475 4494 642 291 345 872 698 640 1373
internal_count=8147 1514 6633 2139 1848 475 4494 642 291 345 872 698 640 1373
is_linear=0
shrinkage=0.035


Tree=2
num_leaves=15
num_cat=0
split_feature=4 1 1 4 4 4 3 0 1 0 3 0 2 0
split_gain=1.29817e+06 115023 126705 97194.9 69473.6 45743.6 37266.4 36127.1 26900.8 24682.2 12946.9 13521.8 14711.1 11551.5
threshold=175.00000000000003 1.0930000000000002 0.97100000000000009 85.000000000000014 405.00000000000006 285.00000000000006 0.8025000000000001 35.920000000000009 1.1380000000000001 30.100000000000005 0.54400000000000015 25.125000000000004 1.5870000000000002 24.165000000000003
decision_type=2 2 2 2 2 2 2 2 2 2 2 2 2 2
left_child=3 2 4 -1 6 10 9 -4 -5 -2 -3 12 -12 -10
right_child=1 5 7 8 -6 -7 -8 -9 13 -11 11 -13 -14 -15
leaf_value=1.2318721588353994 0.79574249274003594 0.49656367261228135 0.67433549791589487 0.94551373059056154 -0.23308283739959712 -0.34877420629608263 -0.22633715334995275 -0.097744982729951552 0.91560642052859798 0.20530573989776285 0.49656367261228135 -0.19864394742841476 -0.044337155643483284 0.49656367261228135
leaf_weight=732 140 48 223 256 1365 3962 147 74 81 228 61 363 141 384
leaf_count=732 140 48 223 256 1365 3962 147 74 81 228 61 363 141 384
internal_value=-0.0013637 -0.20562 0.00380056 0.947291 -0.102431 -0.305252 0.243637 0.674335 0.674335 0.431481 -0.0238423 -0.0711065 0.157923 0.496564
internal_weight=8205 6752 2177 1453 1880 4575 515 297 721 368 613 565 202 465
internal_count=8205 6752 2177 1453 1880 4575 515 297 721 368 613 565 202 465
is_linear=0
shrinkage=0.035


Tree=3
num_leaves=15
num_cat=0
split_feature=4 4 4 0 3 0 6 3 3 2 3 3 0 3
split_gain=1.18252e+06 125077 81535.5 59054 57824 56643.7 64926.3 35841.7 53347.6 37158.8 25949.4 26105.3 25530.3 13969.1
threshold=165.00000000000003 365.00000000000006 85.000000000000014 24.315000000000001 0.82150000000000012 24.430000000000003 1.0000000180025095e-35 0.82150000000000012 0.74050000000000005 0.77200000000000013 0.84150000000000003 0.54400000000000015 24.430000000000003 0.86350000000000005
decision_type=2 2 2 2 2 2 2 2 2 2 2 2 2 2
left_child=2 5 -1 4 6 7 9 -2 -8 -3 11 -7 -4 -14
right_child=1 3 12 -5 -6 10 8 -9 -10 -11 -12 -13 13 -15
leaf_value=1.1862454117102319 0.64676564680814619 0.64372937765717519 1.0127727053070068 -0.34292276089197626 -0.32263324290953366 0.54249662048896152 0.64676564680814619 0.061023923234927224 -0.16110534350006983 -0.33850596586077714 -0.29214070287073313 0.079252042423258548 0.64676564680814619 0.19241220513291249
leaf_weight=732 240 55 174 3835 626 149 235 192 112 300 364 674 355 126
leaf_count=732 240 55 174 3835 626 149 235 192 112 300 364 674 355 126
internal_value=0.00134248 -0.189124 0.932131 -0.27328 -0.0720577 0.079252 0.079252 0.421921 0.421921 -0.184943 -0.0457085 0.079252 0.646766 0.542497
internal_weight=8169 6782 1387 5163 1328 1619 702 432 347 355 1187 823 655 481
internal_count=8169 6782 1387 5163 1328 1619 702 432 347 355 1187 823 655 481
is_linear=0
shrinkage=0.035


Tree=4
num_leaves=15
num_cat=0
split_feature=4 4 4 1 0 1 3 0 1 1 1 0 4 0
split_gain=1.11347e+06 114721 77341.1 70855.9 69914.8 50727.3 81375.8 38627.5 23583.2 20748.2 20631.9 11174.6 11140.9 10109.2
threshold=165.00000000000003 285.00000000000006 95.000000000000014 1.0930000000000002 25.210000000000004 1.1380000000000001 0.67450000000000021 24.225000000000005 0.55800000000000016 1.1380000000000001 0.87000000000000011 25.210000000000004 45.000000000000007 25.290000000000003
decision_type=2 2 2 2 2 2 2 2 2 2 2 2 2 2
left_child=2 5 12 4 6 11 10 -8 -6 -4 -3 -2 -1 -7
right_child=1 3 9 -5 8 13 7 -9 -10 -11 -12 -13 -14 -15
leaf_value=1.2575945613466462 0.77556270791465098 -0.1547523839371279 0.87973700304378999 -0.32627052600311801 0.39739572152450237 0.16907877742914657 -0.2529489797962049 0.51834729287691961 -0.28571230721346041 0.43434801630139908 0.51834729287691961 0.39739572152450237 0.98772381323980085 -0.1225023062141266
leaf_weight=405 130 63 198 3944 65 239 388 66 1032 373 259 203 412 397
leaf_count=405 130 63 198 3944 65 239 388 66 1032 373 259 203 412 397
internal_value=0.00140211 -0.183375 0.904271 -0.242107 -0.0648013 0.169079 0.169079 -0.117273 -0.24491 0.590062 0.518347 0.518347 1.12288 -0.0143168
internal_weight=8174 6786 1388 5817 1873 969 776 454 1097 571 322 333 817 636
internal_count=8174 6786 1388 5817 1873 969 776 454 1097 571 322 333 817 636
is_linear=0
shrinkage=0.035


Tree=5
num_leaves=15
num_cat=0
split_feature=1 1 3 0 3 0 1 0 0 2 3 3 0 0
split_gain=123005 99423.1 38753.3 34601.9 32881.2 22934.9 27122.9 26655.3 15758.1 21529.6 16070.6 11599.1 8368.19 6937.73
threshold=1.0930000000000002 0.97100000000000009 0.8025000000000001 35.920000000000009 0.77450000000000008 23.675000000000004 0.55800000000000016 20.235000000000003 25.125000000000004 1.5870000000000002 0.54400000000000015 0.65800000000000014 34.275000000000006 15.505000000000001
decision_type=2 2 2 2 2 2 2 2 2 2 2 2 2 2
left_child=1 2 4 -3 5 7 -7 -1 9 11 12 -2 -10 -13
right_child=8 3 -4 -5 -6 6 -8 -9 10 -11 -12 13 -14 -15
leaf_value=0.18860084092617038 -0.019087147433834838 0.93313477089542607 -0.12006582626209207 0.13334119100043071 0.64084753114593929 0.63277465550720691 0.030734196112127278 0.92171801076764648 0.37171566483315005 -0.091594345773074543 -0.15806718745630707 0.015139275449045591 -0.011853437495893904 0.37206921122849851
leaf_weight=181 262 272 630 88 185 99 1102 91 93 1286 3288 88 269 276
leaf_count=181 262 272 630 88 185 99 1102 91 93 1286 3288 88 269 276
internal_value=0.00240209 0.198701 0.113474 0.738545 0.202233 0.146748 0.0808478 0.436356 -0.091072 -0.0096652 -0.133701 0.158518 0.0874355 0.286061
internal_weight=8210 2648 2288 360 1658 1473 1201 272 5562 1912 3650 626 362 364
internal_count=8210 2648 2288 360 1658 1473 1201 272 5562 1912 3650 626 362 364
is_linear=0
shrinkage=0.035


Tree=6
num_leaves=15
num_cat=0
split_feature=4 4 4 1 3 1 0 3 0 3 0 2 1 1
split_gain=1.02119e+06 101493 70355.6 64833.3 46401.5 39416.5 21878.8 33214.7 29843.8 19113.8 19795.5 23161.7 13907.4 11359
threshold=165.00000000000003 375.00000000000006 75.000000000000014 1.1380000000000001 0.8025000000000001 1.0930000000000002 24.430000000000003 0.64750000000000008 23.675000000000004 0.54400000000000015 25.125000000000004 1.5870000000000002 0.69300000000000017 0.69300000000000017
decision_type=2 2 2 2 2 2 2 2 2 2 2 2 2 2
left_child=2 3 -1 4 8 7 -4 -3 -2 -5 11 -11 -10 -8
right_child=1 5 6 9 -6 -7 13 -9 12 10 -12 -13 -14 -15
leaf_value=1.1381148908708398 0.96138811126811086 0.06538413761639153 0.96138811126811086 0.36731683062016973 -0.17055539970469991 -0.32780709581342465 0.99745461675470548 -0.24957329949934037 0.54450856843496076 0.47186508058050408 -0.26160880077838716 -0.12470036339834335 0.097250519300637578 0.47186508058050408
leaf_weight=637 132 753 187 97 150 3503 54 899 148 114 646 259 144 484
leaf_count=637 132 753 187 97 150 3503 54 899 148 114 646 259 144 484
internal_value=-0.00544268 -0.179625 0.869432 0.0557298 0.35767 -0.256779 0.632117 -0.170555 0.544509 -0.0997491 -0.144528 0.0583974 0.344929 0.544509
internal_weight=8207 6845 1362 1690 574 5155 725 1652 424 1116 1019 373 292 538
internal_count=8207 6845 1362 1690 574 5155 725 1652 424 1116 1019 373 292 538
is_linear=0
shrinkage=0.035


Tree=7
num_leaves=15
num_cat=0
split_feature=4 4 0 3 6 0 4 0 3 3 3 4 2 4
split_gain=975194 119546 70473.6 80596.1 68454.1 36714.9 30717.9 30610.9 28555 23972.3 16948.2 14603.5 12853.5 11826.9
threshold=205.00000000000003 105.00000000000001 24.315000000000001 0.67450000000000021 1.0000000180025095e-35 24.225000000000005 385.00000000000006 24.430000000000003 0.54400000000000015 0.54400000000000015 0.9880000000000001 55.000000000000007 2.9110000000000005 635.00000000000011
decision_type=2 2 2 2 2 2 2 2 2 2 2 2 2 2
left_child=1 11 3 4 -2 10 8 -3 -4 -9 12 -1 -5 -12
right_child=2 7 6 5 -6 -7 -8 9 -10 -11 13 -13 -14 -15
leaf_value=1.1506642651596379 -0.20239847343366055 0.7874265405049018 0.30129958791293437 -0.28227284662771102 0.43234610487096381 0.43234610487096381 -0.3108665875121433 0.89118778579299529 -0.1677335648280445 0.21693341472476271 0.69843401052893672 0.89118778579299529 0.20387989237138796 -0.1734726669092973
leaf_weight=495 212 217 134 939 286 63 3772 73 946 520 40 408 71 35
leaf_count=495 212 217 134 939 286 63 3772 73 946 520 40 408 71 35
internal_value=-0.00076657 0.741877 -0.196626 0.00127308 0.372685 -0.160027 -0.263749 0.432346 -0.0990481 0.3013 -0.210188 1.01874 -0.247928 0.294592
internal_weight=8211 1713 6498 1646 498 1148 4852 810 1080 593 1085 903 1010 75
internal_count=8211 1713 6498 1646 498 1148 4852 810 1080 593 1085 903 1010 75
is_linear=0
shrinkage=0.035


Tree=8
num_leaves=15
num_cat=0
split_feature=4 4 4 0 3 0 6 3 3 0 3 3 3 3
split_gain=892130 83608.3 66442.8 47162.8 47938.9 37332.6 51411.1 30317.8 22505 21973.3 20718 19145.4 18992.6 16909.7
threshold=175.00000000000003 345.00000000000006 95.000000000000014 24.315000000000001 0.82150000000000012 24.430000000000003 1.0000000180025095e-35 0.79250000000000009 0.74050000000000005 24.430000000000003 0.82150000000000012 0.86350000000000005 0.54400000000000015 0.71350000000000013
decision_type=2 2 2 2 2 2 2 2 2 2 2 2 2 2
left_child=2 5 -1 4 6 10 7 -3 -8 -4 -2 12 -7 -11
right_child=1 3 9 -5 -6 11 8 -9 -10 13 -12 -13 -14 -15
leaf_value=1.0029093441105128 0.6118823477913331 -0.2980753182380485 0.86340226933170616 -0.29126370980628885 -0.27900033093599724 0.40045418190035753 0.37807970891421921 0.37807970891421921 -0.11004449062939446 0.65560416134926669 0.081703201682792492 -0.27900033093599724 0.075671591142608505 0.22865050967433653
leaf_weight=802 204 303 172 3967 648 121 243 59 122 190 162 269 622 285
leaf_count=802 204 303 172 3967 648 121 243 59 122 190 162 269 622 285
internal_value=0.00251175 -0.167356 0.789879 -0.23005 -0.0533564 0.0756716 0.0756716 -0.151229 0.37808 0.524671 0.37808 -0.0339609 0.0756716 0.400454
internal_weight=8169 6720 1449 5342 1375 1378 727 362 365 647 366 1012 743 475
internal_count=8169 6720 1449 5342 1375 1378 727 362 365 647 366 1012 743 475
is_linear=0
shrinkage=0.035


Tree=9
num_leaves=15
num_cat=0
split_feature=4 4 1 1 4 3 4 1 0 0 4 3 0 3
split_gain=839130 81625 75028.2 83875.1 46634.4 29642.8 26176.7 23383.9 35765.6 15332.4 13689.1 9709.21 10599.9 5990.24
threshold=185.00000000000003 105.00000000000001 1.0930000000000002 0.97100000000000009 435.00000000000006 0.8025000000000001 325.00000000000006 1.1380000000000001 35.920000000000009 30.100000000000005 55.000000000000007 0.54400000000000015 15.920000000000003 0.8025000000000001
decision_type=2 2 2 2 2 2 2 2 2 2 2 2 2 2
left_child=1 10 3 4 5 9 11 -3 -5 -2 -1 -4 -13 -6
right_child=2 7 6 8 13 -7 -8 -9 -10 -11 -12 12 -14 -15
leaf_value=1.0758330905860471 0.60589267088930254 0.72784736374354686 0.28574870589742046 0.72784736374354686 -0.15646740664209599 -0.20403908978650967 -0.28834897136716464 0.28574870589742046 -0.11403327491798917 0.16306000121227404 0.79408123645186435 0.28574870589742046 -0.14764691037917363 -0.3253038197014067
leaf_weight=495 157 222 63 221 921 148 3747 435 73 246 403 72 633 359
leaf_count=495 157 222 63 221 921 148 3747 435 73 246 403 72 633 359
internal_value=0.00190938 0.733499 -0.169503 0.00199355 -0.0881916 0.180807 -0.250202 0.436015 0.436015 0.336655 0.950416 -0.0639519 -0.101765 -0.204039
internal_weight=8195 1555 6640 2125 1831 551 4515 657 294 403 898 768 705 1280
internal_count=8195 1555 6640 2125 1831 551 4515 657 294 403 898 768 705 1280
is_linear=0
shrinkage=0.035


Tree=10
num_leaves=15
num_cat=0
split_feature=4 4 4 0 1 1 7 1 1 0 0 1 1 4
split_gain=760899 80069.2 53795.7 48371.2 48034.2 32718.2 49058.2 22674.5 18144.8 13215.4 14182.6 12046.9 7629.28 6556.34
threshold=165.00000000000003 305.00000000000006 75.000000000000014 24.315000000000001 1.2340000000000002 1.3910000000000002 1.0000000180025095e-35 0.55800000000000016 1.1380000000000001 25.125000000000004 15.630000000000001 0.87000000000000011 0.69300000000000017 505.00000000000006
decision_type=2 2 2 2 2 2 2 2 2 2 2 2 2 2
left_child=2 5 -1 4 6 10 11 -5 -4 -10 -2 -3 -12 -9
right_child=1 3 8 7 -6 -7 -8 13 9 -11 12 -13 -14 -15
leaf_value=0.98873929555064843 0.67308686071041735 0.071871300360450946 0.79482408168179086 0.31057852099904959 -0.24606748267854098 -0.064568395159911696 -0.33349096902383341 -0.20640892349290532 0.67308686071041735 0.31057852099904959 0.65648904279433207 0.31057852099904959 0.31057852099904959 -0.30427429182493376
leaf_weight=637 86 261 243 66 686 590 184 1190 170 319 107 316 356 2927
leaf_count=637 86 261 243 66 686 590 184 1190 170 319 107 316 356 2927
internal_value=0.0010432 -0.151182 0.753278 -0.20532 -0.0308622 0.116365 0.116365 -0.265647 0.547304 0.422929 0.310579 0.310579 0.310579 -0.276044
internal_weight=8138 6769 1369 5630 1447 1139 761 4183 732 489 549 577 463 4117
internal_count=8138 6769 1369 5630 1447 1139 761 4183 732 489 549 577 463 4117
is_linear=0
shrinkage=0.035


Tree=11
num_leaves=15
num_cat=0
split_feature=4 4 0 3 4 0 1 7 3 3 3 7 0 3
split_gain=723175 81279.3 44418.1 44513.9 40754.9 32098.3 42575.2 24689.7 18145.3 19424.7 14143.7 12924.7 12831.6 12399.8
threshold=155.00000000000003 315.00000000000006 24.315000000000001 0.82150000000000012 65.000000000000014 24.430000000000003 1.2460000000000002 1.0000000180025095e-35 0.86350000000000005 0.54400000000000015 0.82150000000000012 1.0000000180025095e-35 24.430000000000003 0.9880000000000001
decision_type=2 2 2 2 2 2 2 2 2 2 2 2 2 2
left_child=4 5 3 6 -1 10 7 -3 9 -7 11 -2 -6 -5
right_child=1 2 -4 13 12 8 -8 -9 -10 -11 -12 -13 -14 -15
leaf_value=0.98297166575193418 0.58459943584752572 0.39009959585850912 -0.25885661491935896 -0.28935938098050984 0.85298062328709123 0.5621609134354022 -0.29961422277083422 -0.35145083653542308 -0.24165085169985057 0.10599114578273852 0.16064504567901855 -0.14026474085690516 0.5621609134354022 0.16064504567901855
leaf_weight=559 149 500 4189 616 193 114 187 61 251 584 168 30 543 61
leaf_count=559 149 500 4189 616 193 114 187 61 251 584 168 30 543 61
internal_value=-0.00150376 -0.143779 -0.201448 -0.0326217 0.757188 0.105991 0.105991 0.308983 0.000551047 0.105991 0.393521 0.584599 0.584599 -0.241651
internal_weight=8205 6910 5614 1425 1295 1296 748 561 949 698 347 179 736 677
internal_count=8205 6910 5614 1425 1295 1296 748 561 949 698 347 179 736 677
is_linear=0
shrinkage=0.035


Tree=12
num_leaves=15
num_cat=0
split_feature=4 4 1 1 4 3 1 6 4 3 4 3 2 4
split_gain=665429 65022.5 62853.8 74958.8 37494.1 29002.1 21971.9 27541.5 18994.6 12687.7 8438.84 7609.3 5476.05 4593.09
threshold=185.00000000000003 95.000000000000014 1.0930000000000002 0.97100000000000009 455.00000000000006 0.8025000000000001 1.1380000000000001 1.0000000180025095e-35 285.00000000000006 0.77450000000000008 45.000000000000007 0.54400000000000015 1.5415000000000003 485.00000000000006
decision_type=2 2 2 2 2 2 2 2 2 2 2 2 2 2
left_child=1 10 3 4 5 9 -3 -5 11 -2 -1 -4 -13 -10
right_child=2 6 8 7 -6 -7 -8 -9 13 -11 -12 12 -14 -15
leaf_value=0.99056886954837386 0.22743692324250861 0.68462755066275127 0.28019530543037813 -0.052118718530590601 -0.19084534561272679 -0.19084534561272679 0.28019530543037813 0.68462755066275127 -0.19200159594723479 0.68462755066275127 0.75505618713487588 0.074151720595340212 -0.16471960848036998 -0.27693748003398233
leaf_weight=404 386 250 45 75 1236 164 486 221 1091 47 395 189 308 2842
leaf_count=404 386 250 45 75 1236 164 486 221 1091 47 395 189 308 2842
internal_value=0.000388389 0.656565 -0.152206 0.00434161 -0.0808799 0.146723 0.418315 0.418315 -0.226669 0.297989 0.87523 -0.0323539 -0.0739112 -0.253432
internal_weight=8139 1535 6604 2129 1833 597 736 296 4475 433 799 542 497 3933
internal_count=8139 1535 6604 2129 1833 597 736 296 4475 433 799 542 497 3933
is_linear=0
shrinkage=0.035


Tree=13
num_leaves=15
num_cat=0
split_feature=4 4 1 0 4 1 3 0 1 1 0 0 1 3
split_gain=633981 78906.4 38866.2 39494.4 35550.1 34852 52822.6 27460.2 20064.2 17475.1 13990.3 11391.2 11265.6 9362.35
threshold=155.00000000000003 285.00000000000006 1.0930000000000002 25.210000000000004 75.000000000000014 1.1380000000000001 0.67450000000000021 24.225000000000005 0.55800000000000016 0.87000000000000011 24.430000000000003 26.775000000000002 1.6300000000000001 0.54400000000000015
decision_type=2 2 2 2 2 2 2 2 2 2 2 2 2 2
left_child=4 5 3 6 -1 -2 9 -8 -5 -3 -6 12 -7 -12
right_child=1 2 -4 8 10 11 7 -9 -10 -11 13 -13 -14 -15
leaf_value=0.89101203822106823 0.4192876662241522 -0.16045824366591979 -0.24564872886181052 0.40042975081948212 0.79186661179160533 0.42383149354235977 -0.22098634027396546 0.4192876662241522 -0.22520277995187227 0.4192876662241522 0.86819349914486132 -0.14211755049943928 0.022414592839807151 0.42383149354235977
leaf_weight=654 369 68 3948 66 175 85 385 65 1022 249 58 349 250 418
leaf_count=654 369 68 3948 66 175 85 385 65 1022 249 58 349 250 418
internal_value=0.00161844 -0.132994 -0.183572 -0.0513905 0.708386 0.145642 0.140846 -0.105962 -0.186916 0.419288 0.523831 -0.00237683 0.143188 0.423831
internal_weight=8161 6856 5803 1855 1305 1053 767 450 1088 317 651 684 335 476
internal_count=8161 6856 5803 1855 1305 1053 767 450 1088 317 651 684 335 476
is_linear=0
shrinkage=0.035


Tree=14
num_leaves=15
num_cat=0
split_feature=4 4 1 1 1 4 3 4 3 1 3 2 4 1
split_gain=594210 81455.8 39743 43581.6 32982.4 25589.7 17328.5 16734.2 18104.2 9557.5 8934.85 7217.13 5116.02 5115.01
threshold=145.00000000000003 275.00000000000006 1.0930000000000002 0.97100000000000009 1.1380000000000001 65.000000000000014 0.8025000000000001 525.00000000000011 0.8025000000000001 1.6300000000000001 0.88700000000000012 1.1025000000000003 465.00000000000006 1.8395000000000004
decision_type=2 2 2 2 2 2 2 2 2 2 2 2 2 2
left_child=5 4 3 7 6 -1 11 8 -3 10 -7 -2 -4 -6
right_child=1 2 12 -5 13 9 -8 -9 -10 -11 -12 -13 -14 -15
leaf_value=0.88285257740264922 0.16432803455321937 0.16432803455321937 -0.16777469417665034 0.16140291915186494 0.10729685955159064 0.74712209768401339 0.16140291915186494 -0.20094719197937605 -0.20094719197937605 0.39102426772256149 0.31005344315914263 0.64946877626100175 -0.25779760848463384 -0.083405907234935864
leaf_weight=580 35 398 1061 263 367 325 101 1075 152 255 72 236 2939 323
leaf_count=580 35 398 1061 263 367 325 101 1075 152 255 72 236 2939 323
internal_value=0.00498654 -0.120621 -0.171507 -0.0391221 0.161403 0.71309 0.426567 -0.120668 0.0363172 0.560952 0.668838 0.560952 -0.233967 0.0180318
internal_weight=8182 6950 5888 1888 1062 1232 372 1625 550 652 397 271 4000 690
internal_count=8182 6950 5888 1888 1062 1232 372 1625 550 652 397 271 4000 690
is_linear=0
shrinkage=0.035


Tree=15
num_leaves=15
num_cat=0
split_feature=4 4 1 3 0 4 0 3 2 3 0 3 0 3
split_gain=551079 76504.5 46399.8 33863.4 24818.9 22688.2 16939.4 36892.5 17167.7 13813.4 13172.3 9532.34 9252.95 10689.5
threshold=145.00000000000003 365.00000000000006 1.1380000000000001 0.8025000000000001 24.315000000000001 65.000000000000014 25.125000000000004 0.67450000000000021 1.5870000000000002 0.54400000000000015 30.100000000000005 0.71350000000000013 34.50500000000001 0.65800000000000014
decision_type=2 2 2 2 2 2 2 2 2 2 2 2 2 2
left_child=5 2 3 10 7 -1 8 -3 13 -8 -2 -12 -7 -4
right_child=1 4 6 -5 -6 12 9 -9 -10 -11 11 -13 -14 -15
leaf_value=0.84882504903761369 0.54484622968895136 0.1316336343358758 0.13261811721399427 -0.11628814972387747 -0.23510488092576171 0.64931630536274143 0.34538009517666812 -0.16809803470773885 0.1316336343358758 -0.11628814972387747 0.39447106450837111 -0.10697087678459825 0.39447106450837111 0.64931630536274143
leaf_weight=573 200 405 59 157 3865 404 82 925 269 665 199 60 250 82
leaf_count=573 200 405 59 157 3865 404 82 925 269 665 199 60 250 82
internal_value=0.00372986 -0.116736 0.0817458 0.326868 -0.184478 0.687379 -0.0489283 -0.116288 0.131634 -0.148078 0.478376 0.278336 0.544846 0.516627
internal_weight=8195 6968 1773 616 5195 1227 1157 1330 410 747 459 259 654 141
internal_count=8195 6968 1773 616 5195 1227 1157 1330 410 747 459 259 654 141
is_linear=0
shrinkage=0.035


Tree=16
num_leaves=15
num_cat=0
split_feature=0 3 6 1 0 3 3 2 1 2 0 1 0 3
split_gain=70553.4 48386 65315 31538.8 28952.2 16296.7 14057.7 12826.4 12142.6 9920.89 12152.6 9652.27 7280.3 5974.65
threshold=24.315000000000001 0.67450000000000021 1.0000000180025095e-35 0.69300000000000017 24.225000000000005 0.9880000000000001 0.54400000000000015 2.9110000000000005 0.55800000000000016 1.3305000000000002 34.50500000000001 0.64300000000000013 34.275000000000006 0.83700000000000008
decision_type=2 2 2 2 2 2 2 2 2 2 2 2 2 2
left_child=1 2 -1 8 5 7 12 -3 -2 10 13 -10 -5 -8
right_child=3 4 -4 6 -6 -7 9 -9 11 -11 -12 -13 -14 -15
leaf_value=0.022216004221023419 0.54702844385430216 -0.040055111235333646 0.73383061440147301 0.38900720044422427 0.67516435514809048 0.47859960639940369 0.040818812965763188 0.38691145060652049 0.0067454654172062877 -0.1401365516146803 -0.10423416086288957 0.32140009864919183 0.032218554985745509 0.34433811390399938
leaf_weight=277 91 1176 367 86 88 89 548 92 359 3206 1185 178 361 92
leaf_count=277 91 1176 367 86 88 89 548 92 359 3206 1185 178 361 92
internal_value=0.000662139 0.176188 0.42826 -0.0594079 0.063626 0.0234992 -0.0863469 -0.0087946 0.17534 -0.103061 -0.037889 0.111451 0.101581 0.0849216
internal_weight=8195 2089 644 6106 1445 1357 5478 1268 628 5031 1825 537 447 640
internal_count=8195 2089 644 6106 1445 1357 5478 1268 628 5031 1825 537 447 640
is_linear=0
shrinkage=0.035


Tree=17
num_leaves=15
num_cat=0
split_feature=4 4 0 3 1 0 4 1 3 3 0 2 2 4
split_gain=509199 56864 46416 47593.7 31182.6 27502.8 19323.7 26454.9 15888.8 14084.4 13343.2 10431.5 10246.7 10062.9
threshold=195.00000000000003 115.00000000000001 24.315000000000001 0.67450000000000021 1.3275000000000003 24.225000000000005 445.00000000000006 0.69300000000000017 0.9880000000000001 0.54400000000000015 24.430000000000003 2.9110000000000005 1.2845000000000002 45.000000000000007
decision_type=2 2 2 2 2 2 2 2 2 2 2 2 2 2
left_child=1 13 3 4 -2 8 7 -4 11 -9 -3 -5 -11 -1
right_child=2 10 6 5 -6 -7 -8 9 -10 12 -12 -13 -14 -15
leaf_value=0.86547996386766446 0.30565983107170064 0.61042345264688724 0.30565983107170064 -0.21552317300349977 -0.20824211827208261 0.30565983107170064 -0.23748071595704329 0.23123260729888395 0.30565983107170064 -0.029194843918826541 0.30565983107170064 0.20864046750285412 -0.23748071595704329 0.63070686831027278
leaf_weight=399 357 176 163 946 144 74 3371 115 71 411 480 76 827 559
leaf_count=399 357 176 163 946 144 74 3371 115 71 411 480 76 827 559
internal_value=0.000722836 0.557405 -0.13641 0.0229988 0.30566 -0.0995113 -0.190812 -0.0869496 -0.148378 -0.137852 0.30566 -0.183806 -0.172297 0.72929
internal_weight=8169 1614 6555 1668 501 1167 4887 1516 1093 1353 656 1022 1238 958
internal_count=8169 1614 6555 1668 501 1167 4887 1516 1093 1353 656 1022 1238 958
is_linear=0
shrinkage=0.035


Tree=18
num_leaves=15
num_cat=0
split_feature=4 4 0 3 6 0 1 0 3 4 1 3 1 4
split_gain=483098 60509.6 43114.6 43732.4 36856.8 25860.6 22010.3 14460.1 14364.8 13469.1 14357.6 12177.3 16164.4 9859.95
threshold=205.00000000000003 115.00000000000001 24.315000000000001 0.67450000000000021 1.0000000180025095e-35 24.225000000000005 0.55800000000000016 24.430000000000003 0.9880000000000001 395.00000000000006 0.69300000000000017 0.71350000000000013 1.7790000000000001 655.00000000000011
decision_type=2 2 2 2 2 2 2 2 2 2 2 2 2 2
left_child=1 -1 3 4 -2 8 -4 -3 -5 11 -9 12 -8 -10
right_child=2 7 6 5 -6 -7 9 10 13 -11 -12 -13 -14 -15
leaf_value=0.70638694134881486 -0.16759203135530384 0.58346869851748895 0.28591352150800514 -0.18349250918575588 0.28591352150800514 0.28591352150800514 0.11199230156964102 0.70459406415745629 0.58346869851748895 -0.22908556469959127 0.11199230156964102 -0.18719070168438692 -0.22908556469959127 -0.14802796701048362
leaf_weight=980 219 200 72 994 286 77 293 55 42 3624 481 668 180 32
leaf_count=980 219 200 72 994 286 77 293 55 42 3624 481 668 180 32
internal_value=0.00426147 0.526317 -0.133897 0.0205857 0.285914 -0.0991041 -0.186588 0.285914 -0.1484 -0.196067 0.285914 -0.0910828 0.0447517 0.319119
internal_weight=8203 1716 6487 1650 505 1145 4837 736 1068 4765 536 1141 473 74
internal_count=8203 1716 6487 1650 505 1145 4837 736 1068 4765 536 1141 473 74
is_linear=0
shrinkage=0.035


Tree=19
num_leaves=15
num_cat=0
split_feature=4 4 1 4 3 0 0 3 2 3 0 0 1 1
split_gain=436282 54702.3 35930.5 25959.5 24904.6 19421.6 13093.5 28301.2 13671.2 9464.27 7576.14 15872.6 10002.5 5143.78
threshold=155.00000000000003 355.00000000000006 1.1380000000000001 85.000000000000014 0.8025000000000001 24.315000000000001 25.125000000000004 0.67450000000000021 1.5870000000000002 0.54400000000000015 23.675000000000004 23.675000000000004 0.69300000000000017 0.69300000000000017
decision_type=2 2 2 2 2 2 2 2 2 2 2 2 2 2
left_child=3 2 4 -1 11 7 8 -3 -4 -8 -5 -2 -13 -7
right_child=1 5 6 10 -6 13 9 -9 -10 -11 -12 12 -14 -15
leaf_value=0.73009832320505619 0.68262279639427481 0.11326763992803658 0.41296829682243502 0.68262279639427481 -0.10476669706578752 -0.10476669706578752 0.30451489407281085 -0.14666019089238497 0.11326763992803658 -0.10476669706578752 0.41296829682243502 0.41296829682243502 0.11326763992803658 -0.22207436669471098
leaf_weight=727 123 408 131 129 142 422 74 936 252 607 440 148 146 3496
leaf_count=727 123 408 131 129 142 422 74 936 252 607 440 148 146 3496
internal_value=0.00243592 -0.108477 0.0691275 0.591292 0.29606 -0.16326 -0.0502617 -0.104767 0.113268 -0.142266 0.412968 0.412968 0.287453 -0.208055
internal_weight=8181 6885 1623 1296 559 5262 1064 1344 383 681 569 417 294 3918
internal_count=8181 6885 1623 1296 559 5262 1064 1344 383 681 569 417 294 3918
is_linear=0
shrinkage=0.035


Tree=20
num_leaves=15
num_cat=0
split_feature=4 4 0 3 6 0 1 3 4 3 1 0 4 4
split_gain=418894 48066.1 39532.2 43895.7 31933.7 22468.1 17982.5 13641.4 13298.6 12802.1 12756.3 11609.1 9600 9291.22
threshold=195.00000000000003 115.00000000000001 24.315000000000001 0.67450000000000021 1.0000000180025095e-35 24.225000000000005 0.55800000000000016 0.9880000000000001 435.00000000000006 0.54400000000000015 0.69300000000000017 24.430000000000003 45.000000000000007 675.00000000000011
decision_type=2 2 2 2 2 2 2 2 2 2 2 2 2 2
left_child=1 12 3 4 -2 7 -4 -5 9 -8 -11 -3 -1 -9
right_child=2 11 6 5 -6 -7 8 13 -10 10 -12 -13 -14 -15
leaf_value=0.78771482172379137 -0.16202396144206144 0.55740454913736781 0.2682837675320684 -0.17123861787292119 0.2682837675320684 0.2682837675320684 0.21309197105937885 0.55740454913736781 -0.21818923210750157 0.2682837675320684 -0.15663986731889826 0.2682837675320684 0.56294226262684111 -0.15094961182470434
leaf_weight=415 213 170 68 1023 294 73 151 44 3386 86 1189 471 574 31
leaf_count=415 213 170 68 1023 294 73 151 44 3386 86 1189 471 574 31
internal_value=0.0030196 0.50498 -0.121801 0.0247333 0.268284 -0.0935426 -0.172182 -0.137579 -0.180429 -0.0906786 -0.126795 0.268284 0.657963 0.268284
internal_weight=8188 1630 6558 1678 507 1171 4880 1098 4812 1426 1275 641 989 75
internal_count=8188 1630 6558 1678 507 1171 4880 1098 4812 1426 1275 641 989 75
is_linear=0
shrinkage=0.035


Tree=21
num_leaves=15
num_cat=0
split_feature=4 4 0 3 0 6 0 3 4 3 3 3 3 3
split_gain=377924 52042.4 29616.9 34190.8 22146.4 33869.9 24812.1 22157.3 17314.3 12729.9 11610.2 11582.5 8969.73 6779.58
threshold=145.00000000000003 265.00000000000006 24.315000000000001 0.82150000000000012 24.430000000000003 1.0000000180025095e-35 24.225000000000005 0.74050000000000005 55.000000000000007 0.86350000000000005 0.9880000000000001 0.54400000000000015 0.71350000000000013 0.54400000000000015
decision_type=2 2 2 2 2 2 2 2 2 2 2 2 2 2
left_child=8 4 3 5 -2 6 -3 -7 -1 11 -5 -6 -10 -4
right_child=1 2 13 10 9 7 -8 -9 12 -11 -12 -13 -14 -15
leaf_value=0.73985442204814222 0.41388585644235176 -0.20593571229418886 -0.06365380983382464 -0.22142830033687985 0.46587386246175611 0.41388585644235176 0.41388585644235176 -0.036125331953711752 0.62732462992933069 -0.17665134404202165 0.25613160331352897 0.13957409682017541 0.41388585644235176 -0.19782320027481337
leaf_weight=474 262 324 524 662 87 266 69 136 287 183 68 439 437 3936
leaf_count=474 262 324 524 662 87 266 69 136 287 183 68 439 437 3936
internal_value=0.000908937 -0.0979987 -0.136559 -0.00340308 0.139574 0.139574 -0.0753134 0.381173 0.574805 0.0377638 -0.176651 0.139574 0.465874 -0.182078
internal_weight=8154 6956 5985 1525 971 795 393 402 1198 709 730 526 724 4460
internal_count=8154 6956 5985 1525 971 795 393 402 1198 709 730 526 724 4460
is_linear=0
shrinkage=0.035


Tree=22
num_leaves=15
num_cat=0
split_feature=4 4 1 1 4 3 1 0 4 3 4 0 2 1
split_gain=355072 53499.2 36155.3 39010.6 21133.9 21235 19935.3 14317.1 8164.61 6856.27 6490.12 6327.15 8585.8 10400.4
threshold=215.00000000000003 115.00000000000001 1.0930000000000002 0.97100000000000009 535.00000000000011 0.8025000000000001 1.1380000000000001 30.100000000000005 45.000000000000007 0.80600000000000016 425.00000000000006 26.775000000000002 1.6970000000000003 1.6300000000000001
decision_type=2 2 2 2 2 2 2 2 2 2 2 2 2 2
left_child=1 8 3 4 5 7 9 -2 -1 -3 11 12 -4 -14
right_child=2 6 10 -5 -6 -7 -8 -9 -10 -11 -12 -13 13 -15
leaf_value=0.73315722417025186 0.42780282039648815 0.52565193543292632 0.098906003136578255 0.22617389836574706 -0.16373858362451044 -0.16373858362451044 0.098906003136578255 0.051939319420199942 0.52565193543292632 0.22617389836574706 -0.20024201003898387 -0.17784497547277955 0.098906003136578255 -0.20024201003898387
leaf_weight=413 206 209 216 287 1060 197 519 311 576 61 3194 632 79 230
leaf_count=413 206 209 216 287 1060 197 519 311 576 61 3194 632 79 230
internal_value=0.00405005 0.441545 -0.117314 0.00344528 -0.0646531 0.0824693 0.226174 0.202243 0.61296 0.469537 -0.174504 -0.103337 -0.013473 -0.136443
internal_weight=8190 1778 6412 2061 1774 714 789 517 989 270 4351 1157 525 309
internal_count=8190 1778 6412 2061 1774 714 789 517 989 270 4351 1157 525 309
is_linear=0
shrinkage=0.035


Tree=23
num_leaves=15
num_cat=0
split_feature=4 4 1 3 0 2 4 1 0 1 3 1 7 0
split_gain=323397 41260.1 39039.5 32923 24799.3 13119.3 12242.5 12140.6 12108 13716.2 20087.1 10771.7 9871.7 7089.22
threshold=155.00000000000003 465.00000000000006 1.1380000000000001 0.8025000000000001 30.100000000000005 1.1025000000000003 45.000000000000007 1.1380000000000001 26.775000000000002 1.7370000000000003 0.84150000000000003 2.3170000000000006 1.0000000180025095e-35 33.185000000000009
decision_type=2 2 2 2 2 2 2 2 2 2 2 2 2 2
left_child=6 2 3 4 12 -6 -1 -8 9 10 -4 -11 -2 -9
right_child=1 -3 8 -5 5 -7 7 13 -10 11 -12 -13 -14 -15
leaf_value=0.70460451090126708 0.59899392367222093 -0.16008756624939008 0.32563509109885758 -0.15414223688548051 -0.16008756624939008 0.23763529859110713 0.59899392367222093 0.45369675710672686 -0.16008756624939008 -0.16008756624939008 -0.16008756624939008 0.17212872537822593 0.1311276833550972 0.20783663784873779
leaf_weight=398 223 4387 175 228 58 307 307 277 883 362 110 140 56 304
leaf_count=398 223 4387 175 228 58 307 307 277 883 362 110 140 56 304
internal_value=-0.000461912 -0.0950862 0.0171118 0.206796 0.334625 0.138466 0.509052 0.509052 -0.0819961 0.0181993 0.21171 -0.0918612 0.509052 0.325635
internal_weight=8215 6929 2542 872 644 365 1286 888 1670 787 285 502 279 581
internal_count=8215 6929 2542 872 644 365 1286 888 1670 787 285 502 279 581
is_linear=0
shrinkage=0.035


Tree=24
num_leaves=15
num_cat=0
split_feature=4 4 0 3 3 6 4 0 0 0 3 3 3 0
split_gain=316233 44354.4 26444.9 30617.9 18404.2 42113.1 14831.3 13396.6 21253.7 13111.8 10644.1 9023.13 7151.85 3515.61
threshold=145.00000000000003 255.00000000000003 24.315000000000001 0.67450000000000021 0.71350000000000013 1.0000000180025095e-35 55.000000000000007 24.430000000000003 24.225000000000005 34.375000000000007 0.9880000000000001 0.71350000000000013 0.53250000000000008 34.940000000000005
decision_type=2 2 2 2 2 2 2 2 2 2 2 2 2 2
left_child=6 4 3 5 9 -3 -1 -6 10 -2 -5 -8 -4 -13
right_child=1 2 12 8 7 -7 11 -9 -10 -11 -12 13 -14 -15
leaf_value=0.66734644961392742 0.41884193700252759 -0.18428248874900993 -0.034301613949184011 -0.18127031009597902 0.29920328998710555 0.33054288721555264 0.56362064413861357 -0.095145797252485273 0.29920328998710555 0.06282279502087279 0.26340487246110411 0.41884193700252759 -0.17844945166726536 0.18223922690189248
leaf_weight=501 221 205 471 947 143 277 308 394 66 150 70 264 4069 164
leaf_count=501 221 205 471 947 143 277 308 394 66 150 70 264 4069 164
internal_value=0.00422827 -0.0867988 -0.120746 0.00332457 0.141325 0.141325 0.519948 0.0102248 -0.107935 0.330543 -0.150433 0.418842 -0.163506 0.31358
internal_weight=8250 7013 6105 1565 908 482 1237 537 1083 371 1017 736 4540 428
internal_count=8250 7013 6105 1565 908 482 1237 537 1083 371 1017 736 4540 428
is_linear=0
shrinkage=0.035


Tree=25
num_leaves=15
num_cat=0
split_feature=4 4 1 1 1 2 4 2 1 4 4 4 3 2
split_gain=292099 42937.6 28997.6 35697.8 18068.3 17897.7 13590.3 10546 19518.4 10118.3 6656.17 4990.98 5514.12 6380.31
threshold=215.00000000000003 115.00000000000001 1.0930000000000002 0.97100000000000009 1.1380000000000001 2.8120000000000007 715.00000000000011 1.2000000000000002 0.89700000000000013 475.00000000000006 35.000000000000007 445.00000000000006 0.54400000000000015 1.6970000000000003
decision_type=2 2 2 2 2 2 2 2 2 2 2 2 2 2
left_child=1 10 3 5 -3 7 -7 8 -2 -9 -1 12 -4 -14
right_child=2 4 11 -5 -6 6 -8 9 -10 -11 -12 -13 13 -15
leaf_value=0.68323478364359391 0.28406190902771394 0.43623206027891021 0.092008404949327133 0.20962051614950852 0.092008404949327133 0.43623206027891021 -0.15333258663117888 -0.0077349221201046666 -0.24186950580489966 -0.21469858110847514 0.48593209766566858 -0.18397617996073237 -0.031015720211170817 -0.18397617996073237
leaf_weight=325 211 283 102 287 548 92 55 436 145 860 651 3086 517 650
leaf_count=325 211 283 102 287 548 92 55 436 145 860 651 3086 517 650
internal_value=0.00178224 0.394895 -0.108548 -0.00124021 0.209621 -0.0658258 0.30298 -0.0988078 0.0697659 -0.145133 0.552266 -0.159935 -0.10137 -0.123518
internal_weight=8248 1807 6441 2086 831 1799 147 1652 356 1296 976 4355 1269 1167
internal_count=8248 1807 6441 2086 831 1799 147 1652 356 1296 976 4355 1269 1167
is_linear=0
shrinkage=0.035


Tree=26
num_leaves=15
num_cat=0
split_feature=4 4 0 3 3 1 1 1 0 1 3 0 4 1
split_gain=263786 43955.1 23662 28022.4 20527.1 29337.6 20164.5 18643.3 15339.9 15982.9 9241.15 7596.13 6357.73 7535.49
threshold=135.00000000000003 255.00000000000003 24.315000000000001 0.67450000000000021 0.71350000000000013 1.3275000000000003 1.7370000000000003 0.87000000000000011 25.125000000000004 0.70900000000000007 0.9880000000000001 35.745000000000012 35.000000000000007 1.8510000000000002
decision_type=2 2 2 2 2 2 2 2 2 2 2 2 2 2
left_child=12 4 3 5 6 7 11 -3 -6 -5 -11 -2 -1 -14
right_child=1 2 -4 9 8 -7 -8 -9 -10 10 -12 -13 13 -15
leaf_value=0.656102077222397 0.49687636274807195 -0.10707300178662819 -0.15394177870250214 0.22969199286472758 0.22969199286472758 -0.20843882144358428 -0.053628213910796384 0.49248350138217212 -0.13861761321049323 -0.16854326387094165 0.22969199286472758 0.18922923269735117 0.50377062340276446 0.26880140155878823
leaf_weight=316 181 67 4548 65 227 134 117 269 352 940 72 100 572 242
leaf_count=316 181 67 4548 65 227 134 117 269 352 940 72 100 572 242
internal_value=0.000568106 -0.0787933 -0.11373 0.00451175 0.139047 0.139047 0.332207 0.332207 0.00592415 -0.101478 -0.139214 0.492484 0.496876 0.496876
internal_weight=8202 7072 6095 1547 977 470 398 336 579 1077 1012 281 1130 814
internal_count=8202 7072 6095 1547 977 470 398 336 579 1077 1012 281 1130 814
is_linear=0
shrinkage=0.035


Tree=27
num_leaves=15
num_cat=0
split_feature=4 0 3 6 0 4 0 4 3 3 4 2 3 7
split_gain=249765 30076.7 31829.1 43251.6 22160.1 14978 15074.7 12547.4 17511.1 10102.3 8339.99 8236.21 5246.04 18510.9
threshold=185.00000000000003 24.315000000000001 0.67450000000000021 1.0000000180025095e-35 24.225000000000005 65.000000000000014 24.430000000000003 415.00000000000006 0.54400000000000015 0.9880000000000001 665.00000000000011 2.9110000000000005 0.71350000000000013 1.0000000180025095e-35
decision_type=2 2 2 2 2 2 2 2 2 2 2 2 2 2
left_child=5 2 3 -2 9 -1 -7 8 -3 11 -11 -4 13 -10
right_child=1 7 4 -5 -6 6 -8 -9 12 10 -12 -13 -14 -15
leaf_value=0.58557245452472806 -0.12934911803464322 0.21586956139821928 -0.15994826452525818 0.40566331866315319 0.40566331866315319 0.52746366478198736 0.21586956139821928 -0.16705466388940321 -0.13400081914293044 0.52746366478198736 -0.15837103907042932 0.21019940636921677 -0.14254877034445582 0.21586956139821928
leaf_weight=571 219 170 945 297 76 260 713 3545 329 43 30 79 808 88
leaf_count=571 219 170 945 297 76 260 713 3545 329 43 30 79 808 88
internal_value=0.00490579 -0.0884839 0.0389974 0.267801 -0.0617937 0.405663 0.405663 -0.13207 -0.0431073 -0.102781 0.292408 -0.131213 -0.0905687 0.0102464
internal_weight=8173 6629 1689 516 1173 1544 973 4940 1395 1097 73 1024 1225 417
internal_count=8173 6629 1689 516 1173 1544 973 4940 1395 1097 73 1024 1225 417
is_linear=0
shrinkage=0.035


Tree=28
num_leaves=15
num_cat=0
split_feature=4 4 0 3 6 3 0 0 0 3 2 3 2 4
split_gain=237296 35636.8 23860.9 27879.6 19111.9 17019 13804.9 16961.8 11019.6 9715.78 7408.85 7088.02 11549.8 5456.47
threshold=225.00000000000003 115.00000000000001 24.315000000000001 0.67450000000000021 1.0000000180025095e-35 0.71350000000000013 25.125000000000004 24.225000000000005 34.375000000000007 0.9880000000000001 2.9110000000000005 0.54400000000000015 2.4600000000000004 645.00000000000011
decision_type=2 2 2 2 2 2 2 2 2 2 2 2 2 2
left_child=1 -1 3 4 -2 8 -7 9 -3 10 -5 13 -10 -4
right_child=2 5 11 7 -6 6 -8 -9 12 -11 -12 -13 -14 -15
leaf_value=0.50121475863355203 -0.15049346507579517 0.50121475863355203 -0.020813666612163561 -0.17346753038545012 0.19321679278040177 0.28198064572916648 -0.086355068192307913 0.28198064572916648 -0.020813666612163561 0.26435712337797806 0.20070703492164613 -0.15379696692410902 0.50121475863355203 -0.18084876715226308
leaf_weight=953 208 228 297 904 276 208 308 69 89 75 69 4165 60 260
leaf_count=953 208 228 297 904 276 208 308 69 89 75 69 4165 60 260
internal_value=0.00339705 0.352407 -0.0985359 0.0182218 0.193217 0.193217 0.0623762 -0.0796589 0.371655 -0.117106 -0.146752 -0.138119 0.135182 -0.0208137
internal_weight=8169 1846 6323 1601 484 893 516 1117 377 1048 973 4722 149 557
internal_count=8169 1846 6323 1601 484 893 516 1117 377 1048 973 4722 149 557
is_linear=0
shrinkage=0.035


Tree=29
num_leaves=15
num_cat=0
split_feature=4 4 1 1 1 2 4 4 1 0 2 1 4 1
split_gain=219224 28693.2 24230.8 28387.8 16118.2 15355.2 9277.21 9122.68 11514.6 7556.62 5659.44 5205.86 5130.93 5495.62
threshold=205.00000000000003 105.00000000000001 1.0930000000000002 0.97100000000000009 1.8510000000000002 2.8120000000000007 735.00000000000011 515.00000000000011 0.69300000000000017 25.125000000000004 1.2000000000000002 1.1380000000000001 405.00000000000006 1.7370000000000003
decision_type=2 2 2 2 2 2 2 2 2 2 2 2 2 2
left_child=1 -1 3 5 9 7 -7 8 -2 -3 -9 -11 13 -4
right_child=2 4 12 -5 -6 6 -8 10 -10 11 -12 -13 -14 -15
leaf_value=0.4933861861026253 0.25164492359796231 0.4933861861026253 0.010148810512540896 0.20543962497566373 -0.033988548112688241 0.30644547242425924 -0.17717013315217836 -0.072431607440180706 -0.072431607440180706 0.33980655842201218 -0.1968893726295286 0.081624335577651391 -0.15844850960453893 -0.146806236734116
leaf_weight=888 191 185 529 287 242 92 48 226 446 172 782 216 3314 564
leaf_count=888 191 185 529 287 242 92 48 226 446 172 782 216 3314 564
internal_value=0.00253728 0.355787 -0.0903544 0.00835755 0.20544 -0.0486806 0.301907 -0.0786842 0.0249799 0.306445 -0.144156 0.306445 -0.136757 -0.0709003
internal_weight=8182 1703 6479 2072 815 1785 140 1645 637 573 1008 388 4407 1093
internal_count=8182 1703 6479 2072 815 1785 140 1645 637 573 1008 388 4407 1093
is_linear=0
shrinkage=0.035


Tree=30
num_leaves=15
num_cat=0
split_feature=4 4 1 1 1 2 4 3 4 3 1 4 1 3
split_gain=207731 30757.4 22325.6 27657.3 18924 15135.7 9304.45 8106.56 7704.67 10785.1 6017.93 3795.42 4078.17 4688.74
threshold=225.00000000000003 95.000000000000014 1.0930000000000002 0.97100000000000009 1.8510000000000002 2.8120000000000007 745.00000000000011 0.56350000000000011 505.00000000000006 0.71350000000000013 1.1380000000000001 515.00000000000011 1.7370000000000003 0.84150000000000003
decision_type=2 2 2 2 2 2 2 2 2 2 2 2 2 2
left_child=1 -1 3 5 7 8 -7 -3 9 -2 -9 12 13 -4
right_child=2 4 11 -5 -6 6 -8 10 -10 -11 -12 -13 -14 -15
leaf_value=0.48931557154775429 0.16395274822821757 0.48931557154775429 -0.026458861890242949 0.20395744493502749 -0.026458861890242949 0.29892657516289256 -0.18063779864549637 0.35341099789867225 -0.13865168321357543 -0.13609352127288252 0.1361696671793988 -0.16047630894320133 -0.1465260040433998 -0.16047630894320133
leaf_weight=825 305 119 494 279 309 97 49 296 1036 281 334 2683 818 278
leaf_count=825 305 119 494 279 309 97 49 296 1036 281 334 2683 818 278
internal_value=0.00660076 0.329176 -0.0895448 0.00549805 0.203957 -0.0505485 0.289583 0.298927 -0.0813251 0.0200842 0.298927 -0.135067 -0.0921147 -0.0343441
internal_weight=8203 1883 6320 2047 1058 1768 146 749 1622 586 630 4273 1590 772
internal_count=8203 1883 6320 2047 1058 1768 146 749 1622 586 630 4273 1590 772
is_linear=0
shrinkage=0.035


Tree=31
num_leaves=15
num_cat=0
split_feature=4 4 1 1 1 4 3 3 2 2 4 1 3 1
split_gain=188197 27648.7 21703 26780.2 14002.9 13464.2 14769.5 12358.3 6903.39 4074.27 4048.52 4376.43 3627.2 3236.89
threshold=215.00000000000003 105.00000000000001 1.0930000000000002 0.97100000000000009 1.8510000000000002 515.00000000000011 0.8025000000000001 0.71350000000000013 0.96800000000000008 0.98750000000000016 455.00000000000006 1.7370000000000003 0.84150000000000003 0.96000000000000008
decision_type=2 2 2 2 2 2 2 2 2 2 2 2 2 2
left_child=1 -1 3 5 7 6 13 9 -9 -3 11 12 -4 -2
right_child=2 4 10 -5 -6 -7 -8 8 -10 -11 -12 -13 -14 -15
leaf_value=0.46154254368449338 0.18545623649982321 0.18545623649982321 -0.024125265906517132 0.18545623649982321 -0.024125265906517132 -0.12367105757155197 -0.12367105757155197 0.46154254368449338 0.18545623649982321 0.46154254368449338 -0.15068011415265059 -0.1393766447993306 -0.15068011415265059 -0.038593933063652372
leaf_weight=884 408 30 407 282 272 1093 193 71 265 259 3027 671 234 79
leaf_count=884 408 30 407 282 272 1093 193 71 265 259 3027 671 234 79
internal_value=0.00458979 0.322675 -0.0840467 0.00964938 0.185456 -0.0476378 0.0745739 0.276562 0.185456 0.450487 -0.128415 -0.0769676 -0.0115197 0.179564
internal_weight=8175 1781 6394 2055 897 1773 680 625 336 289 4339 1312 641 487
internal_count=8175 1781 6394 2055 897 1773 680 625 336 289 4339 1312 641 487
is_linear=0
shrinkage=0.035


Tree=32
num_leaves=15
num_cat=0
split_feature=4 4 1 0 1 0 2 1 0 1 4 1 1 2
split_gain=178627 30261.1 30591.3 15218.3 14894.8 12682.9 21863.4 11972 7311.19 6876.92 4497.57 7516.33 3802.25 3087.35
threshold=135.00000000000003 445.00000000000006 1.1380000000000001 15.630000000000001 0.69300000000000017 25.125000000000004 1.5870000000000002 0.97100000000000009 24.315000000000001 0.55800000000000016 35.000000000000007 0.69300000000000017 1.7370000000000003 2.8755000000000002
decision_type=2 2 2 2 2 2 2 2 2 2 2 2 2 2
left_child=10 2 3 -2 -5 6 -4 -6 11 -10 -1 -3 -8 -7
right_child=1 8 5 4 7 13 12 -9 9 -11 -12 -13 -14 -15
leaf_value=0.54580376030671274 0.41477233423922077 0.37422524247779088 0.38998851755371799 0.37422524247779088 -0.06684814017675321 -0.1459167676966453 0.16070966218763522 0.35288871260558341 0.24877668162959596 -0.14988033697537156 0.41477233423922077 -0.068165529340657269 -0.068165529340657269 0.030747303915396335
leaf_weight=330 139 49 188 219 374 927 88 106 53 3309 787 1113 304 139
leaf_count=330 139 49 188 219 374 927 88 106 53 3309 787 1113 304 139
internal_value=0.00392272 -0.0616119 0.0365304 0.20854 0.135744 -0.0511145 0.0807522 0.0263811 -0.115496 -0.143523 0.414772 -0.0681655 -0.0681655 -0.115496
internal_weight=8125 7008 2484 838 699 1646 580 480 4524 3362 1117 1162 392 1066
internal_count=8125 7008 2484 838 699 1646 580 480 4524 3362 1117 1162 392 1066
is_linear=0
shrinkage=0.035


Tree=33
num_leaves=15
num_cat=0
split_feature=4 4 0 3 0 6 0 3 1 3 1 3 4 2
split_gain=164232 29368.2 17876.2 22400.5 16822.8 37498.5 18491.6 13642.1 8311.85 8306.32 6379.34 7567.75 5421.36 5073.37
threshold=235.00000000000003 105.00000000000001 24.315000000000001 0.67450000000000021 24.430000000000003 1.0000000180025095e-35 24.225000000000005 0.71350000000000013 1.7790000000000001 0.9880000000000001 0.69300000000000017 0.71350000000000013 635.00000000000011 2.9110000000000005
decision_type=2 2 2 2 2 2 2 2 2 2 2 2 2 2
left_child=1 -1 3 5 -3 -2 9 8 -6 13 11 -4 -11 -5
right_child=2 4 10 6 7 -7 -8 -9 -10 12 -12 -13 -14 -15
leaf_value=0.43219298559504848 -0.14224374186300678 0.39425986447424666 0.1044571672545757 -0.15850534603895422 0.40699199369620043 0.39425986447424666 0.39425986447424666 -0.044199156541904927 0.15972086900201313 0.39425986447424666 -0.13310005443878359 -0.20181551109890877 -0.10777611047894725 0.1493114346594773
leaf_weight=894 206 276 341 894 211 271 73 465 109 35 4168 138 30 70
leaf_count=894 206 276 341 894 211 271 73 465 109 35 4168 138 30 70
internal_value=0.00471106 0.284478 -0.0831685 0.0185633 0.159721 0.159721 -0.0714568 0.0768598 0.252369 -0.11013 -0.117733 -0.0441992 0.270064 -0.13602
internal_weight=8181 1955 6226 1579 1061 477 1102 785 320 1029 4647 479 65 964
internal_count=8181 1955 6226 1579 1061 477 1102 785 320 1029 4647 479 65 964
is_linear=0
shrinkage=0.035


Tree=34
num_leaves=15
num_cat=0
split_feature=4 4 0 1 7 0 4 1 1 1 4 1 1 2
split_gain=153520 24983.4 18031.7 20567.9 22371.1 15287.5 16534.3 12008.2 12538.7 8442.14 3447.45 5968.24 5794.26 3393.89
threshold=235.00000000000003 95.000000000000014 24.315000000000001 1.2340000000000002 1.0000000180025095e-35 24.430000000000003 665.00000000000011 1.8510000000000002 0.55800000000000016 0.69300000000000017 545.00000000000011 1.4535000000000002 0.69300000000000017 1.5870000000000002
decision_type=2 2 2 2 2 2 2 2 2 2 2 2 2 2
left_child=1 -1 3 4 6 -3 -2 9 -4 -7 12 -11 -10 -5
right_child=2 5 8 13 -6 7 -8 -9 10 11 -12 -13 -14 -15
leaf_value=0.42541654398341117 0.38235550639214427 0.38235550639214427 0.18421690422847162 0.011749063928312852 -0.19399138296370824 0.42541654398341117 0.051323520195451888 -0.099494596160145068 0.11132743606598756 0.031348763916472143 -0.14862757619801073 0.28666237683118573 -0.1026728746847185 -0.15273639969311073
leaf_weight=808 347 306 72 211 210 87 276 268 170 307 2716 176 1671 563
leaf_count=808 347 306 72 211 210 87 276 268 170 307 2716 176 1671 563
internal_value=0.00568518 0.276483 -0.0791106 0.0218898 0.142508 0.17101 0.17101 0.0934709 -0.114171 0.184217 -0.122083 0.124786 -0.0994946 -0.107936
internal_weight=8188 1952 6236 1607 833 1144 623 838 4629 570 4557 483 1841 774
internal_count=8188 1952 6236 1607 833 1144 623 838 4629 570 4557 483 1841 774
is_linear=0
shrinkage=0.035


Tree=35
num_leaves=15
num_cat=0
split_feature=4 0 2 2 4 0 1 7 0 1 4 4 4 1
split_gain=143314 19556 22340 20904.9 18344.3 14067.3 11466.8 17162.6 10038.1 10036.5 8884.86 6862.42 4602.16 6598.71
threshold=205.00000000000003 24.315000000000001 1.5870000000000002 2.6345000000000005 75.000000000000014 25.125000000000004 1.3275000000000003 1.0000000180025095e-35 17.050000000000001 0.55800000000000016 725.00000000000011 385.00000000000006 475.00000000000006 0.69300000000000017
decision_type=2 2 2 2 2 2 2 2 2 2 2 2 2 2
left_child=4 2 6 -4 -1 -6 7 -2 10 -3 -5 -8 13 -11
right_child=1 9 3 8 5 -7 11 -9 -10 12 -12 -13 -14 -15
leaf_value=0.43829156401518388 0.36522191004734489 0.10094450927804879 -0.13795057397925964 0.36522191004734489 0.36522191004734489 0.10094450927804879 0.36522191004734489 -0.16238913693867232 -0.17033409042069406 0.10094450927804879 -0.019462911695665257 -0.069185961079191088 -0.13767965297432824 -0.088413011776785358
leaf_weight=652 224 73 865 140 391 669 47 75 65 150 76 175 3149 1461
leaf_count=652 224 73 865 140 391 669 47 75 65 150 76 175 3149 1461
internal_value=0.00533523 -0.0697105 0.0336432 -0.0527619 0.290139 0.223441 0.223441 0.364561 0.209027 -0.105359 0.323453 0.0325845 -0.113061 -0.0648828
internal_weight=8212 6500 1667 1146 1712 1060 521 299 281 4833 216 222 4760 1611
internal_count=8212 6500 1667 1146 1712 1060 521 299 281 4833 216 222 4760 1611
is_linear=0
shrinkage=0.035


Tree=36
num_leaves=15
num_cat=0
split_feature=4 4 1 3 4 3 3 1 1 2 2 3 1 3
split_gain=130758 22510 22979 20153.4 9229.53 9049.35 7780.49 7008.74 8114.49 7091.86 5887.14 4818.97 4663 2420.6
threshold=155.00000000000003 465.00000000000006 1.0930000000000002 0.8025000000000001 55.000000000000007 0.88350000000000006 0.54400000000000015 1.6300000000000001 0.97100000000000009 2.8120000000000007 1.0600000000000003 0.88350000000000006 2.3170000000000006 0.53250000000000008
decision_type=2 2 2 2 2 2 2 2 2 2 2 2 2 2
left_child=4 2 3 8 -1 7 -4 -6 9 -2 11 -8 -12 -3
right_child=1 13 6 -5 5 -7 10 -9 -10 -11 12 -13 -14 -15
leaf_value=0.45061714349985127 0.15262342355996719 -0.025363758789060078 0.20137586862870033 -0.1031054938256816 0.4088380231961467 0.039128315987872253 0.18101373376270449 0.20137586862870033 0.4088380231961467 0.4088380231961467 -0.1031054938256816 -0.1031054938256816 0.039128315987872253 -0.11180884823059861
leaf_weight=489 456 442 142 190 394 186 191 222 117 55 1071 85 189 3944
leaf_count=489 456 442 142 190 394 186 191 222 117 55 1071 85 189 3944
internal_value=0.00528417 -0.0553621 0.02854 0.180523 0.328369 0.276384 -0.0456119 0.317876 0.276384 0.205621 -0.0685628 0.0391283 -0.101783 -0.103105
internal_weight=8173 6882 2496 818 1291 802 1678 616 628 511 1536 276 1260 4386
internal_count=8173 6882 2496 818 1291 802 1678 616 628 511 1536 276 1260 4386
is_linear=0
shrinkage=0.035


Tree=37
num_leaves=15
num_cat=0
split_feature=4 4 1 3 0 2 3 0 1 1 0 2 0 3
split_gain=122760 23227.7 20212.2 15766.2 10718.1 16515 9871.19 7871.08 9751.98 5419.12 5157.48 5786.01 4624.45 5486.74
threshold=135.00000000000003 355.00000000000006 1.1380000000000001 0.71350000000000013 25.125000000000004 1.5870000000000002 0.54400000000000015 25.125000000000004 1.1380000000000001 1.7370000000000003 35.745000000000012 2.4600000000000004 25.210000000000004 0.82150000000000012
decision_type=2 2 2 2 2 2 2 2 2 2 2 2 2 2
left_child=-1 2 3 10 5 -4 -6 8 -3 -7 -2 -12 13 -5
right_child=1 7 4 12 6 9 -8 -9 -10 -11 11 -13 -14 -15
leaf_value=0.34116592321306161 0.34116592321306161 0.0088795963543595053 0.34116592321306161 0.34116592321306161 0.29752238104824569 0.2592611347185938 -0.088206015340924301 -0.12189769382566878 -0.1014827989943147 -0.1014827989943147 0.0088795963543595053 0.34116592321306161 -0.10927480139365053 0.0088795963543595053
leaf_weight=1135 258 698 142 36 82 56 670 3314 1215 213 38 59 156 62
leaf_count=1135 258 698 142 36 82 56 670 3314 1215 213 38 59 156 62
internal_value=0.00368334 -0.0510855 0.0583985 0.221573 -0.0271628 0.11774 -0.088206 -0.088206 -0.0481009 -0.0481009 0.341166 0.0776915 0.0088796 0.196184
internal_weight=8134 6999 1772 609 1163 411 752 5227 1913 269 355 97 254 98
internal_count=8134 6999 1772 609 1163 411 752 5227 1913 269 355 97 254 98
is_linear=0
shrinkage=0.035


Tree=38
num_leaves=15
num_cat=0
split_feature=0 3 6 0 1 3 3 7 0 3 2 0 3 0
split_gain=26150 23203.2 30329.6 16081.4 12493.4 9714.75 6891.59 14746.8 7461.79 8378.3 6886.09 9159.14 4907.67 4892.03
threshold=24.315000000000001 0.67450000000000021 1.0000000180025095e-35 24.225000000000005 0.55800000000000016 0.9880000000000001 0.71350000000000013 1.0000000180025095e-35 34.375000000000007 0.51950000000000018 0.96800000000000008 25.825000000000003 0.65800000000000014 14.330000000000002
decision_type=2 2 2 2 2 2 2 2 2 2 2 2 2 2
left_child=1 2 -1 5 -2 -3 7 8 9 -6 11 -8 -9 -4
right_child=4 3 13 -5 6 -7 10 12 -10 -11 -12 -13 -14 -15
leaf_value=0.0011598342678867852 0.39659872357947074 -0.019218412673895426 0.26579895697751743 0.4761497463976867 0.35503997388356529 0.35106589373930169 0.34470888468250638 0.090399385623040451 -0.10855473462978397 -0.0048334884459322628 -0.094504170031289442 -0.021989390489395688 0.30649936261719601 0.5705966118635053
leaf_weight=259 81 1300 88 94 88 92 95 451 989 723 2805 637 180 273
leaf_count=259 81 1300 88 94 88 92 95 451 989 723 2805 637 180 273
internal_value=0.00448264 0.110672 0.290346 0.0355617 -0.0324999 0.0054876 -0.0383896 0.00697649 -0.04407 0.0346027 -0.0695636 0.0260042 0.152435 0.497241
internal_weight=8155 2106 620 1486 6049 1392 5968 2431 1800 811 3537 732 631 361
internal_count=8155 2106 620 1486 6049 1392 5968 2431 1800 811 3537 732 631 361
is_linear=0
shrinkage=0.035


Tree=39
num_leaves=15
num_cat=0
split_feature=4 4 0 2 2 0 7 0 4 1 3 1 4 4
split_gain=114269 17206.5 15087.4 16647.4 15800.2 9507.67 9348.79 9328.77 7782.01 6643.87 8105 5063.81 3339.04 3091.28
threshold=215.00000000000003 125.00000000000001 24.315000000000001 1.5870000000000002 2.6345000000000005 24.430000000000003 1.0000000180025095e-35 17.050000000000001 685.00000000000011 0.55800000000000016 0.54400000000000015 0.74250000000000005 25.000000000000004 525.00000000000011
decision_type=2 2 2 2 2 2 2 2 2 2 2 2 2 2
left_child=1 12 3 6 -5 -3 -2 8 -6 -4 -7 -12 -1 -11
right_child=2 5 9 4 7 10 -8 -9 -10 13 11 -13 -14 -15
leaf_value=0.47368001391867964 0.27196741616251163 0.3288787077108456 0.04203119709349093 -0.13240863650875029 0.3288787077108456 0.34180933208307823 -0.15473781623308724 -0.16092524627737098 -0.013519994820933792 -0.068850840857224122 0.34180933208307823 -0.050143442698200855 0.34180933208307823 -0.12716672535218526
leaf_weight=241 429 193 72 850 124 64 73 73 83 1838 38 423 814 2843
leaf_count=241 429 193 72 850 124 64 73 73 83 1838 38 423 814 2843
internal_value=0.00339769 0.251897 -0.0656344 0.026169 -0.0554888 0.119489 0.119489 0.119489 0.297261 -0.0971555 0.0420312 0.0420312 0.341809 -0.104289
internal_weight=8158 1773 6385 1632 1130 718 502 280 207 4753 525 461 1055 4681
internal_count=8158 1773 6385 1632 1130 718 502 280 207 4753 525 461 1055 4681
is_linear=0
shrinkage=0.035


Tree=40
num_leaves=15
num_cat=0
split_feature=0 3 6 1 0 3 3 0 1 2 2 0 2 0
split_gain=23624.3 18435.5 28075.4 13061.7 12649.3 8388.92 6653.92 12585.1 9268.07 6099.84 6073.79 6876.26 5509.05 5078.29
threshold=24.315000000000001 0.67450000000000021 1.0000000180025095e-35 0.55800000000000016 24.225000000000005 0.9880000000000001 0.71350000000000013 34.375000000000007 1.7790000000000001 2.161 0.96800000000000008 25.825000000000003 2.9110000000000005 14.330000000000002
decision_type=2 2 2 2 2 2 2 2 2 2 2 2 2 2
left_child=1 2 -1 -2 5 12 7 8 9 -5 11 -8 -3 -4
right_child=3 4 13 6 -6 -7 10 -9 -10 -11 -12 -13 -14 -15
leaf_value=-0.0046130595591707835 0.40004916234191734 -0.034721499391431869 0.24047770707826868 0.10801946944967915 0.43385558327668067 0.32851435499987075 0.30983097799751497 -0.068984931096261748 -0.033436163314967418 0.34104714645334383 -0.090606807186614888 -0.017494891768339363 0.24951234397321115 0.54346126929859617
leaf_weight=273 84 1162 94 520 91 93 89 1249 447 187 2815 621 89 267
leaf_count=273 84 1162 94 520 91 93 89 1249 447 187 2815 621 89 267
internal_value=0.0043486 0.10633 0.263353 -0.0307593 0.0368188 0.00963224 -0.0369306 0.00797949 0.0912689 0.170052 -0.0675399 0.0239117 -0.0143157 0.465455
internal_weight=8081 2069 634 6012 1435 1344 5928 2403 1154 707 3525 710 1251 361
internal_count=8081 2069 634 6012 1435 1344 5928 2403 1154 707 3525 710 1251 361
is_linear=0
shrinkage=0.035


Tree=41
num_leaves=15
num_cat=0
split_feature=4 4 1 0 1 0 2 0 1 2 0 0 0 0
split_gain=108492 17856.3 12828.3 10552.6 10154.6 6235.51 5633.73 15290.1 5312.8 4323.08 4006.73 6000.51 15593.7 7643.23
threshold=235.00000000000003 95.000000000000014 1.8510000000000002 36.630000000000003 1.0930000000000002 17.050000000000001 2.5160000000000005 25.210000000000004 0.69300000000000017 2.4060000000000001 25.125000000000004 15.075000000000001 16.220000000000002 23.675000000000004
decision_type=2 2 2 2 2 2 2 2 2 2 2 2 2 2
left_child=1 -1 3 6 7 -4 -3 11 -9 -7 -8 -2 -13 -14
right_child=4 2 5 -5 -6 9 10 8 -10 -11 -12 12 13 -15
leaf_value=0.35667275594695591 0.27658467090021877 0.35667275594695591 0.35667275594695591 -0.0034297521752970558 -0.097739601448874613 -0.097739601448874613 0.35667275594695591 -0.0034297521752970558 -0.14604803737579866 0.18420653479490709 0.11334856702101188 -0.13315056171572728 0.35667275594695591 0.083981301869906433
leaf_weight=821 206 417 40 195 4172 240 60 480 685 66 118 344 137 140
leaf_count=821 206 417 40 195 4172 240 60 480 685 66 118 344 137 140
internal_value=0.00538945 0.23236 0.142281 0.220038 -0.0666967 -0.0353747 0.293161 -0.00342975 -0.0833366 -0.0894516 0.127101 0.113349 0.058839 0.113349
internal_weight=8121 1957 1136 790 6164 346 595 1992 1165 306 178 827 621 277
internal_count=8121 1957 1136 790 6164 346 595 1992 1165 306 178 827 621 277
is_linear=0
shrinkage=0.035


Tree=42
num_leaves=15
num_cat=0
split_feature=4 4 0 1 2 0 4 1 0 0 0 0 4 1
split_gain=101568 15203.7 19164.3 19582.5 6861.11 14243 6681.18 5900.07 5454.43 3748.05 1570.3 1192.03 1015.38 706.582
threshold=175.00000000000003 485.00000000000006 15.630000000000001 0.69300000000000017 1.2845000000000002 34.275000000000006 35.000000000000007 2.4280000000000004 47.375000000000007 12.605000000000002 17.050000000000001 15.630000000000001 805.00000000000011 0.87000000000000011
decision_type=2 2 2 2 2 2 2 2 2 2 2 2 2 2
left_child=6 2 7 8 5 -5 -1 9 -4 -2 -6 -8 -3 -14
right_child=1 12 3 4 10 -7 11 -9 -10 -11 -12 -13 13 -15
leaf_value=0.42542438100753949 -0.093963981225895318 -0.093963981225895318 0.26700637254765985 0.25894637500992512 0.016523229403958367 -0.091736843348188643 0.42542438100753949 -0.093963981225895318 -0.093963981225895318 0.26700637254765985 -0.093963981225895318 0.26700637254765985 -0.17058069029221171 -0.11058861725991842
leaf_weight=328 31 2599 200 228 162 372 139 30 30 252 1220 1007 298 1347
leaf_count=328 31 2599 200 228 162 372 139 30 30 252 1220 1007 298 1347
internal_value=0.00382809 -0.0535116 0.0144899 -0.0218247 -0.0573898 0.041729 0.267006 0.267006 0.267006 0.267006 -0.093964 0.267006 -0.093964 -0.121555
internal_weight=8243 6769 2525 2212 1982 600 1474 313 230 283 1382 1146 4244 1645
internal_count=8243 6769 2525 2212 1982 600 1474 313 230 283 1382 1146 4244 1645
is_linear=0
shrinkage=0.035


Tree=43
num_leaves=15
num_cat=0
split_feature=4 4 1 0 1 1 3 0 2 1 1 2 4 2
split_gain=92926.1 16489.7 10434.4 9913.3 11216.2 10449.8 6527.93 8551.96 6132.26 4248.43 5482.23 3349.9 3021.15 2563.74
threshold=235.00000000000003 125.00000000000001 1.1380000000000001 23.125000000000004 1.1380000000000001 0.69300000000000017 0.54400000000000015 25.125000000000004 1.6970000000000003 0.55800000000000016 0.62150000000000005 2.9320000000000004 25.000000000000004 1.5870000000000002
decision_type=2 2 2 2 2 2 2 2 2 2 2 2 2 2
left_child=1 12 -3 4 -2 9 -4 8 -8 -5 -11 -9 -1 -6
right_child=3 2 6 5 13 -7 7 11 -10 10 -12 -13 -14 -15
leaf_value=0.43156855927920734 0.11924281727809838 0.26728109951930457 0.30683710283053262 0.26728109951930457 0.051467033889367068 -0.10468172547033905 0.30683710283053262 -0.084766981831482527 -0.020148071846010491 -0.14021020225357556 0.014223066878747935 0.30372776258178058 0.30683710283053262 -0.12111166408100725
leaf_weight=243 689 304 48 70 133 4393 87 304 108 281 206 31 812 499
leaf_count=243 689 304 48 70 133 4393 87 304 108 281 206 31 812 499
internal_value=0.00167654 0.213508 0.101651 -0.0637779 0.0142231 -0.0865754 0.0142231 -0.0227049 0.163106 0.0561555 0.0142231 -0.104682 0.306837 -0.084767
internal_weight=8208 1937 882 6271 1321 4950 578 530 195 557 487 335 1055 632
internal_count=8208 1937 882 6271 1321 4950 578 530 195 557 487 335 1055 632
is_linear=0
shrinkage=0.035


Tree=44
num_leaves=15
num_cat=0
split_feature=4 4 1 3 2 3 2 1 1 3 1 3 1 6
split_gain=88958.7 18238.8 20652.9 20201.5 7270.52 6138.52 7513.07 9267.42 7132.64 5901.01 4038.4 3496.73 2326.87 774.426
threshold=135.00000000000003 525.00000000000011 1.1380000000000001 0.8025000000000001 0.5415000000000002 0.51950000000000018 1.0600000000000003 2.0595000000000003 2.3985000000000003 0.51950000000000018 2.3170000000000006 0.88350000000000006 1.6300000000000001 1.0000000180025095e-35
decision_type=2 2 2 2 2 2 2 2 2 2 2 2 2 2
left_child=11 2 3 4 -2 8 7 -7 -4 -6 -8 12 -1 -3
right_child=1 13 5 -5 9 6 10 -9 -10 -11 -12 -13 -14 -15
leaf_value=0.37526440180886178 -0.092894457210556239 -0.11196541550899534 0.29136073691537445 -0.092894457210556239 -0.092894457210556239 0.19047080143177719 -0.092894457210556239 -0.092894457210556239 -0.092894457210556239 0.27727090629412826 0.046235151211614721 0.19047080143177719 0.29136073691537445 -0.092894457210556239
leaf_weight=557 34 2632 70 285 38 284 1340 112 39 742 255 257 317 1316
leaf_count=557 34 2632 70 285 38 284 1340 112 39 742 255 257 317 1316
internal_value=0.00307979 -0.0425743 0.0195367 0.142398 0.231293 -0.0447971 -0.0588335 0.0774717 0.20978 0.255083 -0.0927032 0.291361 0.32503 -0.0928945
internal_weight=8278 7147 3199 1099 814 2100 1991 396 109 780 1595 1131 874 3948
internal_count=8278 7147 3199 1099 814 2100 1991 396 109 780 1595 1131 874 3948
is_linear=0
shrinkage=0.035


Tree=45
num_leaves=15
num_cat=0
split_feature=0 1 3 0 6 1 3 0 2 1 2 0 1 1
split_gain=19132 18398.3 15220.6 16048.1 15150.4 11754.5 6322.83 11027.6 5210.5 4674.39 5296.72 4492.89 3982.42 6305.9
threshold=25.125000000000004 1.7370000000000003 0.67450000000000021 24.225000000000005 1.0000000180025095e-35 0.55800000000000016 0.71350000000000013 34.375000000000007 1.6970000000000003 1.7790000000000001 2.161 14.330000000000002 2.3170000000000006 2.4890000000000003
decision_type=2 2 2 2 2 2 2 2 2 2 2 2 2 2
left_child=1 2 4 -4 -1 -2 7 9 12 10 -7 -6 -3 -14
right_child=5 8 3 -5 11 6 -8 -9 -10 -11 -12 -13 13 -15
leaf_value=0.087010262537884978 0.35811645301067174 -0.025992180817265034 -0.00011394346316030829 0.36388886398603909 0.21258937371295436 0.080121012320208101 -0.078816904045448694 -0.067423007599463625 -0.087154387091219601 -0.029257967724351429 0.30288498415160203 0.49922244047522552 0.26893185976321704 -0.090763737722540677
leaf_weight=277 89 358 823 180 91 456 2937 1248 723 270 183 279 182 88
leaf_count=277 89 358 823 180 91 456 2937 1248 723 270 183 279 182 88
internal_value=0.00230632 0.0726199 0.151001 0.0655062 0.28323 -0.0384116 -0.0454089 9.45987e-05 -0.023148 0.0927662 0.144294 0.429494 0.0505594 0.151789
internal_weight=8184 3001 1650 1003 647 5183 5094 2157 1351 909 639 370 628 270
internal_count=8184 3001 1650 1003 647 5183 5094 2157 1351 909 639 370 628 270
is_linear=0
shrinkage=0.035


Tree=46
num_leaves=15
num_cat=0
split_feature=0 2 3 1 1 2 0 2 0 3 0 1 2 7
split_gain=17866.6 18381 17399.6 12859.9 9577.18 15000.8 9071.23 7044.36 6767.39 5902.14 9764.34 5197.46 6541.76 4245.48
threshold=25.125000000000004 1.5870000000000002 0.58500000000000008 0.55800000000000016 0.88800000000000012 1.5030000000000003 24.820000000000004 2.7920000000000003 25.065000000000005 0.71350000000000013 34.375000000000007 1.7790000000000001 2.161 1.0000000180025095e-35
decision_type=2 2 2 2 2 2 2 2 2 2 2 2 2 2
left_child=1 4 -3 -2 -1 6 -6 8 -4 10 11 12 -5 -12
right_child=3 2 7 9 5 -7 -8 -9 -10 -11 13 -13 -14 -15
leaf_value=0.42018737368111281 0.37105345871030027 0.48412851432653575 -0.049699622827266698 0.070050728584296826 -0.02565356765538454 0.41403979308068439 0.26826961780557645 0.19288674278119033 0.25723616967085872 -0.074765202568035483 -0.093983086044720082 -0.040375222277389294 0.31411662522843842 0.059729082480338126
leaf_weight=187 93 90 1638 458 444 190 180 186 92 2918 1018 271 190 280
leaf_count=187 93 90 1638 458 444 190 180 186 92 2918 1018 271 190 280
internal_value=0.00444847 0.0724115 0.0112569 -0.034648 0.19483 0.142604 0.0594227 -0.0111953 -0.0332368 -0.0420668 0.000984043 0.0882255 0.14199 -0.060803
internal_weight=8235 3007 2006 5228 1001 814 624 1916 1730 5135 2217 919 648 1298
internal_count=8235 3007 2006 5228 1001 814 624 1916 1730 5135 2217 919 648 1298
is_linear=0
shrinkage=0.035


Tree=47
num_leaves=15
num_cat=0
split_feature=4 4 3 1 6 0 4 0 0 2 4 6 3 3
split_gain=80814.5 14490.1 11382.5 11948.7 11286 5336.91 4553.55 4389.55 7437.7 2205.68 1569.82 1005.38 1909.13 697.84
threshold=235.00000000000003 95.000000000000014 0.88350000000000006 1.8510000000000002 1.0000000180025095e-35 17.050000000000001 675.00000000000011 43.210000000000001 44.675000000000004 2.5160000000000005 25.000000000000004 1.0000000180025095e-35 0.64200000000000013 0.74500000000000011
decision_type=2 2 2 2 2 2 2 2 2 2 2 2 2 2
left_child=1 10 3 7 -5 -4 -2 9 -9 -3 -1 13 -13 -8
right_child=6 2 5 4 -6 -7 11 8 -10 -11 -12 12 -14 -15
leaf_value=0.40433391694944415 -0.056870752953767013 0.31329521835557117 0.31329521835557117 -0.056870752953767013 0.31329521835557117 -0.056870752953767013 -0.14111686907013257 -0.056870752953767013 0.31329521835557117 0.16581514610578846 0.31329521835557117 -0.056870752953767013 -0.1208644916151749 -0.096875128076714306
leaf_weight=243 3572 377 40 166 62 226 839 63 77 129 574 269 621 941
leaf_count=243 3572 377 40 166 62 226 839 63 77 129 574 269 621 941
internal_value=0.00465991 0.200846 0.120052 0.181367 -0.0363525 -0.0568708 -0.0568708 0.258149 0.083931 0.306087 0.313295 -0.102584 -0.0720575 -0.117797
internal_weight=8199 1957 1140 874 228 266 6242 646 140 506 817 2670 890 1780
internal_count=8199 1957 1140 874 228 266 6242 646 140 506 817 2670 890 1780
is_linear=0
shrinkage=0.035


Tree=48
num_leaves=15
num_cat=0
split_feature=4 4 1 3 2 1 3 2 3 1 3 3 1 4
split_gain=73131 15903.1 16587.9 16527.3 6779.03 9309.87 7766.95 6488.26 8829 6024.91 5601.79 4670.84 4224.05 2442.58
threshold=125.00000000000001 495.00000000000006 1.1380000000000001 0.8025000000000001 1.0600000000000003 2.0595000000000003 0.54400000000000015 1.1025000000000003 0.79250000000000009 2.3985000000000003 0.65800000000000014 0.51950000000000018 2.3170000000000006 25.000000000000004
decision_type=2 2 2 2 2 2 2 2 2 2 2 2 2 2
left_child=13 2 3 7 5 10 9 8 -2 -6 -4 -9 -8 -1
right_child=1 -3 4 -5 6 -7 12 11 -10 -11 -12 -13 -14 -15
leaf_value=0.39109595841519973 -0.082240800610100848 -0.082240800610100848 -0.0030062570295789665 -0.082240800610100848 0.27751875164177886 -0.082240800610100848 -0.082240800610100848 -0.082240800610100848 0.27751875164177886 -0.082240800610100848 0.27751875164177886 0.27751875164177886 0.064325848321917137 0.27751875164177886
leaf_weight=237 66 4154 101 267 67 101 1255 34 33 36 167 624 242 792
leaf_count=237 66 4154 101 267 67 101 1255 34 33 36 167 624 242 792
internal_value=0.00179843 -0.0379318 0.0235711 0.137757 -0.0358516 0.0991968 -0.0670407 0.221349 -0.0424317 0.22615 0.213905 0.261043 -0.0822408 0.277519
internal_weight=8176 7147 2993 1024 1969 369 1600 757 99 103 268 658 1497 1029
internal_count=8176 7147 2993 1024 1969 369 1600 757 99 103 268 658 1497 1029
is_linear=0
shrinkage=0.035


Tree=49
num_leaves=15
num_cat=0
split_feature=4 4 1 0 1 1 0 2 0 1 2 2 2 2
split_gain=69222.4 12984.9 12472.2 8017.71 11426.9 8065.71 6520.72 9753.79 5210.33 6054.04 2741.21 1586.95 1165.44 1086.72
threshold=245.00000000000003 75.000000000000014 1.6375000000000002 25.125000000000004 1.2340000000000002 0.55800000000000016 25.290000000000003 1.6970000000000003 25.125000000000004 0.69300000000000017 1.5870000000000002 2.9575000000000005 2.7140000000000004 0.52550000000000019
decision_type=2 2 2 2 2 2 2 2 2 2 2 2 2 2
left_child=1 -1 8 4 -2 -5 7 -4 -3 -10 -6 -8 -9 -7
right_child=3 2 6 5 10 13 11 12 9 -11 -12 -13 -14 -15
leaf_value=0.3087528826454955 0.10351617062669224 0.3087528826454955 0.3087528826454955 0.20125297147787471 0.007472996672806629 -0.23099994809862598 -0.061170918500402703 -0.093603608346912323 0.3087528826454955 0.10351617062669224 -0.095251968155377106 0.26857687319863233 0.1157085998550509 -0.093603608346912323
leaf_weight=650 805 269 122 68 476 70 253 91 108 483 958 30 32 3752
leaf_count=650 805 269 122 68 476 70 253 91 108 483 958 30 32 3752
internal_value=0.00306956 0.179725 0.119122 -0.0556911 -0.0147763 -0.0866204 -0.0147763 0.120563 0.201253 0.201253 -0.0611709 -0.0936036 -0.0611709 -0.0936036
internal_weight=8167 2038 1388 6129 2239 3890 528 245 860 591 1434 283 123 3822
internal_count=8167 2038 1388 6129 2239 3890 528 245 860 591 1434 283 123 3822
is_linear=0
shrinkage=0.035


Tree=50
num_leaves=15
num_cat=0
split_feature=0 1 3 0 5 1 3 1 2 0 2 0 0 1
split_gain=14875.1 15475.3 13023.6 12951.2 12045.2 11212.9 6049.9 5405.78 5195.79 5771.42 4974.5 4805.21 4310.44 3324.77
threshold=25.125000000000004 1.7370000000000003 0.67450000000000021 24.225000000000005 1.0000000180025095e-35 0.69300000000000017 0.54400000000000015 1.0330000000000001 2.0320000000000005 47.375000000000007 1.6970000000000003 34.275000000000006 15.630000000000001 2.3170000000000006
decision_type=2 2 2 2 2 2 2 2 2 2 2 2 2 2
left_child=1 2 4 12 7 8 11 -1 -2 -10 13 -7 -4 -3
right_child=5 10 3 -5 -6 6 -8 -9 9 -11 -12 -13 -14 -15
leaf_value=0.46187246928286202 -0.053847083869328106 -0.018882061912536621 0.091915028685714065 0.32827810203455965 0.025504966647479987 0.28832629671193583 -0.064047603555691432 0.21100253352342832 0.23036081071783099 -0.077524210239661495 -0.083800796029610006 0.011375281906992118 -0.068806812298589759 0.14023345629297568
leaf_weight=267 179 374 365 181 184 96 4105 178 367 93 718 368 462 281
leaf_count=267 179 374 365 181 184 96 4105 178 367 93 718 368 462 281
internal_value=0.00450105 0.0664282 0.139075 0.0609811 0.263926 -0.0312957 -0.0505057 0.362227 0.105921 0.168078 -0.020224 0.0691761 0.00215169 0.0494868
internal_weight=8218 3010 1637 1008 629 5208 4569 445 639 460 1373 464 827 655
internal_count=8218 3010 1637 1008 629 5208 4569 445 639 460 1373 464 827 655
is_linear=0
shrinkage=0.035


Tree=51
num_leaves=15
num_cat=0
split_feature=4 4 3 1 2 7 2 2 4 4 1 1 4 1
split_gain=66065.7 14238.7 14702.6 10459.2 8430.64 6371.84 4465.16 3178.06 2198.23 2001.23 1197.53 2877.33 1088.28 964.995
threshold=125.00000000000001 455.00000000000006 0.54400000000000015 0.69300000000000017 1.7700000000000002 1.0000000180025095e-35 2.0320000000000005 2.9110000000000005 25.000000000000004 255.00000000000003 0.62150000000000005 0.57000000000000006 775.00000000000011 0.87000000000000011
decision_type=2 2 2 2 2 2 2 2 2 2 2 2 2 2
left_child=8 2 6 10 5 -5 9 -6 -1 -2 11 -4 -3 -14
right_child=1 12 3 4 7 -7 -8 -9 -10 -11 -12 -13 13 -15
leaf_value=0.36567670428125482 0.22651559571786359 -0.074464059006391053 0.2599439889873747 0.1246599156405423 -0.074464059006391053 -0.048550835797708719 0.2599439889873747 0.085373762555728872 0.2599439889873747 -0.074464059006391053 0.2599439889873747 -0.043898835614977184 -0.15568738662284434 -0.089481446144351801
leaf_weight=246 32 2583 31 620 1028 447 207 156 813 52 55 56 329 1550
leaf_count=246 32 2583 31 620 1028 447 207 156 813 52 55 56 329 1550
internal_value=0.00209073 -0.0361526 0.0275415 -0.00106793 -0.0195963 0.0521173 0.259944 -0.0744641 0.259944 0.00465746 0.259944 0.12215 -0.0744641 -0.101151
internal_weight=8205 7146 2684 2393 2251 1067 291 1184 1059 84 142 87 4462 1879
internal_count=8205 7146 2684 2393 2251 1067 291 1184 1059 84 142 87 4462 1879
is_linear=0
shrinkage=0.035


Tree=52
num_leaves=15
num_cat=0
split_feature=4 4 0 3 1 2 2 2 1 0 0 4 4 6
split_gain=60340.8 12077.9 17904 18968.9 13365.2 7268.85 7258.5 7128.72 5672.85 3325.59 2856.17 2749.6 2386.98 546.874
threshold=135.00000000000003 545.00000000000011 15.630000000000001 0.54400000000000015 0.69300000000000017 1.1815000000000002 0.5415000000000002 2.0320000000000005 2.4280000000000004 47.375000000000007 12.605000000000002 35.000000000000007 245.00000000000003 1.0000000180025095e-35
decision_type=2 2 2 2 2 2 2 2 2 2 2 2 2 2
left_child=11 2 8 7 6 -6 -5 12 10 -9 -2 -1 -4 -3
right_child=1 13 3 4 5 -7 -8 9 -10 -11 -12 -13 -14 -15
leaf_value=0.34098113484969511 -0.07992407464613252 -0.096431292212480077 0.22667189348285849 -0.07992407464613252 0.048053758588368016 -0.07992407464613252 0.23831077496447162 0.23831077496447162 -0.07992407464613252 -0.07992407464613252 0.23831077496447162 0.23831077496447162 -0.07992407464613252 -0.07992407464613252
leaf_weight=324 33 2482 32 36 547 1804 141 222 40 35 326 810 82 1242
leaf_count=324 33 2482 32 36 547 1804 141 222 40 35 326 810 82 1242
internal_value=0.00153072 -0.0367357 0.0120402 -0.0182404 -0.05256 -0.0746723 0.238311 0.215122 0.231548 0.238311 0.238311 0.238311 -0.0412645 -0.0799241
internal_weight=8156 7022 3298 2899 2528 2351 177 371 399 257 359 1134 114 3724
internal_count=8156 7022 3298 2899 2528 2351 177 371 399 257 359 1134 114 3724
is_linear=0
shrinkage=0.035


Tree=53
num_leaves=15
num_cat=0
split_feature=4 4 0 3 1 0 1 1 3 1 1 2 3 1
split_gain=55580.6 10527.9 11771.1 13232.4 6900.02 6832.9 7637.66 5821.39 10488.4 13437.9 9326 5354.9 4026.93 1756.41
threshold=245.00000000000003 75.000000000000014 25.125000000000004 0.54400000000000015 0.69300000000000017 24.315000000000001 0.55800000000000016 1.7370000000000003 0.67450000000000021 1.3275000000000003 0.70900000000000007 2.9320000000000004 0.9880000000000001 1.0330000000000001
decision_type=2 2 2 2 2 2 2 2 2 2 2 2 2 2
left_child=1 -1 7 -4 -5 8 -7 -3 9 13 -10 -6 -12 -2
right_child=5 2 3 4 11 6 -8 -9 10 -11 12 -13 -14 -15
leaf_value=0.28021998497354544 0.28021998497354544 0.28021998497354544 0.28021998497354544 0.28021998497354544 -0.076681277444101151 0.24100818822855319 -0.076681277444101151 0.094530644785516482 0.28021998497354544 -0.1318100377440021 -0.09707444970445829 0.28021998497354544 0.094530644785516482 0.094530644785516482
leaf_weight=636 276 281 121 61 641 70 4496 231 69 137 968 46 69 67
leaf_count=636 276 281 121 61 641 70 4496 231 69 137 968 46 69 67
internal_value=0.0030621 0.162457 0.108058 0.0295371 -0.0275773 -0.0492149 -0.0709503 0.241008 0.0133644 0.0945306 -0.0505854 -0.0492149 -0.0772563 0.277328
internal_weight=8169 2017 1381 869 748 6152 4566 512 1586 480 1106 687 1037 343
internal_count=8169 2017 1381 869 748 6152 4566 512 1586 480 1106 687 1037 343
is_linear=0
shrinkage=0.035


Tree=54
num_leaves=15
num_cat=0
split_feature=4 1 4 3 2 4 6 3 2 1 1 1 1 2
split_gain=53162.2 10578.8 9116.65 7917.08 12129.2 8283.61 4913.33 6249.55 3992.7 3853.11 4722.02 2219.5 2067.93 1976.24
threshold=245.00000000000003 1.8510000000000002 65.000000000000014 0.71350000000000013 0.96800000000000008 75.000000000000014 1.0000000180025095e-35 0.89650000000000019 0.98750000000000016 0.84650000000000014 0.69300000000000017 0.87000000000000011 1.7370000000000003 2.4060000000000001
decision_type=2 2 2 2 2 2 2 2 2 2 2 2 2 2
left_child=1 3 -3 8 -5 -6 13 -8 -1 -7 -2 -12 -13 -4
right_child=10 2 6 4 5 9 7 -9 -10 -11 11 12 -14 -15
leaf_value=0.048852301285720219 0.048504011507967827 0.25226676537872061 -0.084886070654414725 0.40230095840277885 0.2472587112847334 0.20334386849215891 0.25226676537872061 -0.049971043379050846 0.32945386100946422 -0.049971043379050846 -0.12653382017794432 -0.049971043379050846 -0.084886070654414725 0.13007994781617935
leaf_weight=70 543 170 266 160 194 75 81 30 580 329 546 2953 2101 64
leaf_count=70 543 170 266 160 194 75 81 30 580 329 546 2953 2101 64
internal_value=0.00124047 0.157005 0.0353063 0.209752 0.132616 0.059906 -0.0487069 0.181905 0.299359 -0.0304444 -0.049971 -0.0595269 -0.052264 -0.049971
internal_weight=8162 2019 611 1408 758 598 441 111 650 404 6143 5600 5054 330
internal_count=8162 2019 611 1408 758 598 441 111 650 404 6143 5600 5054 330
is_linear=0
shrinkage=0.035


Tree=55
num_leaves=15
num_cat=0
split_feature=0 3 6 1 1 1 3 3 2 0 0 0 2 3
split_gain=14121.9 14106.8 14483.5 13186.9 5711.7 5895.69 4906.19 3880.79 3994.94 3709.12 4839.63 3311.27 2405.58 2272.35
threshold=23.125000000000004 0.70350000000000013 1.0000000180025095e-35 0.69300000000000017 0.62150000000000005 0.55800000000000016 0.9880000000000001 0.54400000000000015 1.1815000000000002 25.825000000000003 24.820000000000004 14.330000000000002 2.161 0.69150000000000011
decision_type=2 2 2 2 2 2 2 2 2 2 2 2 2 2
left_child=1 2 -1 4 5 -2 -3 12 9 10 -9 -4 -5 -6
right_child=3 6 11 7 13 -7 -8 8 -10 -11 -12 -13 -14 -15
leaf_value=-0.024171268576183413 0.29116283573819107 0.003217291288394097 0.17950945512934569 -0.020910846312840778 0.1043265129214839 -0.022112113185374663 0.2683032842970664 -0.086559291956217407 -0.064344234532640807 -0.024208712051012913 0.22500008717733005 0.42348866904675964 0.12650706422940067 0.3174081939327652
leaf_weight=173 92 1065 93 275 94 352 92 91 3897 995 182 279 266 183
leaf_count=173 92 1065 93 275 94 352 92 91 3897 995 182 279 266 183
internal_value=0.00412162 0.0937347 0.240375 -0.0196204 0.121314 0.0433052 0.0245109 -0.037447 -0.0467898 0.00716799 0.121204 0.363143 0.0516683 0.245741
internal_weight=8129 1702 545 6427 721 444 1157 5706 5165 1268 273 372 541 277
internal_count=8129 1702 545 6427 721 444 1157 5706 5165 1268 273 372 541 277
is_linear=0
shrinkage=0.035


Tree=56
num_leaves=15
num_cat=0
split_feature=4 4 1 3 2 0 2 0 2 4 4 1 0 1
split_gain=49120.7 11453.8 11911.7 14047.5 12565.2 6950.26 5697.13 2480.39 4276.11 1879.62 1845.21 897.614 975.67 680.954
threshold=125.00000000000001 335.00000000000006 1.7370000000000003 0.71350000000000013 0.96800000000000008 15.800000000000002 0.98750000000000016 15.920000000000003 1.5870000000000002 725.00000000000011 25.000000000000004 0.87000000000000011 15.630000000000001 0.97700000000000009
decision_type=2 2 2 2 2 2 2 2 2 2 2 2 2 2
left_child=10 2 3 6 -5 -6 -2 8 -4 -3 -1 12 -11 -13
right_child=1 9 7 4 5 -7 -8 -9 -10 11 -12 13 -14 -15
leaf_value=0.32285430072565546 -0.055476040337052529 -0.055476040337052529 0.22551191495137193 0.22551191495137193 0.22551191495137193 -0.055476040337052529 0.22551191495137193 -0.055476040337052529 -0.055476040337052529 -0.27942336238131804 0.22551191495137193 -0.055476040337052529 -0.11396468890997419 -0.088463602782034245
leaf_weight=243 57 3126 38 131 76 405 433 504 39 50 811 278 339 1583
leaf_count=243 57 3126 38 131 76 405 433 504 39 50 811 278 339 1583
internal_value=0.0027547 -0.0305328 0.0491278 0.117549 0.00386038 -0.055476 0.225512 -0.055476 0.153596 -0.055476 0.225512 -0.0874815 -0.135898 -0.0772925
internal_weight=8113 7059 1683 1102 612 481 490 581 77 5376 1054 2250 389 1861
internal_count=8113 7059 1683 1102 612 481 490 581 77 5376 1054 2250 389 1861
is_linear=0
shrinkage=0.035


Tree=57
num_leaves=15
num_cat=0
split_feature=4 3 1 4 0 2 0 0 2 3 0 0 4 0
split_gain=44668.8 9200.32 7441.37 6454.17 5676.09 7082.96 4196.1 4604.17 3083.41 2996.09 3602.1 3907.82 2688.05 2077.85
threshold=245.00000000000003 0.88350000000000006 1.6375000000000002 65.000000000000014 34.50500000000001 1.6970000000000003 17.050000000000001 14.590000000000002 2.8010000000000006 0.56350000000000011 25.125000000000004 33.665000000000006 665.00000000000011 15.630000000000001
decision_type=2 2 2 2 2 2 2 2 2 2 2 2 2 2
left_child=1 2 9 -3 5 -4 -5 -2 -7 -1 -11 -12 13 -9
right_child=7 3 4 6 -6 8 -8 12 -10 10 11 -13 -14 -15
leaf_value=0.35458224709743058 0.054574814950901891 0.22510922078106757 0.38321137878532002 0.22510922078106757 -0.042516782179142003 0.054574814950901891 -0.042516782179142003 0.054574814950901891 0.34440088677671227 0.30297025491411733 0.054574814950901891 0.21062446642777727 -0.080886797787150091 -0.042516782179142003
leaf_weight=231 490 128 114 48 133 224 288 151 44 313 106 376 2543 2971
leaf_count=231 490 128 114 48 133 224 288 151 44 313 106 376 2543 2971
internal_value=0.00422346 0.147658 0.188776 0.010987 0.080001 0.153399 -0.0425168 -0.0425168 0.0545748 0.243242 0.210484 0.149918 -0.0514346 -0.0425168
internal_weight=8160 2005 1541 464 515 382 336 6155 268 1026 795 482 5665 3122
internal_count=8160 2005 1541 464 515 382 336 6155 268 1026 795 482 5665 3122
is_linear=0
shrinkage=0.035


Tree=58
num_leaves=15
num_cat=0
split_feature=4 4 0 1 3 2 2 2 1 0 4 0 0 6
split_gain=41890.4 9605.79 15202.6 17121.9 11858.8 6444.78 5829.21 5357.71 4750.4 1886.4 1857.88 1716 537.304 477.23
threshold=125.00000000000001 555.00000000000011 15.630000000000001 0.69300000000000017 0.54400000000000015 1.1815000000000002 2.161 0.5415000000000002 2.4280000000000004 47.375000000000007 25.000000000000004 12.605000000000002 23.675000000000004 1.0000000180025095e-35
decision_type=2 2 2 2 2 2 2 2 2 2 2 2 2 2
left_child=10 2 8 7 6 -6 -5 -4 11 -9 -1 -2 -12 -3
right_child=1 13 3 4 5 -7 -8 9 -10 -11 12 -13 -14 -15
leaf_value=0.30287902150440216 -0.068469726073659143 -0.083969206253920556 -0.068469726073659143 -0.046372202527652617 0.048348529397474672 -0.068469726073659143 0.20656083674356343 0.20656083674356343 -0.068469726073659143 -0.068469726073659143 0.29604723092947116 0.20656083674356343 0.20656083674356343 -0.068469726073659143
leaf_weight=249 35 2453 36 114 579 1890 149 236 41 36 177 334 637 1200
leaf_count=249 35 2453 36 114 579 1890 149 236 41 36 177 334 637 1200
internal_value=0.00175232 -0.0289228 0.0129582 -0.0140594 -0.0421336 -0.0659512 0.180858 0.206561 0.206561 0.206561 0.206561 0.206561 0.206561 -0.0684697
internal_weight=8166 7103 3450 3040 2732 2469 263 308 410 272 1063 369 814 3653
internal_count=8166 7103 3450 3040 2732 2469 263 308 410 272 1063 369 814 3653
is_linear=0
shrinkage=0.035


Tree=59
num_leaves=15
num_cat=0
split_feature=4 4 3 0 1 4 1 6 0 0 0 1 1 0
split_gain=39069.8 6859.96 7825 7689.85 7174.09 2885.88 2370.3 3411.96 1766.73 1330.06 1980.9 858.377 1077.74 1012.65
threshold=225.00000000000003 75.000000000000014 0.71350000000000013 25.125000000000004 2.2150000000000003 695.00000000000011 1.8395000000000004 1.0000000180025095e-35 45.070000000000007 35.975000000000001 44.675000000000004 0.87000000000000011 0.97700000000000009 15.630000000000001
decision_type=2 2 2 2 2 2 2 2 2 2 2 2 2 2
left_child=1 -1 4 6 9 -2 -4 -8 -5 -3 -11 13 -13 -7
right_child=5 2 3 8 -6 11 7 -9 -10 10 -12 12 -14 -15
leaf_value=0.23437082908510015 -0.039042769214727498 0.23437082908510015 0.23437082908510015 -0.039042769214727498 -0.039042769214727498 -0.26190408937714316 -0.03695700254799035 0.23437082908510015 0.15359704110730593 -0.017340929022431378 0.23437082908510015 -0.039042769214727498 -0.079866835831970379 -0.10056892387409296
leaf_weight=649 3847 315 121 369 80 54 117 56 72 69 40 305 1762 391
leaf_count=649 3847 315 121 369 80 54 117 56 72 69 40 305 1762 391
internal_value=0.00246951 0.142235 0.0938221 0.0209105 0.199896 -0.0390428 0.163209 0.0743914 -0.0390428 0.234371 0.101077 -0.0765585 -0.067002 -0.120694
internal_weight=8247 1888 1239 735 504 6359 294 173 441 424 109 2512 2067 445
internal_count=8247 1888 1239 735 504 6359 294 173 441 424 109 2512 2067 445
is_linear=0
shrinkage=0.035


Tree=60
num_leaves=15
num_cat=0
split_feature=4 0 4 1 1 1 1 1 4 1 1 1 4 1
split_gain=36773.4 9217.78 13260.2 14389.5 7203.52 6795.65 7326.9 3511.63 1703.17 9045.74 3647.99 1640.52 5443.42 4430.09
threshold=135.00000000000003 25.125000000000004 505.00000000000006 1.7370000000000003 0.55800000000000016 2.3170000000000006 2.4280000000000004 1.0330000000000001 25.000000000000004 0.97100000000000009 0.70900000000000007 0.69300000000000017 325.00000000000006 0.67000000000000015
decision_type=2 2 2 2 2 2 2 2 2 2 2 2 2 2
left_child=8 2 3 -2 -3 -5 -7 9 -1 10 -4 12 -6 -14
right_child=1 4 7 5 11 6 -8 -9 -10 -11 -12 -13 13 -15
leaf_value=0.28482948719753942 0.19037628377779386 0.19037628377779386 0.19037628377779386 -0.040460137369478719 0.19037628377779386 0.19037628377779386 -0.040460137369478719 -0.078307381757022634 0.19037628377779386 0.19037628377779386 -0.086936466072704291 -0.068596462279361586 -0.11790207555370044 0.19037628377779386
leaf_weight=237 604 76 47 365 94 74 70 995 895 91 356 3912 297 62
leaf_count=237 604 76 47 365 94 74 70 995 895 91 356 3912 297 62
internal_value=0.00530824 -0.0244597 0.0278436 0.119178 -0.0551043 -0.023412 0.190376 -0.0404601 0.190376 0.0357713 -0.0479577 -0.0612967 0.00175117 -0.0615983
internal_weight=8175 7043 2602 1113 4441 509 144 1489 1132 494 403 4365 453 359
internal_count=8175 7043 2602 1113 4441 509 144 1489 1132 494 403 4365 453 359
is_linear=0
shrinkage=0.035


Tree=61
num_leaves=15
num_cat=0
split_feature=4 1 3 4 1 0 0 0 4 1 1 5 3 3
split_gain=32314.8 7522.04 6141.05 6086.23 4304.07 3498.94 3033.78 5191.61 2726.15 2121.31 3734.12 1787.89 1243.95 1190.02
threshold=225.00000000000003 1.8510000000000002 0.88700000000000012 65.000000000000014 1.0930000000000002 17.050000000000001 43.210000000000001 44.675000000000004 55.000000000000007 0.97100000000000009 0.69300000000000017 1.0000000180025095e-35 0.58100000000000007 0.83900000000000008
decision_type=2 2 2 2 2 2 2 2 2 2 2 2 2 2
left_child=1 2 6 -3 9 -5 11 -8 -4 10 -2 12 -1 -9
right_child=4 3 8 5 -6 -7 7 13 -10 -11 -12 -13 -14 -15
leaf_value=0.31694895520782473 0.0073374267320081938 0.19915023918110031 0.23049984458461403 0.19915023918110031 -0.054450440490222539 -0.054450440490222539 0.0073374267320081938 0.18506330513885652 0.0073374267320081938 0.0073374267320081938 -0.070333738565589068 0.34132632125571449 0.19202729982725422 0.41545477976909906
leaf_weight=124 566 170 67 38 4286 351 106 86 184 283 1188 186 517 42
leaf_count=124 566 170 67 38 4286 351 106 86 184 283 1188 186 517 42
internal_value=0.00326502 0.131 0.17678 0.0234263 -0.0345467 -0.0345467 0.21358 0.1017 0.0209859 0.00733743 -0.0311425 0.245073 0.216652 0.263309
internal_weight=8194 1871 1312 559 6323 389 1061 234 251 2037 1754 827 641 128
internal_count=8194 1871 1312 559 6323 389 1061 234 251 2037 1754 827 641 128
is_linear=0
shrinkage=0.035


Tree=62
num_leaves=15
num_cat=0
split_feature=4 0 3 4 1 0 2 2 2 1 2 6 4 1
split_gain=30891 7312.14 8211.17 7395.42 5505.46 5444.96 5730.95 4436 3831.08 3560.83 4657.38 2243.64 1999.24 1641.22
threshold=245.00000000000003 25.125000000000004 0.71350000000000013 55.000000000000007 2.2150000000000003 23.125000000000004 0.96800000000000008 0.98750000000000016 0.70650000000000013 1.7370000000000003 1.6970000000000003 1.0000000180025095e-35 65.000000000000014 1.2690000000000003
decision_type=2 2 2 2 2 2 2 2 2 2 2 2 2 2
left_child=1 9 4 -4 7 -2 8 -3 -5 13 11 -11 -6 -1
right_child=5 2 3 6 12 -7 -8 -9 -10 10 -12 -13 -14 -15
leaf_value=0.23980290932184495 0.028377085022515861 -0.052520343633431485 0.20313583760554271 -0.052520343633431485 0.19938716613864754 -0.052520343633431485 -0.052520343633431485 0.27128529717300781 0.20313583760554271 0.14887589740523927 0.028377085022515861 0.41917087789080043 -0.052520343633431485 0.40981803145307183
leaf_weight=312 1291 45 168 34 40 4830 426 385 85 90 177 66 100 93
leaf_count=312 1291 45 168 34 40 4830 426 385 85 90 177 66 100 93
internal_value=0.00371941 0.122329 0.0717431 -0.00745093 0.170648 -0.0354559 -0.0354559 0.23259 0.193169 0.210054 0.124686 0.265184 -0.0198914 0.279761
internal_weight=8142 2021 1283 713 570 6121 545 430 119 738 333 156 140 405
internal_count=8142 2021 1283 713 570 6121 545 430 119 738 333 156 140 405
is_linear=0
shrinkage=0.035


Tree=63
num_leaves=15
num_cat=0
split_feature=4 3 1 0 0 2 2 4 3 0 0 4 3 4
split_gain=29144.3 7543.66 6156.07 5036.64 4830.59 6081.67 4500.37 4053.72 2987.03 3421.9 4594.12 2388.1 1928.92 1849.15
threshold=255.00000000000003 0.88350000000000006 1.6375000000000002 17.050000000000001 33.185000000000009 1.6970000000000003 2.7350000000000008 45.000000000000007 0.56350000000000011 25.125000000000004 33.665000000000006 735.00000000000011 0.76400000000000012 45.000000000000007
decision_type=2 2 2 2 2 2 2 2 2 2 2 2 2 2
left_child=1 2 8 -3 5 12 -7 -5 -1 -10 -11 -2 -4 -6
right_child=11 3 4 7 13 6 -8 -9 9 10 -12 -13 -14 -15
leaf_value=0.31096050733529917 -0.034641357832285009 0.26663679976332683 0.16332677677211663 0.21591385178323147 0.22071031003754313 -0.034641357832285009 0.32732790153256308 -0.034641357832285009 0.25737729056161623 -0.034641357832285009 0.17091153918029456 -0.071417298630389509 0.45679069134261879 -0.034641357832285009
leaf_weight=235 3877 72 47 80 40 156 47 337 332 119 404 2163 71 173
leaf_count=235 3877 72 47 80 40 156 47 337 332 119 404 2163 71 173
internal_value=0.00449991 0.116349 0.152618 -0.00416429 0.0551187 0.143594 0.0269857 -0.0346414 0.200288 0.16954 0.113392 -0.0346414 0.342272 -0.0346414
internal_weight=8153 2113 1624 489 534 321 203 417 1090 855 523 6040 118 213
internal_count=8153 2113 1624 489 534 321 203 417 1090 855 523 6040 118 213
is_linear=0
shrinkage=0.035


Tree=64
num_leaves=15
num_cat=0
split_feature=4 0 1 4 4 0 2 1 1 1 1 0 2 2
split_gain=27660.1 8610.71 9521.96 9337.22 8768.22 4871.73 4345.59 2605.86 2540.5 4327.02 1993.82 3438.16 1771.7 1609.68
threshold=135.00000000000003 23.125000000000004 0.69300000000000017 595.00000000000011 615.00000000000011 16.220000000000002 0.5415000000000002 0.96000000000000008 1.2340000000000002 1.2340000000000002 1.6375000000000002 47.375000000000007 1.5870000000000002 1.5695000000000003
decision_type=2 2 2 2 2 2 2 2 2 2 2 2 2 2
left_child=10 3 4 9 6 12 -3 -4 -7 -2 -1 -8 13 -5
right_child=1 2 7 5 -6 8 11 -9 -10 -11 -12 -13 -14 -15
leaf_value=0.19964100560612696 0.16374536645824014 -0.066619126555224645 -0.12995315132882351 -0.09867672602627256 -0.066619126555224645 0.13470176569564268 0.19964100560612696 -0.048816889830327712 -0.072400547185989275 0.037727748066324882 0.1040617981736939 -0.066619126555224645 -0.12466224405491381 0.037727748066324882
leaf_weight=716 422 41 545 108 270 76 266 4376 72 377 433 44 411 35
leaf_count=716 422 41 545 108 270 76 266 4376 72 377 433 44 411 35
internal_value=0.00459523 -0.0213879 -0.0415278 0.0529497 0.0875194 -0.0401554 0.163745 -0.0578277 0.134702 0.134702 0.163745 0.163745 -0.0878175 0.0181971
internal_weight=8192 7043 5542 1501 621 702 351 4921 148 799 1149 310 554 143
internal_count=8192 7043 5542 1501 621 702 351 4921 148 799 1149 310 554 143
is_linear=0
shrinkage=0.035


Tree=65
num_leaves=15
num_cat=0
split_feature=4 0 4 1 1 0 3 3 3 0 4 7 3 4
split_gain=25297.7 8255.34 11293.1 13276.1 6273.13 5138.99 2833.28 2633.59 1786.74 7566.51 11472.1 2086.87 1674.2 1377.49
threshold=125.00000000000001 25.125000000000004 555.00000000000011 1.7370000000000003 0.55800000000000016 25.065000000000005 0.8600000000000001 0.9880000000000001 0.71350000000000013 34.275000000000006 545.00000000000011 1.0000000180025095e-35 0.8025000000000001 25.000000000000004
decision_type=2 2 2 2 2 2 2 2 2 2 2 2 2 2
left_child=13 2 3 6 -3 7 -2 -5 9 10 -6 -11 -10 -1
right_child=1 4 -4 5 8 -7 -8 -9 12 11 -12 -13 -14 -15
leaf_value=0.24633608996437259 0.16335257992120189 0.16335257992120189 -0.041103770084874175 -0.041103770084874175 0.16335257992120189 0.16335257992120189 -0.041103770084874175 0.16335257992120189 -0.11484390954929952 -0.10509872463787445 -0.079562846270031656 0.010423795750395707 -0.053845840459348614 0.16335257992120189
leaf_weight=248 589 81 1336 455 352 39 113 79 806 960 363 239 1753 814
leaf_count=248 589 81 1336 455 352 39 113 79 806 960 363 239 1753 814
internal_value=0.00401946 -0.0196162 0.0299919 0.104464 -0.0480594 -0.0266147 0.163353 -0.0411038 -0.0539673 -0.0283662 0.0616946 -0.0820803 -0.0730962 0.163353
internal_weight=8227 7165 2611 1275 4554 573 702 534 4473 1914 715 1199 2559 1062
internal_count=8227 7165 2611 1275 4554 573 702 534 4473 1914 715 1199 2559 1062
is_linear=0
shrinkage=0.035


Tree=66
num_leaves=15
num_cat=0
split_feature=4 0 2 1 2 4 2 0 7 4 1 1 0 4
split_gain=23594.8 8046.85 8435.9 8149.49 7976.21 7853.22 5094.21 4128.42 4114.64 3811.58 2659.52 2583.79 2083.76 1677.67
threshold=125.00000000000001 23.125000000000004 1.5870000000000002 0.69300000000000017 2.6345000000000005 675.00000000000011 0.5415000000000002 17.050000000000001 1.0000000180025095e-35 295.00000000000006 0.96000000000000008 1.7370000000000003 47.375000000000007 795.00000000000011
decision_type=2 2 2 2 2 2 2 2 2 2 2 2 2 2
left_child=-1 2 8 5 9 6 -3 13 -2 11 -5 -4 -8 -6
right_child=1 3 4 10 7 -7 12 -9 -10 -11 -12 -13 -14 -15
leaf_value=0.15830795801504238 0.15830795801504238 -0.078930399530436388 0.15830795801504238 -0.12539418966391833 0.15830795801504238 -0.078930399530436388 0.15830795801504238 -0.091024477555984404 -0.10972682553800669 -0.096099529922855989 -0.044663017305897827 -0.096099529922855989 -0.078930399530436388 -0.099134810906536183
leaf_weight=1046 327 48 106 563 175 241 297 81 76 632 4432 38 49 52
leaf_count=1046 327 48 106 563 175 241 297 81 76 632 4432 38 49 52
internal_value=0.00317531 -0.0196436 0.0527474 -0.0387699 0.000732963 0.0792455 0.158308 0.151146 0.158308 -0.0590825 -0.0537861 0.102912 0.158308 0.158308
internal_weight=8163 7117 1487 5630 1084 635 394 308 403 776 4995 144 346 227
internal_count=8163 7117 1487 5630 1084 635 394 308 403 776 4995 144 346 227
is_linear=0
shrinkage=0.035


Tree=67
num_leaves=15
num_cat=0
split_feature=4 1 3 4 3 0 3 0 4 4 0 1 0 0
split_gain=21141 9781.31 10376.5 6141.93 3438.97 4865.09 4066.39 2578.9 2363.17 1490.74 1072.53 887.002 855.781 618.381
threshold=315.00000000000006 1.6375000000000002 0.87000000000000011 65.000000000000014 0.56350000000000011 15.800000000000002 0.59950000000000003 15.920000000000003 65.000000000000014 765.00000000000011 47.375000000000007 0.79600000000000015 15.630000000000001 34.940000000000005
decision_type=2 2 2 2 2 2 2 2 2 2 2 2 2 2
left_child=1 2 4 13 10 -6 -7 -5 -4 -2 -1 12 -11 -3
right_child=9 3 8 7 5 6 -8 -9 -10 11 -12 -13 -14 -15
leaf_value=0.31246073262833091 -0.033664764868969972 0.20490473643893548 0.16745095808845428 0.1567083801432298 0.30469879666925637 -0.033664764868969972 0.15075342325649799 -0.033664764868969972 -0.033664764868969972 -0.26461403991959315 0.087807015982366385 -0.054641891774833737 -0.095143006967141869 0.067417897398534585
leaf_weight=260 3658 153 71 90 205 146 666 673 243 43 30 1666 233 56
leaf_count=260 3658 153 71 90 205 146 666 673 243 43 30 1666 233 56
internal_value=0.00459239 0.0871967 0.139809 -0.000596767 0.183214 0.152619 0.113895 -0.0336648 -0.0336648 -0.0336648 0.289608 -0.0643325 -0.122412 0.168571
internal_weight=8193 2593 1621 972 1307 1017 812 763 314 5600 290 1942 276 209
internal_count=8193 2593 1621 972 1307 1017 812 763 314 5600 290 1942 276 209
is_linear=0
shrinkage=0.035


Tree=68
num_leaves=15
num_cat=0
split_feature=0 2 3 1 2 1 0 2 0 3 0 1 2 3
split_gain=8876.41 10555.3 11256.7 6632.84 8020.64 5982.52 5566.27 4518.04 5091.59 2957.09 6687.83 2950.01 3810.43 2285.94
threshold=25.125000000000004 1.5870000000000002 0.58500000000000008 0.88800000000000012 1.5030000000000003 0.55800000000000016 24.820000000000004 2.7920000000000003 25.065000000000005 0.71350000000000013 34.275000000000006 1.7790000000000001 2.161 0.75050000000000006
decision_type=2 2 2 2 2 2 2 2 2 2 2 2 2 2
left_child=1 3 -3 -1 6 -2 -5 8 -4 10 11 12 -7 -11
right_child=5 2 7 4 -6 9 -8 -9 -10 13 -12 -13 -14 -15
leaf_value=0.33603794487859645 0.25425448878433399 0.37584701108430568 -0.045977070346337218 -0.023709489191050113 0.30908384248218634 0.061436299095486174 0.20518407108744638 0.14940633237426001 0.22880688779407196 -0.12469639300155398 -0.047225845392249367 -0.015544317087810823 0.25746237020340212 -0.040161667864025793
leaf_weight=179 91 94 1639 450 176 381 182 185 86 467 1389 276 178 2424
leaf_count=179 91 94 1639 450 176 381 182 185 86 467 1389 276 178 2424
internal_value=0.00211014 0.0501519 0.00399032 0.143777 0.10082 -0.0254953 0.0424233 -0.0144967 -0.0321521 -0.0305213 -0.000176863 0.0780486 0.124207 -0.0538561
internal_weight=8197 2991 2004 987 808 5206 632 1910 1725 5115 2224 835 559 2891
internal_count=8197 2991 2004 987 808 5206 632 1910 1725 5115 2224 835 559 2891
is_linear=0
shrinkage=0.035


Tree=69
num_leaves=15
num_cat=0
split_feature=4 3 0 2 4 0 2 1 0 4 1 1 1 1
split_gain=20983.1 7081.93 7380.75 9842.18 7525.02 6937.97 7127.69 5583.2 2672.41 2382.98 2152.82 1525.48 1240.52 1886.3
threshold=275.00000000000006 0.66600000000000015 15.800000000000002 0.96800000000000008 65.000000000000014 34.375000000000007 2.4600000000000004 2.0595000000000003 14.590000000000002 75.000000000000014 1.4610000000000001 0.74250000000000005 1.7370000000000003 2.1360000000000006
decision_type=2 2 2 2 2 2 2 2 2 2 2 2 2 2
left_child=1 5 -3 7 -5 12 9 10 -2 -7 -4 -6 -1 -14
right_child=8 2 3 4 11 6 -8 -9 -10 -11 -12 -13 13 -15
leaf_value=0.30267377261119105 0.050711775671488692 0.23208907252197292 0.20524018727611473 0.16144619212640948 0.16144619212640948 0.1783402979211374 0.26673632767254662 -0.030221238274720091 -0.037058144233078343 -0.037058144233078343 0.45862074668799779 -0.037058144233078343 0.058000044375756073 0.33332194561224721
leaf_weight=334 460 226 92 250 36 65 131 51 5452 156 78 722 75 51
leaf_count=334 460 226 92 250 36 65 131 51 5452 156 78 722 75 51
internal_value=0.0044941 0.0950007 0.0487279 0.0148471 -0.0302212 0.177752 0.0605392 0.22584 -0.0302212 -0.0302212 0.32351 -0.0302212 0.267115 0.171201
internal_weight=8179 2267 1455 1229 1008 812 352 221 5912 221 170 758 460 126
internal_count=8179 2267 1455 1229 1008 812 352 221 5912 221 170 758 460 126
is_linear=0
shrinkage=0.035


Tree=70
num_leaves=15
num_cat=0
split_feature=4 0 3 1 4 4 0 0 6 1 0 4 3 0
split_gain=18151.1 6335.06 11219.1 6508.89 6716.07 4753.41 4398.66 3501.8 3310.65 2017.66 1662.58 1640.83 1439.93 2796.1
threshold=145.00000000000003 23.125000000000004 0.70350000000000013 0.69300000000000017 625.00000000000011 495.00000000000006 15.630000000000001 13.570000000000002 1.0000000180025095e-35 0.96000000000000008 47.375000000000007 25.000000000000004 0.51950000000000018 34.375000000000007
decision_type=2 2 2 2 2 2 2 2 2 2 2 2 2 2
left_child=11 2 8 4 10 6 7 -4 -2 -5 -3 -1 13 -11
right_child=1 3 5 9 -6 -7 -8 -9 -10 12 -12 -13 -14 -15
leaf_value=0.21898543311728808 -0.068422782055599374 0.12784490591157152 -0.089056159079998393 -0.11370350368393707 -0.067187187959489081 -0.089056159079998393 -0.086249196907235814 0.12784490591157152 0.12784490591157152 0.12784490591157152 -0.067187187959489081 0.12784490591157152 -0.046442664795509167 -0.051488530182326221
leaf_weight=243 162 298 61 534 265 596 151 195 315 75 41 971 4108 159
leaf_count=243 162 298 61 534 265 596 151 195 315 75 41 971 4108 159
internal_value=0.00302149 -0.0187659 0.0454664 -0.0361187 0.0721762 -0.0261512 0.0659535 0.127845 0.127845 -0.0495458 0.127845 0.127845 -0.0416306 0.0426778
internal_weight=8174 6960 1480 5480 604 1003 407 256 477 4876 339 1214 4342 234
internal_count=8174 6960 1480 5480 604 1003 407 256 477 4876 339 1214 4342 234
is_linear=0
shrinkage=0.035


Tree=71
num_leaves=15
num_cat=0
split_feature=4 0 4 1 1 1 1 3 3 0 4 1 3 0
split_gain=17526.9 6402.36 10309.4 10166.7 5926.02 5412.35 5250.68 2299.15 1721.36 6350.22 10028.8 1890.11 1623.8 1060.11
threshold=115.00000000000001 25.125000000000004 575.00000000000011 1.7370000000000003 2.3170000000000006 0.55800000000000016 2.4280000000000004 0.8600000000000001 0.71350000000000013 34.275000000000006 565.00000000000011 0.97700000000000009 0.75050000000000006 35.810000000000009
decision_type=2 2 2 2 2 2 2 2 2 2 2 2 2 2
left_child=-1 2 3 7 -5 -3 -6 -2 9 10 -7 -11 -10 -14
right_child=1 5 -4 4 6 8 -8 -9 12 11 -12 -13 13 -15
leaf_value=0.14286109380930009 0.14286109380930009 0.14286109380930009 -0.042607276955781676 -0.042607276955781676 0.14286109380930009 0.14286109380930009 -0.042607276955781676 -0.042387780196208043 -0.12874495436093733 -0.15771237221028087 -0.076384903181852745 -0.048161801068471427 -0.080064712596180684 -0.030612410240748775
leaf_weight=976 609 84 1285 450 85 372 80 127 406 241 358 961 951 1206
leaf_count=976 609 84 1285 450 85 372 80 127 406 241 358 961 951 1206
internal_value=0.0037381 -0.0150985 0.0283486 0.0958209 -0.0155901 -0.0401109 0.142861 0.142861 -0.045775 -0.0208117 0.0605595 -0.0702409 -0.0645762 -0.0524433
internal_weight=8191 7215 2636 1351 615 4579 165 736 4495 1932 730 1202 2563 2157
internal_count=8191 7215 2636 1351 615 4579 165 736 4495 1932 730 1202 2563 2157
is_linear=0
shrinkage=0.035


Tree=72
num_leaves=15
num_cat=0
split_feature=4 0 2 3 4 1 0 2 1 2 1 4 3 4
split_gain=16210.1 6350.96 10958.7 7538.2 6120.44 4700.54 3857.65 4273.08 3432.1 1245.71 2280.85 5426.87 2240 1117.11
threshold=125.00000000000001 25.125000000000004 1.5870000000000002 0.58500000000000008 725.00000000000011 0.55800000000000016 25.065000000000005 2.7920000000000003 1.2690000000000003 0.70650000000000013 0.69300000000000017 535.00000000000011 0.51950000000000018 25.000000000000004
decision_type=2 2 2 2 2 2 2 2 2 2 2 2 2 2
left_child=13 2 4 -4 -2 -3 7 -5 -6 -7 11 -11 -12 -1
right_child=1 5 3 6 8 9 -8 -9 -10 10 12 -13 -14 -15
leaf_value=0.20592589247751239 0.13146247112837978 0.13146247112837978 0.13146247112837978 -0.07537065614781277 0.13020261875087141 -0.12246003013380938 0.13146247112837978 0.11606245521156107 -0.1239433964783119 0.13146247112837978 0.054573391633875236 -0.086759461722771339 -0.056356361999323819 0.13146247112837978
leaf_weight=249 595 79 79 1412 101 244 78 158 179 182 237 209 3582 806
leaf_count=249 595 79 79 1412 101 244 78 158 179 182 237 209 3582 806
internal_value=0.00347681 -0.015463 0.028114 -0.0230194 0.12895 -0.0404779 -0.0435194 -0.0560427 -0.032126 -0.0456935 -0.0412158 0.0392167 -0.0494593 0.131462
internal_weight=8190 7135 2602 1727 875 4533 1648 1570 280 4454 4210 391 3819 1055
internal_count=8190 7135 2602 1727 875 4533 1648 1570 280 4454 4210 391 3819 1055
is_linear=0
shrinkage=0.035


Tree=73
num_leaves=15
num_cat=0
split_feature=4 3 0 0 2 2 2 0 1 2 4 4 4 6
split_gain=15124.6 5965.01 6538.56 5977.37 5964.64 5474.14 4769.92 3329.61 4046.65 2880.28 2083.76 2018.15 1981.21 1434.05
threshold=265.00000000000006 0.66600000000000015 25.125000000000004 34.375000000000007 2.4600000000000004 0.96800000000000008 0.70650000000000013 23.125000000000004 0.74250000000000005 1.5870000000000002 85.000000000000014 35.000000000000007 115.00000000000001 1.0000000180025095e-35
decision_type=2 2 2 2 2 2 2 2 2 2 2 2 2 2
left_child=1 3 9 -1 10 6 -4 -2 -7 -3 -5 -10 -11 -14
right_child=7 2 5 4 -6 8 -8 -9 11 12 -12 -13 13 -15
leaf_value=0.24426462196023205 0.026461211552537275 0.28210705316481338 -0.02413045955798547 0.14987240944949815 0.24593642767113968 0.30286751198768619 0.29158714256683987 -0.037638302827089423 0.19078878756300099 0.1747320505391943 -0.037638302827089423 -0.037638302827089423 0.026461211552537275 0.16043123216660959
leaf_weight=447 1257 123 49 75 126 48 125 4709 92 190 147 542 146 97
leaf_count=447 1257 123 49 75 126 48 125 4709 92 190 147 542 146 97
internal_value=0.00482919 0.0830897 0.0398621 0.159717 0.0507244 -0.020847 0.171764 -0.0241305 -0.0241305 0.133201 -0.0241305 -0.0376383 0.090345 0.0264612
internal_weight=8173 2207 1412 795 348 856 174 5966 682 556 222 634 433 243
internal_count=8173 2207 1412 795 348 856 174 5966 682 556 222 634 433 243
is_linear=0
shrinkage=0.035


Tree=74
num_leaves=15
num_cat=0
split_feature=4 1 3 2 0 4 0 2 4 1 2 4 1 0
split_gain=13077.4 6496.72 6383.7 10128.4 6039.13 3919.95 3037.78 5311.95 2484.15 2075.7 2035.86 1455.11 1270.48 935.813
threshold=275.00000000000006 1.8395000000000004 0.71350000000000013 0.96800000000000008 15.800000000000002 45.000000000000007 35.745000000000012 2.4600000000000004 45.000000000000007 1.4610000000000001 2.4060000000000001 755.00000000000011 1.7370000000000003 16.220000000000002
decision_type=2 2 2 2 2 2 2 2 2 2 2 2 2 2
left_child=1 2 6 9 -5 -3 12 -8 -6 -4 -7 -2 -1 -13
right_child=11 5 3 4 8 10 7 -9 -10 -11 -12 13 -14 -15
leaf_value=0.25915858558805721 -0.025058764625341488 0.17180512673449189 0.17492535698727943 0.24533035505460762 0.17214885455686035 -0.025058764625341488 -0.025058764625341488 0.23348692442713118 -0.025058764625341488 0.41940775739062924 0.14240969302609705 -0.10782015862753258 0.074277957556909843 -0.044020340614725373
leaf_weight=433 3898 125 101 101 98 478 103 144 464 76 106 338 52 1691
leaf_count=433 3898 125 101 101 98 478 103 144 464 76 106 338 52 1691
internal_value=0.00234823 0.0735437 0.113192 0.0472587 -0.0156509 -0.0143976 0.188683 0.0882635 -0.0250588 0.281677 -0.0250588 -0.0250588 0.239534 -0.0546971
internal_weight=8208 2281 1572 840 663 709 732 247 562 177 584 5927 485 2029
internal_count=8208 2281 1572 840 663 709 732 247 562 177 584 5927 485 2029
is_linear=0
shrinkage=0.035


Tree=75
num_leaves=15
num_cat=0
split_feature=4 0 2 2 4 1 1 0 0 2 2 4 2 4
split_gain=12210.7 6211.03 9657.66 7211.44 4713.25 3993.96 3908.12 3784.58 3272.86 1534.56 3208.69 6140.31 1749.28 1142.37
threshold=115.00000000000001 25.125000000000004 1.5870000000000002 2.6345000000000005 675.00000000000011 0.55800000000000016 1.2690000000000003 25.065000000000005 17.050000000000001 2.0320000000000005 2.5425000000000004 545.00000000000011 2.8755000000000002 515.00000000000011
decision_type=2 2 2 2 2 2 2 2 2 2 2 2 2 2
left_child=-1 2 4 7 -2 -3 -6 -4 -5 -7 11 -11 -12 -9
right_child=1 5 3 8 6 9 -8 13 -10 10 12 -13 -14 -15
leaf_value=0.11868344735394819 0.11868344735394819 0.11868344735394819 -0.071034579516988508 0.11868344735394819 0.11868344735394819 -0.060662614165206206 -0.10957821104989626 0.11868344735394819 -0.044189796136545119 0.11771044403124736 -0.097669904233015511 -0.05820239318760307 -0.0043283275177131353 -0.076609390639740496
leaf_weight=980 550 80 1276 245 117 2491 203 36 151 466 646 506 397 45
leaf_count=980 550 80 1276 245 117 2491 203 36 151 466 646 506 397 45
internal_value=0.00283181 -0.0129312 0.0300178 -0.0173818 0.118683 -0.0374979 -0.0160499 -0.0557341 0.113847 -0.0422959 -0.0195708 0.0261669 -0.0621809 0.118683
internal_weight=8189 7209 2623 1753 870 4586 320 1357 396 4506 2015 972 1043 81
internal_count=8189 7209 2623 1753 870 4586 320 1357 396 4506 2015 972 1043 81
is_linear=0
shrinkage=0.035


Tree=76
num_leaves=15
num_cat=0
split_feature=4 0 1 0 1 1 4 1 1 1 1 0 1 1
split_gain=11336.1 4060.49 4109.9 3699.38 4572.58 4106.54 2475.94 2466.68 4397.89 4365.43 4692.1 2369.48 2015.04 1627.88
threshold=225.00000000000003 25.125000000000004 1.6375000000000002 23.125000000000004 1.2340000000000002 0.69300000000000017 35.000000000000007 1.4535000000000002 1.1380000000000001 0.62150000000000005 0.55800000000000016 25.010000000000002 1.5125000000000002 1.7370000000000003
decision_type=2 2 2 2 2 2 2 2 2 2 2 2 2 2
left_child=1 11 7 4 -2 9 -4 8 -3 10 -5 13 -9 -1
right_child=3 2 6 5 -6 -7 -8 12 -10 -11 -12 -13 -14 -15
leaf_value=0.17956229607954519 0.087238764923107767 0.12581597919464113 0.17852100191358478 0.12581597919464113 -0.035623811263045466 -0.044116196010942986 -0.044116196010942986 0.3541082177126047 -0.044116196010942986 0.12581597919464113 -0.093736246129901696 0.39267578998141822 0.11348317673140103 0.067834177424714481
leaf_weight=354 702 384 63 70 634 4430 309 65 226 201 285 44 125 294
leaf_count=354 702 384 63 70 634 4430 309 65 226 201 285 44 125 294
internal_value=0.00336268 0.079191 0.0394372 -0.0190035 0.0327009 -0.0328618 -0.0190035 0.0872388 0.0567237 0.0567237 -0.0242965 0.146363 0.197234 0.129056
internal_weight=8186 1864 1172 6322 1336 4986 372 800 610 556 355 692 190 648
internal_count=8186 1864 1172 6322 1336 4986 372 800 610 556 355 692 190 648
is_linear=0
shrinkage=0.035


Tree=77
num_leaves=15
num_cat=0
split_feature=0 2 3 1 2 0 1 0 2 3 0 1 2 7
split_gain=6585.66 8697.47 8977.98 5239.72 6993.23 5413.68 4521.76 3086.38 3492.18 2111.91 5068.36 2769.81 3107.35 2046.61
threshold=25.125000000000004 1.5870000000000002 0.58500000000000008 0.88800000000000012 1.5030000000000003 24.820000000000004 0.55800000000000016 25.065000000000005 2.7920000000000003 0.71350000000000013 34.275000000000006 1.7790000000000001 2.161 1.0000000180025095e-35
decision_type=2 2 2 2 2 2 2 2 2 2 2 2 2 2
left_child=1 3 -3 -1 5 -5 -2 8 -4 10 11 12 -8 -12
right_child=6 2 7 4 -6 -7 9 -9 -10 -11 13 -13 -14 -15
leaf_value=0.29691440754305859 0.21542042811322462 0.34086845698580148 -0.041394584806554093 -0.029584876163243134 0.28318630462402072 0.19505574530054995 0.055334511961919193 0.18263577714206083 0.1223775411370279 -0.045154665246393 -0.062990402877949367 -0.021459013110313795 0.23236654222849759 0.044768822090658876
leaf_weight=183 96 90 1614 453 178 184 368 91 176 2939 1080 278 181 269
leaf_count=183 96 90 1614 453 178 184 368 91 176 2939 1080 278 181 269
internal_value=0.0023801 0.043977 0.00133461 0.128106 0.0898825 0.0355047 -0.0213236 -0.0150826 -0.0252315 -0.0258084 0.000329369 0.0685049 0.11402 -0.0414839
internal_weight=8180 2969 1971 998 815 637 5211 1881 1790 5115 2176 827 549 1349
internal_count=8180 2969 1971 998 815 637 5211 1881 1790 5115 2176 827 549 1349
is_linear=0
shrinkage=0.035


Tree=78
num_leaves=15
num_cat=0
split_feature=4 0 3 4 0 7 1 4 0 0 4 0 0 3
split_gain=10518 5194.71 6711.67 5102.39 4800.14 3885.26 2391.04 1795.94 1590.28 1204.22 1015.97 1195.05 941.541 991.154
threshold=265.00000000000006 15.800000000000002 0.66600000000000015 55.000000000000007 34.375000000000007 1.0000000180025095e-35 0.74250000000000005 85.000000000000014 14.590000000000002 25.010000000000002 705.00000000000011 15.630000000000001 15.630000000000001 0.84150000000000003
decision_type=2 2 2 2 2 2 2 2 2 2 2 2 2 2
left_child=1 -1 4 -4 9 7 -5 -6 -2 -3 12 -12 -10 -14
right_child=8 2 3 6 5 -7 -8 -9 10 -11 11 -13 13 -15
leaf_value=0.2071964822796484 0.041403140427034517 0.14061566383394139 0.13903843296420323 0.13903843296420323 0.13990193061780404 0.26186154074926637 -0.0211310228127242 -0.0211310228127242 0.07149516593438128 0.27150919675279095 -0.1580684120198628 -0.040194395306850046 -0.0211310228127242 -0.040194395306850046
leaf_weight=287 459 147 257 75 84 73 850 182 160 222 110 2139 2125 988
leaf_count=287 459 147 257 75 84 73 850 182 160 222 110 2139 2125 988
internal_value=0.00284617 0.0687004 0.0475701 -0.00349389 0.132708 0.037438 -0.021131 -0.021131 -0.021131 0.21989 -0.0263359 -0.0460282 -0.021131 -0.021131
internal_weight=8158 2177 1890 1182 708 339 925 266 5981 369 5522 2249 3273 3113
internal_count=8158 2177 1890 1182 708 339 925 266 5981 369 5522 2249 3273 3113
is_linear=0
shrinkage=0.035


end of trees

feature_importances:
Column_1=255
Column_4=252
Column_0=242
Column_3=191
Column_2=123
Column_6=26
Column_7=15
Column_5=2

parameters:
[boosting: gbdt]
[objective: regression]
[metric: l2]
[tree_learner: serial]
[device_type: cpu]
[data_sample_strategy: bagging]
[data: ]
[valid: ]
[num_iterations: 79]
[learning_rate: 0.035]
[num_leaves: 15]
[num_threads: 1]
[seed: 20260724]
[deterministic: 1]
[force_col_wise: 1]
[force_row_wise: 0]
[histogram_pool_size: -1]
[max_depth: 6]
[min_data_in_leaf: 30]
[min_sum_hessian_in_leaf: 0.001]
[bagging_fraction: 0.9]
[pos_bagging_fraction: 1]
[neg_bagging_fraction: 1]
[bagging_freq: 1]
[bagging_seed: 20260724]
[bagging_by_query: 0]
[feature_fraction: 0.9]
[feature_fraction_bynode: 1]
[feature_fraction_seed: 20260724]
[extra_trees: 0]
[extra_seed: 24518]
[early_stopping_round: 0]
[early_stopping_min_delta: 0]
[first_metric_only: 0]
[max_delta_step: 0]
[lambda_l1: 0.05]
[lambda_l2: 1]
[linear_lambda: 0]
[min_gain_to_split: 0]
[drop_rate: 0.1]
[max_drop: 50]
[skip_drop: 0.5]
[xgboost_dart_mode: 0]
[uniform_drop: 0]
[drop_seed: 27587]
[top_rate: 0.2]
[other_rate: 0.1]
[min_data_per_group: 100]
[max_cat_threshold: 32]
[cat_l2: 10]
[cat_smooth: 10]
[max_cat_to_onehot: 4]
[top_k: 20]
[monotone_constraints: 0,0,0,0,-1,0,0,0]
[monotone_constraints_method: advanced]
[monotone_penalty: 0]
[feature_contri: ]
[forcedsplits_filename: ]
[refit_decay_rate: 0.9]
[cegb_tradeoff: 1]
[cegb_penalty_split: 0]
[cegb_penalty_feature_lazy: ]
[cegb_penalty_feature_coupled: ]
[path_smooth: 0]
[interaction_constraints: ]
[verbosity: -1]
[saved_feature_importance_type: 0]
[use_quantized_grad: 0]
[num_grad_quant_bins: 4]
[quant_train_renew_leaf: 0]
[stochastic_rounding: 1]
[linear_tree: 0]
[max_bin: 255]
[max_bin_by_feature: ]
[min_data_in_bin: 3]
[bin_construct_sample_cnt: 200000]
[data_random_seed: 20260724]
[is_enable_sparse: 1]
[enable_bundle: 1]
[use_missing: 1]
[zero_as_missing: 0]
[feature_pre_filter: 1]
[pre_partition: 0]
[two_round: 0]
[header: 0]
[label_column: ]
[weight_column: ]
[group_column: ]
[ignore_column: ]
[categorical_feature: ]
[forcedbins_filename: ]
[precise_float_parser: 0]
[parser_config_file: ]
[objective_seed: 16249]
[num_class: 1]
[is_unbalance: 0]
[scale_pos_weight: 1]
[sigmoid: 1]
[boost_from_average: 1]
[reg_sqrt: 0]
[alpha: 0.9]
[fair_c: 1]
[poisson_max_delta_step: 0.7]
[tweedie_variance_power: 1.5]
[lambdarank_truncation_level: 30]
[lambdarank_norm: 1]
[label_gain: ]
[lambdarank_position_bias_regularization: 0]
[eval_at: ]
[multi_error_top_k: 1]
[auc_mu_weights: ]
[num_machines: 1]
[local_listen_port: 12400]
[time_out: 120]
[machine_list_filename: ]
[machines: ]
[gpu_platform_id: -1]
[gpu_device_id: -1]
[gpu_device_id_list: ]
[gpu_use_dp: 0]
[num_gpu: 1]

end of parameters

pandas_categorical:null
