tree
version=v4
num_class=1
num_tree_per_iteration=1
label_index=0
max_feature_idx=1
objective=regression
feature_names=Column_0 Column_1
monotone_constraints=0 -1
feature_infos=[0.5:1] [1:829]
tree_sizes=1349 1408 1398 1399 1403 1402 1409 1402 1403 1406 1413 1407 1406 1415 1401 1402 1405 1406 1405 1409 1409 1402 1413 1409 1411 1409 1415 1405 1418 1415 1429 1415 1420 1416 1417 1420 1418 1417 1417 1410 1420 1422 1425 1423 1420 1424 1424 1427 1427 1418 1426 1431 1421 1423 1429 1428 1428 1425 1432 1423 1425 1439 1424 1434 1422 1424 1433 1431 1428 1428 1436 1435 1442 1436 1430 1436 1432 1433 1427 1439 1434 1439 1428 1440 1433 1432 1438 1425 1426 1437 1436 1435 1447 1437 1444 1430 1427 1443 1447 1437 1443 1443 1442 1433 1449 1442 1431 1446 1440 1445 1444 1449 1441 1448 1450 1456 1443 1442 1463 1279 1453 1448 1447 1356 1456 1458 938 1450 1454 1194 1457 1287 938 1294 1377 1375 1020 1286 1371 1100 1380 1290 942 1199 1028 1369 1381 1284 1392 1125 1116 1287 1220 1110 1389 1292 1205 1124 1492 598 1476 1125 952 856 1044 767 949 861 1300 686 946 852 1029 952 1301 428 949 422 1043 603 857 783 429 1025 776 773 861 937 941 684 428 773 612 336 775 430 954 936 340 869

Tree=0
num_leaves=15
num_cat=0
split_feature=1 1 1 1 1 1 1 0 0 1 1 1 1 0
split_gain=346968 47602 34280.5 7406.45 6893.21 6506.68 4156.04 2811.94 2646.03 1420.46 1127.17 862.967 828.442 574.323
threshold=549.50000000000011 690.50000000000011 330.50000000000006 618.50000000000011 468.50000000000006 76.500000000000014 751.50000000000011 0.75000000000000011 0.75000000000000011 231.50000000000003 720.50000000000011 654.50000000000011 417.50000000000006 0.75000000000000011
decision_type=2 2 2 2 2 2 2 2 2 2 2 2 2 2
left_child=2 3 5 -2 12 -1 7 -3 -5 13 -9 -10 -4 -7
right_child=1 6 4 8 -6 9 -8 10 11 -11 -12 -13 -14 -15
leaf_value=81.900737103555997 81.135457763204499 80.415607808528975 81.563391840752317 80.755709219042828 81.312411065548858 81.776333618588922 80.306575695811361 80.836670357634262 81.083448995410308 81.647239540020337 80.585129817015925 80.891164361036559 81.468521840470103 81.699288594196275
leaf_weight=269 252 86 311 132 284 285 138 56 66 358 58 63 182 276
leaf_count=269 252 86 311 132 284 285 138 56 66 358 58 63 182 276
internal_value=81.3748 80.7849 81.6305 80.9986 81.4496 81.7487 80.4627 80.5752 80.8678 81.7036 80.7029 80.9865 81.5286 81.7391
internal_weight=2816 851 1965 513 777 1188 338 200 261 919 114 129 493 561
internal_count=2816 851 1965 513 777 1188 338 200 261 919 114 129 493 561
is_linear=0
shrinkage=1


Tree=1
num_leaves=15
num_cat=0
split_feature=1 1 1 1 1 1 1 0 1 1 0 1 1 0
split_gain=318041 44123.7 32437 6813.99 6682.49 5723.55 4131.25 2017.13 1340.75 809.821 589.005 477.982 387.886 361.858
threshold=549.50000000000011 672.50000000000011 330.50000000000006 731.50000000000011 468.50000000000006 76.500000000000014 618.50000000000011 0.75000000000000011 231.50000000000003 417.50000000000006 0.75000000000000011 513.50000000000011 702.50000000000011 0.75000000000000011
decision_type=2 2 2 2 2 2 2 2 2 2 2 2 2 2
left_child=2 6 5 12 9 -1 13 -8 10 -4 -7 -6 -3 -2
right_child=1 3 4 -5 11 8 7 -9 -10 -11 -12 -13 -14 -15
leaf_value=0.50294252948796569 -0.27416423585613575 -0.62651803907047632 0.1822399641306727 -0.99570114146902211 -0.021810530385774813 0.38908172410915437 -0.5684775154770062 -0.33295698065280915 0.26131195414407887 0.088570657925405472 0.31119113502691903 -0.11141034632824411 -0.76008179639180506 -0.18394112175126232
leaf_weight=267 119 109 313 187 163 283 92 99 348 182 273 132 104 123
leaf_count=267 119 109 313 187 163 283 92 99 348 182 273 132 104 123
internal_value=-0.00035924 -0.572902 0.243015 -0.837708 0.0695772 0.359861 -0.326907 -0.448781 0.317091 0.148051 0.351467 -0.0621495 -0.694987 -0.22926
internal_weight=2794 833 1961 400 790 1171 433 191 904 495 556 295 213 242
internal_count=2794 833 1961 400 790 1171 433 191 904 495 556 295 213 242
is_linear=0
shrinkage=0.035


Tree=2
num_leaves=15
num_cat=0
split_feature=1 1 1 1 1 1 1 0 0 1 1 1 1 0
split_gain=295633 39842.7 31105.3 6293.12 6266.83 5535.71 4382.47 2594.42 2232.53 1281.47 793.607 728.946 462.839 447.474
threshold=549.50000000000011 690.50000000000011 330.50000000000006 468.50000000000006 618.50000000000011 76.500000000000014 731.50000000000011 0.75000000000000011 0.75000000000000011 231.50000000000003 651.50000000000011 414.50000000000006 525.50000000000011 0.75000000000000011
decision_type=2 2 2 2 2 2 2 2 2 2 2 2 2 2
left_child=2 4 5 11 -2 -1 7 -3 -6 13 -10 -4 -5 -7
right_child=1 6 3 12 8 9 -8 -9 10 -11 -12 -13 -14 -15
leaf_value=0.48477603151307647 -0.2247675314503392 -0.85540458755493165 0.17462614927847928 -0.031932954668307735 -0.57774564830213782 0.37188400356434942 -0.9560183859467507 -0.53657397284507757 -0.26598759926689997 0.2517193026864496 -0.4457719851430258 0.08757188298220614 -0.12702813351388728 0.30339502278903624
leaf_weight=276 253 64 312 216 127 284 191 79 62 362 74 195 88 280
leaf_count=276 253 64 312 216 127 284 191 79 62 362 74 195 88 280
internal_value=0.002501 -0.544449 0.23361 0.0659918 -0.350557 0.346553 -0.842048 -0.684229 -0.470246 0.304874 -0.366364 0.141385 -0.0597925 0.338483
internal_weight=2863 850 2013 811 516 1202 334 143 263 926 136 507 304 564
internal_count=2863 850 2013 811 516 1202 334 143 263 926 136 507 304 564
is_linear=0
shrinkage=0.035


Tree=3
num_leaves=15
num_cat=0
split_feature=1 1 1 1 1 1 1 0 0 1 1 1 1 0
split_gain=274545 41061.9 25957.4 7159.59 5166.53 4867.67 3033.49 2360.04 1909.15 1143.47 1065.31 677.66 595.844 431.775
threshold=540.50000000000011 693.50000000000011 330.50000000000006 636.50000000000011 76.500000000000014 468.50000000000006 747.50000000000011 0.75000000000000011 0.75000000000000011 240.50000000000003 600.50000000000011 432.50000000000006 720.50000000000011 0.75000000000000011
decision_type=2 2 2 2 2 2 2 2 2 2 2 2 2 2
left_child=2 3 4 10 -1 11 7 -3 -5 13 -2 -4 -9 -6
right_child=1 6 5 8 9 -7 -8 12 -10 -11 -12 -13 -14 -15
leaf_value=0.4698391649131422 -0.18753539608803271 -0.87919643658955904 0.16007885803351288 -0.60673489366127897 0.35538002768756694 -0.05151045919519321 -0.96036372146606452 -0.48175227367877965 -0.38200749041538434 0.23945047205998349 -0.31588856395085657 0.065492542887135644 -0.69199640506744398 0.29055849661665784
leaf_weight=269 220 74 366 103 300 258 144 47 100 324 131 127 49 302
leaf_count=269 220 74 366 103 300 258 144 47 100 324 131 127 49 302
internal_value=0.00203487 -0.515253 0.232914 -0.333029 0.334191 0.0715303 -0.834672 -0.7232 -0.498456 0.294319 -0.236206 0.135898 -0.59511 0.3234
internal_weight=2814 868 1946 554 1195 751 314 170 203 926 351 493 96 602
internal_count=2814 868 1946 554 1195 751 314 170 203 926 351 493 96 602
is_linear=0
shrinkage=0.035


Tree=4
num_leaves=15
num_cat=0
split_feature=1 1 1 1 1 1 1 0 0 1 1 1 1 0
split_gain=257921 33947.7 25128.7 5197.55 5063.67 4818.25 3750.74 2637.12 1943.15 1116.66 801.936 727.332 695.981 478.044
threshold=549.50000000000011 687.50000000000011 330.50000000000006 618.50000000000011 480.50000000000006 76.500000000000014 747.50000000000011 0.75000000000000011 0.75000000000000011 237.50000000000003 432.50000000000006 720.50000000000011 654.50000000000011 0.75000000000000011
decision_type=2 2 2 2 2 2 2 2 2 2 2 2 2 2
left_child=2 3 5 13 10 -1 7 -3 -5 -7 -4 -9 -10 -2
right_child=1 6 4 8 -6 9 -8 11 12 -11 -12 -13 -14 -15
leaf_value=0.45262632859975865 -0.2594714802697648 -0.8192319320254855 0.15420051709047955 -0.53749084676636594 -0.068020941568374196 0.31338824065177084 -0.9203511453469595 -0.45458507584791924 -0.25167123825409837 0.23035870897301736 0.062177926218383514 -0.66102820205688484 -0.4242739856935317 -0.15958365247951403
leaf_weight=272 128 89 374 125 237 575 143 64 67 330 171 48 61 123
leaf_count=272 128 89 374 125 237 575 143 64 67 330 171 48 61 123
internal_value=1.60746e-05 -0.50956 0.220747 -0.325564 0.0668337 0.322861 -0.777406 -0.671647 -0.437583 0.283402 0.125497 -0.548143 -0.336592 -0.211357
internal_weight=2807 848 1959 504 782 1177 344 201 253 905 545 112 128 251
internal_count=2807 848 1959 504 782 1177 344 201 253 905 545 112 128 251
is_linear=0
shrinkage=0.035


Tree=5
num_leaves=15
num_cat=0
split_feature=1 1 1 1 1 1 1 0 0 1 1 1 1 1
split_gain=242236 31408.2 26673.4 5847.82 4551.81 3941.45 3178.81 2215.2 1871.32 1179.3 1072.63 701.019 659.529 555.089
threshold=558.50000000000011 690.50000000000011 378.50000000000006 144.50000000000003 618.50000000000011 468.50000000000006 747.50000000000011 0.75000000000000011 0.75000000000000011 36.500000000000007 270.50000000000006 727.50000000000011 654.50000000000011 525.50000000000011
decision_type=2 2 2 2 2 2 2 2 2 2 2 2 2 2
left_child=2 4 3 9 -2 -4 7 -3 -6 -1 -5 -9 -10 -7
right_child=1 6 5 10 8 13 -8 11 12 -11 -12 -13 -14 -15
leaf_value=0.4791166490504617 -0.20959185111441397 -0.80691943931579602 0.10484079419966499 0.27252855391948072 -0.52120542577487328 -0.031401293525947074 -0.89940666522206492 -0.45871118394411536 -0.24482265271860013 0.35224885354214108 0.1912459590888575 -0.67479483299255383 -0.40902731414402238 -0.12684576726677443
leaf_weight=132 219 83 333 443 133 203 147 64 67 387 388 39 67 118
leaf_count=132 219 83 333 443 133 203 147 64 67 387 388 39 67 118
internal_value=-0.00312083 -0.509911 0.204146 0.292966 -0.329402 0.0206303 -0.771577 -0.666271 -0.426518 0.385378 0.234855 -0.546248 -0.32936 -0.0667772
internal_weight=2823 819 2004 1350 486 654 333 186 267 519 831 103 134 321
internal_count=2823 819 2004 1350 486 654 333 186 267 519 831 103 134 321
is_linear=0
shrinkage=0.035


Tree=6
num_leaves=15
num_cat=0
split_feature=1 1 1 1 1 1 1 0 0 1 1 1 1 0
split_gain=227957 30065.2 23347.2 5154.28 4642.45 4570.83 2790.68 1730.62 1549.83 1158.17 757.895 579.502 431.726 429.68
threshold=552.50000000000011 693.50000000000011 348.50000000000006 636.50000000000011 468.50000000000006 80.500000000000014 751.50000000000011 0.75000000000000011 0.75000000000000011 270.50000000000006 600.50000000000011 720.50000000000011 513.50000000000011 0.75000000000000011
decision_type=2 2 2 2 2 2 2 2 2 2 2 2 2 2
left_child=2 3 5 10 -4 -1 7 -3 -5 13 -2 -9 -6 -7
right_child=1 6 4 8 12 9 -8 11 -10 -11 -12 -13 -14 -15
leaf_value=0.41889463085828116 -0.17526726985701738 -0.78173843374007801 0.11943948521640672 -0.55104639541185829 -0.019753762986102121 0.31250430346466057 -0.87027042305306224 -0.43334747804914214 -0.34939627992991107 0.19729860421506373 -0.29087502285575872 -0.6285839399036609 -0.10356062295891558 0.2526855336565238
leaf_weight=283 176 77 436 103 163 340 145 48 102 286 124 56 140 337
leaf_count=283 176 77 436 103 163 340 145 48 102 286 124 56 140 337
internal_value=-0.00137305 -0.487727 0.202376 -0.317556 0.0464188 0.294762 -0.749552 -0.648585 -0.452905 0.257884 -0.223865 -0.543477 -0.0586954 0.283147
internal_weight=2816 831 1985 505 739 1246 326 181 205 963 300 104 303 677
internal_count=2816 831 1985 505 739 1246 326 181 205 963 300 104 303 677
is_linear=0
shrinkage=0.035


Tree=7
num_leaves=15
num_cat=0
split_feature=1 1 1 1 1 1 1 0 0 1 1 1 0 0
split_gain=209324 31449 19494.6 5554.03 3900.5 3873.37 2591.88 1930.22 1754.13 943.887 632.93 596.401 483.836 480.982
threshold=540.50000000000011 696.50000000000011 327.50000000000006 618.50000000000011 72.500000000000014 468.50000000000006 747.50000000000011 0.75000000000000011 0.75000000000000011 213.50000000000003 654.50000000000011 417.50000000000006 0.75000000000000011 0.75000000000000011
decision_type=2 2 2 2 2 2 2 2 2 2 2 2 2 2
left_child=2 3 4 13 -1 11 8 -5 -3 12 -9 -4 -6 -2
right_child=1 6 5 7 9 -7 -8 10 -10 -11 -12 -13 -14 -15
leaf_value=0.41132459974469565 -0.2261594254266496 -0.75905309488932304 0.14890581084959437 -0.49220335762468104 0.32659900511050127 -0.04580740680979431 -0.84298904400780095 -0.21871578981659631 -0.51230106903644324 0.21570881647330065 -0.37418203772774228 0.070276111990056539 0.25296817392803089 -0.13292112086189617
leaf_weight=263 148 74 329 145 245 256 146 65 93 402 78 189 253 137
leaf_count=263 148 74 329 145 245 256 146 65 93 402 78 189 253 137
internal_value=-0.00214938 -0.44748 0.201674 -0.292518 0.292202 0.0654437 -0.729325 -0.400902 -0.625518 0.256972 -0.305537 0.120411 0.289778 -0.181967
internal_weight=2823 886 1937 573 1163 774 313 288 167 900 143 518 498 285
internal_count=2823 886 1937 573 1163 774 313 288 167 900 143 518 498 285
is_linear=0
shrinkage=0.035


Tree=8
num_leaves=15
num_cat=0
split_feature=1 1 1 1 1 1 1 0 0 1 1 1 0 1
split_gain=191566 25942.8 21039.9 4894.93 4090.7 2794.66 2290.28 1971.31 1340.42 980.118 859.439 479.845 457.28 378.245
threshold=555.50000000000011 672.50000000000011 378.50000000000006 144.50000000000003 731.50000000000011 480.50000000000006 624.50000000000011 0.75000000000000011 0.75000000000000011 24.500000000000004 270.50000000000006 796.50000000000011 0.75000000000000011 435.50000000000006
decision_type=2 2 2 2 2 2 2 2 2 2 2 2 2 2
left_child=2 6 3 9 7 13 12 -3 -8 -1 -5 -6 -2 -4
right_child=1 4 5 10 11 -7 8 -9 -10 -11 -12 -13 -14 -15
leaf_value=0.46317749620325432 -0.23965649490723248 -0.65446814022850752 0.11558455561411264 0.24602181298577841 -0.73054255424047776 -0.065563406052012066 -0.45662755981900482 -0.42124556297881938 -0.25714617575009668 0.32683038264064962 0.17394724562944791 -0.9261294431441871 -0.14376102690623827 0.043232572442771476
leaf_weight=84 129 96 201 453 151 266 87 101 89 438 395 38 129 161
leaf_count=84 129 96 201 453 151 266 87 101 89 438 395 38 129 161
internal_value=0.00336372 -0.446766 0.188234 0.265085 -0.655342 0.0204234 -0.260175 -0.537637 -0.357786 0.349618 0.212696 -0.774544 -0.192456 0.0836185
internal_weight=2818 820 1998 1370 386 628 434 197 176 522 848 189 258 362
internal_count=2818 820 1998 1370 386 628 434 197 176 522 848 189 258 362
is_linear=0
shrinkage=0.035


Tree=9
num_leaves=15
num_cat=0
split_feature=1 1 1 1 1 1 1 0 0 1 0 1 1 0
split_gain=182879 29919.6 14604.2 5019.55 3284.37 2618.5 2305.72 1835.99 1169.5 601.147 466.715 398.173 361.908 335.91
threshold=528.50000000000011 663.50000000000011 285.50000000000006 717.50000000000011 435.50000000000006 72.500000000000014 600.50000000000011 0.75000000000000011 0.75000000000000011 759.50000000000011 0.75000000000000011 480.50000000000006 201.50000000000003 0.75000000000000011
decision_type=2 2 2 2 2 2 2 2 2 2 2 2 2 2
left_child=2 6 5 7 -4 -1 13 -3 -8 -5 12 -6 -7 -2
right_child=1 3 4 9 11 10 8 -9 -10 -11 -12 -13 -14 -15
leaf_value=0.38244381849700587 -0.18443342002839536 -0.59277043485641479 0.14260972443129352 -0.65187166247933603 0.042472788548999052 0.30861097358689021 -0.37971354507345018 -0.368834987564087 -0.21627670619902406 -0.79782911580403648 0.2226733628665446 -0.034254564632613192 0.2336485575040182 -0.10283192470458936
leaf_weight=255 130 97 540 117 158 236 112 99 114 119 386 172 152 128
leaf_count=255 130 97 540 117 158 236 112 99 114 119 386 172 152 128
internal_value=-0.000673354 -0.406601 0.19524 -0.618108 0.0895281 0.284441 -0.216929 -0.482115 -0.298596 -0.728532 0.2517 0.00249361 0.279925 -0.144509
internal_weight=2815 916 1899 432 870 1029 484 196 226 236 774 330 388 258
internal_count=2815 916 1899 432 870 1029 484 196 226 236 774 330 388 258
is_linear=0
shrinkage=0.035


Tree=10
num_leaves=15
num_cat=0
split_feature=1 1 1 1 1 1 0 1 1 0 1 0 1 0
split_gain=169411 22459.6 17885.5 4427.52 4123.62 2131.32 1660.45 1420.73 1356.54 1190.54 543.308 438.794 392.366 387.337
threshold=552.50000000000011 702.50000000000011 384.50000000000006 636.50000000000011 80.500000000000014 468.50000000000006 0.75000000000000011 755.50000000000011 270.50000000000006 0.75000000000000011 597.50000000000011 0.75000000000000011 24.500000000000004 0.75000000000000011
decision_type=2 2 2 2 2 2 2 2 2 2 2 2 2 2
left_child=2 3 4 10 12 -4 -5 9 13 -3 -2 -7 -1 -6
right_child=1 7 5 6 8 11 -8 -9 -10 -11 -12 -13 -14 -15
leaf_value=0.43143448255665007 -0.15099711554277145 -0.71485640680428719 0.082588976943354112 -0.49327765295505532 0.27223436917810739 -0.090592702419256543 -0.30204285997996733 -0.76586742335557945 0.16211253051705093 -0.5003381311967201 -0.24814495364766923 -0.0064331721211360266 0.33149687275849288 0.21589093256119418
leaf_weight=86 163 65 305 119 333 150 119 127 406 96 136 153 207 339
leaf_count=86 163 65 305 119 333 150 119 127 406 96 136 153 207 339
internal_value=-0.000195555 -0.42125 0.175456 -0.286623 0.245483 0.0174032 -0.399331 -0.670408 0.21345 -0.590834 -0.19587 -0.048263 0.362204 0.244177
internal_weight=2804 825 1979 537 1371 608 238 288 1078 161 299 303 293 672
internal_count=2804 825 1979 537 1371 608 238 288 1078 161 299 303 293 672
is_linear=0
shrinkage=0.035


Tree=11
num_leaves=15
num_cat=0
split_feature=1 1 1 1 1 1 1 0 1 0 0 1 1 0
split_gain=156577 19818.3 17689.8 4641.31 3178 2147.52 1393.98 1041.68 1015.05 1006.52 931.658 809.322 384.482 310.569
threshold=573.50000000000011 405.50000000000006 702.50000000000011 144.50000000000003 648.50000000000011 492.50000000000006 751.50000000000011 0.75000000000000011 270.50000000000006 0.75000000000000011 0.75000000000000011 36.500000000000007 615.50000000000011 0.75000000000000011
decision_type=2 2 2 2 2 2 2 2 2 2 2 2 2 2
left_child=1 3 4 11 10 -3 7 -4 -5 -6 12 -1 -2 -7
right_child=2 5 6 8 9 13 -8 -9 -10 -11 -12 -13 -14 -15
leaf_value=0.39200049322624086 -0.2194370537094581 0.053036398391412706 -0.67248952752893632 0.22078457794640516 -0.48751921635677947 -0.11573014877610643 -0.73042503576278683 -0.46621006158340816 0.14677234060555513 -0.31988737619381685 -0.14854080321026203 0.28622018169023888 -0.31988737619381685 -0.042164030163212574
leaf_weight=128 77 320 65 443 94 141 139 85 490 103 135 397 59 143
leaf_count=128 77 320 65 443 94 141 139 85 490 103 135 397 59 143
internal_value=0.00146745 0.159525 -0.428707 0.229323 -0.294706 -0.00905887 -0.643936 -0.559471 0.182115 -0.401941 -0.215555 0.31271 -0.280494 -0.0789721
internal_weight=2819 2062 757 1458 468 604 289 150 933 197 271 525 136 284
internal_count=2819 2062 757 1458 468 604 289 150 933 197 271 525 136 284
is_linear=0
shrinkage=0.035


Tree=12
num_leaves=15
num_cat=0
split_feature=1 1 1 1 1 1 1 0 0 1 0 0 1 1
split_gain=145188 20640.9 15338.7 3567.67 3036.02 2850.02 1489.34 1198.43 1103.16 574.343 534.947 444.475 392.101 328.059
threshold=549.50000000000011 696.50000000000011 330.50000000000006 636.50000000000011 468.50000000000006 80.500000000000014 751.50000000000011 0.75000000000000011 0.75000000000000011 213.50000000000003 0.75000000000000011 0.75000000000000011 417.50000000000006 654.50000000000011
decision_type=2 2 2 2 2 2 2 2 2 2 2 2 2 2
left_child=2 3 5 10 12 -1 8 -5 -3 11 -2 -7 -4 -9
right_child=1 6 4 7 -6 9 -8 13 -10 -11 -12 -13 -14 -15
leaf_value=0.34132120979926711 -0.22521212310985952 -0.65062185458062405 0.12215798985120208 -0.44972645584742238 -0.043867696333624931 0.2759708286334398 -0.71060110514703467 -0.17664227004349234 -0.44960661473525204 0.18239810901779241 -0.13218670887373532 0.20416433726713579 0.056998131693753069 -0.31949115081209889
leaf_weight=289 158 70 312 107 292 235 136 33 94 412 158 231 182 75
leaf_count=289 158 70 312 107 292 235 136 33 94 412 158 231 182 75
internal_value=0.00024112 -0.386966 0.165112 -0.255058 0.0455056 0.24556 -0.618813 -0.365098 -0.53884 0.213685 -0.179269 0.240893 0.0983189 -0.27788
internal_weight=2784 831 1953 531 786 1167 300 215 164 878 316 466 494 108
internal_count=2784 831 1953 531 786 1167 300 215 164 878 316 466 494 108
is_linear=0
shrinkage=0.035


Tree=13
num_leaves=15
num_cat=0
split_feature=1 1 1 1 1 1 1 0 0 0 1 0 1 1
split_gain=135786 22354.8 10847.1 3781.22 2803.31 2010.9 1987.95 1558.04 727.516 379.293 366.359 320.578 282.592 269.811
threshold=528.50000000000011 666.50000000000011 270.50000000000006 731.50000000000011 438.50000000000006 68.500000000000014 600.50000000000011 0.75000000000000011 0.75000000000000011 0.75000000000000011 796.50000000000011 0.75000000000000011 474.50000000000006 690.50000000000011
decision_type=2 2 2 2 2 2 2 2 2 2 2 2 2 2
left_child=2 6 5 7 -4 -1 11 13 -8 -7 -5 -2 -6 -3
right_child=1 3 4 10 12 9 8 -9 -10 -11 -12 -13 -14 -15
leaf_value=0.33817771060349516 -0.16233316623903543 -0.43758789325797048 0.12761835444898101 -0.61480061902497951 0.040006418747756324 0.24762177456360238 -0.32945952419791602 -0.34387858035700108 -0.20064203700949168 0.19470815141554232 -0.78266768166957768 -0.085250596349734989 -0.026392009929454487 -0.58616638050079362
leaf_weight=243 136 45 605 151 130 356 112 122 118 377 38 137 195 69
leaf_count=243 136 45 605 151 130 356 112 122 118 377 38 137 195 69
internal_value=-0.000221269 -0.347207 0.168813 -0.533893 0.0831415 0.250276 -0.18872 -0.436545 -0.264533 0.220712 -0.652503 -0.124109 0.000203242 -0.531847
internal_weight=2834 928 1906 425 930 976 503 236 230 733 189 273 325 114
internal_count=2834 928 1906 425 930 976 503 236 230 733 189 273 325 114
is_linear=0
shrinkage=0.035


Tree=14
num_leaves=15
num_cat=0
split_feature=1 1 1 1 1 1 1 0 0 1 0 1 0 1
split_gain=127619 20018.4 11190.2 3416.2 2574.79 1973.62 1360.35 867.328 737.006 718.31 569.809 541.812 368.714 332.602
threshold=534.50000000000011 663.50000000000011 327.50000000000006 711.50000000000011 68.500000000000014 468.50000000000006 600.50000000000011 0.75000000000000011 0.75000000000000011 796.50000000000011 0.75000000000000011 213.50000000000003 0.75000000000000011 414.50000000000006
decision_type=2 2 2 2 2 2 2 2 2 2 2 2 2 2
left_child=2 6 4 7 -1 13 -2 -3 -8 10 -5 12 -6 -4
right_child=1 3 5 9 11 -7 8 -9 -10 -11 -12 -13 -14 -15
leaf_value=0.329483073812604 -0.12253792709710473 -0.47307254507276758 0.11666242939102163 -0.66821856205391172 0.25565850720573979 -0.027969091737721812 -0.31002858574701864 -0.30714029963811246 -0.17885934677459633 -0.7553835560480755 -0.51885774256879047 0.17024917768546852 0.1940182475002333 0.058101129986024298
leaf_weight=249 230 89 316 65 268 235 110 86 112 41 148 403 260 196
leaf_count=249 230 89 316 65 268 235 110 86 112 41 148 403 260 196
internal_value=0.00249766 -0.346235 0.162031 -0.517309 0.2291 0.0559187 -0.183077 -0.393747 -0.24496 -0.600556 -0.567355 0.201926 0.225733 0.0944048
internal_weight=2808 881 1927 429 1180 747 452 175 222 254 213 931 528 512
internal_count=2808 881 1927 429 1180 747 452 175 222 254 213 931 528 512
is_linear=0
shrinkage=0.035


Tree=15
num_leaves=15
num_cat=0
split_feature=1 1 1 1 1 1 1 0 1 1 0 0 1 1
split_gain=121108 16665.7 13432.1 3956.63 2137.36 1211.67 1040.97 1029.47 990.473 800.607 727.576 726.112 325.034 308.55
threshold=576.50000000000011 426.50000000000006 702.50000000000011 144.50000000000003 651.50000000000011 501.50000000000006 755.50000000000011 0.75000000000000011 285.50000000000006 24.500000000000004 0.75000000000000011 0.75000000000000011 621.50000000000011 727.50000000000011
decision_type=2 2 2 2 2 2 2 2 2 2 2 2 2 2
left_child=1 3 4 9 11 -3 7 -4 -5 -1 -6 12 -2 -9
right_child=2 5 6 8 10 -7 -8 13 -10 -11 -12 -13 -14 -15
leaf_value=0.37198843443795543 -0.19589129922713763 0.022321286056670088 -0.61382445950294617 0.18917043913046835 -0.42381030854582796 -0.081704205363672844 -0.64803490714139722 -0.3378502189020316 0.11946781614045188 0.25237531201420976 -0.27750251335793358 -0.13873100960646376 -0.27750251335793358 -0.48493860681707213
leaf_weight=88 80 271 66 505 95 276 128 47 512 432 93 135 54 54
leaf_count=88 80 271 66 505 95 276 128 47 512 432 93 135 54 54
internal_value=-0.0017488 0.135653 -0.382205 0.194667 -0.262407 -0.030217 -0.566272 -0.500108 0.154233 0.273296 -0.353295 -0.197806 -0.255841 -0.420492
internal_weight=2836 2084 752 1537 457 547 295 167 1017 520 188 269 134 101
internal_count=2836 2084 752 1537 457 547 295 167 1017 520 188 269 134 101
is_linear=0
shrinkage=0.035


Tree=16
num_leaves=15
num_cat=0
split_feature=1 1 1 1 1 1 1 0 0 1 0 0 0 1
split_gain=110640 18653.9 8785.19 3411.45 1919.49 1587.18 1494.63 963.327 857.858 483.84 477.431 309.972 281.646 271.007
threshold=528.50000000000011 663.50000000000011 285.50000000000006 717.50000000000011 435.50000000000006 76.500000000000014 612.50000000000011 0.75000000000000011 0.75000000000000011 796.50000000000011 0.75000000000000011 0.75000000000000011 0.75000000000000011 474.50000000000006
decision_type=2 2 2 2 2 2 2 2 2 2 2 2 2 2
left_child=2 6 5 7 -4 -1 11 -3 -8 10 -5 -2 -7 -6
right_child=1 3 4 9 13 12 8 -9 -10 -11 -12 -13 -14 -15
leaf_value=0.29499430394952691 -0.15592622079903432 -0.45561219421029098 0.11167392704596214 -0.65110757045392642 0.041523112809345827 0.21816717951087392 -0.32168424289602987 -0.29100993112602624 -0.16783319233494101 -0.7090138579967411 -0.49961504809536156 -0.084454733505021903 0.17297465965262168 -0.02278629512098667
leaf_weight=276 153 95 544 53 138 373 94 98 92 42 133 154 377 189
leaf_count=276 153 95 544 53 138 373 94 98 92 42 133 154 377 189
internal_value=0.000914043 -0.315224 0.15332 -0.486141 0.0714502 0.222683 -0.168577 -0.373972 -0.2469 -0.579036 -0.546043 -0.12047 0.195713 0.00439197
internal_weight=2811 914 1897 421 871 1026 493 193 186 228 186 307 750 327
internal_count=2811 914 1897 421 871 1026 493 193 186 228 186 307 750 327
is_linear=0
shrinkage=0.035


Tree=17
num_leaves=15
num_cat=0
split_feature=1 1 1 1 1 1 1 0 1 0 1 0 1 1
split_gain=104210 14210 11138.2 2393.74 2298.87 1850.5 1411.27 1287.77 617.871 605.94 329.333 328.902 295.334 260.634
threshold=552.50000000000011 672.50000000000011 348.50000000000006 731.50000000000011 135.50000000000003 468.50000000000006 618.50000000000011 0.75000000000000011 24.500000000000004 0.75000000000000011 796.50000000000011 0.75000000000000011 270.50000000000006 435.50000000000006
decision_type=2 2 2 2 2 2 2 2 2 2 2 2 2 2
left_child=2 6 4 7 8 13 -2 -3 -1 -8 -5 -7 -6 -4
right_child=1 3 5 10 12 11 9 -9 -10 -11 -12 -13 -14 -15
leaf_value=0.34531980838225446 -0.13138198424976918 -0.48418415733448517 0.091322210959363284 -0.53471209693582433 0.17912006831544 -0.073255476296291144 -0.32275076458871987 -0.30411446573068435 0.23993897872272832 -0.19350554506678963 -0.68487925289898388 -0.00018955710492349717 0.13208473287512074 0.030484342359068495
leaf_weight=90 242 102 327 151 476 151 96 110 404 96 40 150 277 119
leaf_count=90 242 102 327 151 476 151 96 110 404 96 40 150 277 119
internal_value=-0.000629441 -0.328159 0.136949 -0.477696 0.200933 0.0300088 -0.18852 -0.392626 0.2598 -0.259475 -0.569573 -0.0369709 0.162018 0.0751981
internal_weight=2831 837 1994 403 1247 747 434 212 494 192 191 301 753 446
internal_count=2831 837 1994 403 1247 747 434 212 494 192 191 301 753 446
is_linear=0
shrinkage=0.035


Tree=18
num_leaves=15
num_cat=0
split_feature=1 1 1 1 1 1 1 0 0 1 1 0 1 0
split_gain=94520.5 15903.6 7954.07 2801.83 2080.2 1333.93 977.2 920.82 769.265 480.884 385.772 296.845 289.14 269.548
threshold=528.50000000000011 693.50000000000011 348.50000000000006 618.50000000000011 80.500000000000014 751.50000000000011 435.50000000000006 0.75000000000000011 0.75000000000000011 243.50000000000003 720.50000000000011 0.75000000000000011 654.50000000000011 0.75000000000000011
decision_type=2 2 2 2 2 2 2 2 2 2 2 2 2 2
left_child=2 3 4 11 -1 7 -4 -3 -5 13 -9 -2 -10 -6
right_child=1 5 6 8 9 -7 -8 10 12 -11 -12 -13 -14 -15
leaf_value=0.2766922894327582 -0.14958617871982213 -0.52066462655500934 0.086615683857690223 -0.32959596082217557 0.21284778948395941 -0.58000034622554353 0.00023880456823341473 -0.26333566123247149 -0.149069865475595 0.13605518477428252 -0.41492714893817906 -0.082216039451991532 -0.25765810952186591 0.16310369945375208
leaf_weight=285 169 76 307 135 294 136 335 47 64 368 55 162 69 296
leaf_count=285 169 76 307 135 294 136 335 47 64 368 55 162 69 296
internal_value=0.000183045 -0.291929 0.141748 -0.185648 0.193389 -0.493437 0.0416168 -0.424417 -0.269718 0.168342 -0.348328 -0.116966 -0.206921 0.188213
internal_weight=2798 913 1885 599 1243 314 642 178 268 958 102 331 133 590
internal_count=2798 913 1885 599 1243 314 642 178 268 958 102 331 133 590
is_linear=0
shrinkage=0.035


Tree=19
num_leaves=15
num_cat=0
split_feature=1 1 1 1 1 1 0 1 1 1 0 0 0 0
split_gain=90120 14599.7 7962.3 2707.1 1534.2 1373.29 744.399 627.094 617.651 550.489 518.874 327.141 254.266 250.758
threshold=594.50000000000011 411.50000000000006 708.50000000000011 150.50000000000003 504.50000000000006 648.50000000000011 0.75000000000000011 755.50000000000011 36.500000000000007 270.50000000000006 0.75000000000000011 0.75000000000000011 0.75000000000000011 0.75000000000000011
decision_type=2 2 2 2 2 2 2 2 2 2 2 2 2 2
left_child=1 3 5 8 12 11 -7 10 -1 -5 -4 -2 -3 -6
right_child=2 4 7 9 13 6 -8 -9 -10 -11 -12 -13 -14 -15
leaf_value=0.30402665550913666 -0.22693814414438579 -0.0039805764348284731 -0.5244279452016799 0.16591138249305359 -0.11177093577617135 -0.38020863788818654 -0.24465355041385756 -0.55635634089227937 0.21256770977045114 0.11110833616749599 -0.37151824200153355 -0.13230359621020524 0.05734719917525543 -0.049889842449838899
leaf_weight=127 98 168 58 414 161 106 112 133 402 519 87 94 162 165
leaf_count=127 98 168 58 414 161 106 112 133 402 519 87 94 162 165
internal_value=-0.00287192 0.110192 -0.350597 0.171712 -0.0269642 -0.251506 -0.312009 -0.495305 0.23506 0.13558 -0.435867 -0.181541 0.0262028 -0.0807045
internal_weight=2806 2118 688 1462 656 410 218 278 529 933 145 192 330 326
internal_count=2806 2118 688 1462 656 410 218 278 529 933 145 192 330 326
is_linear=0
shrinkage=0.035


Tree=20
num_leaves=15
num_cat=0
split_feature=1 1 1 1 1 1 1 0 0 1 0 1 0 1
split_gain=84553.5 14267.2 6930.56 2130.21 1770.29 1256.53 1245.45 887.721 480.51 367.063 350.848 318.815 246.852 199.286
threshold=528.50000000000011 687.50000000000011 270.50000000000006 636.50000000000011 435.50000000000006 64.500000000000014 747.50000000000011 0.75000000000000011 0.75000000000000011 720.50000000000011 0.75000000000000011 594.50000000000011 0.75000000000000011 186.50000000000003
decision_type=2 2 2 2 2 2 2 2 2 2 2 2 2 2
left_child=2 3 5 11 -4 -1 7 -3 -5 -9 13 -2 -6 -7
right_child=1 6 4 8 12 10 -8 9 -10 -11 -12 -13 -14 -15
leaf_value=0.27082178638214655 -0.095293702686003734 -0.47567254153357619 0.10092976184603379 -0.32410162299679179 -0.029704277931818526 0.22260873361874056 -0.53384432225899403 -0.2471460341091814 -0.20561650959260669 -0.38952397995369115 0.15038235366377115 -0.16171659640322797 0.030208284410965791 0.16679852480734553
leaf_weight=229 239 89 600 92 166 222 148 57 94 50 364 148 169 154
leaf_count=229 239 89 600 92 166 222 148 57 94 50 364 148 169 154
internal_value=0.000108385 -0.275825 0.133079 -0.168374 0.0649931 0.198638 -0.453794 -0.390935 -0.265651 -0.316685 0.175963 -0.121052 0.000515012 0.200258
internal_weight=2821 917 1904 573 935 969 344 196 186 107 740 387 335 376
internal_count=2821 917 1904 573 935 969 344 196 186 107 740 387 335 376
is_linear=0
shrinkage=0.035


Tree=21
num_leaves=15
num_cat=0
split_feature=1 1 1 1 1 1 0 1 0 1 1 1 0 0
split_gain=79370 10565 8533.9 2037.99 1641.33 1074.26 987.837 954.419 580.444 503.228 301.01 298.932 285.109 214.703
threshold=549.50000000000011 672.50000000000011 378.50000000000006 144.50000000000003 731.50000000000011 618.50000000000011 0.75000000000000011 468.50000000000006 0.75000000000000011 24.500000000000004 796.50000000000011 270.50000000000006 0.75000000000000011 0.75000000000000011
decision_type=2 2 2 2 2 2 2 2 2 2 2 2 2 2
left_child=2 5 3 9 6 13 -3 -4 -7 -1 -6 -5 -9 -2
right_child=1 4 7 11 10 8 -8 12 -10 -11 -12 -13 -14 -15
leaf_value=0.30277776767719877 -0.148876580542326 -0.42584585737001784 0.05426752675335602 0.15490763870875043 -0.46324452349467155 -0.28969217207751324 -0.26548347790960997 -0.06604139829888836 -0.16354326944864894 0.20724298624004478 -0.6048559693788228 0.11232457632233826 0.0021799515740158373 -0.080529969847769056
leaf_weight=87 119 100 323 458 155 96 105 151 94 431 37 394 148 116
leaf_count=87 119 100 323 458 155 96 105 151 94 431 37 394 148 116
internal_value=0.000774468 -0.288382 0.120181 0.168964 -0.41811 -0.1665 -0.345405 0.0126311 -0.228474 0.223844 -0.493536 0.135372 -0.0323724 -0.115631
internal_weight=2814 822 1992 1370 397 425 205 622 190 518 192 852 299 235
internal_count=2814 822 1992 1370 397 425 205 622 190 518 192 852 299 235
is_linear=0
shrinkage=0.035


Tree=22
num_leaves=15
num_cat=0
split_feature=1 1 1 1 1 1 0 1 1 1 0 0 0 1
split_gain=73181.3 11796.2 6427.8 2448.71 1180.42 1076.77 582.291 520.338 516.145 506.44 457.428 389.426 229.484 245.347
threshold=594.50000000000011 417.50000000000006 711.50000000000011 144.50000000000003 651.50000000000011 501.50000000000006 0.75000000000000011 24.500000000000004 300.50000000000006 796.50000000000011 0.75000000000000011 0.75000000000000011 0.75000000000000011 731.50000000000011
decision_type=2 2 2 2 2 2 2 2 2 2 2 2 2 2
left_child=1 3 4 7 11 -3 -6 -1 -5 10 -4 -2 -7 -12
right_child=2 5 9 8 6 12 -8 -9 -10 -11 13 -13 -14 -15
leaf_value=0.29386874308321215 -0.21807295496881013 0.021526773021666643 -0.51591350683065562 0.14287125892475275 -0.34631346919085532 -0.098862950301418714 -0.22536142092553257 0.19815426123739646 0.091079302994044209 -0.58163680569330856 -0.28934615146791615 -0.11798464423226303 -0.040039805893666271 -0.41609490443091113
leaf_weight=89 99 299 64 570 110 167 106 438 417 41 36 101 162 116
leaf_count=89 99 299 64 570 110 167 106 438 417 41 36 101 162 116
internal_value=0.000941897 0.100987 -0.317152 0.153857 -0.231179 -0.0265142 -0.288277 0.214848 0.121106 -0.454873 -0.428234 -0.168376 -0.0701128 -0.388174
internal_weight=2815 2142 673 1514 416 628 216 527 987 257 216 200 329 152
internal_count=2815 2142 673 1514 416 628 216 527 987 257 216 200 329 152
is_linear=0
shrinkage=0.035


Tree=23
num_leaves=15
num_cat=0
split_feature=1 1 1 1 1 1 1 0 1 0 0 1 0 1
split_gain=68451.6 8665.17 7798.24 1803.19 1371.1 1309.23 720.068 686.723 516.178 480.384 428.508 334.951 232.109 224.787
threshold=573.50000000000011 378.50000000000006 702.50000000000011 80.500000000000014 498.50000000000006 648.50000000000011 755.50000000000011 0.75000000000000011 252.50000000000003 0.75000000000000011 0.75000000000000011 621.50000000000011 0.75000000000000011 16.500000000000004
decision_type=2 2 2 2 2 2 2 2 2 2 2 2 2 2
left_child=1 3 5 13 -3 9 7 -4 12 11 -7 -2 -5 -1
right_child=2 4 6 8 -6 10 -8 -9 -10 -11 -12 -13 -14 -15
leaf_value=0.29834437310891077 -0.14808465131636589 0.043431602691558463 -0.46134316554539651 0.17813366283486223 -0.056599708335326203 -0.32011498765355539 -0.49513536727812985 -0.30793466309037543 0.10569364545860313 -0.097709392654907509 -0.20802025736788271 -0.26387816533675562 0.13336414157814452 0.21541587685488395
leaf_weight=60 92 425 70 301 276 96 123 100 455 136 92 51 314 226
leaf_count=60 92 425 70 301 276 96 123 100 455 136 92 51 314 226
internal_value=-0.000925935 0.103951 -0.28455 0.155569 0.00401993 -0.195051 -0.426044 -0.373442 0.134459 -0.146012 -0.26666 -0.190939 0.155532 0.233798
internal_weight=2817 2057 760 1356 701 467 293 170 1070 279 188 143 615 286
internal_count=2817 2057 760 1356 701 467 293 170 1070 279 188 143 615 286
is_linear=0
shrinkage=0.035


Tree=24
num_leaves=15
num_cat=0
split_feature=1 1 1 1 1 0 1 1 1 0 1 1 1 0
split_gain=64407.8 10220.5 5827.57 2062.73 1002.64 838.06 596.524 511.254 471.514 550.829 419.878 368.128 301.593 235.304
threshold=594.50000000000011 417.50000000000006 708.50000000000011 147.50000000000003 507.50000000000006 0.75000000000000011 627.50000000000011 24.500000000000004 796.50000000000011 0.75000000000000011 324.50000000000006 654.50000000000011 727.50000000000011 0.75000000000000011
decision_type=2 2 2 2 2 2 2 2 2 2 2 2 2 2
left_child=1 3 5 7 -3 6 -2 -1 9 -4 -5 -7 -11 -6
right_child=2 4 8 10 13 11 -8 -9 -10 12 -12 -13 -14 -15
leaf_value=0.27720988787426043 -0.16495398371616998 0.019385960276671686 -0.48916620121002202 0.12905674209561879 -0.098790653700964196 -0.1171398682865547 -0.30166150917689011 0.18233174117884851 -0.54744444072537313 -0.25230293560690353 0.080225467267454567 -0.21249926260745891 -0.38581176322555544 -0.038243732050762556
leaf_weight=88 59 324 69 650 155 111 149 439 40 35 334 98 124 163
leaf_count=88 59 324 69 650 155 111 149 439 40 35 334 98 124 163
internal_value=-0.00102168 0.0930407 -0.296373 0.142721 -0.0239236 -0.213657 -0.263867 0.198673 -0.423797 -0.399801 0.112582 -0.162661 -0.358195 -0.0679783
internal_weight=2838 2153 685 1511 642 417 208 527 268 228 984 209 159 318
internal_count=2838 2153 685 1511 642 417 208 527 268 228 984 209 159 318
is_linear=0
shrinkage=0.035


Tree=25
num_leaves=15
num_cat=0
split_feature=1 1 1 1 1 1 1 1 0 1 0 0 1 0
split_gain=59643.3 8090.53 6640.42 2115.28 1182.59 579.135 468.04 434.656 433.204 425.452 381.712 379.792 246.321 231.201
threshold=573.50000000000011 426.50000000000006 702.50000000000011 147.50000000000003 648.50000000000011 507.50000000000006 751.50000000000011 32.500000000000007 0.75000000000000011 270.50000000000006 0.75000000000000011 0.75000000000000011 621.50000000000011 0.75000000000000011
decision_type=2 2 2 2 2 2 2 2 2 2 2 2 2 2
left_child=1 3 4 7 10 -3 8 -1 -4 -5 12 -6 -2 -9
right_child=2 5 6 9 11 -7 -8 13 -10 -11 -12 -13 -14 -15
leaf_value=0.25368315182047446 -0.13807808118848242 0.012910141781659055 -0.42413429109133216 0.13307053458504381 -0.29729050640458049 -0.060024978659887408 -0.4507437339915949 0.20249235338283381 -0.29253829309145613 0.08691779670931031 -0.091552258453234586 -0.19479302889960157 -0.24233962845305604 0.14768517142648882
leaf_weight=120 84 292 64 447 102 244 135 210 89 566 133 97 47 207
leaf_count=120 84 292 64 447 102 244 135 210 89 566 133 97 47 207
internal_value=0.000550283 0.0968479 -0.2667 0.13736 -0.183954 -0.0203384 -0.398622 0.193575 -0.349993 0.107396 -0.134492 -0.248562 -0.177051 0.175708
internal_weight=2837 2086 751 1550 463 536 288 537 153 1013 264 199 131 417
internal_count=2837 2086 751 1550 463 536 288 537 153 1013 264 199 131 417
is_linear=0
shrinkage=0.035


Tree=26
num_leaves=15
num_cat=0
split_feature=1 1 1 1 1 1 1 0 0 1 1 1 0 0
split_gain=56175.9 7231.2 6285.33 1465.28 1022.77 1003.62 648.735 672.909 512.204 373.011 299.858 272.092 244.106 177.419
threshold=573.50000000000011 378.50000000000006 699.50000000000011 114.50000000000001 480.50000000000006 636.50000000000011 784.50000000000011 0.75000000000000011 0.75000000000000011 727.50000000000011 270.50000000000006 24.500000000000004 0.75000000000000011 0.75000000000000011
decision_type=2 2 2 2 2 2 2 2 2 2 2 2 2 2
left_child=1 3 5 11 -3 13 7 -4 -7 -9 -5 -1 -6 -2
right_child=2 4 6 10 12 8 -8 9 -10 -11 -12 -13 -14 -15
leaf_value=0.25378413545126205 -0.15343039196882496 0.042699004915089968 -0.43085670698483791 0.13344407298409139 -0.072454713687754982 -0.27916525288117244 -0.48804037635557118 -0.21845371466212801 -0.17141319486072179 -0.34250792700449634 0.092703089007256836 0.18014709871824536 -0.012583757163404468 -0.0904982269591873
leaf_weight=86 116 365 89 550 163 116 61 53 116 104 393 325 171 117
leaf_count=86 116 365 89 550 163 116 61 53 116 104 393 325 171 117
internal_value=-0.00202036 0.0936924 -0.256346 0.14086 0.00225337 -0.174577 -0.379223 -0.350366 -0.226264 -0.302288 0.116583 0.196138 -0.0419365 -0.122359
internal_weight=2825 2053 772 1354 699 465 307 246 232 157 943 411 334 233
internal_count=2825 2053 772 1354 699 465 307 246 232 157 943 411 334 233
is_linear=0
shrinkage=0.035


Tree=27
num_leaves=15
num_cat=0
split_feature=1 1 1 1 0 1 1 1 0 1 1 1 1 0
split_gain=51625.2 8427.42 4837.08 1808.04 749.207 661.521 496.576 411.218 466.005 398.771 347.04 330.317 301.043 253.905
threshold=594.50000000000011 432.50000000000006 708.50000000000011 165.50000000000003 0.75000000000000011 525.50000000000011 636.50000000000011 796.50000000000011 0.75000000000000011 24.500000000000004 327.50000000000006 654.50000000000011 727.50000000000011 0.75000000000000011
decision_type=2 2 2 2 2 2 2 2 2 2 2 2 2 2
left_child=1 3 4 9 6 -3 -2 8 -4 -1 -5 -6 -10 -11
right_child=2 5 7 10 11 -7 -8 -9 12 13 -12 -13 -14 -15
leaf_value=0.2448624183569062 -0.16474659100331759 0.0036284329690519845 -0.43852610609982468 0.11370143071584494 -0.09919571669679135 -0.070931152483733287 -0.2843910617689292 -0.49742697172164924 -0.21419999177315657 0.18820641222559975 0.070022816228725027 -0.1889148168754578 -0.34678916416689759 0.13661329100689215
leaf_weight=88 75 340 73 580 111 254 119 39 33 246 374 99 127 260
leaf_count=88 75 340 73 580 111 254 119 39 33 246 374 99 127 260
internal_value=-0.00044968 0.0837199 -0.266885 0.126702 -0.18927 -0.0283166 -0.239228 -0.381044 -0.359514 0.174688 0.096671 -0.142195 -0.320954 0.162021
internal_weight=2818 2142 676 1548 404 594 194 272 233 594 954 210 160 506
internal_count=2818 2142 676 1548 404 594 194 272 233 594 954 210 160 506
is_linear=0
shrinkage=0.035


Tree=28
num_leaves=15
num_cat=0
split_feature=1 1 1 1 1 1 1 0 0 0 0 1 1 1
split_gain=47690.3 6797.51 5081.14 1170.36 1019.55 757.976 636.802 652.873 435.079 340.469 255.188 218.346 202.696 188.447
threshold=552.50000000000011 693.50000000000011 360.50000000000006 68.500000000000014 618.50000000000011 468.50000000000006 759.50000000000011 0.75000000000000011 0.75000000000000011 0.75000000000000011 0.75000000000000011 654.50000000000011 198.50000000000003 720.50000000000011
decision_type=2 2 2 2 2 2 2 2 2 2 2 2 2 2
left_child=2 4 3 -1 -2 -4 7 -3 -6 12 -7 -10 -5 -9
right_child=1 6 5 9 8 10 -8 13 11 -11 -12 -13 -14 -15
leaf_value=0.20291285880080989 -0.091956319663780095 -0.38362594033359149 0.047944153756555891 0.16343941263109446 -0.23742021956255566 -0.059159678704577362 -0.42022229233281372 -0.18744969504987691 -0.094436387536012467 0.097053533131079339 0.0052818590504571028 -0.18744969504987691 0.11751801395009404 -0.28912914786338806
leaf_weight=243 244 88 390 223 132 145 115 46 62 528 155 70 292 69
leaf_count=243 244 88 390 223 132 145 115 46 62 528 155 70 292 69
internal_value=-0.000874924 -0.22405 0.0924811 0.133567 -0.144145 0.0158217 -0.350839 -0.309657 -0.191845 0.11723 -0.0259521 -0.144813 0.137684 -0.250221
internal_weight=2802 826 1976 1286 508 690 318 203 264 1043 300 132 515 115
internal_count=2802 826 1976 1286 508 690 318 203 264 1043 300 132 515 115
is_linear=0
shrinkage=0.035


Tree=29
num_leaves=15
num_cat=0
split_feature=1 1 1 1 1 1 1 0 1 0 0 0 1 0
split_gain=44420.9 7107.98 3563.47 1351.02 933.534 632.264 486.435 408.934 285.304 347.737 238.826 238.158 207.825 173.289
threshold=534.50000000000011 663.50000000000011 330.50000000000006 717.50000000000011 72.500000000000014 435.50000000000006 597.50000000000011 0.75000000000000011 796.50000000000011 0.75000000000000011 0.75000000000000011 0.75000000000000011 198.50000000000003 0.75000000000000011
decision_type=2 2 2 2 2 2 2 2 2 2 2 2 2 2
left_child=2 6 4 7 -1 -4 -2 -3 9 -5 -8 12 -6 -7
right_child=1 3 5 8 11 13 10 -9 -10 -11 -12 -13 -14 -15
leaf_value=0.19307801096147231 -0.070872934924446809 -0.28822880678225049 0.06579071743750238 -0.42654656782690092 0.15922662757983252 -0.023955853808093178 -0.17867126358027263 -0.18238836217641835 -0.4625508864402772 -0.30788232323653264 -0.10639134938182931 0.09822962692079748 0.11078541698853177 0.025093974372148307
leaf_weight=252 226 98 386 52 225 173 119 99 39 141 119 460 239 178
leaf_count=252 226 98 386 52 225 173 119 99 39 141 119 460 239 178
internal_value=0.000208896 -0.203478 0.0953489 -0.306067 0.133145 0.0349384 -0.10817 -0.236239 -0.364085 -0.341897 -0.143135 0.116607 0.134571 0.000914071
internal_weight=2806 893 1913 429 1176 737 464 197 232 193 238 924 464 351
internal_count=2806 893 1913 429 1176 737 464 197 232 193 238 924 464 351
is_linear=0
shrinkage=0.035


Tree=30
num_leaves=15
num_cat=0
split_feature=1 1 1 1 1 1 1 0 0 1 0 1 0 0
split_gain=41121.5 6433.37 4320.37 1331.66 706.368 622.245 296.821 286.449 275.083 244.973 367.252 239.649 177.337 170.511
threshold=591.50000000000011 411.50000000000006 711.50000000000011 123.50000000000001 501.50000000000006 654.50000000000011 267.50000000000006 0.75000000000000011 0.75000000000000011 784.50000000000011 0.75000000000000011 64.500000000000014 0.75000000000000011 0.75000000000000011
decision_type=2 2 2 2 2 2 2 2 2 2 2 2 2 2
left_child=1 3 5 11 12 8 -5 -7 -2 10 -4 -1 -3 -6
right_child=2 4 9 6 13 7 -8 -9 -10 -11 -12 -13 -14 -15
leaf_value=0.19444689056926306 -0.16588923260479654 -0.0053999057066523373 -0.39879653608437748 0.11381324498879797 -0.077645229379120093 -0.25618580266073643 0.075902806012060606 -0.16943606324808316 -0.087638651058304581 -0.42088773632049564 -0.28525170997238158 0.13939520913244477 0.04604087643180263 -0.026820782168651237
leaf_weight=224 115 161 65 519 160 101 517 108 114 62 124 201 166 166
leaf_count=224 115 161 65 519 160 101 517 108 114 62 124 201 166 166
internal_value=-0.000776758 0.0757658 -0.235398 0.116562 -0.0155469 -0.168397 0.0949877 -0.212387 -0.127493 -0.351176 -0.326204 0.168803 0.0207692 -0.0519318
internal_weight=2803 2114 689 1461 653 438 1036 209 229 251 189 425 327 326
internal_count=2803 2114 689 1461 653 438 1036 209 229 251 189 425 327 326
is_linear=0
shrinkage=0.035


Tree=31
num_leaves=15
num_cat=0
split_feature=1 1 1 1 1 1 0 1 0 0 1 1 1 0
split_gain=39141.5 6281.57 3201.15 1211.59 848.512 538.497 532.467 500.266 264.393 249.538 220.634 194.728 179.178 147.952
threshold=528.50000000000011 663.50000000000011 330.50000000000006 755.50000000000011 64.500000000000014 438.50000000000006 0.75000000000000011 600.50000000000011 0.75000000000000011 0.75000000000000011 687.50000000000011 727.50000000000011 186.50000000000003 0.75000000000000011
decision_type=2 2 2 2 2 2 2 2 2 2 2 2 2 2
left_child=2 7 4 6 -1 -4 10 -2 -9 12 -3 -8 -6 -7
right_child=1 3 5 -5 9 13 11 8 -10 -11 -12 -13 -14 -15
leaf_value=0.18465756912827497 -0.06790213286973798 -0.22555144974978075 0.059421885364412827 -0.37965594720840456 0.15250625701295847 -0.02461978633108013 -0.17356465176364475 -0.17770685201711633 -0.10038337630193843 0.092471223169300329 -0.33437922792434699 -0.26303613857269287 0.10785230462253095 0.022467042948316245
leaf_weight=239 256 45 397 125 220 164 115 114 114 487 89 49 255 161
leaf_count=239 256 45 397 125 220 164 115 114 114 487 89 49 255 161
internal_value=0.00104397 -0.188364 0.0904325 -0.286789 0.125427 0.0321263 -0.246689 -0.101927 -0.13966 0.110533 -0.299787 -0.20174 0.128815 -0.00129096
internal_weight=2830 907 1923 423 1201 722 298 484 228 962 134 164 475 325
internal_count=2830 907 1923 423 1201 722 298 484 228 962 134 164 475 325
is_linear=0
shrinkage=0.035


Tree=32
num_leaves=15
num_cat=0
split_feature=1 1 1 1 1 1 0 1 0 0 1 1 1 0
split_gain=36790.7 6227.46 2879.08 929.76 859.687 558.317 416.062 356.544 301.448 283.219 234.955 166.461 139.765 128.781
threshold=528.50000000000011 669.50000000000011 348.50000000000006 731.50000000000011 64.500000000000014 627.50000000000011 0.75000000000000011 468.50000000000006 0.75000000000000011 0.75000000000000011 796.50000000000011 204.50000000000003 294.50000000000006 0.75000000000000011
decision_type=2 2 2 2 2 2 2 2 2 2 2 2 2 2
left_child=2 5 4 6 -1 13 -3 -4 -7 11 -5 -6 -11 -2
right_child=1 3 7 10 9 8 -8 -9 -10 12 -12 -13 -14 -15
leaf_value=0.18019917169304397 -0.097549794434197243 -0.28427899675099361 0.045170250907874049 -0.31666587024407106 0.14488069352593444 -0.20549002095641972 -0.18200388900908562 -0.010812853815399153 -0.10424543638015787 0.094647137218984545 -0.42699134454061827 0.10322560822692786 0.046605888927335803 -0.054575120828170329
leaf_weight=228 179 105 419 148 242 78 109 208 74 420 42 263 94 174
leaf_count=228 179 105 419 148 242 78 109 208 74 420 42 263 94 174
internal_value=-0.000773804 -0.183376 0.0878484 -0.285687 0.118593 -0.101121 -0.233283 0.0266081 -0.157215 0.104644 -0.343171 0.123437 0.0859723 -0.0765858
internal_weight=2783 909 1874 404 1247 505 214 627 152 1019 190 505 514 353
internal_count=2783 909 1874 404 1247 505 214 627 152 1019 190 505 514 353
is_linear=0
shrinkage=0.035


Tree=33
num_leaves=15
num_cat=0
split_feature=1 1 1 1 1 1 1 0 1 0 1 1 0 0
split_gain=34124.4 4516.67 3994.14 1050.57 637.272 563.211 427.656 456.14 353.577 322.118 329.748 164.579 158.725 142.704
threshold=576.50000000000011 399.50000000000006 699.50000000000011 80.500000000000014 636.50000000000011 501.50000000000006 796.50000000000011 0.75000000000000011 252.50000000000003 0.75000000000000011 727.50000000000011 16.500000000000004 0.75000000000000011 0.75000000000000011
decision_type=2 2 2 2 2 2 2 2 2 2 2 2 2 2
left_child=1 3 4 11 -2 13 7 -4 12 -6 -9 -1 -5 -3
right_child=2 5 6 8 9 -7 -8 10 -10 -11 -12 -13 -14 -15
leaf_value=0.22029475799683601 -0.093249022144061527 0.0015313257541835724 -0.35065283731932056 0.12808951965862553 -0.21771270932097084 -0.043648247601974895 -0.41434248928907441 -0.16119523441046477 0.07015156941548005 -0.13227928801421571 -0.27652314478667211 0.15144137781617889 0.091349112839009802 0.044628621613009553
leaf_weight=61 220 193 88 301 120 269 40 47 527 112 128 222 310 183
leaf_count=61 220 193 88 301 120 269 40 47 527 112 128 222 310 183
internal_value=-0.00184896 0.071744 -0.203061 0.106589 -0.13665 -0.00506623 -0.30135 -0.282653 0.0914277 -0.177221 -0.246651 0.167012 0.109631 0.0225743
internal_weight=2821 2066 755 1421 452 645 303 263 1138 232 175 283 611 376
internal_count=2821 2066 755 1421 452 645 303 263 1138 232 175 283 611 376
is_linear=0
shrinkage=0.035


Tree=34
num_leaves=15
num_cat=0
split_feature=1 1 1 1 1 1 1 0 1 1 0 0 1 0
split_gain=31907.2 4877.34 2955.2 1227.92 503.558 353.035 302.754 299.381 272.788 238.969 230.126 176.01 131.674 125.158
threshold=591.50000000000011 435.50000000000006 708.50000000000011 144.50000000000003 654.50000000000011 513.50000000000011 796.50000000000011 0.75000000000000011 16.500000000000004 270.50000000000006 0.75000000000000011 0.75000000000000011 627.50000000000011 0.75000000000000011
decision_type=2 2 2 2 2 2 2 2 2 2 2 2 2 2
left_child=1 3 4 8 10 13 7 -4 -1 -5 12 -6 -2 -3
right_child=2 5 6 9 11 -7 -8 -9 -10 -11 -12 -13 -14 -15
leaf_value=0.21267101888887346 -0.11042700595657032 -0.018287009955302264 -0.34036376885518643 0.095466514763256308 -0.22350625836480528 -0.05021235299523813 -0.39029432590802515 -0.24643359658600375 0.13217418851053869 0.061601345707345899 -0.073857322692478966 -0.15239217979183384 -0.19155462653934954 0.028606335362873672
leaf_weight=61 65 136 72 459 96 277 41 161 467 600 113 101 47 141
leaf_count=61 65 136 72 459 96 277 41 161 467 600 113 101 47 141
internal_value=9.85081e-05 0.0670315 -0.205595 0.0982276 -0.146888 -0.0223464 -0.295144 -0.276797 0.141862 0.0763573 -0.110204 -0.188009 -0.145881 0.00559363
internal_weight=2837 2141 696 1587 422 554 274 233 528 1059 225 197 112 277
internal_count=2837 2141 696 1587 422 554 274 233 528 1059 225 197 112 277
is_linear=0
shrinkage=0.035


Tree=35
num_leaves=15
num_cat=0
split_feature=1 1 1 1 1 1 1 0 0 0 0 1 1 1
split_gain=29263.9 4190.38 3019.68 779.423 744.013 441.659 346.907 310.276 300.306 249.98 168.871 147.959 147.429 135.909
threshold=549.50000000000011 702.50000000000011 360.50000000000006 618.50000000000011 68.500000000000014 468.50000000000006 755.50000000000011 0.75000000000000011 0.75000000000000011 0.75000000000000011 0.75000000000000011 651.50000000000011 201.50000000000003 294.50000000000006
decision_type=2 2 2 2 2 2 2 2 2 2 2 2 2 2
left_child=2 3 4 -2 -1 -4 9 -5 12 -3 -7 -9 -6 -10
right_child=1 6 5 7 8 10 -8 11 13 -11 -12 -13 -14 -15
leaf_value=0.15884099183592107 -0.071405293259719352 -0.29718197215137199 0.037779862656828457 -0.19164525720446901 0.13026529557627392 -0.045942388052846596 -0.32667408881370846 -0.071405293259719352 0.082182145516561764 -0.20008087740449806 0.0068929623705089879 -0.14457752096176762 0.092212699588631444 0.040104106349533229
leaf_weight=247 258 66 388 147 245 144 129 55 412 91 151 96 290 126
leaf_count=247 258 66 388 147 245 144 129 55 412 91 151 96 290 126
internal_value=0.000273242 -0.172738 0.0730526 -0.116385 0.103946 0.0132784 -0.281497 -0.154952 0.0911721 -0.242534 -0.01896 -0.118194 0.109852 0.0724234
internal_weight=2845 842 2003 556 1320 683 286 298 1073 157 295 151 535 538
internal_count=2845 842 2003 556 1320 683 286 298 1073 157 295 151 535 538
is_linear=0
shrinkage=0.035


Tree=36
num_leaves=15
num_cat=0
split_feature=1 1 1 1 1 1 1 0 0 1 0 0 0 1
split_gain=27208.6 4402.78 2449.06 722.168 700.346 373.621 332.395 588.211 220.98 197.727 172.753 124.911 123.723 101.294
threshold=594.50000000000011 378.50000000000006 702.50000000000011 114.50000000000001 501.50000000000006 648.50000000000011 778.50000000000011 0.75000000000000011 0.75000000000000011 16.500000000000004 0.75000000000000011 0.75000000000000011 0.75000000000000011 204.50000000000003
decision_type=2 2 2 2 2 2 2 2 2 2 2 2 2 2
left_child=1 3 5 9 -3 10 7 -4 13 -1 -2 -6 -7 -5
right_child=2 4 6 8 11 12 -8 -9 -10 -11 -12 -13 -14 -15
leaf_value=0.19835986471984349 -0.13584151108816583 0.023161067673751496 -0.32128079282946703 0.12081509072117554 -0.065909689343318978 -0.20037358480753359 -0.33828323602048982 -0.19715992462007628 0.064210529666715935 0.12654809892376265 -0.069070370317208321 -0.022988047839718403 -0.13925934355175987 0.085882000224985156
leaf_weight=58 93 437 81 168 163 96 75 132 472 359 105 172 96 313
leaf_count=58 93 437 81 168 163 96 75 132 472 359 105 172 96 313
internal_value=-0.000333223 0.0608402 -0.193405 0.0984857 -0.00600462 -0.135653 -0.270866 -0.24565 0.0815092 0.136991 -0.100966 -0.0440115 -0.170705 0.0983121
internal_weight=2820 2142 678 1370 772 390 288 213 953 417 198 335 192 481
internal_count=2820 2142 678 1370 772 390 288 213 953 417 198 335 192 481
is_linear=0
shrinkage=0.035


Tree=37
num_leaves=15
num_cat=0
split_feature=1 1 1 1 1 0 1 0 1 0 0 1 0 1
split_gain=25942.9 4372.42 2113.15 793.831 498.25 405.265 354.278 266.322 205.41 175.93 137.121 130.531 123.132 122.046
threshold=528.50000000000011 663.50000000000011 324.50000000000006 731.50000000000011 64.500000000000014 0.75000000000000011 468.50000000000006 0.75000000000000011 621.50000000000011 0.75000000000000011 0.75000000000000011 796.50000000000011 0.75000000000000011 681.50000000000011
decision_type=2 2 2 2 2 2 2 2 2 2 2 2 2 2
left_child=2 7 4 5 -1 13 -4 8 -2 -6 -8 12 -5 -3
right_child=1 3 6 11 9 -7 10 -9 -10 -11 -12 -13 -14 -15
leaf_value=0.14967809189067169 -0.081408495657755139 -0.17123811895847321 0.043884524053913361 -0.33580296058654785 0.10764015450288064 -0.14313394661521911 -0.037890877678603781 -0.051522696584049205 -0.14313394661521911 0.076836269963130713 0.018284042391943461 -0.35409815885962515 -0.24503717985573942 -0.2630971485096732
leaf_weight=237 158 34 528 34 477 124 105 233 71 467 106 40 118 80
leaf_count=237 158 34 528 34 477 124 105 233 71 467 106 40 118 80
internal_value=0.00260618 -0.153261 0.0750624 -0.233492 0.104093 -0.189119 0.0285877 -0.0782396 -0.105073 0.0925007 -0.00970892 -0.287223 -0.267414 -0.237443
internal_weight=2812 892 1920 430 1181 238 739 462 229 944 211 192 152 114
internal_count=2812 892 1920 430 1181 238 739 462 229 944 211 192 152 114
is_linear=0
shrinkage=0.035


Tree=38
num_leaves=15
num_cat=0
split_feature=1 1 1 1 1 1 0 0 1 1 0 0 1 0
split_gain=24377.2 3870.19 2128.9 758.629 409.84 292.887 263.668 244.232 220.479 213.847 196.53 175.567 129.381 109.988
threshold=594.50000000000011 411.50000000000006 699.50000000000011 144.50000000000003 525.50000000000011 755.50000000000011 0.75000000000000011 0.75000000000000011 16.500000000000004 627.50000000000011 0.75000000000000011 0.75000000000000011 648.50000000000011 0.75000000000000011
decision_type=2 2 2 2 2 2 2 2 2 2 2 2 2 2
left_child=1 3 6 8 11 7 9 -4 -1 -2 -5 -3 -8 -6
right_child=2 4 5 10 13 -7 12 -9 -10 -11 -12 -13 -14 -15
leaf_value=0.18820716815981375 -0.099811363713939991 -0.015462271482877182 -0.272222268058459 0.085312719274358267 -0.072935687689642009 -0.29809945749855044 -0.068661699424641801 -0.18218851632824043 0.11371465846987873 -0.18318003189916676 0.05349086420421259 0.030125478276083077 -0.12822667909533747 -0.026055590708222658
leaf_weight=57 59 206 74 485 123 124 96 100 454 132 484 206 92 125
leaf_count=57 59 206 74 485 123 124 96 100 454 132 484 206 92 125
internal_value=-0.00150977 0.0564088 -0.184406 0.0878234 -0.0140598 -0.25446 -0.128795 -0.221825 0.122379 -0.158091 0.0694915 0.00734512 -0.098344 -0.0495132
internal_weight=2817 2140 677 1480 660 298 379 174 511 191 969 412 188 248
internal_count=2817 2140 677 1480 660 298 379 174 511 191 969 412 188 248
is_linear=0
shrinkage=0.035


Tree=39
num_leaves=15
num_cat=0
split_feature=1 1 1 1 1 1 1 0 0 1 0 0 1 1
split_gain=22788.4 3342.4 2350.98 535.796 491.651 467.982 334.99 400.18 288.126 172.233 151.032 124.924 107.811 98.6456
threshold=552.50000000000011 699.50000000000011 330.50000000000006 618.50000000000011 68.500000000000014 465.50000000000006 784.50000000000011 0.75000000000000011 0.75000000000000011 727.50000000000011 0.75000000000000011 0.75000000000000011 207.50000000000003 16.500000000000004
decision_type=2 2 2 2 2 2 2 2 2 2 2 2 2 2
left_child=2 3 4 -2 13 -4 7 -3 -5 -9 12 -7 -6 -1
right_child=1 6 5 8 10 11 -8 9 -10 -11 -12 -13 -14 -15
leaf_value=0.1798537176767985 -0.061705314048986527 -0.28405550134181984 0.03816419664671461 -0.16743382061288173 0.11316032536679169 -0.038961558880414936 -0.31810535220666369 -0.12973234826355026 -0.0959088082888888 -0.21319351279091192 0.068135055490824534 0.0052946444011460515 0.078049149293038592 0.12448149217286877
leaf_weight=59 247 90 477 145 245 156 65 51 143 110 463 155 215 192
leaf_count=59 247 90 477 145 245 156 65 51 143 110 463 155 215 192
internal_value=-0.00239351 -0.15355 0.063213 -0.0999303 0.094582 0.0164151 -0.243722 -0.223266 -0.13238 -0.18773 0.0825911 -0.0169527 0.0969584 0.138166
internal_weight=2813 851 1962 535 1174 788 316 251 288 161 923 311 460 251
internal_count=2813 851 1962 535 1174 788 316 251 288 161 923 311 460 251
is_linear=0
shrinkage=0.035


Tree=40
num_leaves=15
num_cat=0
split_feature=1 1 1 1 1 1 0 1 0 0 1 0 0 0
split_gain=20313.4 2813.57 2360.47 653.251 525.574 389.266 256.925 218.915 220.465 215.133 162.738 142.028 140.295 125.159
threshold=555.50000000000011 711.50000000000011 348.50000000000006 645.50000000000011 144.50000000000003 468.50000000000006 0.75000000000000011 796.50000000000011 0.75000000000000011 0.75000000000000011 24.500000000000004 0.75000000000000011 0.75000000000000011 0.75000000000000011
decision_type=2 2 2 2 2 2 2 2 2 2 2 2 2 2
left_child=2 3 4 6 10 -4 -2 8 -3 -5 -1 -6 -7 -12
right_child=1 7 5 9 11 12 -8 -9 -10 -11 13 -13 -14 -15
leaf_value=0.16123123006711063 -0.1026764633251445 -0.28780768653269734 0.031798938931612002 -0.18081369619311827 0.085662702223833875 -0.042937484727300419 -0.040386802219909181 -0.32597462612245143 -0.20212650507502261 -0.11235607835625611 0.12648070802441183 0.054287999370117808 0.0038209354691678969 0.087198475877620751
leaf_weight=86 163 61 426 123 356 156 165 40 150 119 211 370 157 215
leaf_count=86 163 61 426 123 356 156 165 40 150 119 211 370 157 215
internal_value=-0.00119254 -0.14743 0.0595792 -0.104119 0.0891084 0.010055 -0.071565 -0.244975 -0.228146 -0.147759 0.116334 0.0697719 -0.0195405 0.10691
internal_weight=2798 821 1977 570 1238 739 328 251 211 242 512 726 313 426
internal_count=2798 821 1977 570 1238 739 328 251 211 242 512 726 313 426
is_linear=0
shrinkage=0.035


Tree=41
num_leaves=15
num_cat=0
split_feature=1 1 1 1 1 1 0 1 0 0 1 0 0 1
split_gain=19808.9 2919.45 1659.57 609.369 331.756 309.169 219.086 208.504 235.633 142.331 128.082 124.376 122.196 118.323
threshold=591.50000000000011 405.50000000000006 711.50000000000011 114.50000000000001 498.50000000000006 663.50000000000011 0.75000000000000011 796.50000000000011 0.75000000000000011 0.75000000000000011 16.500000000000004 0.75000000000000011 0.75000000000000011 288.50000000000006
decision_type=2 2 2 2 2 2 2 2 2 2 2 2 2 2
left_child=1 3 5 10 -3 9 -5 8 -4 -2 -1 -6 -7 -8
right_child=2 4 7 6 11 12 13 -9 -10 -11 -12 -13 -14 -15
leaf_value=0.16815640830126677 -0.12110011642775499 0.017108593496482742 -0.27881662661618878 0.082615549360161536 -0.054367226773436063 -0.18756890923616498 0.064081868959183899 -0.31031609312693276 -0.19165304640324221 -0.067642213802142151 0.10840397991540682 -0.011408659491884084 -0.12325285633788052 0.03017867531044478
leaf_weight=54 127 330 60 522 161 85 316 41 160 128 367 170 82 215
leaf_count=54 127 330 60 522 161 85 316 41 160 128 367 170 82 215
internal_value=0.000920367 0.0534137 -0.163005 0.0808059 -0.00769702 -0.119605 0.0664554 -0.232446 -0.216587 -0.0946422 0.116453 -0.03241 -0.156921 0.0504404
internal_weight=2818 2135 683 1474 661 422 1053 261 220 255 421 331 167 531
internal_count=2818 2135 683 1474 661 422 1053 261 220 255 421 331 167 531
is_linear=0
shrinkage=0.035


Tree=42
num_leaves=15
num_cat=0
split_feature=1 1 1 1 1 0 1 1 0 0 1 1 0 0
split_gain=17707.2 2420.95 1888.31 617.762 476.992 379.458 274.012 167.906 201.912 145.801 125.153 115.183 103.305 103.267
threshold=549.50000000000011 717.50000000000011 360.50000000000006 612.50000000000011 114.50000000000001 0.75000000000000011 468.50000000000006 778.50000000000011 0.75000000000000011 0.75000000000000011 36.500000000000007 675.50000000000011 0.75000000000000011 0.75000000000000011
decision_type=2 2 2 2 2 2 2 2 2 2 2 2 2 2
left_child=2 3 4 -2 10 11 -4 8 -3 -6 -1 -5 -12 -8
right_child=1 7 6 5 9 -7 13 -9 -10 -11 12 -13 -14 -15
leaf_value=0.14184224629311162 -0.05267766382977198 -0.26773974707547354 0.029020564478758393 -0.13553944743887103 0.081229395238682639 -0.089402440797459959 -0.035792967025332453 -0.27859925751106163 -0.17615330073127042 0.052605383145786472 0.11944341467698416 -0.19588518363335417 0.075924916230731734 0.0055921496515644008
leaf_weight=130 236 50 394 115 447 191 150 73 107 446 149 75 138 144
leaf_count=130 236 50 394 115 447 191 150 73 107 446 149 75 138 144
internal_value=9.38785e-05 -0.133922 0.0569459 -0.0975161 0.0815895 -0.125075 0.00996988 -0.230732 -0.206842 0.0670102 0.112572 -0.16027 0.0988605 -0.0155665
internal_weight=2845 847 1998 617 1310 381 688 230 157 893 417 190 287 294
internal_count=2845 847 1998 617 1310 381 688 230 157 893 417 190 287 294
is_linear=0
shrinkage=0.035


Tree=43
num_leaves=15
num_cat=0
split_feature=1 1 1 1 1 0 1 1 0 0 0 1 0 1
split_gain=17080.5 2856.3 1436 440.479 362.959 321.067 302.572 276.642 124.247 113.064 107.613 98.7828 97.9416 112.796
threshold=528.50000000000011 690.50000000000011 306.50000000000006 636.50000000000011 759.50000000000011 0.75000000000000011 64.500000000000014 435.50000000000006 0.75000000000000011 0.75000000000000011 0.75000000000000011 186.50000000000003 0.75000000000000011 720.50000000000011
decision_type=2 2 2 2 2 2 2 2 2 2 2 2 2 2
left_child=2 3 6 9 5 -3 -1 -4 11 -2 -9 -8 -5 -7
right_child=1 4 7 12 -6 13 8 10 -10 -11 -12 -13 -14 -15
leaf_value=0.12195426143427691 -0.073858691709694169 -0.22572488083162659 0.041165396560913843 -0.14522115768778207 -0.25558446964239467 -0.098640700223334765 0.10594956166797216 -0.020465076471378761 0.062655677118133038 -0.036347462138757114 0.019152615345674841 0.071531104881808458 -0.092647343222517525 -0.16834574406407773
leaf_weight=224 202 95 473 98 116 58 224 165 444 199 169 211 95 71
leaf_count=224 202 95 473 98 116 58 224 165 444 199 169 211 95 71
internal_value=-0.000476324 -0.123059 0.0594991 -0.0765363 -0.203868 -0.176061 0.0854438 0.0239742 0.0760097 -0.0553845 -0.000416442 0.089461 -0.119963 -0.138019
internal_weight=2844 934 1910 594 340 224 1103 807 879 401 334 435 193 129
internal_count=2844 934 1910 594 340 224 1103 807 879 401 334 435 193 129
is_linear=0
shrinkage=0.035


Tree=44
num_leaves=15
num_cat=0
split_feature=1 1 1 1 1 1 0 1 0 0 0 1 1 0
split_gain=15942.4 2420.86 1585.05 598.272 404.687 262.372 172.86 145.813 164.606 115.236 114.641 91.292 76.2905 65.2335
threshold=543.50000000000011 717.50000000000011 270.50000000000006 648.50000000000011 435.50000000000006 80.500000000000014 0.75000000000000011 784.50000000000011 0.75000000000000011 0.75000000000000011 0.75000000000000011 621.50000000000011 12.500000000000002 0.75000000000000011
decision_type=2 2 2 2 2 2 2 2 2 2 2 2 2 2
left_child=2 3 5 6 -4 12 11 8 -3 -5 -6 -2 -1 -7
right_child=1 7 4 9 10 13 -8 -9 -10 -11 -12 -13 -14 -15
leaf_value=0.15940479402108626 -0.069405579879628254 -0.25482426424668386 0.041643675914927229 -0.15496133365476228 -0.02312074205194815 0.085103901518829947 -0.037567330522462729 -0.26697325001043437 -0.17351364801212299 -0.10537885142510175 0.014277530862684341 -0.12506230235687243 0.10588776472684498 0.062785220789251972
leaf_weight=43 147 51 594 126 194 347 195 67 122 130 206 51 245 339
leaf_count=43 147 51 594 126 194 347 195 67 122 130 206 51 245 339
internal_value=-0.00109296 -0.124025 0.0544729 -0.0886618 0.0233416 0.0861852 -0.061274 -0.218883 -0.198821 -0.130298 -0.00386869 -0.0843066 0.114408 0.0741847
internal_weight=2857 889 1968 649 994 974 393 240 173 256 400 198 288 686
internal_count=2857 889 1968 649 994 974 393 240 173 256 400 198 288 686
is_linear=0
shrinkage=0.035


Tree=45
num_leaves=15
num_cat=0
split_feature=1 1 1 1 1 1 1 0 0 0 0 1 0 1
split_gain=14600.1 2365.66 1311.03 572.213 284.654 250.751 227.502 140.553 106.536 94.8759 84.2239 78.8498 75.8648 60.7903
threshold=528.50000000000011 663.50000000000011 270.50000000000006 755.50000000000011 435.50000000000006 40.500000000000007 609.50000000000011 0.75000000000000011 0.75000000000000011 0.75000000000000011 0.75000000000000011 186.50000000000003 0.75000000000000011 727.50000000000011
decision_type=2 2 2 2 2 2 2 2 2 2 2 2 2 2
left_child=2 6 5 7 -4 -1 9 -3 11 -2 -6 -7 -8 -9
right_child=1 3 4 -5 10 8 12 13 -10 -11 -12 -13 -14 -15
leaf_value=0.12484298781922323 -0.06110366845678758 -0.17484951602564711 0.039421363503398366 -0.23620352480874252 -0.01917530243720951 0.099519107569588566 -0.1143009443005449 -0.10773208198438471 0.062409666586306672 -0.020905438544414939 0.01608708232033932 0.066859763849865306 -0.068172601369520025 -0.15844793030112983
leaf_weight=150 152 133 584 132 162 269 94 116 418 139 168 153 95 49
leaf_count=150 152 133 584 132 162 269 94 116 418 139 168 153 95 49
internal_value=-8.24482e-05 -0.115327 0.0550284 -0.174889 0.0247592 0.082919 -0.0617132 -0.147025 0.075291 -0.0420458 -0.00122389 0.0878684 -0.0916048 -0.123667
internal_weight=2814 910 1904 430 914 990 480 298 840 291 330 422 189 165
internal_count=2814 910 1904 430 914 990 480 298 840 291 330 422 189 165
is_linear=0
shrinkage=0.035


Tree=46
num_leaves=15
num_cat=0
split_feature=1 1 1 1 1 1 0 1 0 1 0 1 1 0
split_gain=13648.3 2211.96 1177.52 513.022 276.68 239.828 128.199 124.445 123.125 119.659 109.072 78.9797 77.5772 76.833
threshold=594.50000000000011 399.50000000000006 696.50000000000011 114.50000000000001 507.50000000000006 747.50000000000011 0.75000000000000011 24.500000000000004 0.75000000000000011 648.50000000000011 0.75000000000000011 198.50000000000003 294.50000000000006 0.75000000000000011
decision_type=2 2 2 2 2 2 2 2 2 2 2 2 2 2
left_child=1 3 9 7 -3 8 11 -1 -4 -2 -9 -5 -8 -6
right_child=2 4 5 6 13 -7 12 10 -10 -11 -12 -13 -14 -15
leaf_value=0.13844666790962221 -0.074673606666275358 0.012217994770560932 -0.19031672353245732 0.088013353434205063 -0.048873368179975459 -0.21981752747711483 0.052713270099475081 0.1110594067780868 -0.12381053141062148 -0.11568167713405458 0.068848565167888912 0.057795918150787037 0.024338523307598212 -0.014317514553247023
leaf_weight=90 197 394 71 159 158 151 325 160 87 173 157 363 190 159
leaf_count=90 197 394 71 159 158 151 325 160 87 173 157 363 190 159
internal_value=5.30435e-05 0.0431742 -0.136664 0.0680421 -0.00735331 -0.187142 0.0548731 0.101374 -0.154716 -0.0941125 0.0904415 0.0671541 0.0423158 -0.031646
internal_weight=2834 2155 679 1444 711 309 1037 407 158 370 317 522 515 317
internal_count=2834 2155 679 1444 711 309 1037 407 158 370 317 522 515 317
is_linear=0
shrinkage=0.035


Tree=47
num_leaves=15
num_cat=0
split_feature=1 1 1 1 0 1 0 1 1 0 0 1 1 1
split_gain=12821.9 2035.75 1106.35 472.766 213.648 159.359 145.032 141.571 116.89 125.752 100.323 94.1147 89.5446 89.1949
threshold=597.50000000000011 432.50000000000006 717.50000000000011 165.50000000000003 0.75000000000000011 24.500000000000004 0.75000000000000011 627.50000000000011 796.50000000000011 0.75000000000000011 0.75000000000000011 654.50000000000011 498.50000000000006 522.50000000000011
decision_type=2 2 2 2 2 2 2 2 2 2 2 2 2 2
left_child=1 3 4 5 7 -1 13 -2 9 -4 -7 -6 -8 -3
right_child=2 6 8 -5 11 10 12 -9 -10 -11 -12 -13 -14 -15
leaf_value=0.13191184987881605 -0.072318351358324304 -0.014194499783488839 -0.23110066712647676 0.046939877632005883 -0.051303666861297989 0.094551801913518183 0.026300432240345221 -0.14281190643584959 -0.25728350477218631 -0.16246531696714089 0.062653411562382494 -0.098165118207870911 -0.012326324975309342 -0.053237170142602618
leaf_weight=84 49 164 55 962 103 259 121 161 39 138 248 117 184 128
leaf_count=84 49 164 55 962 103 259 121 161 39 138 248 117 184 128
internal_value=-0.000417631 0.04106 -0.134987 0.0621654 -0.101336 0.0868246 -0.0138514 -0.126792 -0.196649 -0.183124 0.0791061 -0.0765648 0.00302788 -0.0314384
internal_weight=2812 2150 662 1553 430 591 597 210 232 193 507 220 305 292
internal_count=2812 2150 662 1553 430 591 597 210 232 193 507 220 305 292
is_linear=0
shrinkage=0.035


Tree=48
num_leaves=15
num_cat=0
split_feature=1 1 1 1 0 1 1 1 1 0 1 0 1 0
split_gain=12190.3 1966.58 943.693 334.32 224.24 211.708 172.045 159.517 103.521 81.9319 66.3206 101.033 64.5043 62.0948
threshold=528.50000000000011 663.50000000000011 267.50000000000006 755.50000000000011 0.75000000000000011 474.50000000000006 40.500000000000007 600.50000000000011 687.50000000000011 0.75000000000000011 378.50000000000006 0.75000000000000011 201.50000000000003 0.75000000000000011
decision_type=2 2 2 2 2 2 2 2 2 2 2 2 2 2
left_child=2 7 6 4 8 10 -1 13 -3 12 11 -4 -8 -2
right_child=1 3 5 -5 -6 -7 9 -9 -10 -11 -12 -13 -14 -15
leaf_value=0.11153386084584223 -0.054131587013997368 -0.12207094441250313 0.061068703393437972 -0.20805042838868298 -0.11027194156888201 -0.0072934023644463126 0.089422694050510176 -0.078295681573384637 -0.19531844877180363 0.057282837842595677 0.022274418745397866 0.025643623256081775 0.061068703393437972 -0.019147526905551309
leaf_weight=137 131 42 200 130 165 193 283 225 91 408 336 199 119 121
leaf_count=137 131 42 200 130 165 193 283 225 91 408 336 199 119 121
internal_value=-0.000494832 -0.105921 0.0504195 -0.160334 -0.138886 0.0252926 0.0749877 -0.0568613 -0.173284 0.0686743 0.0338499 0.0435132 0.0800607 -0.0374827
internal_weight=2780 905 1875 428 298 928 947 477 133 810 735 399 402 252
internal_count=2780 905 1875 428 298 928 947 477 133 810 735 399 402 252
is_linear=0
shrinkage=0.035


Tree=49
num_leaves=15
num_cat=0
split_feature=1 1 1 1 1 1 0 1 0 1 1 0 1 1
split_gain=10939.2 1750.42 934.11 326.886 253.401 190.253 159.294 149.244 146.518 88.5334 86.6468 86.4938 76.0959 59.0444
threshold=594.50000000000011 378.50000000000006 699.50000000000011 72.500000000000014 504.50000000000006 802.50000000000011 0.75000000000000011 727.50000000000011 0.75000000000000011 8.5000000000000018 297.50000000000006 0.75000000000000011 648.50000000000011 204.50000000000003
decision_type=2 2 2 2 2 2 2 2 2 2 2 2 2 2
left_child=1 3 11 9 -3 6 -4 -8 13 -1 -10 -2 -13 -5
right_child=2 4 5 8 -6 -7 7 -9 10 -11 -12 12 -14 -15
leaf_value=0.15340217115730048 -0.10291975414725119 0.012873445285970364 -0.19947376666891944 0.079172067858339343 -0.02753898733505758 -0.25625315249350761 -0.086336254305076771 -0.1581772686781707 0.048806109009215899 0.08858921156229918 0.017564593206855949 -0.044685860506629434 -0.086336254305076771 0.055314516507983212
leaf_weight=31 193 451 88 245 327 30 49 134 412 231 150 92 88 299
leaf_count=31 193 451 88 245 327 30 49 134 412 231 150 92 88 299
internal_value=-0.000847447 0.0377905 -0.123746 0.0616144 -0.00412354 -0.169659 -0.15916 -0.138786 0.0531934 0.0968187 0.0405167 -0.0863363 -0.068075 0.066188
internal_weight=2820 2146 674 1368 778 301 271 183 1106 262 562 373 180 544
internal_count=2820 2146 674 1368 778 301 271 183 1106 262 562 373 180 544
is_linear=0
shrinkage=0.035


Tree=50
num_leaves=15
num_cat=0
split_feature=1 1 1 1 1 1 0 1 0 0 0 1 1 1
split_gain=10472.4 1624.78 1058.25 325.311 170.563 165.815 115.196 106.81 160.232 102.459 86.735 72.2973 71.4776 67.3058
threshold=588.50000000000011 405.50000000000006 711.50000000000011 76.500000000000014 654.50000000000011 492.50000000000006 0.75000000000000011 796.50000000000011 0.75000000000000011 0.75000000000000011 0.75000000000000011 24.500000000000004 621.50000000000011 231.50000000000003
decision_type=2 2 2 2 2 2 2 2 2 2 2 2 2 2
left_child=1 3 4 11 10 9 -5 8 -4 -3 12 -1 -2 -8
right_child=2 5 7 6 -6 -7 13 -9 -10 -11 -12 -13 -14 -15
leaf_value=0.12095694043238958 -0.055848853660900089 -0.0091394122810091218 -0.20811079094118218 0.06129063082114785 -0.10761547961610682 -0.023999202919080857 0.052267249449706864 -0.23294191114526047 -0.1403501823002748 0.030546547541880735 -0.042067525224621635 0.080145654983017511 -0.10761547961610682 0.030546547541880735
leaf_weight=83 60 157 70 605 209 349 273 37 153 160 120 192 61 316
leaf_count=83 60 157 70 605 209 349 273 37 153 160 120 192 61 316
internal_value=-0.000775103 0.0379532 -0.117125 0.0585003 -0.0843212 -0.00738494 0.0505134 -0.173353 -0.162462 0.0109189 -0.0637514 0.0928632 -0.0847207 0.0393553
internal_weight=2845 2135 710 1469 450 666 1194 260 223 317 241 275 121 589
internal_count=2845 2135 710 1469 450 666 1194 260 223 317 241 275 121 589
is_linear=0
shrinkage=0.035


Tree=51
num_leaves=15
num_cat=0
split_feature=1 1 1 1 1 1 0 1 0 1 0 0 1 0
split_gain=9658.28 1410.05 980.108 269.165 207.036 145.109 127.092 99.3753 96.4759 86.2026 85.7616 83.2921 72.1626 50.4146
threshold=588.50000000000011 378.50000000000006 702.50000000000011 123.50000000000001 480.50000000000006 755.50000000000011 0.75000000000000011 627.50000000000011 0.75000000000000011 16.500000000000004 0.75000000000000011 0.75000000000000011 648.50000000000011 0.75000000000000011
decision_type=2 2 2 2 2 2 2 2 2 2 2 2 2 2
left_child=1 3 6 9 13 8 7 -2 -4 -1 -6 -5 -8 -3
right_child=2 4 5 11 10 -7 12 -9 -10 -11 -12 -13 -14 -15
leaf_value=0.12426799852707808 -0.060683975987692387 0.0046965351399927179 -0.17211385378057975 0.057735235398585827 -0.03500235054835444 -0.19177999756624925 -0.037714739197763532 -0.11468804300074682 -0.11390405562121159 0.074403210657231433 -0.0025251559289777652 0.036426903944842631 -0.080418141992061695 0.030237842441232687
leaf_weight=50 66 193 68 451 199 127 109 137 98 394 199 467 92 186
leaf_count=50 66 193 68 451 199 127 109 137 98 394 199 467 92 186
internal_value=-0.000455702 0.0364189 -0.113511 0.0578696 -0.00120584 -0.162257 -0.0778408 -0.0975222 -0.138647 0.0802892 -0.0188152 0.0469487 -0.0575706 0.0172825
internal_weight=2836 2139 697 1362 777 293 404 203 166 444 398 918 201 379
internal_count=2836 2139 697 1362 777 293 404 203 166 444 398 918 201 379
is_linear=0
shrinkage=0.035


Tree=52
num_leaves=15
num_cat=0
split_feature=1 1 1 1 0 1 1 0 1 1 0 1 1 0
split_gain=9067.85 1522 849.242 387.636 218.241 161.053 121.336 118.801 134.44 110.141 68.0968 52.4385 51.3566 46.7538
threshold=600.50000000000011 435.50000000000006 717.50000000000011 225.50000000000003 0.75000000000000011 64.500000000000014 684.50000000000011 0.75000000000000011 802.50000000000011 525.50000000000011 0.75000000000000011 621.50000000000011 8.5000000000000018 0.75000000000000011
decision_type=2 2 2 2 2 2 2 2 2 2 2 2 2 2
left_child=1 3 4 5 6 12 11 -4 -9 -3 -11 -2 -1 -7
right_child=2 9 7 -5 -6 13 -8 8 -10 10 -12 -13 -14 -15
leaf_value=0.13882081391734463 -0.05416639303620905 -4.2254488518897527e-05 -0.21705436255313731 0.034211004825999237 -0.057331545671214117 0.069186016482849652 -0.15292470629702687 -0.15292470629702687 -0.229703051507473 -0.048494309383215237 -0.013040141502194269 -0.10366927833351958 0.08689458488740523 0.048680222215506046
leaf_weight=30 39 328 53 768 198 291 58 154 31 129 138 115 194 287
leaf_count=30 39 328 53 768 198 291 58 154 31 129 138 115 194 287
internal_value=-0.000382439 0.0340025 -0.115142 0.0520594 -0.0842557 0.0690851 -0.109006 -0.167768 -0.152547 -0.0136481 -0.0302932 -0.0915745 0.0944428 0.0591088
internal_weight=2813 2165 648 1570 410 802 212 238 185 595 267 154 224 578
internal_count=2813 2165 648 1570 410 802 212 238 185 595 267 154 224 578
is_linear=0
shrinkage=0.035


Tree=53
num_leaves=15
num_cat=0
split_feature=1 1 1 1 1 0 1 0 0 1 1 0 0 1
split_gain=8279.55 1305.99 652.476 255.771 142.808 137.372 134.49 132.253 104.945 100.643 75.0599 72.1525 71.4518 50.1302
threshold=528.50000000000011 663.50000000000011 249.50000000000003 731.50000000000011 465.50000000000006 0.75000000000000011 40.500000000000007 0.75000000000000011 0.75000000000000011 802.50000000000011 621.50000000000011 0.75000000000000011 0.75000000000000011 684.50000000000011
decision_type=2 2 2 2 2 2 2 2 2 2 2 2 2 2
left_child=2 7 6 5 -4 13 -1 10 -8 11 -2 -5 -6 -3
right_child=1 3 4 9 12 -7 8 -9 -10 -11 -12 -13 -14 -15
leaf_value=0.094543685142726958 -0.049690337520209148 -0.096268057576101282 0.029125016673183891 -0.19699158607588874 -0.023001595429478026 -0.078876416902850605 0.070228189163440771 -0.027971884135775074 0.043745576184447167 -0.22393113254010677 -0.078876416902850605 -0.13404116738841146 0.016463940559171851 -0.1510232524586535
leaf_weight=143 167 39 770 35 108 120 378 231 373 31 73 125 115 78
leaf_count=143 167 39 770 35 108 120 378 231 373 31 73 125 115 78
internal_value=-8.82055e-05 -0.0874472 0.0415545 -0.131657 0.02199 -0.106425 0.0632348 -0.0470756 0.057153 -0.162241 -0.0652633 -0.14896 -0.00265896 -0.133757
internal_weight=2786 899 1887 428 993 237 894 471 751 191 240 160 223 117
internal_count=2786 899 1887 428 993 237 894 471 751 191 240 160 223 117
is_linear=0
shrinkage=0.035


Tree=54
num_leaves=15
num_cat=0
split_feature=1 1 1 1 1 1 1 0 0 0 1 1 0 0
split_gain=8313.79 1282.4 679.094 235.805 214.708 138.825 131.717 126.532 87.4417 82.7637 77.9469 64.0804 61.1014 50.8094
threshold=597.50000000000011 360.50000000000006 711.50000000000011 474.50000000000006 165.50000000000003 654.50000000000011 802.50000000000011 0.75000000000000011 0.75000000000000011 0.75000000000000011 772.50000000000011 28.500000000000004 0.75000000000000011 0.75000000000000011
decision_type=2 2 2 2 2 2 2 2 2 2 2 2 2 2
left_child=1 4 5 -3 9 13 7 -4 -5 -1 -9 -11 -7 -2
right_child=2 3 6 8 -6 12 -8 10 -10 11 -12 -13 -14 -15
leaf_value=0.083746860007308951 -0.075223940055817368 0.018462009447453152 -0.1827994861734264 -0.034204349662700341 0.0415209779127335 -0.11875575654664965 -0.22152767038345339 -0.10387719016297993 -0.0029037121271799238 0.092546469335286125 -0.15829056945443157 0.049290286184961188 -0.078600850858116675 -0.040273359028801616
leaf_weight=291 111 405 67 218 706 106 31 112 219 52 55 251 103 103
leaf_count=291 111 405 67 218 706 106 31 112 219 52 55 251 103 103
internal_value=-0.00110278 0.0329002 -0.106863 -0.000752068 0.0546816 -0.0790097 -0.150853 -0.14058 -0.0185647 0.0702247 -0.122644 0.0569996 -0.0994434 -0.0586756
internal_weight=2830 2142 688 842 1300 423 265 234 437 594 167 303 209 214
internal_count=2830 2142 688 842 1300 423 265 234 437 594 167 303 209 214
is_linear=0
shrinkage=0.035


Tree=55
num_leaves=15
num_cat=0
split_feature=1 1 1 1 1 0 1 1 1 0 1 0 0 0
split_gain=7069.3 1154.81 654.999 215.079 156.686 136.035 126.89 89.1547 76.6189 76.3553 72.9679 69.622 65.7745 45.3515
threshold=594.50000000000011 384.50000000000006 711.50000000000011 144.50000000000003 495.50000000000006 0.75000000000000011 802.50000000000011 684.50000000000011 16.500000000000004 0.75000000000000011 654.50000000000011 0.75000000000000011 0.75000000000000011 0.75000000000000011
decision_type=2 2 2 2 2 2 2 2 2 2 2 2 2 2
left_child=1 3 5 8 12 7 11 -2 -1 -5 -7 -4 -3 -6
right_child=2 4 6 9 13 10 -8 -9 -10 -11 -12 -13 -14 -15
leaf_value=0.1083188501293009 -0.077864917802948352 -0.0028640961168142848 -0.16535782115329614 0.050066558618532098 -0.032477679399095231 -0.030301428544535259 -0.21318527596996678 -0.13285200065369518 0.063425767792237214 0.028884419238495929 -0.072522906080480912 -0.11875143983584785 0.02575488687762242 -0.0077306358668093513
leaf_weight=54 160 194 66 420 183 106 30 50 449 427 99 163 198 181
leaf_count=54 160 194 66 420 183 106 30 50 449 427 99 163 198 181
internal_value=-0.000669518 0.030909 -0.0992429 0.0502923 -0.00372245 -0.0716845 -0.142948 -0.0915769 0.0684541 0.0394367 -0.0509529 -0.132852 0.0116157 -0.0202318
internal_weight=2780 2106 674 1350 756 415 259 210 503 847 205 229 392 364
internal_count=2780 2106 674 1350 756 415 259 210 503 847 205 229 392 364
is_linear=0
shrinkage=0.035


Tree=56
num_leaves=15
num_cat=0
split_feature=1 1 1 1 1 0 1 0 0 1 1 1 0 0
split_gain=6645.21 1145.27 680.257 188.013 179.29 144.098 98.3781 88.5541 88.2807 57.7183 67.2893 49.3397 50.451 45.1749
threshold=597.50000000000011 360.50000000000006 731.50000000000011 492.50000000000006 150.50000000000003 0.75000000000000011 696.50000000000011 0.75000000000000011 0.75000000000000011 648.50000000000011 28.500000000000004 802.50000000000011 0.75000000000000011 0.75000000000000011
decision_type=2 2 2 2 2 2 2 2 2 2 2 2 2 2
left_child=1 4 5 13 8 6 -2 -6 -1 -7 -10 12 -4 -3
right_child=2 3 11 -5 7 9 -8 -9 10 -11 -12 -13 -14 -15
leaf_value=0.080944074650833905 -0.081200787537364802 0.0024047571405394308 -0.18731573551351374 -0.019970744798650453 0.051626196276456288 -0.033268894383247864 -0.13724450243788738 0.027417531867701284 0.087224971106919374 -0.068869228143922309 0.043327477444529472 -0.2009067034567556 -0.13094352714122545 0.024128690380145281
leaf_weight=260 175 238 32 379 373 93 53 377 54 153 226 30 123 231
leaf_count=260 175 238 32 379 373 93 53 377 54 153 226 30 123 231
internal_value=-2.40724e-05 0.0299316 -0.0971102 -0.00166406 0.0506879 -0.0746125 -0.0947786 0.0395123 0.0661046 -0.0556068 0.0520799 -0.154032 -0.143719 0.0131369
internal_weight=2797 2138 659 848 1290 474 228 750 540 246 280 185 155 469
internal_count=2797 2138 659 848 1290 474 228 750 540 246 280 185 155 469
is_linear=0
shrinkage=0.035


Tree=57
num_leaves=15
num_cat=0
split_feature=1 1 1 1 1 1 1 0 1 0 0 1 1 0
split_gain=6383.75 1028.54 603.994 227.467 139.746 104.184 85.1807 56.9685 53.6691 46.4032 42.3453 45.3531 36.3271 29.0149
threshold=528.50000000000011 660.50000000000011 258.50000000000006 747.50000000000011 438.50000000000006 16.500000000000004 609.50000000000011 0.75000000000000011 727.50000000000011 0.75000000000000011 0.75000000000000011 186.50000000000003 796.50000000000011 0.75000000000000011
decision_type=2 2 2 2 2 2 2 2 2 2 2 2 2 2
left_child=2 6 5 7 -4 -1 9 -3 -9 -2 11 -7 -5 -8
right_child=1 3 4 12 -6 10 13 8 -10 -11 -12 -13 -14 -15
leaf_value=0.10121140799621742 -0.042871035955425303 -0.11395323797431259 0.026068996736479572 -0.13648310829097526 -0.0019124570281738446 0.068441400723059986 -0.073738351832123947 -0.068717159832369729 -0.11979629916366605 -0.014737889550115967 0.044921497189873115 0.042766514513843744 -0.18330322918087938 -0.044754694337699012
leaf_weight=59 145 134 638 108 332 299 92 121 35 145 434 128 42 93
leaf_count=59 145 134 638 108 332 299 92 121 35 145 434 128 42 93
internal_value=-0.000939764 -0.0767774 0.0357955 -0.115296 0.0164979 0.0561 -0.040926 -0.0965063 -0.0808784 -0.0289095 0.0528929 0.0608669 -0.150731 -0.0594965
internal_weight=2805 915 1890 440 970 920 475 290 156 290 861 427 150 185
internal_count=2805 915 1890 440 970 920 475 290 156 290 861 427 150 185
is_linear=0
shrinkage=0.035


Tree=58
num_leaves=15
num_cat=0
split_feature=1 1 1 1 1 1 1 0 0 0 1 0 1 1
split_gain=5866.97 803.733 739.295 141.202 131.074 115.475 96.0831 118.541 66.3323 63.5356 68.0258 60.2209 42.1512 28.8786
threshold=555.50000000000011 708.50000000000011 330.50000000000006 636.50000000000011 40.500000000000007 435.50000000000006 778.50000000000011 0.75000000000000011 0.75000000000000011 0.75000000000000011 195.50000000000003 0.75000000000000011 657.50000000000011 727.50000000000011
decision_type=2 2 2 2 2 2 2 2 2 2 2 2 2 2
left_child=2 3 4 -2 -1 -4 7 -3 -5 10 -6 -7 -10 -9
right_child=1 6 5 8 9 11 -8 13 12 -11 -12 -13 -14 -15
leaf_value=0.080391716327543744 -0.038159739231531757 -0.15332875554177211 0.019924153362796456 -0.091992760146829444 0.065459756284629411 -0.01956304703290657 -0.16492380448738736 -0.069691675355809543 -0.038159739231531757 0.036060636581589568 0.039541607654839751 0.0064559442356577554 -0.069691675355809543 -0.10499041862664943
leaf_weight=145 286 68 378 130 276 216 74 36 33 531 239 218 85 93
leaf_count=145 286 68 378 130 276 216 74 36 33 531 239 218 85 93
internal_value=-0.000500411 -0.0802458 0.0315722 -0.055154 0.0491183 0.00580557 -0.129298 -0.115141 -0.0745132 0.0447088 0.0535351 -0.00650478 -0.0546301 -0.0939732
internal_weight=2808 805 2003 534 1191 812 271 197 248 1046 515 434 118 129
internal_count=2808 805 2003 534 1191 812 271 197 248 1046 515 434 118 129
is_linear=0
shrinkage=0.035


Tree=59
num_leaves=15
num_cat=0
split_feature=1 1 1 1 1 1 1 0 0 1 0 1 0 0
split_gain=5414.5 1051.94 525.387 169.676 130.039 91.2743 91.0266 69.8159 59.502 49.4735 31.7903 31.0168 26.8677 22.0516
threshold=528.50000000000011 708.50000000000011 267.50000000000006 648.50000000000011 64.500000000000014 465.50000000000006 759.50000000000011 0.75000000000000011 0.75000000000000011 8.5000000000000018 0.75000000000000011 621.50000000000011 0.75000000000000011 0.75000000000000011
decision_type=2 2 2 2 2 2 2 2 2 2 2 2 2 2
left_child=2 3 4 7 9 -4 8 11 -3 -1 -11 -2 -6 -5
right_child=1 6 5 13 12 -7 -8 -9 -10 10 -12 -13 -14 -15
leaf_value=0.11569148753210903 -0.038583907137233343 -0.13608843645551166 0.02102884283754395 -0.082673813586682091 0.050679370879569169 -0.0039788174597779292 -0.15102805070301234 -0.0182114949521681 -0.088610609229254927 0.080144331961870194 0.051482751206891372 -0.070025922651631101 0.037045848227284961 -0.058406545693986116
leaf_weight=31 175 60 722 104 373 237 117 218 97 111 100 52 378 113
leaf_count=31 175 60 722 104 373 237 117 218 97 111 100 52 378 113
internal_value=0.00016833 -0.068995 0.033352 -0.0450023 0.0511866 0.0148491 -0.126582 -0.0324977 -0.107513 0.0735866 0.0668758 -0.0460697 0.0438779 -0.0703709
internal_weight=2888 936 1952 662 993 959 274 445 157 242 211 227 751 217
internal_count=2888 936 1952 662 993 959 274 445 157 242 211 227 751 217
is_linear=0
shrinkage=0.035


Tree=60
num_leaves=15
num_cat=0
split_feature=1 1 1 1 1 1 0 0 1 1 1 0 1 0
split_gain=5355.87 671.678 606.744 152.294 144.341 118.724 244.868 82.9107 69.6486 46.5417 37.1461 32.5524 33.084 24.9135
threshold=576.50000000000011 324.50000000000006 687.50000000000011 468.50000000000006 64.500000000000014 778.50000000000011 0.75000000000000011 0.75000000000000011 727.50000000000011 8.5000000000000018 600.50000000000011 0.75000000000000011 204.50000000000003 0.75000000000000011
decision_type=2 2 2 2 2 2 2 2 2 2 2 2 2 2
left_child=1 4 10 -3 9 6 -4 -5 -8 -1 -2 12 -6 -11
right_child=2 3 5 7 11 -7 8 -9 -10 13 -12 -13 -14 -15
leaf_value=0.11212419208403558 -0.028245202394260562 0.018024593042577846 -0.14298211035837194 -0.0274354359791571 0.055296233207107068 -0.15423738299192566 -0.051158112055616989 0.0051493667929154857 -0.094427191066892555 0.076682994141162031 -0.051158112055616989 0.033139651461721056 0.036097852732473561 0.050616183760192467
leaf_weight=30 91 530 110 188 248 75 69 193 93 102 322 474 217 101
leaf_count=30 91 530 110 188 248 75 69 193 93 102 322 474 217 101
internal_value=-0.000558252 0.0284605 -0.0800278 0.00590432 0.0459721 -0.114138 -0.10255 -0.0109544 -0.0743765 0.0706861 -0.0511581 0.0397691 0.0464374 0.0640341
internal_weight=2843 2083 760 911 1172 347 272 381 162 233 413 939 465 203
internal_count=2843 2083 760 911 1172 347 272 381 162 233 413 939 465 203
is_linear=0
shrinkage=0.035


Tree=61
num_leaves=15
num_cat=0
split_feature=1 1 1 1 1 0 0 1 0 0 1 1 1 0
split_gain=4688.38 632.531 505.954 172.251 166.671 92.6893 81.9963 61.9725 78.7579 51.1003 43.6773 43.9306 41.4229 36.2294
threshold=549.50000000000011 720.50000000000011 378.50000000000006 64.500000000000014 651.50000000000011 0.75000000000000011 0.75000000000000011 778.50000000000011 0.75000000000000011 0.75000000000000011 621.50000000000011 474.50000000000006 294.50000000000006 0.75000000000000011
decision_type=2 2 2 2 2 2 2 2 2 2 2 2 2 2
left_child=2 4 3 -1 6 -5 10 8 -3 11 -2 -4 -7 -6
right_child=1 7 9 5 13 12 -8 -9 -10 -11 -12 -13 -14 -15
leaf_value=0.070953395774155006 -0.039258989410758657 -0.13985125648891025 0.0059038946347968546 0.047459235235189023 -0.085515293427660954 0.033282605125276782 -0.017664273300656567 -0.14684278284065744 -0.084501475922660357 0.014615181024393789 -0.071539781593634277 -0.021186886629537327 0.014615181024393789 -0.056963533844905677
leaf_weight=227 127 52 169 571 121 412 188 70 103 302 49 128 157 121
leaf_count=227 127 52 169 571 121 412 188 70 103 302 49 128 157 121
internal_value=0.00187489 -0.0677747 0.0313352 0.0430815 -0.0490234 0.0374728 -0.0338939 -0.11783 -0.103859 0.00449826 -0.0510226 -0.00579764 0.0273824 -0.0715398
internal_weight=2797 831 1966 1367 606 1140 364 225 155 599 176 297 569 242
internal_count=2797 831 1966 1367 606 1140 364 225 155 599 176 297 569 242
is_linear=0
shrinkage=0.035


Tree=62
num_leaves=15
num_cat=0
split_feature=1 1 1 0 1 1 1 1 1 0 0 1 1 0
split_gain=4646.83 574.813 533.57 155.969 143.791 124.669 107.936 57.8891 49.0362 65.0259 47.9562 46.4716 45.6856 41.5286
threshold=573.50000000000011 348.50000000000006 731.50000000000011 0.75000000000000011 684.50000000000011 123.50000000000001 480.50000000000006 648.50000000000011 802.50000000000011 0.75000000000000011 0.75000000000000011 12.500000000000002 627.50000000000011 0.75000000000000011
decision_type=2 2 2 2 2 2 2 2 2 2 2 2 2 2
left_child=1 5 3 4 12 11 -3 -5 9 -4 -7 -1 -2 -13
right_child=2 6 8 7 -6 10 -8 -9 -10 -11 -12 13 -14 -15
leaf_value=0.092379987200101224 -0.039900089393404531 0.014299543764428902 -0.158198439965377 -0.021039243065599185 -0.11428309419526753 0.041795574313629173 -0.011548218737397743 -0.052944845860738207 -0.1680531714654738 -0.10163307482371903 0.024597361999332198 0.06391354238928533 -0.074634204842938257 0.040916078165703425
leaf_weight=41 93 489 36 133 82 406 331 151 30 135 403 203 103 202
leaf_count=41 93 489 36 133 82 406 331 151 30 135 403 203 103 202
internal_value=-0.000496069 0.0266629 -0.0742962 -0.0566109 -0.0752744 0.0415441 0.00386238 -0.0381355 -0.123211 -0.114402 0.0332715 0.056438 -0.0584483 0.0525765
internal_weight=2838 2075 763 562 278 1255 820 284 201 171 809 446 196 405
internal_count=2838 2075 763 562 278 1255 820 284 201 171 809 446 196 405
is_linear=0
shrinkage=0.035


Tree=63
num_leaves=15
num_cat=0
split_feature=1 1 1 1 1 1 0 0 0 1 1 1 0 0
split_gain=4253.88 600.783 461.271 155.331 135.531 95.7105 78.356 59.5794 48.7216 47.8332 40.2338 35.7117 32.7085 29.3976
threshold=576.50000000000011 348.50000000000006 739.50000000000011 654.50000000000011 56.500000000000007 480.50000000000006 0.75000000000000011 0.75000000000000011 0.75000000000000011 627.50000000000011 288.50000000000006 186.50000000000003 0.75000000000000011 0.75000000000000011
decision_type=2 2 2 2 2 2 2 2 2 2 2 2 2 2
left_child=1 4 3 7 12 -3 11 9 -5 -2 -8 -6 -1 -7
right_child=2 5 -4 8 6 13 10 -9 -10 -11 -12 -13 -14 -15
leaf_value=0.081107269647029731 -0.038809742595245569 0.012107116134724278 -0.12280859046102617 -0.090118156133623395 0.055502660330497867 -0.022788561377380837 0.03096678862267695 -0.02201190708787509 -0.060192666375127934 -0.08193184375467108 0.012107116134724278 0.03668830970191473 0.051320219943565983 -0.0022545534137395139
leaf_weight=103 94 475 170 142 230 164 412 141 149 50 110 295 97 178
leaf_count=103 94 475 170 142 230 164 412 141 149 50 110 295 97 178
internal_value=-0.00060268 0.0252882 -0.0721766 -0.0570432 0.0405629 0.00195087 0.0354527 -0.0384428 -0.0750601 -0.0542565 0.0257555 0.045024 0.0669965 -0.0121441
internal_weight=2810 2064 746 576 1247 817 1047 285 291 144 522 525 200 342
internal_count=2810 2064 746 576 1247 817 1047 285 291 144 522 525 200 342
is_linear=0
shrinkage=0.035


Tree=64
num_leaves=15
num_cat=0
split_feature=1 1 1 1 0 1 1 1 0 1 1 0 1 1
split_gain=4131.91 640.092 353.811 107.177 78.0702 70.8374 69.4928 64.8192 60.7436 52.3478 36.2126 22.2981 20.7393 20.5939
threshold=528.50000000000011 672.50000000000011 243.50000000000003 763.50000000000011 0.75000000000000011 465.50000000000006 16.500000000000004 636.50000000000011 0.75000000000000011 690.50000000000011 114.50000000000001 0.75000000000000011 802.50000000000011 727.50000000000011
decision_type=2 2 2 2 2 2 2 2 2 2 2 2 2 2
left_child=2 7 6 4 9 -4 -1 -2 10 -3 -8 -9 -5 -6
right_child=1 3 5 12 13 -7 8 11 -10 -11 -12 -13 -14 -15
leaf_value=0.082288833004390369 -0.028426028837643256 -0.061988261621664556 0.019334966155093808 -0.11638919990777971 -0.054436497775621581 -0.0030622895101313926 0.063992305158214136 -0.061988261621664556 0.032441488797175407 -0.11638919990777971 0.042332537719417127 -0.039285975985423625 -0.15531937513043803 -0.081912613702542852
leaf_weight=57 384 33 802 81 97 220 175 65 409 99 234 66 30 65
leaf_count=57 384 33 802 81 97 220 175 65 409 99 234 66 30 65
internal_value=-0.000992834 -0.0618226 0.0285242 -0.0947146 -0.0830264 0.0145136 0.0448514 -0.0358192 0.0421432 -0.10337 0.0517379 -0.057098 -0.124639 -0.0659065
internal_weight=2817 920 1897 405 294 1022 875 515 818 132 409 131 111 162
internal_count=2817 920 1897 405 294 1022 875 515 818 132 409 131 111 162
is_linear=0
shrinkage=0.035


Tree=65
num_leaves=15
num_cat=0
split_feature=1 1 1 1 1 0 1 1 1 0 0 1 1 1
split_gain=3534.69 481.359 425.202 138.108 83.6256 102.594 69.6494 61.8838 33.8197 31.0802 29.6437 34.013 29.3885 11.8361
threshold=573.50000000000011 270.50000000000006 696.50000000000011 456.50000000000006 802.50000000000011 0.75000000000000011 24.500000000000004 772.50000000000011 618.50000000000011 0.75000000000000011 0.75000000000000011 207.50000000000003 735.50000000000011 498.50000000000006
decision_type=2 2 2 2 2 2 2 2 2 2 2 2 2 2
left_child=1 6 8 -3 5 12 -1 -7 -2 -5 11 -8 -4 -11
right_child=2 3 4 9 -6 7 10 -9 -10 13 -12 -13 -14 -15
leaf_value=0.07145351380816746 -0.029185976337548346 0.0173121748157689 -0.10055464639640772 -0.018098035506999465 -0.14964640314290018 -0.059546835261350503 0.050584552155412854 -0.10492838028290055 -0.049465031011850451 0.012414856655033923 0.031984146531093063 0.027653290485140983 -0.14797847125810734 -0.0050001109438913838
leaf_weight=87 169 685 64 202 32 139 334 54 276 73 452 110 33 134
leaf_count=87 169 685 64 202 32 139 334 54 276 73 452 110 33 134
internal_value=-1.48316e-05 0.0236974 -0.064176 0.00771158 -0.0947996 -0.0882481 0.0414607 -0.0727287 -0.0418502 -0.00836638 0.0384701 0.0449822 -0.118052 0.00116315
internal_weight=2844 2077 767 1094 322 290 983 193 445 409 896 444 97 207
internal_count=2844 2077 767 1094 322 290 983 193 445 409 896 444 97 207
is_linear=0
shrinkage=0.035


Tree=66
num_leaves=15
num_cat=0
split_feature=1 1 1 1 0 1 0 0 0 1 1 0 1 1
split_gain=3526.64 643.04 355.586 118.653 101.08 89.9224 83.5641 51.2467 46.9648 44.0588 92.5461 33.6185 30.896 30.3174
threshold=597.50000000000011 414.50000000000006 717.50000000000011 76.500000000000014 0.75000000000000011 687.50000000000011 0.75000000000000011 0.75000000000000011 0.75000000000000011 501.50000000000006 778.50000000000011 0.75000000000000011 243.50000000000003 636.50000000000011
decision_type=2 2 2 2 2 2 2 2 2 2 2 2 2 2
left_child=1 3 4 11 5 13 -3 -4 -5 -8 -9 -1 -10 -2
right_child=2 6 7 8 -6 -7 9 10 12 -11 -12 -13 -14 -15
leaf_value=0.067862463148434957 -0.036459381819143898 -0.019806388317491277 -0.1377284245360815 0.036339520370526436 -0.034336280360931594 -0.10559769200410901 0.019071819337305302 -0.073331842610371067 0.031211997186320582 -0.0067127307889993599 -0.12579449192238482 0.042112734143965339 0.019071819337305302 -0.068165716488944719
leaf_weight=134 69 332 53 607 212 54 149 107 307 176 75 132 303 93
leaf_count=134 69 332 53 607 212 54 149 107 307 176 75 132 303 93
internal_value=-0.000521185 0.0213337 -0.0709919 0.0340971 -0.0517852 -0.0686658 -0.00748162 -0.105598 0.0294206 0.00512537 -0.0955299 0.0552965 0.0224845 -0.0549784
internal_weight=2803 2140 663 1483 428 216 657 235 1217 325 182 266 610 162
internal_count=2803 2140 663 1483 428 216 657 235 1217 325 182 266 610 162
is_linear=0
shrinkage=0.035


Tree=67
num_leaves=15
num_cat=0
split_feature=1 1 1 1 1 0 1 0 0 1 1 1 1 1
split_gain=3092.41 556.735 244.112 119.217 87.2354 52.3554 46.9522 45.9693 43.2992 47.6394 30.7113 25.9278 21.9694 18.2452
threshold=537.50000000000011 654.50000000000011 327.50000000000006 751.50000000000011 8.5000000000000018 0.75000000000000011 480.50000000000006 0.75000000000000011 0.75000000000000011 186.50000000000003 727.50000000000011 796.50000000000011 687.50000000000011 621.50000000000011
decision_type=2 2 2 2 2 2 2 2 2 2 2 2 2 2
left_child=2 5 4 7 -1 13 -4 12 9 -6 -9 -5 -3 -2
right_child=1 3 6 11 8 -7 -8 10 -10 -11 -12 -13 -14 -15
leaf_value=0.093389729745926409 -0.030700809348087596 -0.064015120163559924 0.015021142291575083 -0.096277372543966136 0.049421198672074888 -0.012214435121519309 -0.0043854233455508772 -0.046969097639066273 0.026489232536052159 0.029021015267699225 -0.082809799820184715 -0.13490180076162023 -0.095627318189394753 -0.054699626762187113
leaf_weight=30 158 55 554 97 318 203 210 131 563 263 41 41 87 55
leaf_count=30 158 55 554 97 318 203 210 131 563 263 41 41 87 55
internal_value=0.000515652 -0.0543491 0.025105 -0.0812093 0.035121 -0.0250356 0.00968583 -0.0688357 0.0335112 0.0402554 -0.0559519 -0.108653 -0.0839287 -0.0371325
internal_weight=2806 868 1938 452 1174 416 764 314 1144 581 172 138 142 213
internal_count=2806 868 1938 452 1174 416 764 314 1144 581 172 138 142 213
is_linear=0
shrinkage=0.035


Tree=68
num_leaves=15
num_cat=0
split_feature=1 1 1 1 1 0 0 1 0 1 1 0 1 1
split_gain=2947.78 524.666 300.656 102.154 83.5566 79.1012 63.2408 68.4185 63.0678 41.3918 38.1168 25.7092 22.6213 8.6896
threshold=528.50000000000011 663.50000000000011 213.50000000000003 711.50000000000011 435.50000000000006 0.75000000000000011 0.75000000000000011 778.50000000000011 0.75000000000000011 28.500000000000004 627.50000000000011 0.75000000000000011 60.500000000000007 345.50000000000006
decision_type=2 2 2 2 2 2 2 2 2 2 2 2 2 2
left_child=2 5 8 11 13 10 -5 -8 12 -10 -2 -3 -1 -4
right_child=1 3 4 6 -6 -7 7 -9 9 -11 -12 -13 -14 -15
leaf_value=0.065897842056542921 -0.032844600330491643 -0.07367882820518537 0.022041405815006288 -0.12738754020957277 -0.0017242884864869224 -0.01324781967611874 -0.067145222253866627 -0.11299160081634055 0.060385391045361766 0.02650999577607225 -0.059883412368726317 -0.045038299543542028 0.045726301045305486 0.014394930107952475
leaf_weight=102 178 86 467 63 343 237 116 68 51 340 65 84 275 317
leaf_count=102 178 86 467 63 343 237 116 68 51 340 65 84 275 317
internal_value=-0.000534749 -0.0527728 0.0242061 -0.0814606 0.0126771 -0.0277292 -0.0960029 -0.0846171 0.0410834 0.0310758 -0.0417336 -0.0598834 0.0513484 0.0189742
internal_weight=2792 897 1895 417 1127 480 247 184 768 391 243 170 377 784
internal_count=2792 897 1895 417 1127 480 247 184 768 391 243 170 377 784
is_linear=0
shrinkage=0.035


Tree=69
num_leaves=15
num_cat=0
split_feature=1 1 1 1 1 1 0 1 0 0 1 0 1 1
split_gain=2779.51 390.827 282.474 125.054 50.8832 47.9109 42.8407 59.3264 34.0578 32.3936 24.8699 21.9618 39.9996 18.4378
threshold=528.50000000000011 654.50000000000011 231.50000000000003 759.50000000000011 12.500000000000002 432.50000000000006 0.75000000000000011 627.50000000000011 0.75000000000000011 0.75000000000000011 802.50000000000011 0.75000000000000011 375.50000000000006 186.50000000000003
decision_type=2 2 2 2 2 2 2 2 2 2 2 2 2 2
left_child=2 6 4 -3 -1 11 7 -2 -7 13 -5 12 -4 -6
right_child=1 3 5 10 9 8 -8 -9 -10 -11 -12 -13 -14 -15
leaf_value=0.077581966380278283 -0.028287206410749083 -0.062191932353776964 0.030175668877883234 -0.092576770322527313 0.048530502148066895 -0.0092953358813324134 -0.016186256960034371 -0.062191932353776964 0.012389730004357041 0.030175668877883234 -0.13488802364468577 0.012389730004357041 0.012389730004357041 0.030175668877883234
leaf_weight=41 182 336 261 85 315 173 223 44 180 390 31 357 101 79
leaf_count=41 182 336 261 85 315 173 223 44 180 390 31 357 101 79
internal_value=0.000162801 -0.0504212 0.024203 -0.0733779 0.0395895 0.0123342 -0.0271954 -0.0379316 0.00176102 0.0375041 -0.104955 0.0175132 0.0236468 0.044659
internal_weight=2798 901 1897 452 825 1072 449 226 353 784 116 719 362 394
internal_count=2798 901 1897 452 825 1072 449 226 353 784 116 719 362 394
is_linear=0
shrinkage=0.035


Tree=70
num_leaves=15
num_cat=0
split_feature=1 1 1 1 0 1 0 1 1 0 1 0 1 1
split_gain=2579.92 375.336 270.514 95.4824 73.6326 60.7379 51.6052 46.0144 31.8827 41.6516 27.9551 27.8989 24.643 23.259
threshold=591.50000000000011 378.50000000000006 731.50000000000011 24.500000000000004 0.75000000000000011 654.50000000000011 0.75000000000000011 279.50000000000006 802.50000000000011 0.75000000000000011 417.50000000000006 0.75000000000000011 76.500000000000014 501.50000000000006
decision_type=2 2 2 2 2 2 2 2 2 2 2 2 2 2
left_child=1 3 5 -1 12 11 10 -6 9 -4 -3 -2 -5 -8
right_child=2 6 8 4 7 -7 13 -9 -10 -11 -12 -13 -14 -15
leaf_value=0.065358018813722107 -0.044152661588827247 0.0091755750402545844 -0.12071084923963797 0.051581058584153655 0.024172578334063291 -0.056682263677086342 0.0074630158163340151 0.0074630158163340151 -0.12828027078960882 -0.076118526564322816 -0.015135087520783318 -0.019267809535523782 0.031919173082235401 -0.0061460473720322964
leaf_weight=82 113 70 37 95 464 274 221 183 32 132 318 113 541 153
leaf_count=82 113 70 37 95 464 274 221 183 32 132 318 113 541 153
internal_value=-0.00131886 0.0178748 -0.0595019 0.0288534 0.0264699 -0.045551 -0.00180144 0.0181047 -0.0937996 -0.0865443 -0.0107323 -0.0318576 0.0349352 0.00746302
internal_weight=2828 2127 701 1365 1283 500 762 647 201 169 388 226 636 374
internal_count=2828 2127 701 1365 1283 500 762 647 201 169 388 226 636 374
is_linear=0
shrinkage=0.035


Tree=71
num_leaves=15
num_cat=0
split_feature=1 1 1 1 1 1 0 0 1 0 1 1 0 1
split_gain=2468.96 420.622 184.062 104.434 63.4161 61.8472 39.4679 34.9847 46.2993 29.2115 27.4429 24.6734 22.3544 21.7343
threshold=600.50000000000011 432.50000000000006 751.50000000000011 249.50000000000003 8.5000000000000018 654.50000000000011 0.75000000000000011 0.75000000000000011 681.50000000000011 0.75000000000000011 468.50000000000006 501.50000000000006 0.75000000000000011 76.500000000000014
decision_type=2 2 2 2 2 2 2 2 2 2 2 2 2 2
left_child=1 3 5 4 -1 12 10 8 -7 13 -3 -8 -2 -6
right_child=2 6 -4 -5 9 7 11 -9 -10 -11 -12 -13 -14 -15
leaf_value=0.083106072846800105 -0.042533611876623974 0.0038243804873200138 -0.095531573934247715 0.015878118987307867 0.051774239836669553 -0.042533611876623974 0.012703491382573089 -0.048527511096056554 -0.085675082930922519 0.02595817326330236 -0.022031272142398181 -0.007353083355540641 -0.022203226866698504 0.033810872765740407
leaf_weight=31 96 63 143 652 122 48 129 174 104 432 241 177 100 304
leaf_count=31 96 63 143 652 122 48 129 174 104 432 241 177 100 304
internal_value=-0.00139831 0.0168267 -0.060288 0.0265598 0.0343653 -0.0504657 -0.00776179 -0.059865 -0.0724299 0.0325075 -0.0166723 0.00111028 -0.0345987 0.0390686
internal_weight=2816 2151 665 1541 889 522 610 326 152 858 304 306 196 426
internal_count=2816 2151 665 1541 889 522 610 326 152 858 304 306 196 426
is_linear=0
shrinkage=0.035


Tree=72
num_leaves=15
num_cat=0
split_feature=1 1 1 1 1 0 1 0 0 1 1 0 1 1
split_gain=2124.95 343.495 268.544 61.5796 57.4745 79.9887 56.9238 48.0711 47.0945 31.5664 29.6717 26.8084 45.3189 22.562
threshold=591.50000000000011 348.50000000000006 708.50000000000011 40.500000000000007 796.50000000000011 0.75000000000000011 498.50000000000006 0.75000000000000011 0.75000000000000011 772.50000000000011 648.50000000000011 0.75000000000000011 414.50000000000006 633.50000000000011
decision_type=2 2 2 2 2 2 2 2 2 2 2 2 2 2
left_child=1 3 7 -1 5 -4 11 13 -5 -7 -9 12 -3 -2
right_child=2 6 4 8 -6 9 -8 10 -10 -11 -12 -13 -14 -15
leaf_value=0.050169470307996143 -0.031163174104788721 0.016043929665894012 -0.10372155220594464 0.033310712105971509 -0.11812896518815648 -0.047852498772301542 -0.010902362870356451 -0.010902362870356451 0.018853550398233061 -0.083858292708545931 -0.03663715204555508 0.015009362457940279 -0.010902362870356451 -0.056272469377339776
leaf_weight=147 73 117 71 550 43 117 336 108 567 44 108 277 156 133
leaf_count=147 73 117 71 550 43 117 336 108 567 44 108 277 156 133
internal_value=-7.63751e-05 0.0171419 -0.0531396 0.0288471 -0.0800402 -0.0724964 0.000427073 -0.0354577 0.0259971 -0.0581603 -0.0237258 0.00735873 -0.000424061 -0.0475765
internal_weight=2847 2150 697 1264 275 232 886 422 1117 161 216 550 273 206
internal_count=2847 2150 697 1264 275 232 886 422 1117 161 216 550 273 206
is_linear=0
shrinkage=0.035


Tree=73
num_leaves=15
num_cat=0
split_feature=1 1 1 1 0 1 0 0 0 1 1 1 1 1
split_gain=2037.38 367.588 161.937 79.2349 61.5691 71.4751 58.7176 58.4327 52.8764 38.8664 37.2535 33.8772 17.8194 16.2318
threshold=612.50000000000011 384.50000000000006 711.50000000000011 8.5000000000000018 0.75000000000000011 778.50000000000011 0.75000000000000011 0.75000000000000011 0.75000000000000011 417.50000000000006 294.50000000000006 186.50000000000003 525.50000000000011 558.50000000000011
decision_type=2 2 2 2 2 2 2 2 2 2 2 2 2 2
left_child=1 3 8 -1 -4 -6 9 11 -2 -3 -9 -5 -11 -8
right_child=2 6 4 7 5 -7 13 10 -10 12 -12 -13 -14 -15
leaf_value=0.080011918511241689 -0.056577418509838467 0.012403076875649515 -0.10997786702800257 0.039924430603973375 -0.051905858348963448 -0.097720469231082907 0.0051944805501060627 0.021516195578704756 -0.029109677090247817 -0.010731100325314283 0.0051944805501060627 0.023876053660769354 -0.026619056251163616 -0.008980740984280906
leaf_weight=31 172 60 64 311 121 68 312 510 180 196 164 351 158 98
leaf_count=31 172 60 64 311 121 68 312 510 180 196 164 351 158 98
internal_value=-0.00142809 0.0142753 -0.0582303 0.0253994 -0.079635 -0.0688262 -0.00418568 0.024072 -0.0426586 -0.0134696 0.0167702 0.0314669 -0.0178823 0.00519448
internal_weight=2796 2191 605 1367 253 189 824 1336 352 414 674 662 354 410
internal_count=2796 2191 605 1367 253 189 824 1336 352 414 674 662 354 410
is_linear=0
shrinkage=0.035


Tree=74
num_leaves=15
num_cat=0
split_feature=1 1 1 1 0 1 1 1 0 1 0 1 0 1
split_gain=1990.27 403.7 154.452 49.6983 72.1969 43.073 39.8137 32.2448 24.0206 21.6876 21.1032 17.0997 31.8068 11.6616
threshold=513.50000000000011 693.50000000000011 225.50000000000003 802.50000000000011 0.75000000000000011 12.500000000000002 727.50000000000011 600.50000000000011 0.75000000000000011 717.50000000000011 0.75000000000000011 360.50000000000006 0.75000000000000011 80.500000000000014
decision_type=2 2 2 2 2 2 2 2 2 2 2 2 2 2
left_child=2 7 5 4 9 -1 -6 8 -2 -3 13 12 -4 -7
right_child=1 3 11 -5 6 10 -8 -9 -10 -11 -12 -13 -14 -15
leaf_value=0.066056493959847709 -0.025820333158922164 -0.071096643331315795 0.026163102497461208 -0.11560463582538069 -0.029943257602366314 0.046048092843087252 -0.065304520305991168 -0.029943257602366314 -0.0065350941807220259 -0.10923091968219235 0.024839315081506424 0.0082036400724823828 0.0082473078614963991 0.032207230730554821
leaf_weight=45 161 44 243 31 59 120 134 340 157 52 382 558 245 256
leaf_count=45 161 44 243 31 59 120 134 340 157 52 382 558 245 256
internal_value=-5.22967e-05 -0.0404083 0.0213028 -0.0726095 -0.0676088 0.0328438 -0.0547137 -0.0246591 -0.0163548 -0.0926839 0.0307853 0.0124183 0.0172073 0.0367396
internal_weight=2827 978 1849 320 289 803 193 658 318 96 758 1046 488 376
internal_count=2827 978 1849 320 289 803 193 658 318 96 758 1046 488 376
is_linear=0
shrinkage=0.035


Tree=75
num_leaves=15
num_cat=0
split_feature=1 1 1 1 0 1 1 0 1 1 0 0 1 1
split_gain=1848.98 306.889 193.34 58.0745 62.6246 51.4873 46.1068 38.1039 36.1209 26.2795 23.0224 22.0645 20.8882 18.7465
threshold=546.50000000000011 672.50000000000011 270.50000000000006 802.50000000000011 0.75000000000000011 435.50000000000006 123.50000000000001 0.75000000000000011 727.50000000000011 735.50000000000011 0.75000000000000011 0.75000000000000011 28.500000000000004 645.50000000000011
decision_type=2 2 2 2 2 2 2 2 2 2 2 2 2 2
left_child=2 7 6 4 9 -4 10 -2 -6 -3 -1 -7 -12 -9
right_child=1 3 5 -5 8 11 -8 13 -10 -11 12 -13 -14 -15
leaf_value=0.045370797313257466 -0.033703190718814134 -0.070557892855973206 0.013673763507369761 -0.11139434399388055 -0.033943154823482757 -0.010956312033350174 0.022030959209195285 -0.0082797827909772224 -0.062296727044814225 -0.10997918297305254 0.048955538386223373 0.005430649121220296 0.022967701951079944 -0.03299057313955079
leaf_weight=226 234 103 602 32 103 194 529 181 132 32 50 207 170 47
leaf_count=226 234 103 602 32 103 194 529 181 132 32 50 207 170 47
internal_value=-0.000645429 -0.0433316 0.0180117 -0.0656722 -0.0614235 0.00720954 0.0291035 -0.0237888 -0.0500733 -0.080655 0.0374203 -0.00250039 0.0290767 -0.0135031
internal_weight=2842 864 1978 402 370 1003 975 462 235 135 446 401 220 228
internal_count=2842 864 1978 402 370 1003 975 462 235 135 446 401 220 228
is_linear=0
shrinkage=0.035


Tree=76
num_leaves=15
num_cat=0
split_feature=1 1 1 1 1 1 0 1 1 1 0 1 1 0
split_gain=1645.49 227.632 203.436 63.1167 44.3608 43.2528 17.7395 18.8337 17.2674 12.0683 10.6613 10.2965 8.66558 7.52345
threshold=528.50000000000011 672.50000000000011 246.50000000000003 759.50000000000011 8.5000000000000018 417.50000000000006 0.75000000000000011 727.50000000000011 80.500000000000014 600.50000000000011 0.75000000000000011 687.50000000000011 796.50000000000011 0.75000000000000011
decision_type=2 2 2 2 2 2 2 2 2 2 2 2 2 2
left_child=2 9 4 6 -1 -4 11 -8 10 13 -6 -3 -5 -2
right_child=1 3 5 12 8 -7 7 -9 -10 -11 -12 -13 -14 -15
leaf_value=0.072535249231803808 -0.023223867716322899 -0.038218960496687132 0.013860536573962731 -0.070776089137978851 0.044302876861682577 -0.00093672162222496259 -0.030248456578302597 -0.056783490428497854 0.026133676493056864 -0.028337235542442437 0.029229441946508686 -0.064410359220071697 -0.09619373473916204 -0.011074269075751307
leaf_weight=30 134 30 615 79 133 398 97 54 598 260 122 99 39 124
leaf_count=30 134 30 615 79 133 398 97 54 598 260 122 99 39 124
internal_value=0.00015986 -0.0383344 0.0187686 -0.0582252 0.0310404 0.00804989 -0.0488203 -0.0400605 0.0294958 -0.0229654 0.0372405 -0.0586736 -0.0799293 -0.0174566
internal_weight=2812 916 1896 398 883 1013 280 151 853 518 255 129 118 258
internal_count=2812 916 1896 398 883 1013 280 151 853 518 255 129 118 258
is_linear=0
shrinkage=0.035


Tree=77
num_leaves=15
num_cat=0
split_feature=1 1 1 1 0 1 0 1 1 0 1 0 1 1
split_gain=1605.53 258.691 186.455 66.4616 44.3191 33.8896 69.4181 30.3805 21.7766 14.502 22.8057 13.7803 18.2156 13.3282
threshold=591.50000000000011 432.50000000000006 708.50000000000011 225.50000000000003 0.75000000000000011 784.50000000000011 0.75000000000000011 654.50000000000011 12.500000000000002 0.75000000000000011 186.50000000000003 0.75000000000000011 633.50000000000011 489.50000000000006
decision_type=2 2 2 2 2 2 2 2 2 2 2 2 2 2
left_child=1 3 7 8 -3 6 -4 11 -1 10 -10 12 -2 -6
right_child=2 4 5 -5 13 -7 -8 -9 9 -11 -12 -13 -14 -15
leaf_value=0.054849593934905724 -0.02024326032569463 -0.014462217387681364 -0.090354240632812749 0.014772449558522449 0.014772449558522449 -0.093095106570388095 -0.046767530168555137 -0.042112533782337175 0.036623032218512194 0.022935303506522033 0.014772449558522449 -0.014126896238586178 -0.042112533782337175 -0.00077854276011171555
leaf_weight=39 76 296 70 748 101 61 137 191 323 386 69 114 37 183
leaf_count=39 76 296 70 748 101 61 137 191 323 386 69 114 37 183
internal_value=4.27922e-05 0.0149513 -0.046525 0.0223473 -0.00500596 -0.0693103 -0.0618789 -0.0317815 0.0292536 0.0278996 0.0327126 -0.0229346 -0.0316029 0.00485989
internal_weight=2831 2145 686 1565 580 268 207 418 817 778 392 227 113 284
internal_count=2831 2145 686 1565 580 268 207 418 817 778 392 227 113 284
is_linear=0
shrinkage=0.035


Tree=78
num_leaves=15
num_cat=0
split_feature=1 1 1 0 1 1 1 0 1 0 1 0 1 1
split_gain=1472.29 246.304 142.504 68.2358 96.2919 49.0575 33.3545 26.6806 24.7637 38.6202 23.3211 14.0953 20.093 13.9397
threshold=528.50000000000011 675.50000000000011 240.50000000000003 0.75000000000000011 772.50000000000011 24.500000000000004 739.50000000000011 0.75000000000000011 399.50000000000006 0.75000000000000011 648.50000000000011 0.75000000000000011 76.500000000000014 621.50000000000011
decision_type=2 2 2 2 2 2 2 2 2 2 2 2 2 2
left_child=2 7 5 6 -5 -1 -3 13 -4 -10 -9 12 -7 -2
right_child=1 3 8 4 -6 11 -8 10 9 -11 -12 -13 -14 -15
leaf_value=0.053600159862111599 -0.020408671568880776 -0.067806048772696942 0.013883090717722951 -0.031196953906581712 -0.077691659056892001 0.044382565932524834 -0.11265029280800976 -0.0080457675202724056 -0.006915854439111975 0.013195376807127311 -0.031196953906581712 0.020597799586208134 0.025559569587611759 -0.031196953906581712
leaf_weight=84 168 97 564 164 83 94 30 217 237 229 45 394 302 98
leaf_count=84 168 97 564 164 83 94 30 217 237 229 45 394 302 98
internal_value=0.000342412 -0.0364674 0.0177916 -0.058176 -0.047078 0.0281809 -0.0792102 -0.0210062 0.0089553 0.00297048 -0.012989 0.0254115 0.0301326 -0.0288181
internal_weight=2806 902 1904 374 247 874 127 528 1030 466 262 790 396 266
internal_count=2806 902 1904 374 247 874 127 528 1030 466 262 790 396 266
is_linear=0
shrinkage=0.035


Tree=79
num_leaves=15
num_cat=0
split_feature=1 1 1 1 1 1 0 1 0 1 0 1 0 1
split_gain=1467.6 215.12 148.183 37.1136 36.7539 36.6358 63.3939 35.4283 23.8505 18.6691 15.7853 15.7423 13.8719 11.4717
threshold=552.50000000000011 708.50000000000011 285.50000000000006 612.50000000000011 56.500000000000007 778.50000000000011 0.75000000000000011 432.50000000000006 0.75000000000000011 739.50000000000011 0.75000000000000011 360.50000000000006 0.75000000000000011 636.50000000000011
decision_type=2 2 2 2 2 2 2 2 2 2 2 2 2 2
left_child=2 3 4 -2 -1 6 9 10 -9 -3 11 -4 13 -5
right_child=1 5 7 12 -6 -7 -8 8 -10 -11 -12 -13 -14 -15
leaf_value=0.039090202324768078 -0.015101545383871311 -0.059477788336615538 0.022067511191719572 -0.020443924511847802 0.022067511191719572 -0.086008453084082392 -0.039741900236078646 -0.0097979917414175981 0.0067849137876529351 -0.086008453084082392 0.0067849137876529351 0.0083440733734104367 -0.026544991646925014 -0.039741900236078646
leaf_weight=193 215 45 139 42 847 75 121 209 214 31 262 125 179 130
leaf_count=193 215 45 139 42 847 75 121 209 214 31 262 125 179 130
internal_value=-0.000225811 -0.0390505 0.0161422 -0.0266731 0.0252627 -0.0646079 -0.0560584 0.00612921 -0.00140819 -0.0811599 0.0121851 0.0182404 -0.033693 -0.0409254
internal_weight=2827 838 1989 566 1040 272 197 949 423 76 526 264 351 172
internal_count=2827 838 1989 566 1040 272 197 949 423 76 526 264 351 172
is_linear=0
shrinkage=0.035


Tree=80
num_leaves=15
num_cat=0
split_feature=1 1 1 1 0 1 0 1 1 1 0 1 0 0
split_gain=1244.63 233.673 101.617 65.3921 30.797 29.986 29.4109 39.8721 21.049 19.4095 18.8851 14.7754 10.0107 9.16842
threshold=528.50000000000011 663.50000000000011 243.50000000000003 796.50000000000011 0.75000000000000011 16.500000000000004 0.75000000000000011 735.50000000000011 772.50000000000011 474.50000000000006 0.75000000000000011 186.50000000000003 0.75000000000000011 0.75000000000000011
decision_type=2 2 2 2 2 2 2 2 2 2 2 2 2 2
left_child=2 4 5 6 -2 -1 7 -3 -8 13 11 -7 -11 -4
right_child=1 3 9 -5 -6 10 8 -9 -10 12 -12 -13 -14 -15
leaf_value=0.049412308257294167 -0.025397558444950608 -0.049543953500672554 0.014864789077425019 -0.093425831302827181 -0.0078243526106019593 0.032520858501168821 -0.034039269324029384 -0.093425831302827181 -0.061390865726665501 -0.0090455966370621907 0.017919444852401843 0.016646974594639617 0.0065841485818561463 0.0074354768909614399
leaf_weight=58 243 119 417 42 248 307 198 31 44 96 409 99 103 407
leaf_count=58 243 119 417 42 248 307 198 31 44 96 409 99 103 407
internal_value=0.000107559 -0.0331548 0.0163451 -0.0518451 -0.016559 0.0251129 -0.0471591 -0.0595605 -0.0392517 0.00884398 0.023323 0.0287048 -0.000954607 0.0112108
internal_weight=2821 925 1896 434 491 873 392 150 242 1023 815 406 199 824
internal_count=2821 925 1896 434 491 873 392 150 242 1023 815 406 199 824
is_linear=0
shrinkage=0.035


Tree=81
num_leaves=15
num_cat=0
split_feature=1 1 1 1 0 0 1 1 0 1 1 0 1 1
split_gain=1101.29 209.152 108.824 53.6779 49.6637 29.7489 29.6906 28.405 18.6295 17.9486 15.0584 16.8198 13.7695 12.2372
threshold=528.50000000000011 672.50000000000011 330.50000000000006 763.50000000000011 0.75000000000000011 0.75000000000000011 12.500000000000002 627.50000000000011 0.75000000000000011 727.50000000000011 435.50000000000006 0.75000000000000011 28.500000000000004 648.50000000000011
decision_type=2 2 2 2 2 2 2 2 2 2 2 2 2 2
left_child=2 4 6 5 7 -3 -1 -2 -8 -7 -4 -12 -10 -6
right_child=1 3 10 -5 13 9 8 -9 12 -11 11 -13 -14 -15
leaf_value=0.050483786713247276 -0.019283959343129799 -0.054613444761226052 0.0095521263772081928 -0.071682077600934035 -0.0018767772211295338 -0.027199300526084404 0.025506123810597033 -0.044646951931156226 0.039331152388285252 -0.046960618106425933 -0.0082743873258911867 0.0072953526548347643 0.015118785429741962 -0.021815239104563778
leaf_weight=43 179 132 382 106 212 96 563 79 30 66 171 167 544 45
leaf_count=43 179 132 382 106 212 96 563 79 30 66 171 167 544 45
internal_value=0.000344503 -0.031181 0.0155358 -0.0501462 -0.0163786 -0.042159 0.0220754 -0.0271993 0.020956 -0.0317274 0.00480012 -0.000577656 0.0164535 -0.00544575
internal_weight=2815 915 1900 400 515 294 1180 258 1137 162 720 338 574 257
internal_count=2815 915 1900 400 515 294 1180 258 1137 162 720 338 574 257
is_linear=0
shrinkage=0.035


Tree=82
num_leaves=15
num_cat=0
split_feature=1 1 1 0 1 1 1 1 0 0 0 1 1 1
split_gain=1126 207.992 102.633 47.2419 55.0847 36.7085 36.5328 25.3787 20.5507 19.4042 19.2944 16.3085 12.8896 8.64623
threshold=528.50000000000011 708.50000000000011 252.50000000000003 0.75000000000000011 778.50000000000011 648.50000000000011 8.5000000000000018 435.50000000000006 0.75000000000000011 0.75000000000000011 0.75000000000000011 207.50000000000003 739.50000000000011 802.50000000000011
decision_type=2 2 2 2 2 2 2 2 2 2 2 2 2 2
left_child=2 5 6 12 -5 8 -1 -4 -2 -9 11 -8 -3 -6
right_child=1 3 7 4 13 -7 10 9 -10 -11 -12 -13 -14 -15
leaf_value=0.061001444931472512 -0.022898302997951502 -0.065813710944098422 0.011108014089851445 -0.034122271072343141 -0.059686627077181711 -0.033116086219920328 0.030571163323047108 -0.0094188323449537481 -0.0075782367204510898 0.0075327195803877312 0.016904922291015929 0.012993410919849055 -0.10167058397457004 -0.089106678286387089
leaf_weight=30 218 39 667 126 45 215 357 161 214 168 450 82 31 30
leaf_count=30 218 39 667 126 45 215 357 161 214 168 450 82 31 30
internal_value=-0.00029027 -0.0321402 0.0149856 -0.0578472 -0.0487372 -0.0212973 0.0234167 0.0071889 -0.0153483 -0.000760822 0.0220793 0.0273288 -0.0829262 -0.0724953
internal_weight=2833 918 1915 271 201 647 919 996 432 329 889 439 70 75
internal_count=2833 918 1915 271 201 647 919 996 432 329 889 439 70 75
is_linear=0
shrinkage=0.035


Tree=83
num_leaves=15
num_cat=0
split_feature=1 1 1 1 0 1 1 1 1 0 1 0 1 1
split_gain=1057.14 169.974 89.8469 39.0047 36.0959 41.7653 34.643 19.6572 17.2572 14.9904 12.4155 10.0593 8.21633 9.14944
threshold=609.50000000000011 324.50000000000006 747.50000000000011 8.5000000000000018 0.75000000000000011 727.50000000000011 498.50000000000006 684.50000000000011 114.50000000000001 0.75000000000000011 666.50000000000011 0.75000000000000011 627.50000000000011 516.50000000000011
decision_type=2 2 2 2 2 2 2 2 2 2 2 2 2 2
left_child=1 3 4 -1 7 10 -3 12 9 -5 -6 13 -2 -8
right_child=2 6 -4 8 5 -7 11 -9 -10 -11 -12 -13 -14 -15
leaf_value=0.058554751312059748 -0.019571731339105305 0.0052396095963183793 -0.06503065524777811 0.031667108947352356 -0.0089935105235712364 -0.058214030612554216 0.0028944367037879097 -0.057237467904842791 0.015354344478851603 0.017666943840645068 -0.026060685718767022 -0.0022382186920798606 -0.040139381944581318 -0.016621054292944814
leaf_weight=30 35 624 148 189 100 37 35 86 731 198 113 198 107 171
leaf_count=30 35 624 148 189 100 37 35 86 731 198 113 198 107 171
internal_value=-0.00112093 0.010412 -0.0411655 0.0196626 -0.0336523 -0.0242825 7.09221e-05 -0.0437677 0.018566 0.0245727 -0.0181356 -0.0079013 -0.0352544 -0.0132989
internal_weight=2802 2176 626 1148 478 250 1028 228 1118 387 213 404 142 206
internal_count=2802 2176 626 1148 478 250 1028 228 1118 387 213 404 142 206
is_linear=0
shrinkage=0.035


Tree=84
num_leaves=15
num_cat=0
split_feature=1 1 1 1 1 1 0 1 0 0 1 0 1 1
split_gain=883.908 161.722 83.1337 36.6987 22.6006 22.5916 27.4092 22.5633 24.4667 17.0712 13.5617 8.56799 10.4746 6.54651
threshold=534.50000000000011 731.50000000000011 243.50000000000003 612.50000000000011 16.500000000000004 468.50000000000006 0.75000000000000011 796.50000000000011 0.75000000000000011 0.75000000000000011 772.50000000000011 0.75000000000000011 207.50000000000003 633.50000000000011
decision_type=2 2 2 2 2 2 2 2 2 2 2 2 2 2
left_child=2 3 4 -2 -1 -4 -7 8 -3 13 -10 12 -6 -5
right_child=1 7 5 9 11 6 -8 -9 10 -11 -12 -13 -14 -15
leaf_value=0.043587302969686957 -0.010395813996791584 -0.076309540704637774 0.010316171911516753 -0.020282292343365652 0.026600151086967713 -0.010395813996791584 0.0099186476000674793 -0.081780994196471432 -0.031986014309931886 -0.019508280067884874 -0.058055229606727765 0.016919011748394188 0.011110278187125032 -0.036873664352429267
leaf_weight=56 290 34 804 41 350 118 123 37 76 216 41 416 66 169
leaf_count=56 290 34 804 41 350 118 123 37 76 216 41 416 66 169
internal_value=0.000846173 -0.0277026 0.0142058 -0.0200615 0.0220765 0.00750125 -0.00188621 -0.0565344 -0.0498393 -0.0265976 -0.0415508 0.020576 0.0241794 -0.0337542
internal_weight=2837 904 1933 716 888 1045 241 188 151 426 117 832 416 210
internal_count=2837 904 1933 716 888 1045 241 188 151 426 117 832 416 210
is_linear=0
shrinkage=0.035


Tree=85
num_leaves=15
num_cat=0
split_feature=1 1 1 1 0 1 1 0 1 1 1 1 1 0
split_gain=920.14 149.979 69.6409 47.7711 37.0103 32.7776 23.1152 19.0798 23.2058 18.0134 12.7152 9.68897 9.40338 7.13183
threshold=600.50000000000011 441.50000000000006 751.50000000000011 72.500000000000014 0.75000000000000011 633.50000000000011 727.50000000000011 0.75000000000000011 468.50000000000006 8.5000000000000018 252.50000000000003 681.50000000000011 648.50000000000011 0.75000000000000011
decision_type=2 2 2 2 2 2 2 2 2 2 2 2 2 2
left_child=1 3 4 9 5 -2 12 8 -3 -1 -5 -7 -6 -12
right_child=2 7 -4 10 6 11 -8 -9 -10 -11 13 -13 -14 -15
leaf_value=0.055604574318855043 -0.017768258210692195 0.010622775888618301 -0.058636448876513841 0.017106497345309991 -0.008024624888713543 -0.038191618605591789 -0.044202561918408316 0.0019006513759719202 -0.015401306816966069 0.026525584267977249 0.013871667749025613 -0.055770423668653077 -0.02257514423457228 0.0065743693386373031
leaf_weight=30 61 50 137 655 90 86 46 280 240 227 325 98 145 340
leaf_count=30 61 50 137 655 90 86 46 280 240 227 325 98 145 340
internal_value=-0.000362699 0.0107683 -0.0363729 0.0163273 -0.0304707 -0.0404434 -0.0216569 -0.00461011 -0.0108873 0.0301292 0.013618 -0.0478146 -0.0170676 0.0106228
internal_weight=2810 2147 663 1577 526 245 281 570 290 257 1320 184 235 665
internal_count=2810 2147 663 1577 526 245 281 570 290 257 1320 184 235 665
is_linear=0
shrinkage=0.035


Tree=86
num_leaves=15
num_cat=0
split_feature=1 1 1 1 1 1 1 1 0 0 1 0 1 0
split_gain=871.532 160.265 95.6892 38.6093 33.9697 23.0239 14.1029 13.9251 25.0909 8.24786 9.46066 7.6076 13.7041 6.79286
threshold=594.50000000000011 270.50000000000006 731.50000000000011 501.50000000000006 24.500000000000004 654.50000000000011 114.50000000000001 796.50000000000011 0.75000000000000011 0.75000000000000011 522.50000000000011 0.75000000000000011 681.50000000000011 0.75000000000000011
decision_type=2 2 2 2 2 2 2 2 2 2 2 2 2 2
left_child=1 4 5 -3 -1 13 -6 8 -4 10 -5 12 -7 -2
right_child=2 3 7 9 6 11 -8 -9 -10 -11 -12 -13 -14 -15
leaf_value=0.041182682645083839 -0.022742036812580555 0.0052426740269066133 -0.075342364886154742 0.00057111366238535907 0.024088991033276774 -0.022742036812580555 0.014875587918914921 -0.075342364886154742 -0.041940504323691133 -0.0033524130234122282 -0.018254482858762317 -0.02764658832409695 -0.041940504323691133 -0.011562643651130066
leaf_weight=87 109 830 37 40 327 51 569 41 118 174 127 141 81 105
leaf_count=87 109 830 37 40 327 51 569 41 118 174 127 141 81 105
internal_value=-0.00100418 0.0099208 -0.0354253 0.0011687 0.0203332 -0.0270109 0.0182631 -0.0560804 -0.0505238 -0.00872864 -0.0142665 -0.0337769 -0.0400549 -0.0182545
internal_weight=2837 2154 683 1171 983 487 896 196 155 341 167 273 132 214
internal_count=2837 2154 683 1171 983 487 896 196 155 341 167 273 132 214
is_linear=0
shrinkage=0.035


Tree=87
num_leaves=15
num_cat=0
split_feature=1 1 1 0 1 0 1 1 1 1 1 1 0 1
split_gain=743.22 139.186 68.2051 25.6574 27.8739 19.3646 27.3769 17.416 16.8461 14.6837 10.7536 9.99008 5.16405 11.5471
threshold=513.50000000000011 702.50000000000011 225.50000000000003 0.75000000000000011 624.50000000000011 0.75000000000000011 778.50000000000011 648.50000000000011 12.500000000000002 735.50000000000011 327.50000000000006 684.50000000000011 0.75000000000000011 207.50000000000003
decision_type=2 2 2 2 2 2 2 2 2 2 2 2 2 2
left_child=2 3 8 4 -2 9 -7 -5 -1 -3 -4 -6 13 -10
right_child=1 5 10 7 11 6 -8 -9 12 -11 -12 -13 -14 -15
leaf_value=0.041298613696613105 -0.014886052488670524 -0.046519379421100029 0.011235001946373025 -0.0046984136709485392 -0.02917640558243902 -0.035285818738207013 -0.058468522631356289 -0.022348661110419929 0.023899615989828652 -0.079638275666896144 0.0037458457527434499 -0.046519379421100029 0.015827417149601463 0.011235001946373025
leaf_weight=43 202 49 367 243 107 141 71 95 351 32 657 34 389 31
leaf_count=43 202 49 367 243 107 141 71 95 351 32 657 34 389 31
internal_value=-0.000633097 -0.0253367 0.0124636 -0.0166123 -0.0233552 -0.0454827 -0.0395041 -0.00971574 0.0200219 -0.0604364 0.00644 -0.0352858 0.018781 0.021735
internal_weight=2812 974 1838 681 343 293 212 338 814 81 1024 141 771 382
internal_count=2812 974 1838 681 343 293 212 338 814 81 1024 141 771 382
is_linear=0
shrinkage=0.035


Tree=88
num_leaves=15
num_cat=0
split_feature=1 1 1 0 1 1 0 1 1 1 0 1 1 1
split_gain=804.931 116.082 69.4692 28.4643 31.0959 27.371 21.0331 20.3962 18.762 15.7037 13.8126 12.4783 4.48606 3.09555
threshold=555.50000000000011 717.50000000000011 330.50000000000006 0.75000000000000011 784.50000000000011 24.500000000000004 0.75000000000000011 489.50000000000006 627.50000000000011 648.50000000000011 0.75000000000000011 207.50000000000003 76.500000000000014 12.500000000000002
decision_type=2 2 2 2 2 2 2 2 2 2 2 2 2 2
left_child=2 6 5 -3 -5 13 8 -4 -2 -8 11 12 -7 -1
right_child=1 3 7 4 -6 10 9 -9 -10 -11 -12 -13 -14 -15
leaf_value=0.042400090107863601 -0.017522159185691367 -0.073441028316725387 0.0064216233933507717 -0.032732831117098897 -0.063012176458833419 0.029582977825656852 -0.0079382590291400771 -0.0056506627644124776 -0.032732831117098897 -0.024364856355918913 0.01061769714163001 0.011984235117759038 0.02006651066036557 0.029582977825656852
leaf_weight=43 126 54 581 122 67 93 167 242 163 126 553 222 236 45
leaf_count=43 126 54 581 122 67 93 167 242 163 126 553 222 236 45
internal_value=-0.00122668 -0.0303267 0.010696 -0.05063 -0.0437511 0.0160929 -0.0217742 0.00286714 -0.0284927 -0.0150671 0.014567 0.018501 0.0228434 0.0348377
internal_weight=2840 825 2015 243 189 1192 582 823 289 293 1104 551 329 88
internal_count=2840 825 2015 243 189 1192 582 823 289 293 1104 551 329 88
is_linear=0
shrinkage=0.035


Tree=89
num_leaves=15
num_cat=0
split_feature=1 1 1 0 1 0 1 1 0 1 0 1 1 1
split_gain=696.18 92.9758 84.6139 40.3246 31.0245 27.4132 29.5271 26.37 25.0049 20.5987 35.2367 14.5071 9.17918 6.75433
threshold=576.50000000000011 405.50000000000006 717.50000000000011 0.75000000000000011 76.500000000000014 0.75000000000000011 627.50000000000011 28.500000000000004 0.75000000000000011 790.50000000000011 0.75000000000000011 489.50000000000006 684.50000000000011 144.50000000000003
decision_type=2 2 2 2 2 2 2 2 2 2 2 2 2 2
left_child=1 3 5 4 -1 6 -2 -5 -3 10 -4 -10 -8 -9
right_child=2 8 9 7 -6 -7 12 13 11 -11 -12 -13 -14 -15
leaf_value=0.034186619195342063 -0.01460357097112819 -0.0096654914998160792 -0.065464243975827452 0.031695983297191567 0.015768766291490207 -0.014085497163616968 -0.032059407173406961 0.012127073468763579 0.0057994840662194298 -0.068423853277137472 -0.031851228800259139 -0.0050628339756881042 -0.050054701929742644 0.0057994840662194298
leaf_weight=139 94 312 56 51 594 246 100 207 143 50 132 154 65 470
leaf_count=139 94 312 56 51 594 246 100 207 143 50 132 154 65 470
internal_value=-0.0017074 0.00872501 -0.0307471 0.0135117 0.0193056 -0.022556 -0.0305094 0.00765705 -0.00275867 -0.0479531 -0.0421663 0.00449919 -0.0394178 0.00579948
internal_weight=2813 2070 743 1461 733 505 259 728 609 238 188 297 165 677
internal_count=2813 2070 743 1461 733 505 259 728 609 238 188 297 165 677
is_linear=0
shrinkage=0.035


Tree=90
num_leaves=15
num_cat=0
split_feature=1 1 1 0 1 1 1 0 1 0 1 1 1 0
split_gain=632.48 86.3131 78.7078 34.5408 31.1634 30.4604 15.2636 13.0327 11.9649 11.4169 11.0674 4.60337 4.41419 1.16093
threshold=576.50000000000011 378.50000000000006 755.50000000000011 0.75000000000000011 291.50000000000006 60.500000000000007 669.50000000000011 0.75000000000000011 28.500000000000004 0.75000000000000011 414.50000000000006 522.50000000000011 802.50000000000011 0.75000000000000011
decision_type=2 2 2 2 2 2 2 2 2 2 2 2 2 2
left_child=1 3 6 5 8 -1 13 -8 -5 10 -3 -12 -4 -2
right_child=2 9 12 4 -6 -7 7 -9 -10 -11 11 -13 -14 -15
leaf_value=0.038467421256412164 -0.018699526614983756 0.00095401436085168891 -0.047204463986142239 0.03055473819898688 0.00095401436085168891 0.01823491031762919 -0.03611843170836801 -0.020578724563964097 0.0128498391835757 0.00095401436085168891 -0.00559186740006165 -0.015003443164434952 -0.065989110870226755 -0.014059835719910487
leaf_weight=109 162 62 96 52 160 579 127 152 467 365 191 97 30 161
leaf_count=109 162 62 96 52 160 579 127 152 467 365 191 97 30 161
internal_value=0.000992823 0.0108129 -0.0270654 0.0159638 0.0103342 0.0214941 -0.0217291 -0.0277623 0.0146825 0.000954014 -0.00535774 -0.00880874 -0.0521752 -0.0164428
internal_weight=2810 2082 728 1367 679 688 602 279 519 715 350 288 126 323
internal_count=2810 2082 728 1367 679 688 602 279 519 715 350 288 126 323
is_linear=0
shrinkage=0.035


Tree=91
num_leaves=15
num_cat=0
split_feature=1 1 1 1 1 0 1 0 1 1 0 1 0 1
split_gain=644.198 141.963 63.9689 25.0697 15.2448 13.9148 12.482 10.5761 9.09952 6.6242 6.12287 6.09952 3.43071 11.3446
threshold=513.50000000000011 717.50000000000011 249.50000000000003 618.50000000000011 12.500000000000002 0.75000000000000011 435.50000000000006 0.75000000000000011 778.50000000000011 648.50000000000011 0.75000000000000011 687.50000000000011 0.75000000000000011 207.50000000000003
decision_type=2 2 2 2 2 2 2 2 2 2 2 2 2 2
left_child=2 3 4 10 -1 11 -4 -3 -9 -7 -2 -5 13 -6
right_child=1 7 6 5 12 9 -8 8 -10 -11 -12 -13 -14 -15
leaf_value=0.039332658982835715 -0.014090040149618292 -0.06200374730497047 0.0080655479465137521 -0.024825419792436004 0.022424664625656645 -0.0096455756567462025 -0.00072370119606607049 -0.035426400878189906 -0.052985898891673759 -0.02032519779623343 -0.0052110486911657525 -0.039733386236971077 0.015134730610690825 0.0080655479465137521
leaf_weight=41 191 53 688 122 354 54 277 105 70 129 194 54 421 78
leaf_count=41 191 53 688 122 354 54 277 105 70 129 194 54 421 78
internal_value=-0.000267629 -0.0233438 0.0118032 -0.0158965 0.0185451 -0.0225498 0.00554267 -0.0474624 -0.0427213 -0.0156282 -0.00964558 -0.029608 0.017499 0.0197588
internal_weight=2831 972 1859 744 894 359 965 228 175 183 385 176 853 432
internal_count=2831 972 1859 744 894 359 965 228 175 183 385 176 853 432
is_linear=0
shrinkage=0.035


Tree=92
num_leaves=15
num_cat=0
split_feature=1 1 1 0 0 1 1 1 1 1 1 0 1 1
split_gain=610.798 81.9094 54.7437 38.6986 35.3833 20.6564 13.8158 9.75155 7.72584 7.58709 4.86516 4.61927 18.8777 6.16224
threshold=591.50000000000011 399.50000000000006 747.50000000000011 0.75000000000000011 0.75000000000000011 28.500000000000004 76.500000000000014 663.50000000000011 522.50000000000011 489.50000000000006 144.50000000000003 0.75000000000000011 727.50000000000011 684.50000000000011
decision_type=2 2 2 2 2 2 2 2 2 2 2 2 2 2
left_child=1 3 7 6 8 -5 -1 -2 -3 -6 -7 13 -13 -9
right_child=2 4 -4 5 9 10 -8 11 -10 -11 -12 12 -14 -15
leaf_value=0.028549781529676348 -0.019227655083246923 -0.0054748268779534273 -0.048336425790240375 0.029015099078599439 0.0063670475558295558 0.011803951395259303 0.016388049139650057 -0.021567800309599903 -0.016470922698228949 -0.00072784431766013849 0.0063670475558295558 -0.019227655083246923 -0.045945590475378079 -0.039256537237183919
leaf_weight=146 261 222 149 50 166 211 579 40 122 184 462 107 37 89
leaf_count=146 261 222 149 50 166 211 579 40 122 184 462 107 37 89
internal_value=-0.000763843 0.00842697 -0.0295605 0.0131627 -0.00145608 0.00741344 0.0188755 -0.0242377 -0.00941612 0.00636705 0.00636705 -0.0289334 -0.0241854 -0.0339932
internal_weight=2825 2142 683 1448 694 723 725 534 344 350 673 273 144 129
internal_count=2825 2142 683 1448 694 723 725 534 344 350 673 273 144 129
is_linear=0
shrinkage=0.035


Tree=93
num_leaves=15
num_cat=0
split_feature=1 1 1 0 1 0 1 1 1 0 0 1 1 1
split_gain=514.034 91.9244 38.2453 34.1487 30.2394 24.0734 21.0341 20.0797 16.4273 15.37 12.9686 10.4826 6.72661 6.46198
threshold=609.50000000000011 399.50000000000006 720.50000000000011 0.75000000000000011 294.50000000000006 0.75000000000000011 20.500000000000004 636.50000000000011 802.50000000000011 0.75000000000000011 0.75000000000000011 28.500000000000004 651.50000000000011 693.50000000000011
decision_type=2 2 2 2 2 2 2 2 2 2 2 2 2 2
left_child=1 3 5 6 11 7 -1 -2 9 -4 -3 -5 -7 -9
right_child=2 10 8 4 -6 12 -8 13 -10 -11 -12 -13 -14 -15
leaf_value=0.043463180601596839 -0.011156784144122727 -0.0089419144319031734 -0.053423142574062311 0.026506227173341012 -0.0025187309707159033 -0.0048223157791714918 0.016513941750206255 -0.031244270762571927 -0.064723836705929821 -0.02993210350697835 -0.0025187309707159033 0.0098686449692584575 -0.01818140223798239 -0.04803928712436132
leaf_weight=37 51 384 48 51 190 75 686 103 30 145 366 489 125 48
leaf_count=37 51 384 48 51 190 75 686 103 30 145 366 489 125 48
internal_value=-0.000520601 0.00742868 -0.0285101 0.0125627 0.00720377 -0.0219549 0.0179536 -0.0304777 -0.0401686 -0.0368755 -0.00251873 0.0114893 -0.0132294 -0.0368755
internal_weight=2828 2203 625 1453 730 402 723 202 223 193 750 540 200 151
internal_count=2828 2203 625 1453 730 402 723 202 223 193 750 540 200 151
is_linear=0
shrinkage=0.035


Tree=94
num_leaves=15
num_cat=0
split_feature=1 1 1 1 0 1 1 0 0 0 1 0 1 1
split_gain=461.587 78.808 70.4098 20.8294 19.3032 24.6637 16.7114 12.8528 12.5949 8.48989 15.5137 7.66434 7.11861 6.16685
threshold=594.50000000000011 348.50000000000006 720.50000000000011 56.500000000000007 0.75000000000000011 408.50000000000006 802.50000000000011 0.75000000000000011 0.75000000000000011 0.75000000000000011 687.50000000000011 0.75000000000000011 778.50000000000011 489.50000000000006
decision_type=2 2 2 2 2 2 2 2 2 2 2 2 2 2
left_child=1 3 9 11 5 -3 7 -4 -5 10 -2 -1 -9 -6
right_child=2 4 6 8 13 -7 -8 12 -10 -11 -12 -13 -14 -15
leaf_value=0.030423640343432246 -0.016232764007740246 0.0091151233605385115 -0.053607462849923751 0.015216981243275385 0.0074561836866212138 -0.010129025274488942 -0.065622910853649963 -0.026140415346498296 0.0074561836866212138 -0.012542228277778662 -0.031620536538054918 0.016538505945784543 -0.04393967718749562 0.0001091281603925775
leaf_weight=103 171 107 46 522 247 333 31 104 512 232 59 103 43 193
leaf_count=103 171 107 46 522 247 333 31 104 512 232 59 103 43 193
internal_value=-0.000321851 0.00775378 -0.0252561 0.013435 -0.00025573 -0.00543517 -0.0413459 -0.0371193 0.0113867 -0.0173788 -0.0221744 0.023603 -0.0316205 0.00492032
internal_weight=2806 2120 686 1240 880 440 224 193 1034 462 230 206 147 440
internal_count=2806 2120 686 1240 880 440 224 193 1034 462 230 206 147 440
is_linear=0
shrinkage=0.035


Tree=95
num_leaves=15
num_cat=0
split_feature=1 1 1 1 0 1 0 1 1 0 1 1 1 1
split_gain=455.099 93.316 37.5863 32.282 23.3659 14.6908 10.0558 14.5976 10.7645 10.0027 8.15524 7.88539 7.37647 3.33502
threshold=513.50000000000011 660.50000000000011 330.50000000000006 763.50000000000011 0.75000000000000011 12.500000000000002 0.75000000000000011 681.50000000000011 727.50000000000011 0.75000000000000011 28.500000000000004 186.50000000000003 802.50000000000011 546.50000000000011
decision_type=2 2 2 2 2 2 2 2 2 2 2 2 2 2
left_child=2 4 5 6 13 -1 7 -3 -8 11 -11 -7 -5 -2
right_child=1 3 -4 12 -6 9 8 -9 -10 10 -12 -13 -14 -15
leaf_value=0.034003064005354119 -0.0084828025957879929 -0.01686735467102048 0.0033841901822193941 -0.041027115918303797 -0.002179276758923513 0.020213651151641421 -0.01686735467102048 -0.03929304591519759 -0.031757706656737231 0.027284565833787765 0.0087101163242323844 0.011773258706574473 -0.063629190778534406 -0.01686735467102048
leaf_weight=42 62 40 665 75 266 303 120 111 70 30 543 259 31 203
leaf_count=42 62 40 665 75 266 303 120 111 70 30 543 259 31 203
internal_value=-0.000197429 -0.0194827 0.0100461 -0.0312533 -0.0095307 0.0138024 -0.025859 -0.0326996 -0.0202707 0.0130241 0.00973149 0.0163548 -0.0481864 -0.0168674
internal_weight=2820 978 1842 447 531 1177 341 151 190 1135 573 562 106 265
internal_count=2820 978 1842 447 531 1177 341 151 190 1135 573 562 106 265
is_linear=0
shrinkage=0.035


Tree=96
num_leaves=15
num_cat=0
split_feature=1 1 1 1 1 0 0 0 1 1 1 1 1 1
split_gain=404.397 54.0412 37.3438 22.6776 16.7703 14.2618 9.61827 9.50935 13.523 8.79708 8.48738 7.26264 6.13886 1.86524
threshold=513.50000000000011 759.50000000000011 123.50000000000001 600.50000000000011 360.50000000000006 0.75000000000000011 0.75000000000000011 0.75000000000000011 624.50000000000011 60.500000000000007 796.50000000000011 28.500000000000004 727.50000000000011 20.500000000000004
decision_type=2 2 2 2 2 2 2 2 2 2 2 2 2 2
left_child=2 3 5 6 -4 9 -2 8 -5 13 -3 -7 -9 -1
right_child=1 10 4 7 -6 11 -8 12 -10 -11 -12 -13 -14 -15
leaf_value=0.040038845300674447 -0.013372431704319459 -0.03275058002417025 0.010261146332062517 -0.013372431704319459 0.0024051134142112768 0.024251211325136517 -0.00075675802608331059 -0.013372431704319459 -0.02820405799970031 0.018263879676411552 -0.054297833970934163 0.010261146332062517 -0.025536955937743192 0.02810465172529221
leaf_weight=36 147 75 860 42 545 51 149 237 209 119 39 175 55 69
leaf_count=36 147 75 860 42 545 51 149 237 209 119 39 175 55 69
internal_value=0.000520773 -0.0179984 0.0100405 -0.0148882 0.00721891 0.0188106 -0.0070518 -0.0191359 -0.0241744 0.0250841 -0.0405453 0.0125017 -0.0147311 0.032552
internal_weight=2808 953 1855 839 1405 450 296 543 251 224 114 226 292 105
internal_count=2808 953 1855 839 1405 450 296 543 251 224 114 226 292 105
is_linear=0
shrinkage=0.035


Tree=97
num_leaves=15
num_cat=0
split_feature=1 1 1 1 1 0 1 0 1 0 1 1 0 1
split_gain=420.171 53.6384 50.8304 19.9294 11.7026 22.8187 10.9604 7.0827 10.1846 4.23955 11.0446 4.16021 3.48864 10.2739
threshold=573.50000000000011 267.50000000000006 763.50000000000011 648.50000000000011 468.50000000000006 0.75000000000000011 16.500000000000004 0.75000000000000011 624.50000000000011 0.75000000000000011 684.50000000000011 80.500000000000014 0.75000000000000011 360.50000000000006
decision_type=2 2 2 2 2 2 2 2 2 2 2 2 2 2
left_child=1 6 3 7 12 -6 -1 8 -2 10 -5 -8 13 -3
right_child=2 4 -4 9 5 -7 11 -9 -10 -11 -12 -13 -14 -15
leaf_value=0.027839330213579042 -0.011798645596088774 0.010845748604085687 -0.045561641170364743 -0.024595450757149393 -0.011798645596088774 0.0045809447780862569 0.016319215951925693 -0.0062814653635025024 -0.024595450757149393 -0.020969526895756527 -0.037268022237828491 0.010845748604085687 0.0045809447780862569 0.0045809447780862569
leaf_weight=59 95 168 106 65 185 190 237 134 44 209 107 683 352 190
leaf_count=59 95 168 106 65 185 190 237 134 44 209 107 683 352 190
internal_value=-0.000887084 0.0073053 -0.0231185 -0.0194143 0.00194049 -0.00305301 0.0132411 -0.0121137 -0.0176386 -0.0245955 -0.0288446 0.0122738 0.00458094 0.00804609
internal_weight=2824 2064 760 654 1085 375 979 273 139 381 172 920 710 358
internal_count=2824 2064 760 654 1085 375 979 273 139 381 172 920 710 358
is_linear=0
shrinkage=0.035


Tree=98
num_leaves=15
num_cat=0
split_feature=1 1 1 1 1 1 0 0 1 1 0 1 1 1
split_gain=317.982 86.3612 46.8227 13.3117 11.9921 8.89847 8.58032 4.92959 4.8471 3.49454 3.76924 2.56318 0.986968 0.552252
threshold=528.50000000000011 751.50000000000011 114.50000000000001 267.50000000000006 8.5000000000000018 612.50000000000011 0.75000000000000011 0.75000000000000011 468.50000000000006 731.50000000000011 0.75000000000000011 546.50000000000011 594.50000000000011 330.50000000000006
decision_type=2 2 2 2 2 2 2 2 2 2 2 2 2 2
left_child=2 5 4 -4 -1 7 -6 11 13 10 -7 -2 -9 -5
right_child=1 -3 3 8 6 9 -8 12 -10 -11 -12 -13 -14 -15
leaf_value=0.039678643963357907 -0.0026491024987772113 -0.042362874010150084 0.009913213943994038 0.0058634421491800251 0.02224848751979645 -0.017309491381358084 0.011733939917867958 -0.0016453689615412328 -0.0016453689615412328 -0.023385066722830139 -0.010521461221719944 -0.014082491767683591 -0.0082593742135693045 0.0037352637006258594
leaf_weight=31 31 134 556 228 197 204 194 124 207 56 216 122 33 499
leaf_count=31 31 134 556 228 197 204 194 124 207 56 216 122 33 499
internal_value=0.000416754 -0.0164793 0.00855192 0.00562812 0.0188334 -0.0120161 0.0170793 -0.00735326 0.00306751 -0.0150274 -0.0138559 -0.0118095 -0.00295219 0.00441224
internal_weight=2832 920 1912 1490 422 786 391 310 934 476 420 153 157 727
internal_count=2832 920 1912 1490 422 786 391 310 934 476 420 153 157 727
is_linear=0
shrinkage=0.035


Tree=99
num_leaves=15
num_cat=0
split_feature=1 1 1 1 1 0 1 1 0 0 1 1 1 1
split_gain=358.244 48.3436 43.6177 12.3577 11.0071 10.0274 5.94234 4.11107 11.915 3.47357 7.19769 5.32185 2.32647 1.61693
threshold=573.50000000000011 330.50000000000006 755.50000000000011 666.50000000000011 80.500000000000014 0.75000000000000011 28.500000000000004 435.50000000000006 0.75000000000000011 0.75000000000000011 636.50000000000011 645.50000000000011 468.50000000000006 252.50000000000003
decision_type=2 2 2 2 2 2 2 2 2 2 2 2 2 2
left_child=1 4 3 9 5 -1 -7 -3 12 10 -2 -11 -9 -6
right_child=2 7 -4 -5 13 6 -8 8 -10 11 -12 -13 -14 -15
leaf_value=0.024800251598124743 -0.01003854881882154 0.0040871386957973656 -0.039127181230473894 -0.02187784003740139 0.01027206022883065 0.022182748841984134 0.01027206022883065 -0.00011590756172850982 0.0040871386957973656 -0.0062726627387626145 -0.02187784003740139 -0.020797859524760178 -0.0081722664430741096 0.0075432651126773609
leaf_weight=142 115 373 128 297 626 53 92 58 248 129 53 33 186 284
leaf_count=142 115 373 128 297 626 53 92 58 248 129 53 33 186 284
internal_value=7.5945e-05 0.00762957 -0.0205344 -0.0166798 0.0121825 0.0181772 0.0115538 0.00132034 -0.000777734 -0.0119442 -0.0154941 -0.0081797 -0.00627266 0.0102721
internal_weight=2817 2062 755 627 1197 287 145 865 492 330 168 162 244 910
internal_count=2817 2062 755 627 1197 287 145 865 492 330 168 162 244 910
is_linear=0
shrinkage=0.035


Tree=100
num_leaves=15
num_cat=0
split_feature=1 1 1 1 1 1 0 1 0 0 1 1 1 1
split_gain=355.871 51.2805 27.9374 19.6722 14.6557 13.3303 17.4255 16.3035 8.62221 7.48218 6.96325 4.47759 3.9647 2.13553
threshold=609.50000000000011 330.50000000000006 796.50000000000011 8.5000000000000018 513.50000000000011 699.50000000000011 0.75000000000000011 739.50000000000011 0.75000000000000011 0.75000000000000011 186.50000000000003 144.50000000000003 727.50000000000011 76.500000000000014
decision_type=2 2 2 2 2 2 2 2 2 2 2 2 2 2
left_child=1 3 5 -1 -3 -2 7 -7 -6 10 13 -11 -8 -5
right_child=2 4 -4 9 8 6 12 -9 -10 11 -12 -13 -14 -15
leaf_value=0.037874616577019619 -0.017602079211281631 0.0026395934731209595 -0.052703552437991637 0.019347029051707904 -0.011753916724095252 -0.028587024426362555 -0.017602079211281631 -0.052703552437991637 -0.00070387705993549591 0.010237685631087975 0.0079686910697288806 0.0040374313138314159 -0.025599097852469038 0.013275768648870291
leaf_weight=30 320 656 40 130 173 60 47 30 173 253 257 334 125 199
leaf_count=30 320 656 40 130 173 60 47 30 173 253 257 334 125 199
internal_value=-0.00118138 0.00541528 -0.0245406 0.0102835 -0.000432147 -0.022515 -0.028419 -0.0409627 -0.00625189 0.00954468 0.0123493 0.00672562 -0.0216465 0.0157314
internal_weight=2827 2205 622 1203 1002 582 262 90 346 1173 586 587 172 329
internal_count=2827 2205 622 1203 1002 582 262 90 346 1173 586 587 172 329
is_linear=0
shrinkage=0.035


Tree=101
num_leaves=15
num_cat=0
split_feature=1 1 1 0 0 1 1 1 1 0 1 1 0 1
split_gain=325.273 33.3413 24.5063 13.2512 13.0803 16.2068 11.9623 8.78799 5.46192 3.89865 2.12054 1.87112 1.86191 2.4589
threshold=576.50000000000011 468.50000000000006 711.50000000000011 0.75000000000000011 0.75000000000000011 772.50000000000011 114.50000000000001 501.50000000000006 12.500000000000002 0.75000000000000011 270.50000000000006 597.50000000000011 0.75000000000000011 32.500000000000007
decision_type=2 2 2 2 2 2 2 2 2 2 2 2 2 2
left_child=1 6 9 -3 -4 -6 8 -5 -1 -2 -8 -11 -10 -14
right_child=2 3 4 7 5 -7 10 -9 12 11 -12 -13 13 -15
leaf_value=0.025267384932969105 -0.01941202594131354 -0.0096045035495005981 -0.044276723684867229 0.0065674011778863641 -0.016191292035649483 -0.036545598832327275 0.0087661366478929605 -0.0031218889994050962 0.014565714851831613 -0.0096045035495005981 0.0065674011778863641 -0.014580178506848104 0.018189667133148759 0.0087661366478929605
leaf_weight=43 242 192 59 63 111 85 550 138 183 37 715 211 35 151
leaf_count=43 242 192 59 63 111 85 550 138 183 37 715 211 35 151
internal_value=-0.00102111 0.00611663 -0.0208375 -0.00304974 -0.0296604 -0.0250493 0.00826632 0.00321942 0.0134499 -0.0161913 0.0065674 -0.0129761 0.0120035 0.00940878
internal_weight=2815 2070 745 393 255 196 1677 201 412 490 1265 248 369 186
internal_count=2815 2070 745 393 255 196 1677 201 412 490 1265 248 369 186
is_linear=0
shrinkage=0.035


Tree=102
num_leaves=15
num_cat=0
split_feature=1 1 1 1 1 1 0 0 1 0 0 1 1 0
split_gain=282.614 48.4866 33.7161 15.2949 11.331 8.47186 22.7157 9.68789 6.79162 5.4917 4.78548 4.77683 4.63996 2.72418
threshold=534.50000000000011 759.50000000000011 147.50000000000003 663.50000000000011 8.5000000000000018 378.50000000000006 0.75000000000000011 0.75000000000000011 802.50000000000011 0.75000000000000011 0.75000000000000011 414.50000000000006 627.50000000000011 0.75000000000000011
decision_type=2 2 2 2 2 2 2 2 2 2 2 2 2 2
left_child=2 3 4 10 -1 7 11 -4 -3 -5 12 -7 -2 -6
right_child=1 8 5 9 13 6 -8 -9 -10 -11 -12 -13 -14 -15
leaf_value=0.035766097572864974 -0.0080210848655272848 -0.03131497641652823 0.012515987674166092 -0.024179292448561828 0.016732567972880752 0.0028723082898307922 0.0071957605407880773 0.0071957605407880773 -0.05199915404125087 -0.014522524493598048 -0.0051669714992137071 -0.0077219774683647702 -0.014522524493598048 0.011302210236720161
leaf_weight=31 166 87 421 138 241 67 285 420 30 170 229 224 67 243
leaf_count=31 166 87 421 138 241 67 285 420 30 170 229 224 67 243
internal_value=0.000243767 -0.0161002 0.00775281 -0.012874 0.0154167 0.00495726 0.00167906 0.00719576 -0.0370292 -0.0189192 -0.00880787 -0.00527527 -0.0123414 0.0140387
internal_weight=2819 887 1932 770 515 1417 576 841 117 308 462 291 233 484
internal_count=2819 887 1932 770 515 1417 576 841 117 308 462 291 233 484
is_linear=0
shrinkage=0.035


Tree=103
num_leaves=15
num_cat=0
split_feature=1 1 0 1 1 0 1 1 1 0 1 1 1 1
split_gain=250.99 48.5399 15.0031 14.7384 12.2976 9.3199 15.4275 9.29186 6.54168 5.1584 24.9077 3.04365 3.02298 1.02959
threshold=513.50000000000011 731.50000000000011 0.75000000000000011 621.50000000000011 123.50000000000001 0.75000000000000011 784.50000000000011 648.50000000000011 12.500000000000002 0.75000000000000011 402.50000000000006 711.50000000000011 144.50000000000003 495.50000000000006
decision_type=2 2 2 2 2 2 2 2 2 2 2 2 2 2
left_child=4 2 3 -2 8 -3 -7 -4 -1 10 -6 -9 -11 -14
right_child=1 5 7 -5 9 6 -8 11 -10 12 -12 -13 13 -15
leaf_value=0.02599872481528049 -0.0084263858287789255 -0.045410149790532893 -0.0011545556881859648 -0.022341245934606239 0.01128602322845219 -0.022341245934606239 -0.040618473030161119 -0.0095410655395641378 0.01128602322845219 0.01128602322845219 -0.0011545556881859648 -0.022022969480829713 0.0036177637103747559 -0.0011545556881859648
leaf_weight=41 191 39 235 186 501 99 63 106 395 37 202 32 631 35
leaf_count=41 191 39 235 186 501 99 63 106 395 37 202 32 631 35
internal_value=5.33015e-05 -0.0145393 -0.0104165 -0.0153371 0.007592 -0.0297862 -0.0257587 -0.00541077 0.0127299 0.00598958 0.00811206 -0.0125856 0.0038561 0.00328177
internal_weight=2793 951 750 377 1842 201 162 373 436 1406 703 138 703 666
internal_count=2793 951 750 377 1842 201 162 373 436 1406 703 138 703 666
is_linear=0
shrinkage=0.035


Tree=104
num_leaves=15
num_cat=0
split_feature=1 1 1 1 0 1 1 0 0 1 1 1 0 1
split_gain=256.401 35.2539 29.7711 17.0411 9.35248 15.4301 8.25259 5.66569 3.69069 3.05016 2.55698 2.24504 1.9243 16.8788
threshold=600.50000000000011 747.50000000000011 480.50000000000006 56.500000000000007 0.75000000000000011 684.50000000000011 727.50000000000011 0.75000000000000011 0.75000000000000011 267.50000000000006 28.500000000000004 546.50000000000011 0.75000000000000011 408.50000000000006
decision_type=2 2 2 2 2 2 2 2 2 2 2 2 2 2
left_child=2 4 3 8 5 -2 -6 11 -1 -5 -10 -4 13 -11
right_child=1 -3 7 9 6 -7 -8 -9 10 12 -12 -13 -14 -15
leaf_value=0.021295599724482566 -0.01363546768051963 -0.035037670659165625 -0.0033596896070922757 0.0073238531435387225 -0.0085744930936352305 -0.031963851973292948 -0.02648233593637879 0.00062401796411722913 0.017233700432924225 0.0073238531435387225 0.0073238531435387225 -0.0085744930936352305 0.0023588344531273657 0.00062401796411722913
leaf_weight=102 154 147 115 748 237 91 36 223 50 255 50 94 376 125
leaf_count=102 154 147 115 748 237 91 36 223 50 255 50 94 376 125
internal_value=-0.000956694 -0.0199209 0.00494764 0.0070255 -0.0155684 -0.0205525 -0.0110304 -0.00325121 0.0165562 0.00573413 0.0115418 -0.00737765 0.00415132 0.00590949
internal_weight=2803 665 2138 1706 518 245 273 432 202 1504 100 209 756 380
internal_count=2803 665 2138 1706 518 245 273 432 202 1504 100 209 756 380
is_linear=0
shrinkage=0.035


Tree=105
num_leaves=15
num_cat=0
split_feature=1 1 1 1 0 1 0 1 1 1 0 1 1 1
split_gain=251.807 23.9788 23.7185 9.53338 9.28575 18.8272 7.73933 8.80212 4.54514 2.99525 2.63845 2.45076 1.69511 0.702118
threshold=600.50000000000011 480.50000000000006 763.50000000000011 16.500000000000004 0.75000000000000011 627.50000000000011 0.75000000000000011 360.50000000000006 36.500000000000007 687.50000000000011 0.75000000000000011 273.50000000000006 186.50000000000003 796.50000000000011
decision_type=2 2 2 2 2 2 2 2 2 2 2 2 2 2
left_child=1 3 4 -1 5 -2 7 12 -8 -7 -3 -10 -5 -4
right_child=2 10 13 6 -6 9 8 -9 11 -11 -12 -13 -14 -15
leaf_value=0.021745680045597914 -0.0020631738187710073 -0.0020631738187710073 -0.030595177970637211 0.013533005332963824 -0.011780462412157303 -0.021069421582689912 0.01734398436865783 0.0033586412916349812 0.0060331348517926745 -0.030264704951121674 0.0018566441480673988 0.0021723472496295955 0.0097504557225557061 -0.040096344957991352
leaf_weight=56 52 214 58 305 294 106 33 214 435 101 215 381 323 40
leaf_count=56 52 214 58 305 294 106 33 214 435 101 215 381 323 40
internal_value=8.63626e-05 0.00580148 -0.0189936 0.00762147 -0.0161214 -0.020978 0.00714012 0.00952059 0.0047688 -0.0256884 -0.00160646 0.0042375 0.0116089 -0.0348567
internal_weight=2827 2176 651 1747 553 259 1691 842 849 207 429 816 628 98
internal_count=2827 2176 651 1747 553 259 1691 842 849 207 429 816 628 98
is_linear=0
shrinkage=0.035


Tree=106
num_leaves=15
num_cat=0
split_feature=1 1 1 0 0 1 1 1 1 0 1 1 0 1
split_gain=224.683 46.2101 26.6515 18.6979 13.2559 17.3589 12.1549 8.94709 5.53258 4.84001 15.14 6.05439 4.65822 2.53806
threshold=513.50000000000011 717.50000000000011 252.50000000000003 0.75000000000000011 0.75000000000000011 633.50000000000011 772.50000000000011 24.500000000000004 435.50000000000006 0.75000000000000011 408.50000000000006 294.50000000000006 0.75000000000000011 654.50000000000011
decision_type=2 2 2 2 2 2 2 2 2 2 2 2 2 2
left_child=2 4 7 -3 5 -2 -5 12 9 10 -4 -11 -1 -6
right_child=1 3 8 6 13 -7 -8 -9 -10 11 -12 -13 -14 -15
leaf_value=0.03009706822266946 -0.008784009891892635 -0.047340120416313705 0.008994842831009266 -0.0140791642192163 -0.003826133509256667 -0.023072326774046258 -0.032498782636941712 0.008994842831009266 -0.0024700830140032136 0.0089929941684389735 -0.0024700830140032136 -0.002138965052517189 0.012842349491661622 -0.010153239459056281
leaf_weight=38 216 51 275 94 247 155 87 824 275 77 52 256 44 115
leaf_count=38 216 51 275 94 247 155 87 824 275 77 52 256 44 115
internal_value=-0.00132776 -0.0149992 0.00584171 -0.0285948 -0.0106606 -0.0153083 -0.0230723 0.0101168 0.00169097 0.00342851 0.00644666 0.00044907 0.0211258 -0.00586338
internal_weight=2806 965 1841 232 733 371 181 906 935 660 327 333 82 362
internal_count=2806 965 1841 232 733 371 181 906 935 660 327 333 82 362
is_linear=0
shrinkage=0.035


Tree=107
num_leaves=15
num_cat=0
split_feature=1 1 1 0 0 1 0 1 1 0 1 1 1 1
split_gain=220.188 25.5655 21.1154 14.1645 13.2001 11.6376 11.1373 12.1221 10.3055 6.0707 8.74413 2.44806 3.45951 2.2226
threshold=594.50000000000011 468.50000000000006 717.50000000000011 0.75000000000000011 0.75000000000000011 360.50000000000006 0.75000000000000011 796.50000000000011 28.500000000000004 0.75000000000000011 621.50000000000011 501.50000000000006 651.50000000000011 76.500000000000014
decision_type=2 2 2 2 2 2 2 2 2 2 2 2 2 2
left_child=1 3 9 5 -3 13 -4 -8 -5 10 -2 -6 -11 -1
right_child=2 4 6 8 11 -7 7 -9 -10 12 -12 -13 -14 -15
leaf_value=0.016810298782061129 -0.0081915377138825698 -0.0081915377138825698 -0.041325468913614757 0.019544237524179706 0.003745253906657595 0.0029067879300379456 -0.016996317134425048 -0.039042316886164795 0.003745253906657595 -0.0042099175447399178 -0.016996317134425048 -0.00043094765962383086 -0.013103620994630888 0.011593284667660348
leaf_weight=135 46 222 49 50 59 194 139 40 802 102 171 171 117 514
leaf_count=135 46 222 49 50 59 194 139 40 802 102 171 171 117 514
internal_value=-0.000177402 0.00527049 -0.0177769 0.00724208 -0.00211878 0.0104586 -0.0264192 -0.0221221 0.00404895 -0.0132034 -0.0173694 0.00374525 -0.00900727 0.0127054
internal_weight=2811 2147 664 1695 452 843 228 179 852 436 217 230 219 649
internal_count=2811 2147 664 1695 452 843 228 179 852 436 217 230 219 649
is_linear=0
shrinkage=0.035


Tree=108
num_leaves=15
num_cat=0
split_feature=1 1 1 1 1 1 1 0 0 1 1 0 1 1
split_gain=171.04 39.4996 38.8302 8.72053 6.94627 5.00162 3.13331 8.4248 2.91833 8.07777 2.21785 1.92301 1.02263 0.763382
threshold=513.50000000000011 159.50000000000003 731.50000000000011 802.50000000000011 8.5000000000000018 573.50000000000011 468.50000000000006 0.75000000000000011 0.75000000000000011 360.50000000000006 186.50000000000003 0.75000000000000011 772.50000000000011 609.50000000000011
decision_type=2 2 2 2 2 2 2 2 2 2 2 2 2 2
left_child=1 4 5 12 -1 -2 8 -8 9 10 -3 -6 -4 -7
right_child=2 6 3 -5 11 13 7 -9 -10 -11 -12 -13 -14 -15
leaf_value=0.030578467545798051 -0.0033716579028047053 0.013527671410247995 -0.019358804596794978 -0.042829552993058198 0.015753956668280267 -0.0070393241343498234 -0.0033716579028047053 0.0039974605619164678 0.0039974605619164678 0.0039974605619164678 0.0087332223837531236 0.011327353368461355 -0.0262778759768297 -0.01034213860250441
leaf_weight=31 220 48 107 30 258 124 76 80 545 196 316 268 57 438
leaf_count=31 220 48 107 30 258 124 76 80 545 196 316 268 57 438
internal_value=0.000433026 0.0067777 -0.0113783 -0.0253645 0.0145329 -0.00787835 0.00334196 -0.00128595 0.00399746 0.00653239 0.0100796 0.0135277 -0.0219189 -0.00963031
internal_weight=2794 1818 976 194 557 782 1261 156 1105 560 364 526 164 562
internal_count=2794 1818 976 194 557 782 1261 156 1105 560 364 526 164 562
is_linear=0
shrinkage=0.035


Tree=109
num_leaves=15
num_cat=0
split_feature=1 1 1 1 0 1 0 1 1 0 1 1 1 0
split_gain=157.08 25.7282 11.3377 10.9123 4.78609 10.5251 3.78791 2.83016 2.62756 3.61743 4.16487 2.31183 1.98239 1.21557
threshold=513.50000000000011 763.50000000000011 80.500000000000014 600.50000000000011 0.75000000000000011 684.50000000000011 0.75000000000000011 12.500000000000002 240.50000000000003 0.75000000000000011 207.50000000000003 144.50000000000003 621.50000000000011 0.75000000000000011
decision_type=2 2 2 2 2 2 2 2 2 2 2 2 2 2
left_child=2 3 7 6 5 12 -2 -1 9 10 -4 -11 -5 -9
right_child=1 -3 8 4 -6 -7 -8 13 -10 11 -12 -13 -14 -15
leaf_value=0.019779232798930676 -0.0085737018516163048 -0.02798497303584507 0.010027405557513703 -0.0085737018516163048 -0.0098278234406384557 -0.024905965771839442 -0.00071512578121002987 0.012510936151410261 0.0029948084071614437 0.007939107957328188 0.0029948084071614437 0.0029948084071614437 -0.013770046823320139 0.007939107957328188
leaf_weight=44 149 110 226 40 297 106 152 128 994 115 62 165 112 127
leaf_count=44 149 110 226 40 297 106 152 128 994 115 62 165 112 127
internal_value=-0.000652407 -0.012097 0.00529059 -0.010023 -0.0129331 -0.0164492 -0.00462655 0.0115294 0.00408861 0.00599105 0.0087444 0.00313176 -0.010416 0.0100274
internal_weight=2827 966 1861 856 555 258 301 299 1562 568 288 280 152 255
internal_count=2827 966 1861 856 555 258 301 299 1562 568 288 280 152 255
is_linear=0
shrinkage=0.035


Tree=110
num_leaves=15
num_cat=0
split_feature=1 1 1 1 0 1 1 0 1 1 1 1 0 1
split_gain=199.522 29.3362 13.3187 11.8437 12.2472 17.0019 7.51618 7.39048 4.92455 4.70038 2.53273 2.08736 3.07929 1.18728
threshold=597.50000000000011 435.50000000000006 8.5000000000000018 660.50000000000011 0.75000000000000011 684.50000000000011 778.50000000000011 0.75000000000000011 735.50000000000011 489.50000000000006 465.50000000000006 68.500000000000014 0.75000000000000011 720.50000000000011
decision_type=2 2 2 2 2 2 2 2 2 2 2 2 2 2
left_child=1 2 -1 -2 5 -5 13 10 -7 -9 -3 12 -4 -6
right_child=3 7 11 4 6 8 -8 9 -10 -11 -12 -13 -14 -15
leaf_value=0.028966722250705769 -0.011513681646955687 -3.3967889845371245e-05 0.013547007669677152 -0.011513681646955687 -0.011513681646955687 -0.03123786600741996 -0.026813506227701088 0.0057550970178167488 -0.049241474353708334 -0.002132490362116339 -0.008319486578476051 0.0057550970178167488 0.0057550970178167488 -0.016421507277749839
leaf_weight=30 225 56 105 45 108 82 72 95 31 196 243 1339 110 103
leaf_count=30 225 56 105 45 108 82 72 95 31 196 243 1339 110 103
internal_value=-0.00140221 0.00373316 0.00621381 -0.0181485 -0.0214959 -0.0293588 -0.017012 -0.00292304 -0.0365809 0.00104238 -0.0067788 0.0057551 0.00923139 -0.0135484
internal_weight=2840 2174 1584 666 441 158 283 590 113 291 299 1554 215 211
internal_count=2840 2174 1584 666 441 158 283 590 113 291 299 1554 215 211
is_linear=0
shrinkage=0.035


Tree=111
num_leaves=15
num_cat=0
split_feature=1 1 1 1 0 1 1 0 1 0 1 1 0 1
split_gain=164.371 26.4228 13.178 8.15827 9.30121 7.75276 6.2338 4.7898 5.00961 4.13735 3.29882 2.67097 2.15321 2.24548
threshold=576.50000000000011 165.50000000000003 763.50000000000011 432.50000000000006 0.75000000000000011 8.5000000000000018 648.50000000000011 0.75000000000000011 627.50000000000011 0.75000000000000011 360.50000000000006 501.50000000000006 0.75000000000000011 76.500000000000014
decision_type=2 2 2 2 2 2 2 2 2 2 2 2 2 2
left_child=1 5 6 9 -5 -1 7 8 -2 10 -3 -6 13 -7
right_child=2 3 -4 4 11 12 -8 -9 -10 -11 -12 -13 -14 -15
leaf_value=0.027629778608619687 -0.0069919083235866347 0.008210429918211401 -0.026487265440160938 -0.0064376266127334518 0.0029422339767363726 0.015327013877349175 -0.015846928161620814 -0.0036357733011245729 -0.015846928161620814 0.0029422339767363726 0.0029422339767363726 -0.0019795955836772921 0.0072817945159601846 0.0088290936287094227
leaf_weight=30 91 345 105 262 120 122 385 122 36 484 132 134 281 158
leaf_count=30 91 345 105 262 120 122 385 122 36 484 132 134 281 158
internal_value=-0.000831176 0.00423184 -0.0149884 0.00172507 -0.00182026 0.0104802 -0.0130425 -0.00865326 -0.0133935 0.00363043 0.00634751 0.00294223 0.00951248 0.011711
internal_weight=2807 2068 739 1477 516 591 634 249 127 961 477 254 561 280
internal_count=2807 2068 739 1477 516 591 634 249 127 961 477 254 561 280
is_linear=0
shrinkage=0.035


Tree=112
num_leaves=15
num_cat=0
split_feature=1 1 1 1 0 1 1 0 1 0 1 1 1 0
split_gain=108.041 27.051 10.9735 6.74102 11.1865 5.90764 2.81435 2.67368 5.95118 2.63654 4.78209 1.46879 1.25638 1.04092
threshold=669.50000000000011 480.50000000000006 8.5000000000000018 731.50000000000011 0.75000000000000011 240.50000000000003 778.50000000000011 0.75000000000000011 648.50000000000011 0.75000000000000011 207.50000000000003 522.50000000000011 501.50000000000006 0.75000000000000011
decision_type=2 2 2 2 2 2 2 2 2 2 2 2 2 2
left_child=1 2 -1 13 -5 9 -6 11 12 10 -4 -3 -9 -2
right_child=3 7 5 4 6 -7 -8 8 -10 -11 -12 -13 -14 -15
leaf_value=0.026548177323754758 -0.015228538415904318 -0.00017223385700335109 0.011246268328505511 -0.038526016361700999 -0.012017929601906376 0.0034585594778011575 -0.021747365550635618 0.0034585594778011575 -0.011531944928375275 0.0055955755007216492 0.0034585594778011575 -0.0057740848644783627 0.0002632365699731902 -0.011531944928375275
leaf_weight=30 105 74 353 35 87 864 72 37 39 412 60 265 266 108
leaf_count=30 105 74 353 35 87 864 72 37 39 412 60 265 266 108
internal_value=0.00070697 0.00353689 0.005875 -0.015944 -0.0206952 0.00549128 -0.016543 -0.00236242 -0.000171556 0.0076112 0.00959934 -0.00456051 0.00150266 -0.0115319
internal_weight=2807 2400 1719 407 194 1689 159 681 342 825 413 339 303 213
internal_count=2807 2400 1719 407 194 1689 159 681 342 825 413 339 303 213
is_linear=0
shrinkage=0.035


Tree=113
num_leaves=15
num_cat=0
split_feature=1 1 1 0 1 1 1 1 1 1 1 1 1 1
split_gain=147.855 20.8697 14.7265 5.87177 8.52016 5.33587 4.3438 2.62577 2.06013 1.73226 0.591812 0.14489 0.0953726 0.000722556
threshold=549.50000000000011 763.50000000000011 225.50000000000003 0.75000000000000011 727.50000000000011 432.50000000000006 624.50000000000011 802.50000000000011 648.50000000000011 12.500000000000002 513.50000000000011 600.50000000000011 348.50000000000006 492.50000000000006
decision_type=2 2 2 2 2 2 2 2 2 2 2 2 2 2
left_child=2 3 9 6 8 12 -2 -3 11 -1 13 -5 -4 -7
right_child=1 7 5 4 -6 10 -8 -9 -10 -11 -12 -13 -14 -15
leaf_value=0.016633295783377255 -0.0078931277197199293 -0.022120428151705049 0.0053321588173325749 -0.0017559323536427641 -0.018032644298872844 0.00096925467658170073 -0.016061850439315274 -0.035555591345554402 -0.0073915093360532973 0.0089562296288817969 -0.0017559323536427641 -0.0031805575813936152 0.0043984440773888267 0.00067646271159703094
leaf_weight=39 134 76 442 89 66 207 214 30 144 775 129 91 308 76
leaf_count=39 134 76 442 89 66 207 214 30 144 775 129 91 308 76
internal_value=0.000499036 -0.0117546 0.00573706 -0.00963958 -0.00665289 0.00320147 -0.0129531 -0.0262359 -0.00428105 0.00934615 0 -0.00175593 0.00495741 0.000899446
internal_weight=2820 844 1976 738 390 1162 348 106 324 814 412 180 750 283
internal_count=2820 844 1976 738 390 1162 348 106 324 814 412 180 750 283
is_linear=0
shrinkage=0.035


Tree=114
num_leaves=15
num_cat=0
split_feature=1 1 1 1 0 1 1 1 0 1 1 0 1 1
split_gain=86.2659 16.3968 12.2391 5.21064 4.50056 2.89279 2.47341 1.57631 1.45447 3.23768 0.802 0.94096 0.947802 0.577667
threshold=528.50000000000011 759.50000000000011 8.5000000000000018 348.50000000000006 0.75000000000000011 225.50000000000003 784.50000000000011 186.50000000000003 0.75000000000000011 402.50000000000006 600.50000000000011 0.75000000000000011 546.50000000000011 28.500000000000004
decision_type=2 2 2 2 2 2 2 2 2 2 2 2 2 2
left_child=2 10 -1 4 7 13 -3 -4 9 -5 11 12 -2 -6
right_child=1 6 3 8 5 -7 -8 -9 -10 -11 -12 -13 -14 -15
leaf_value=0.026585683506823356 -0.0030754217764339116 -0.014836882353221881 0.009536691859215499 0.001852216327921772 0.0098569900543252764 0.001852216327921772 -0.025873618617850785 0.0059292351320987223 0.001852216327921772 -0.0030754217764339116 -0.0073475183737970982 -0.0027121209550157997 -0.0073475183737970982 0.0051000981002014747
leaf_weight=30 30 55 324 95 36 223 59 296 323 236 532 128 98 353
leaf_count=30 30 55 324 95 36 223 59 296 323 236 532 128 98 353
internal_value=0.000545428 -0.00837336 0.00474724 0.00438503 0.00572555 0.00358188 -0.0207394 0.00782956 0.00185222 -0.000462397 -0.00655813 -0.00488867 -0.00701376 0.00556896
internal_weight=2818 902 1916 1886 1232 612 114 620 654 331 788 256 128 389
internal_count=2818 902 1916 1886 1232 612 114 620 654 331 788 256 128 389
is_linear=0
shrinkage=0.035


Tree=115
num_leaves=15
num_cat=0
split_feature=1 1 1 0 1 1 0 1 1 1 1 1 1 1
split_gain=139.484 17.6618 11.1699 10.8856 32.8297 9.92621 6.74198 5.46395 4.55834 2.18651 1.36849 0.731301 0.0257149 0.000386878
threshold=600.50000000000011 330.50000000000006 778.50000000000011 0.75000000000000011 684.50000000000011 8.5000000000000018 0.75000000000000011 621.50000000000011 207.50000000000003 294.50000000000006 28.500000000000004 802.50000000000011 186.50000000000003 537.50000000000011
decision_type=2 2 2 2 2 2 2 2 2 2 2 2 2 2
left_child=1 5 3 4 7 -1 8 -2 12 10 -8 -4 -7 -3
right_child=2 13 11 -5 -6 6 9 -9 -10 -11 -12 -13 -14 -15
leaf_value=0.025169290267156835 -0.00014109543167430786 -0.00014109543167430786 -0.027810583395299817 -0.0090057929027513289 -0.027810583395299817 0.011008502054673989 0.010502882239667492 -0.011773367102531828 0.0043447796478290699 -0.00014109543167430786 0.003366614944710705 -0.035359583880632157 0.0086990659704957261 -0.00014109543167430786
leaf_weight=32 40 754 44 327 106 317 35 118 221 66 477 30 38 228
leaf_count=32 40 754 44 327 106 317 35 118 221 66 477 30 38 228
internal_value=-0.000972223 0.00332938 -0.0149827 -0.0133292 -0.0186236 0.00620208 0.00565328 -0.00783369 0.00833277 0.00297026 0.00387738 -0.0278106 0.0107913 -0.000141095
internal_weight=2833 2168 665 591 264 1186 1154 158 576 578 512 74 355 982
internal_count=2833 2168 665 591 264 1186 1154 158 576 578 512 74 355 982
is_linear=0
shrinkage=0.035


Tree=116
num_leaves=15
num_cat=0
split_feature=1 1 1 0 1 1 1 0 1 0 1 1 1 1
split_gain=137.081 17.3385 10.2075 8.48526 23.1461 9.14226 4.46772 4.32459 4.16625 3.72208 3.16194 3.14017 2.73776 1.63489
threshold=552.50000000000011 672.50000000000011 64.500000000000014 0.75000000000000011 739.50000000000011 778.50000000000011 8.5000000000000018 0.75000000000000011 324.50000000000006 0.75000000000000011 654.50000000000011 690.50000000000011 621.50000000000011 525.50000000000011
decision_type=2 2 2 2 2 2 2 2 2 2 2 2 2 2
left_child=2 7 6 4 11 -5 -1 12 -4 -8 -9 -3 -2 -10
right_child=1 3 8 5 -6 -7 9 10 13 -11 -12 -13 -14 -15
leaf_value=0.024649250967848688 -0.0049072841240413254 -0.010130310059921826 0.0059364642098146195 -0.0089661241960543765 -0.050689128161077547 -0.023563636310398581 0.014859535758311934 -0.0011119529738941273 0.0031282241914765687 0.0059364642098146195 -0.0089661241960543765 -0.02007136063684117 -0.010130310059921826 -0.0011119529738941273
leaf_weight=30 127 30 954 193 30 73 103 183 738 102 34 76 95 103
leaf_count=30 127 30 954 193 30 73 103 183 738 102 34 76 95 103
internal_value=0.000333454 -0.0115398 0.00525648 -0.0167902 -0.0239403 -0.013052 0.0121089 -0.00670063 0.00435216 0.0101545 -0.00315351 -0.0159506 -0.0101303 0.00254798
internal_weight=2871 841 2030 402 136 266 235 439 1795 205 217 106 222 841
internal_count=2871 841 2030 402 136 266 235 439 1795 205 217 106 222 841
is_linear=0
shrinkage=0.035


Tree=117
num_leaves=15
num_cat=0
split_feature=1 1 1 0 1 0 1 1 0 1 1 0 1 0
split_gain=79.1576 18.6286 5.64247 6.12886 5.52103 11.5864 11.8064 3.73856 3.10873 1.11803 0.624555 0.576842 2.14939 0.121995
threshold=663.50000000000011 252.50000000000003 56.500000000000007 0.75000000000000011 772.50000000000011 0.75000000000000011 687.50000000000011 525.50000000000011 0.75000000000000011 20.500000000000004 28.500000000000004 0.75000000000000011 207.50000000000003 0.75000000000000011
decision_type=2 2 2 2 2 2 2 2 2 2 2 2 2 2
left_child=1 2 3 9 5 6 -2 13 -9 -1 -5 12 -4 -3
right_child=4 7 11 10 -6 -7 -8 8 -10 -11 -12 -13 -14 -15
leaf_value=0.023889007487007091 -0.0021614932113223611 0.0019875980934805654 0.0056552050640839586 0.0098994617237628483 -0.021292108354155865 -0.0055036648090691408 -0.021292108354155865 -0.0021614932113223611 0.0017751109725278286 0.015132105054393892 0.0056552050640839586 0.0046315465543697752 0.0019875980934805654 0.0017751109725278286
leaf_weight=36 44 484 263 45 81 203 112 251 251 61 50 360 81 507
leaf_count=36 44 484 263 45 81 203 112 251 251 61 50 360 81 507
internal_value=0.000623457 0.00313783 0.00712461 0.0124461 -0.0130006 -0.011071 -0.0182234 0.000740887 -0.00171583 0.0186105 0.00600544 0.00565521 0.00670487 0.0019876
internal_weight=2829 2389 896 192 440 359 156 1493 502 97 95 704 344 991
internal_count=2829 2389 896 192 440 359 156 1493 502 97 95 704 344 991
is_linear=0
shrinkage=0.035


Tree=118
num_leaves=15
num_cat=0
split_feature=1 1 1 0 1 1 1 1 1 1 1 1 1 1
split_gain=92.3088 15.7761 12.4709 4.86572 9.17469 4.57568 2.99818 1.01553 0.937631 0.718249 0.531899 0.382109 0.350161 0.341884
threshold=555.50000000000011 763.50000000000011 144.50000000000003 0.75000000000000011 684.50000000000011 648.50000000000011 429.50000000000006 790.50000000000011 627.50000000000011 12.500000000000002 513.50000000000011 360.50000000000006 114.50000000000001 727.50000000000011
decision_type=2 2 2 2 2 2 2 2 2 2 2 2 2 2
left_child=2 3 9 4 8 -5 11 -3 -2 -1 -8 -4 -11 -7
right_child=1 7 6 5 -6 13 10 -9 -10 12 -12 -13 -14 -15
leaf_value=0.012297491475431759 -0.0058479857924103274 -0.020393931209904341 0.0029251435975452601 -0.0018333080753066837 -0.020393931209904341 -0.0084330259872654675 2.584288149539914e-05 -0.027732153152823451 -0.010496095004563149 0.0079400915277617595 -0.0018333080753066837 0.0013230953092864934 0.0054657805631927832 -0.011838782639283202
leaf_weight=43 127 57 753 168 108 145 293 49 103 361 150 250 107 68
leaf_count=43 127 57 753 168 108 145 293 49 103 361 150 250 107 68
internal_value=-0.00100393 -0.0108164 0.00313517 -0.00893021 -0.0119958 -0.00618175 0.00147043 -0.0233911 -0.00797353 0.00783048 -0.000923311 0.00252929 0.00739098 -0.00957873
internal_weight=2782 825 1957 719 338 381 1446 106 230 511 443 1003 468 213
internal_count=2782 825 1957 719 338 381 1446 106 230 511 443 1003 468 213
is_linear=0
shrinkage=0.035


Tree=119
num_leaves=13
num_cat=0
split_feature=1 1 1 0 1 1 0 1 1 1 1 1
split_gain=104.455 13.3347 7.01694 9.97602 6.21144 4.19795 3.46103 5.84268 2.6438 1.60354 1.28311 0.242742
threshold=555.50000000000011 747.50000000000011 348.50000000000006 0.75000000000000011 144.50000000000003 16.500000000000004 0.75000000000000011 408.50000000000006 597.50000000000011 28.500000000000004 796.50000000000011 76.500000000000014
decision_type=2 2 2 2 2 2 2 2 2 2 2 2
left_child=2 8 3 5 9 -1 7 -4 -2 -5 -3 -7
right_child=1 10 6 4 -6 11 -8 -9 -10 -11 -12 -13
leaf_value=0.020943740600690007 -0.0056968107538440255 -0.018515328828594652 0.00082479542781711715 0.012364842117231873 0.00082479542781711715 0.009244608007371426 0.00082479542781711715 -0.0056968107538440255 -0.010447432085619424 0.0051951215478646413 -0.026987380277174407 0.0071914321969576995
leaf_weight=30 149 111 109 48 371 111 374 267 514 203 38 471
leaf_count=30 149 111 109 48 371 111 374 267 514 203 38 471
internal_value=-0.000828384 -0.0113954 0.00349911 0.00512111 0.00199086 0.0082912 0.000824795 -0.00252785 -0.00923909 0.00661679 -0.0208532 0.0076012
internal_weight=2796 812 1984 1234 622 612 750 376 663 251 149 582
internal_count=2796 812 1984 1234 622 612 750 376 663 251 149 582
is_linear=0
shrinkage=0.035


Tree=120
num_leaves=15
num_cat=0
split_feature=1 1 1 1 0 0 1 0 1 1 1 1 1 0
split_gain=85.6307 16.2974 15.3111 5.89098 9.93888 4.96335 3.16194 2.87277 4.43277 2.7459 2.44628 1.21555 0.674157 3.06286
threshold=507.50000000000006 144.50000000000003 720.50000000000011 796.50000000000011 0.75000000000000011 0.75000000000000011 324.50000000000006 0.75000000000000011 186.50000000000003 525.50000000000011 648.50000000000011 294.50000000000006 56.500000000000007 0.75000000000000011
decision_type=2 2 2 2 2 2 2 2 2 2 2 2 2 2
left_child=1 12 5 4 -4 9 7 8 -3 -2 -7 -9 13 -1
right_child=2 6 3 -5 -6 10 -8 11 -10 -11 -12 -13 -14 -15
leaf_value=0.016740247332751753 0.00072548525740029162 0.0097848030625334974 -0.026871160524487497 -0.028364674615878164 -0.0085416874851806917 -0.0010917491932105655 0.00072548525740029162 0.0033647600173259554 0.0037689372327101107 -0.0085416874851806917 -0.0069504483298356221 0.00072548525740029162 0.0097848030625334974 0.0097848030625334974
leaf_weight=99 33 75 49 40 140 262 659 266 251 347 131 54 320 97
leaf_count=99 33 75 49 40 140 262 659 266 251 347 131 54 320 97
internal_value=2.00684e-06 0.00452379 -0.00821029 -0.0161495 -0.0134194 -0.00583822 0.00243633 0.00417507 0.00648533 -0.00868948 -0.00306177 0.00180318 0.0097848 0.0119875
internal_weight=2823 1821 1002 229 189 773 1305 646 326 380 393 320 516 196
internal_count=2823 1821 1002 229 189 773 1305 646 326 380 393 320 516 196
is_linear=0
shrinkage=0.035


Tree=121
num_leaves=15
num_cat=0
split_feature=1 1 0 0 1 1 1 0 1 1 1 1 1 1
split_gain=102.352 13.2086 12.1394 10.3572 16.675 9.63854 8.12583 3.82702 5.91676 2.22868 1.85914 1.06204 0.087159 0.0275548
threshold=600.50000000000011 465.50000000000006 0.75000000000000011 0.75000000000000011 627.50000000000011 778.50000000000011 8.5000000000000018 0.75000000000000011 360.50000000000006 690.50000000000011 498.50000000000006 802.50000000000011 546.50000000000011 76.500000000000014
decision_type=2 2 2 2 2 2 2 2 2 2 2 2 2 2
left_child=1 6 12 4 -2 -5 -1 8 13 -6 -4 -7 -3 -8
right_child=3 2 10 5 9 11 7 -9 -10 -11 -12 -13 -14 -15
leaf_value=0.021472370669781939 -0.0077708905817944623 -0.0066249380387221083 0.003268902712370739 -0.0077708905817944623 -0.019254817066951237 -0.016449514021661053 0.0086137820256919403 0.003268902712370739 0.003268902712370739 -0.027226530187053257 -0.00025827192690203101 -0.026156944037444192 -0.0077708905817944623 0.007510358196048777
leaf_weight=32 49 147 59 327 109 46 122 821 189 100 182 31 98 508
leaf_count=32 49 147 59 327 109 46 122 821 189 100 182 31 98 508
internal_value=-0.000917776 0.00277565 -0.00229736 -0.0129464 -0.018436 -0.00939941 0.00425176 0.0039018 0.00582738 -0.0231889 0.0032689 -0.0206654 -0.00777089 0.00774012
internal_weight=2820 2158 486 662 258 404 1672 1640 819 209 241 77 245 630
internal_count=2820 2158 486 662 258 404 1672 1640 819 209 241 77 245 630
is_linear=0
shrinkage=0.035


Tree=122
num_leaves=15
num_cat=0
split_feature=1 1 0 0 1 1 1 1 1 0 1 1 1 1
split_gain=65.9385 12.0609 10.7602 9.35205 23.888 10.0833 7.46981 3.90432 2.36224 2.01789 4.32482 1.38458 0.933644 0.879503
threshold=654.50000000000011 435.50000000000006 0.75000000000000011 0.75000000000000011 684.50000000000011 778.50000000000011 8.5000000000000018 735.50000000000011 468.50000000000006 0.75000000000000011 378.50000000000006 28.500000000000004 802.50000000000011 489.50000000000006
decision_type=2 2 2 2 2 2 2 2 2 2 2 2 2 2
left_child=1 6 8 4 -2 -5 -1 -6 -3 10 -8 -11 -7 -4
right_child=3 2 13 5 7 12 9 -9 -10 11 -12 -13 -14 -15
leaf_value=0.020301152349507905 -0.0058702714508648834 0.00092334824552138648 0.0023087148808690751 -0.0058702714508648834 -0.024121577012686083 -0.015845447306282994 0.0059804276190495694 -0.039896925209555782 -0.0058702714508648834 0.0092810030032292393 0.0023087148808690751 0.0023087148808690751 -0.025145583429853575 0.00039549484143608675
leaf_weight=31 49 62 98 229 80 42 666 31 329 37 107 736 32 297
leaf_count=31 49 62 98 229 80 42 666 31 329 37 107 736 32 297
internal_value=-0.000588459 0.00177884 -0.00176003 -0.0126519 -0.0195019 -0.00897677 0.00354377 -0.0288598 -0.00587027 0.00319372 0.00449423 0.00230871 -0.0201721 0.00230871
internal_weight=2826 2363 786 463 160 303 1577 111 391 1546 773 773 74 395
internal_count=2826 2363 786 463 160 303 1577 111 391 1546 773 773 74 395
is_linear=0
shrinkage=0.035


Tree=123
num_leaves=14
num_cat=0
split_feature=1 1 0 1 1 1 1 1 1 1 1 1 1
split_gain=90.2781 21.2857 19.5229 25.1832 14.3522 5.11383 4.02099 3.38681 2.7309 2.49662 0.997495 0.489323 0.487148
threshold=594.50000000000011 243.50000000000003 0.75000000000000011 681.50000000000011 778.50000000000011 435.50000000000006 114.50000000000001 739.50000000000011 802.50000000000011 627.50000000000011 666.50000000000011 348.50000000000006 12.500000000000002
decision_type=2 2 2 2 2 2 2 2 2 2 2 2 2
left_child=1 6 3 9 10 11 12 -5 -6 -2 -4 -3 -1
right_child=2 5 4 7 8 -7 -8 -9 -10 -11 -12 -13 -14
leaf_value=0.013893709939882853 -0.0032253917791415011 0.0032991790796310489 -0.002039768001648375 -0.026406723307526633 -0.013691833840124309 -0.002039768001648375 0.0052464528329460086 -0.041343379558094098 -0.027833178026093679 -0.012528306931891341 -0.0048684046050468128 0.0014099231095483662 0.0095389781444778724
leaf_weight=42 59 375 122 91 44 567 465 30 32 93 198 316 375
leaf_count=42 59 375 122 91 44 567 465 30 32 93 198 316 375
internal_value=-0.000162573 0.00334565 -0.0113755 -0.0185675 -0.00637875 0.000420055 0.00751125 -0.0304329 -0.019953 -0.00897343 -0.00309731 0.00244102 0.010014
internal_weight=2809 2140 669 273 396 1258 882 121 76 152 320 691 417
internal_count=2809 2140 669 273 396 1258 882 121 76 152 320 691 417
is_linear=0
shrinkage=0.035


Tree=124
num_leaves=15
num_cat=0
split_feature=1 1 1 0 0 1 0 1 1 1 1 1 1 1
split_gain=56.9705 15.6471 3.39064 5.79947 2.95419 5.96865 2.76011 2.417 1.78983 1.17786 0.595242 0.559247 0.252986 0.08058
threshold=480.50000000000006 747.50000000000011 654.50000000000011 0.75000000000000011 0.75000000000000011 375.50000000000006 0.75000000000000011 790.50000000000011 64.500000000000014 303.50000000000006 522.50000000000011 28.500000000000004 498.50000000000006 144.50000000000003
decision_type=2 2 2 2 2 2 2 2 2 2 2 2 2 2
left_child=4 2 3 10 5 8 -4 -3 -1 11 -2 -6 -5 -13
right_child=1 7 6 12 9 -7 -8 -9 -10 -11 -12 13 -14 -15
leaf_value=0.012695942375003488 -0.0016151563650737071 -0.011687876074141502 -0.0048625675460505779 0.0023770655426498845 0.0087705217353733524 0.0018736422511802359 -0.0096578920490531777 -0.021402909417708334 0.0077217169023823598 0.0023770655426498845 -0.0048625675460505779 0.0053148964138247049 0.0011766846176236869 0.0042339741542076767
leaf_weight=110 72 100 149 34 48 182 164 51 564 315 239 208 279 268
leaf_count=110 72 100 149 34 48 182 164 51 564 315 239 208 279 268
internal_value=0.00156875 -0.00467817 -0.00298251 -0.00148328 0.00557999 0.00703151 -0.00595159 -0.0150998 0.00855373 0.00409037 -0.00486257 0.00511049 0.00187364 0.00472013
internal_weight=2783 1088 937 624 1695 856 313 151 674 839 311 524 313 476
internal_count=2783 1088 937 624 1695 856 313 151 674 839 311 524 313 476
is_linear=0
shrinkage=0.035


Tree=125
num_leaves=15
num_cat=0
split_feature=1 1 1 0 1 1 1 0 0 1 1 1 1 1
split_gain=55.3057 11.778 8.19144 5.94423 16.5942 4.27769 2.83714 15.8974 3.62447 2.58663 0.773043 0.344568 0.30835 0.20435
threshold=507.50000000000006 802.50000000000011 8.5000000000000018 0.75000000000000011 735.50000000000011 627.50000000000011 402.50000000000006 0.75000000000000011 0.75000000000000011 778.50000000000011 360.50000000000006 684.50000000000011 648.50000000000011 543.50000000000011
decision_type=2 2 2 2 2 2 2 2 2 2 2 2 2 2
left_child=2 3 -1 4 5 13 8 -8 10 12 -4 -7 -5 -2
right_child=1 -3 6 9 -6 11 7 -9 -10 -11 -12 -13 -14 -15
leaf_value=0.021413907244320841 -0.0035637210012884639 -0.027552825737890092 0.006841801530764146 -0.0018778609150432815 -0.027552825737890092 -0.0091554488380750036 -0.0035637210012884639 0.0039561232773989282 0.0039561232773989282 -0.011190361371130816 0.0039561232773989282 -0.012623331270434641 -0.00364952024187085 -0.0049280874002748483
leaf_weight=30 67 31 653 262 30 104 186 190 701 48 79 87 240 147
leaf_count=30 67 31 653 262 30 104 186 190 701 48 79 87 240 147
internal_value=-6.46025e-05 -0.00661526 0.00355514 -0.00592726 -0.00898461 -0.00699969 0.00324634 0.000533293 0.00395612 -0.00349408 0.00642544 -0.0108017 -0.00273392 -0.00356372
internal_weight=2855 1016 1839 985 435 405 1809 376 1433 550 732 191 502 214
internal_count=2855 1016 1839 985 435 405 1809 376 1433 550 732 191 502 214
is_linear=0
shrinkage=0.035


Tree=126
num_leaves=9
num_cat=0
split_feature=1 1 1 1 1 1 1 1
split_gain=35.4918 15.6661 4.09364 2.42878 1.35443 0.758047 0.35235 0.00582777
threshold=438.50000000000006 763.50000000000011 80.500000000000014 618.50000000000011 225.50000000000003 12.500000000000002 784.50000000000011 573.50000000000011
decision_type=2 2 2 2 2 2 2 2
left_child=2 3 5 7 -4 -1 -3 -2
right_child=1 6 4 -5 -6 -7 -8 -9
leaf_value=0.011353124479914821 -0.0020379988723636137 -0.014379393442533911 0.0036582125287998352 -0.0054203868067219212 0.001345130936187965 0.0061227907914668325 -0.019934797799804563 -0.002434864997155279
leaf_weight=42 484 45 531 491 757 244 59 162
leaf_count=42 484 45 531 491 757 244 59 162
internal_value=-0.000339359 -0.00476383 0.00314876 -0.00356383 0.00230219 0.00693386 -0.0177075 -0.00214384
internal_weight=2815 1241 1574 1137 1288 286 104 646
internal_count=2815 1241 1574 1137 1288 286 104 646
is_linear=0
shrinkage=0.035


Tree=127
num_leaves=15
num_cat=0
split_feature=1 1 1 0 1 0 1 1 1 1 0 1 1 1
split_gain=70.6372 8.7291 6.91977 19.3173 4.99491 1.05319 2.39077 1.08253 0.891072 0.527038 0.373972 11.5274 0.242636 0.0893477
threshold=600.50000000000011 324.50000000000006 711.50000000000011 0.75000000000000011 802.50000000000011 0.75000000000000011 16.500000000000004 186.50000000000003 28.500000000000004 772.50000000000011 0.75000000000000011 378.50000000000006 414.50000000000006 558.50000000000011
decision_type=2 2 2 2 2 2 2 2 2 2 2 2 2 2
left_child=1 5 -2 -4 9 6 -1 -8 -7 -5 11 -3 -13 -12
right_child=2 10 3 4 -6 8 7 -9 -10 -11 13 12 -14 -15
leaf_value=0.015935957179074325 -0.0068777001634294805 0.0038109206725121217 -0.030964619669364771 -0.0068777001634294805 -0.02171868582069874 0.0086823058004419397 0.0072066790379278307 0.0040422830608459652 0.0038109206725121217 -0.010759470781346538 0.0017390362472289196 -0.0012610334376494093 -0.0037696577298273093 0.0003803689138094584
leaf_weight=30 408 95 63 112 30 51 316 243 533 52 412 59 337 74
leaf_count=30 408 95 63 112 30 51 316 243 533 52 412 59 337 74
internal_value=0.000211983 0.00329647 -0.00974778 -0.0142531 -0.00868618 0.0053308 0.00638703 0.0058439 0.00425344 -0.0068777 0.000849288 0.000163321 -0.00340442 0.00153696
internal_weight=2815 2150 665 257 194 1173 589 559 584 164 977 491 396 486
internal_count=2815 2150 665 257 194 1173 589 559 584 164 977 491 396 486
is_linear=0
shrinkage=0.035


Tree=128
num_leaves=15
num_cat=0
split_feature=1 1 0 1 1 1 1 0 1 1 1 1 1 0
split_gain=39.2604 10.4241 7.83698 13.0209 6.36349 3.89519 3.22986 2.20737 2.06837 1.86864 1.68461 1.48493 1.06518 4.32219
threshold=513.50000000000011 802.50000000000011 0.75000000000000011 684.50000000000011 8.5000000000000018 648.50000000000011 80.500000000000014 0.75000000000000011 735.50000000000011 621.50000000000011 64.500000000000014 28.500000000000004 435.50000000000006 0.75000000000000011
decision_type=2 2 2 2 2 2 2 2 2 2 2 2 2 2
left_child=4 2 3 9 -1 -4 7 10 -5 -2 -6 -9 -8 -14
right_child=1 -3 5 8 6 -7 12 11 -10 -11 -12 -13 13 -15
leaf_value=0.017688921326150499 -0.0032210119749735379 -0.025570771595350272 0.00050933866708513249 -0.015721454104036095 0.010848467231072762 -0.0054620646159212949 0.0015490806504045596 0.0089736480534076679 -0.025570771595350272 -0.0089298662356043293 0.0015490806504045596 0.0015490806504045596 -0.0032210119749735379 0.0015490806504045596
leaf_weight=32 195 32 248 79 107 288 1277 34 33 112 30 98 138 137
leaf_count=32 195 32 248 79 107 288 1277 34 33 112 30 98 138 137
internal_value=-0.000557683 -0.00619321 -0.00551601 -0.00909904 0.00244486 -0.00270011 0.00216646 0.005703 -0.0192717 -0.00533163 0.00880637 0.00242692 0.00154908 0.000509339
internal_weight=2840 987 955 419 1853 536 1821 269 112 307 137 132 1552 275
internal_count=2840 987 955 419 1853 536 1821 269 112 307 137 132 1552 275
is_linear=0
shrinkage=0.035


Tree=129
num_leaves=12
num_cat=0
split_feature=1 1 1 0 0 1 1 1 1 1 1
split_gain=33.625 6.07592 5.40417 11.0429 4.86248 3.67151 2.76938 1.83208 1.78346 0.29752 0.213585
threshold=600.50000000000011 711.50000000000011 468.50000000000006 0.75000000000000011 0.75000000000000011 114.50000000000001 28.500000000000004 802.50000000000011 360.50000000000006 60.500000000000007 747.50000000000011
decision_type=2 2 2 2 2 2 2 2 2 2 2
left_child=2 -2 3 5 -4 9 -5 10 -7 -1 -3
right_child=1 7 4 6 -6 8 -8 -9 -10 -11 -12
leaf_value=0.011623948369757275 -0.0038628040321055817 -0.0081714245747097521 -0.0038628040321055817 0.0089422633365975335 0.00053264495077300468 0.0060555593015487671 0.00053264495077300468 -0.01881395717182022 0.0019666918609118848 0.0085264821631664579 -0.010770700899555403
leaf_weight=111 404 109 237 47 245 449 795 31 188 98 118
leaf_count=111 404 109 237 47 245 449 795 31 188 98 118
internal_value=0.000333638 -0.00656456 0.00244093 0.00337403 -0.00082346 0.00619594 0.000532645 -0.0107572 0.00485651 0.0102274 -0.00957158
internal_weight=2832 662 2170 1688 482 846 842 258 637 209 227
internal_count=2832 662 2170 1688 482 846 842 258 637 209 227
is_linear=0
shrinkage=0.035


Tree=130
num_leaves=15
num_cat=0
split_feature=1 1 1 0 1 1 0 1 1 0 1 1 1 1
split_gain=52.47 7.71353 5.64048 5.47085 8.98201 4.72754 3.15526 2.99144 0.726643 0.837635 1.13504 0.928291 0.297282 0.214202
threshold=435.50000000000006 612.50000000000011 330.50000000000006 0.75000000000000011 735.50000000000011 630.50000000000011 0.75000000000000011 778.50000000000011 12.500000000000002 0.75000000000000011 225.50000000000003 186.50000000000003 32.500000000000007 684.50000000000011
decision_type=2 2 2 2 2 2 2 2 2 2 2 2 2 2
left_child=2 -2 8 4 5 -3 -4 -5 -1 11 12 -10 -11 -7
right_child=1 3 6 7 -6 13 -8 -9 9 10 -12 -13 -14 -15
leaf_value=0.0096123134283738788 -0.0030514066355182101 -0.0030514066355182101 0.003264773893876909 -0.0043361863034630296 -0.029777555309010276 -0.011034519947991513 -0.0030514066355182101 -0.012242212281663072 0.0053772531022002268 0.0096123134283738788 0.0035729227867367539 0.003264773893876909 0.0065694094991777105 -0.014309266318480176
leaf_weight=42 631 33 194 303 32 100 187 73 309 35 190 259 343 74
leaf_count=42 631 33 194 303 32 100 187 73 309 35 190 259 343 74
internal_value=-0.000429091 -0.0057817 0.00384872 -0.00857068 -0.0127163 -0.00993992 0.000141425 -0.00590418 0.00504514 0.00486644 0.00582883 0.00389242 0.00694571 -0.012511
internal_weight=2805 1246 1559 615 239 207 381 376 1178 1136 568 568 378 174
internal_count=2805 1246 1559 615 239 207 381 376 1178 1136 568 568 378 174
is_linear=0
shrinkage=0.035


Tree=131
num_leaves=13
num_cat=0
split_feature=1 0 1 1 1 1 1 0 1 1 1 1
split_gain=33.454 12.0541 24.8073 8.47106 5.06777 4.61055 0.819032 0.517417 3.02343 0.589823 0.136985 0.0995376
threshold=465.50000000000006 0.75000000000000011 739.50000000000011 796.50000000000011 501.50000000000006 8.5000000000000018 651.50000000000011 0.75000000000000011 375.50000000000006 114.50000000000001 687.50000000000011 772.50000000000011
decision_type=2 2 2 2 2 2 2 2 2 2 2 2
left_child=5 2 10 4 -3 -1 -6 8 9 -7 -2 -8
right_child=1 3 -4 -5 6 7 11 -9 -10 -11 -12 -13
leaf_value=0.017082672950760755 -0.0057017429436724224 0.0037652943947387835 -0.038376004753814599 -0.016189743670385059 5.0985540003132298e-05 0.0080845431259769906 -0.0023392972959009888 0.0037652943947387835 0.0037652943947387835 0.0056710035278911318 -0.0075200855637468948 -0.0042652085590693693
leaf_weight=31 400 69 30 40 271 190 218 819 160 458 81 44
leaf_count=31 400 69 30 40 271 190 218 819 160 458 81 44
internal_value=0.000581577 -0.00399435 -0.00800039 -0.000795531 0.00024959 0.00376529 -0.00129283 0.00376529 0.00474447 0.00639274 -0.00602655 -0.00268437
internal_weight=2811 1153 511 642 602 1658 533 1627 808 648 481 262
internal_count=2811 1153 511 642 602 1658 533 1627 808 648 481 262
is_linear=0
shrinkage=0.035


Tree=132
num_leaves=9
num_cat=0
split_feature=1 1 1 1 1 1 1 1
split_gain=46.1655 5.89856 2.91558 2.80159 0.866808 0.533839 0.214809 0.0484455
threshold=612.50000000000011 501.50000000000006 147.50000000000003 711.50000000000011 802.50000000000011 12.500000000000002 252.50000000000003 573.50000000000011
decision_type=2 2 2 2 2 2 2 2
left_child=1 2 5 -2 -5 -1 -4 -3
right_child=3 7 6 4 -6 -7 -8 -9
leaf_value=0.0087212699943676943 -0.0069253181252136552 -0.001673141818707336 0.0025278676158861455 -0.0108987611818593 -0.017649268776779213 0.0045318223038827632 0.0015019952528652074 -0.0025522768667086641
leaf_weight=42 370 255 362 223 30 497 904 140
leaf_count=42 370 255 362 223 30 497 904 140
internal_value=-0.000508907 0.00187294 0.00272095 -0.00891225 -0.0117724 0.00487706 0.00179848 -0.00199481
internal_weight=2823 2200 1805 623 253 539 1266 395
internal_count=2823 2200 1805 623 253 539 1266 395
is_linear=0
shrinkage=0.035


Tree=133
num_leaves=13
num_cat=0
split_feature=1 1 1 1 0 1 1 0 1 1 1 0
split_gain=19.4274 5.07877 5.03052 3.04798 0.724624 6.14927 1.08963 0.668384 4.25402 0.928936 0.269037 0.0688879
threshold=546.50000000000011 8.5000000000000018 759.50000000000011 252.50000000000003 0.75000000000000011 654.50000000000011 687.50000000000011 0.75000000000000011 204.50000000000003 64.500000000000014 727.50000000000011 0.75000000000000011
decision_type=2 2 2 2 2 2 2 2 2 2 2 2
left_child=1 -1 4 7 6 -6 -2 8 9 -3 -7 -5
right_child=2 3 -4 11 5 10 -8 -9 -10 -11 -12 -13
leaf_value=0.016561764516176716 -0.0026562459208720993 0.0096121818755567079 -0.010599742539548157 0.00070190918388043466 0.00099595802903348061 -0.0053515180340250037 -0.0069903561558463789 0.0027989837268495871 0.00099595802903348061 0.0055124371117856322 -0.0084208110177614662 0.0012815289585851133
leaf_weight=30 257 99 115 525 200 130 100 434 87 253 60 531
leaf_count=30 257 99 115 525 200 130 100 434 87 253 60 531
internal_value=0.000565893 0.00249287 -0.00380918 0.00226469 -0.00274867 -0.00169096 -0.00389131 0.00379449 0.00476607 0.00669441 -0.00636894 0.000995958
internal_weight=2821 1959 862 1929 747 390 357 873 439 352 190 1056
internal_count=2821 1959 862 1929 747 390 357 873 439 352 190 1056
is_linear=0
shrinkage=0.035


Tree=134
num_leaves=14
num_cat=0
split_feature=1 1 1 1 0 0 1 0 1 0 1 1 0
split_gain=35.2371 8.1013 4.26198 3.01136 3.43235 2.99674 2.99641 7.12326 1.76721 0.68141 0.280618 0.0844095 0.00270559
threshold=576.50000000000011 802.50000000000011 435.50000000000006 24.500000000000004 0.75000000000000011 0.75000000000000011 708.50000000000011 0.75000000000000011 498.50000000000006 0.75000000000000011 558.50000000000011 546.50000000000011 0.75000000000000011
decision_type=2 2 2 2 2 2 2 2 2 2 2 2 2
left_child=2 6 3 4 -1 11 12 -8 -7 -5 -10 -4 -2
right_child=1 -3 5 9 -6 8 7 -9 10 -11 -12 -13 -14
leaf_value=0.015922272527021854 -0.0048432106227320835 -0.024860880038670957 -0.0034393900192664284 0.0032541394446217176 0.0021634610845779369 0.0021634610845779369 -0.019223655901309377 -0.0058485793167352678 -0.00089575344983455361 0.0021634610845779369 -0.00453059298992157 -0.0048432106227320835 -0.0052782668614703605
leaf_weight=42 236 30 201 711 43 117 68 174 112 743 34 52 230
leaf_count=42 236 30 201 711 43 117 68 174 112 743 34 52 230
internal_value=-0.000735345 -0.00729046 0.00162031 0.00254318 0.00891764 -0.00112844 -0.00650947 -0.00967771 0.00148062 0.00216346 -0.00177919 -0.00384267 -0.00484321
internal_weight=2793 738 2055 1539 85 516 708 242 263 1454 146 253 466
internal_count=2793 738 2055 1539 85 516 708 242 263 1454 146 253 466
is_linear=0
shrinkage=0.035


Tree=135
num_leaves=14
num_cat=0
split_feature=1 0 1 1 0 1 1 1 1 0 1 1 1
split_gain=32.0876 20.0395 5.57478 4.80179 4.03389 2.94146 2.22709 4.30267 1.11227 0.41736 0.507689 0.397261 0.194983
threshold=612.50000000000011 0.75000000000000011 802.50000000000011 348.50000000000006 0.75000000000000011 489.50000000000006 690.50000000000011 411.50000000000006 12.500000000000002 0.75000000000000011 378.50000000000006 648.50000000000011 594.50000000000011
decision_type=2 2 2 2 2 2 2 2 2 2 2 2 2
left_child=3 6 11 8 7 -6 -2 10 -1 -10 -5 -3 -7
right_child=1 2 -4 4 5 12 -8 -9 9 -11 -12 -13 -14
leaf_value=0.0083525338093326847 -0.012310043211432474 -0.0012946114056781367 -0.016581430201418699 0.0037399431042572026 0.002752736844411251 -0.00013477673447535683 -0.019371214720955189 -0.0047065280006227473 0.0037399431042572026 0.002752736844411251 0.00039399298775147221 -0.0026044068280343261 -0.0012946114056781367
leaf_weight=43 137 64 31 50 255 191 107 360 595 606 60 281 33
leaf_count=43 137 64 31 50 255 191 107 360 595 606 60 281 33
internal_value=-0.000664692 -0.00768868 -0.00260024 0.00132291 -0.000550456 0.00170594 -0.0154801 -0.00285252 0.00275274 0.00275274 0.00275274 -0.00129461 -0.00129461
internal_weight=2813 620 376 2193 949 479 244 470 1244 1201 110 345 224
internal_count=2813 620 376 2193 949 479 244 470 1244 1201 110 345 224
is_linear=0
shrinkage=0.035


Tree=136
num_leaves=10
num_cat=0
split_feature=1 1 1 1 0 1 1 1 1
split_gain=32.245 4.51959 4.22599 2.66276 0.24466 3.24717 0.18058 0.14264 0.0998725
threshold=609.50000000000011 747.50000000000011 8.5000000000000018 522.50000000000011 0.75000000000000011 558.50000000000011 796.50000000000011 731.50000000000011 258.50000000000006
decision_type=2 2 2 2 2 2 2 2 2
left_child=2 7 -1 8 -5 -6 -3 -2 -4
right_child=1 6 3 4 5 -7 -8 -9 -10
leaf_value=0.014158754219811772 -0.0057471630789373649 -0.011898252754050192 0.0020119586182989757 -0.0029113772602458077 0.0016319053527314394 -0.005622891308131971 -0.015772395725433645 -0.008177956922889449 0.0016319053527314394
leaf_weight=30 436 111 904 148 63 94 38 42 964
leaf_count=30 436 111 904 148 63 94 38 42 964
internal_value=-0.000672336 -0.00766901 0.00132078 0.00113631 -0.00188871 -0.000901275 -0.0129965 -0.00598103 0.00163191
internal_weight=2830 627 2203 2173 305 157 149 478 1868
internal_count=2830 627 2203 2173 305 157 149 478 1868
is_linear=0
shrinkage=0.035


Tree=137
num_leaves=13
num_cat=0
split_feature=1 1 1 1 1 0 1 1 0 1 0 1
split_gain=30.1514 5.73459 3.48235 2.43913 2.07283 2.66392 4.79707 0.811429 0.351381 0.182284 0.149489 0.00806232
threshold=717.50000000000011 225.50000000000003 763.50000000000011 8.5000000000000018 501.50000000000006 0.75000000000000011 465.50000000000006 796.50000000000011 0.75000000000000011 56.500000000000007 0.75000000000000011 294.50000000000006
decision_type=2 2 2 2 2 2 2 2 2 2 2 2
left_child=1 3 8 -1 5 6 -3 -4 -2 -5 -6 -7
right_child=2 4 7 9 10 11 -8 -9 -10 -11 -12 -13
leaf_value=0.013587692840606905 -0.0046466864237639438 0.0036770022543784874 -0.01304528158168862 0.0048749109262750407 -0.001305764079093348 1.6016564855817698e-06 -0.00082847020434397651 -0.02004885306989038 -0.0087200321016942754 0.0036770022543784874 -0.00032965820342533949 -0.00031517846644505543
leaf_weight=31 47 425 68 173 397 119 64 42 84 603 385 371
leaf_count=31 47 425 68 173 397 119 64 42 84 603 385 371
internal_value=0.000521661 0.00163462 -0.0112881 0.00407622 0.000513052 0.00158616 0.00341121 -0.0158917 -0.00731813 0.003677 -0.00082847 -0.000234835
internal_weight=2809 2568 241 807 1761 979 489 110 131 776 782 490
internal_count=2809 2568 241 807 1761 979 489 110 131 776 782 490
is_linear=0
shrinkage=0.035


Tree=138
num_leaves=14
num_cat=0
split_feature=1 1 1 0 1 1 0 1 0 1 1 0 0
split_gain=25.0207 5.61584 3.33641 2.63729 3.89731 0.947047 0.767281 0.449905 0.513522 0.360908 0.0510335 2.61502 0.345709
threshold=717.50000000000011 570.50000000000011 8.5000000000000018 0.75000000000000011 621.50000000000011 802.50000000000011 0.75000000000000011 40.500000000000007 0.75000000000000011 778.50000000000011 348.50000000000006 0.75000000000000011 0.75000000000000011
decision_type=2 2 2 2 2 2 2 2 2 2 2 2 2
left_child=1 2 -1 4 -3 6 -2 8 -4 -8 11 -9 -12
right_child=5 3 7 -5 -6 -7 9 10 -10 -11 12 -13 -14
leaf_value=0.013713401928776875 -0.012715560318629162 0.0017121824518532348 0.0068355695695469258 0.00093228896891436213 -0.007103990508907144 -0.0159512639711611 -0.007103990508907144 0.0043749068880599229 0.0021731920685052995 -0.010645328497109207 0.0017121824518532348 0.0018690284909757117 0.0018690284909757117
leaf_weight=31 57 94 56 262 173 31 110 559 56 45 402 555 406
leaf_count=31 57 94 56 262 173 31 110 559 56 45 402 555 406
internal_value=0.000649265 0.00165716 0.00248152 -0.00155612 -0.00399883 -0.0100654 -0.0091257 0.00230282 0.00447298 -0.0077213 0.00217319 0.00217319 0.00186903
internal_weight=2837 2594 2065 529 267 243 212 2034 112 155 1922 1114 808
internal_count=2837 2594 2065 529 267 243 212 2034 112 155 1922 1114 808
is_linear=0
shrinkage=0.035


Tree=139
num_leaves=11
num_cat=0
split_feature=1 0 1 1 1 1 1 0 0 1
split_gain=25.454 12.6809 26.1377 5.57336 2.49008 1.6434 0.198653 1.21976 0.4735 0.0236384
threshold=663.50000000000011 0.75000000000000011 687.50000000000011 778.50000000000011 8.5000000000000018 252.50000000000003 64.500000000000014 0.75000000000000011 0.75000000000000011 28.500000000000004
decision_type=2 2 2 2 2 2 2 2 2 2
left_child=4 2 -2 -3 -1 6 7 -6 -8 -9
right_child=1 3 -4 -5 5 -7 8 9 -10 -11
leaf_value=0.011878567274539701 0.0019418001700186667 -1.1605337045146424e-05 -0.025664766355874204 -0.01152031171861766 0.0074578931373313513 0.0019418001700186667 0.0019418001700186667 0.0059854964041396201 0.0031618413273052795 0.0031618413273052795
leaf_weight=30 45 205 101 68 100 1484 341 37 336 68
leaf_count=30 45 205 101 68 100 1484 341 37 336 68
internal_value=0.000548757 -0.00739868 -0.0156915 -0.00291621 0.0019418 0.0019418 0.00347097 0.00446307 0.00316184 0.00316184
internal_weight=2815 419 146 273 2396 2366 882 205 677 105
internal_count=2815 419 146 273 2396 2366 882 205 677 105
is_linear=0
shrinkage=0.035


Tree=140
num_leaves=14
num_cat=0
split_feature=1 1 0 1 1 1 1 0 1 0 0 1 1
split_gain=26.8737 2.84836 2.81663 5.82288 1.85254 1.45667 1.33367 0.708372 0.553542 3.7355 1.32874 0.178336 0.119603
threshold=573.50000000000011 80.500000000000014 0.75000000000000011 684.50000000000011 720.50000000000011 621.50000000000011 735.50000000000011 0.75000000000000011 468.50000000000006 0.75000000000000011 0.75000000000000011 594.50000000000011 796.50000000000011
decision_type=2 2 2 2 2 2 2 2 2 2 2 2 2
left_child=1 7 3 5 11 -2 -5 -1 10 -10 -3 -4 -6
right_child=2 8 4 6 12 -7 -8 -9 9 -11 -12 -13 -14
leaf_value=0.0065713719552020653 -0.0014319847311153144 0.0029005907063342014 -6.9293197747823354e-05 -0.012215780843263387 -0.0064495695673257997 -0.0075466440701115458 -0.021133155846686073 0.0030144775547998976 -0.0014319847311153144 0.0013814029663642259 0.0013814029663642259 -0.0027742468364108193 -0.0091521311008777376
leaf_weight=143 85 703 36 86 135 112 32 142 196 196 706 225 38
leaf_count=143 85 703 36 86 135 112 32 142 196 196 706 225 38
internal_value=-0.000466529 0.00157505 -0.00614928 -0.00867512 -0.00429625 -0.00493773 -0.014806 0.00482202 0.00105787 -0.000101137 0.0013814 -0.00240952 -0.00710244
internal_weight=2835 2086 749 315 434 197 118 285 1801 392 1409 261 173
internal_count=2835 2086 749 315 434 197 118 285 1801 392 1409 261 173
is_linear=0
shrinkage=0.035


Tree=141
num_leaves=13
num_cat=0
split_feature=1 1 1 1 1 0 1 1 0 1 1 1
split_gain=17.7545 4.03061 3.86203 1.4353 1.02643 0.736254 7.84457 0.0686907 0.0135831 0.520355 0.401226 0.03695
threshold=591.50000000000011 802.50000000000011 8.5000000000000018 672.50000000000011 324.50000000000006 0.75000000000000011 378.50000000000006 720.50000000000011 0.75000000000000011 198.50000000000003 294.50000000000006 76.500000000000014
decision_type=2 2 2 2 2 2 2 2 2 2 2 2
left_child=2 3 -1 -2 8 6 -6 -5 9 11 -10 -4
right_child=1 -3 4 7 5 -7 -8 -9 10 -11 -12 -13
leaf_value=0.013002047968006903 -0.0032589242115795411 -0.017723988047603407 0.0032403961172527518 -0.0058845942753274543 0.0012693464999233217 0.00067469514952297669 -0.0032589242115795411 -0.007169795301613901 0.002259106324642845 0.0012693464999233217 0.0012693464999233217 0.0023422958644610525
leaf_weight=30 291 32 120 170 91 482 386 194 521 225 52 208
leaf_count=30 291 32 120 170 91 482 386 194 521 225 52 208
internal_value=-0.00085134 -0.00573564 0.000736327 -0.00512116 0.000552855 -0.00028703 -0.00126188 -0.00659213 0.00126935 0.00126935 0.00146818 0.00268504
internal_weight=2802 687 2115 655 2085 959 477 364 1126 553 573 328
internal_count=2802 687 2115 655 2085 959 477 364 1126 553 573 328
is_linear=0
shrinkage=0.035


Tree=142
num_leaves=9
num_cat=0
split_feature=1 1 1 1 1 1 1 1
split_gain=16.4013 5.91673 1.2629 0.660616 0.252683 0.103896 0.0146748 0.0105734
threshold=654.50000000000011 144.50000000000003 8.5000000000000018 330.50000000000006 767.50000000000011 528.50000000000011 435.50000000000006 165.50000000000003
decision_type=2 2 2 2 2 2 2 2
left_child=1 2 -1 7 -2 6 -5 -3
right_child=4 3 -4 5 -6 -7 -8 -9
leaf_value=0.01146003453200683 -0.0054148339877663565 0.0017659342417234109 0.0041971191673310544 0.00033004002415950543 -0.0076169882588088518 -0.00049924970886183425 5.8118028322155971e-06 0.0012403238465067013
leaf_weight=31 360 78 491 381 94 443 330 583
leaf_count=31 360 78 491 381 94 443 330 583
internal_value=0.000188762 0.0013725 0.00465288 0.000426041 -0.00589037 -7.80674e-05 0.000182232 0.00130756
internal_weight=2791 2337 522 1815 454 1154 711 661
internal_count=2791 2337 522 1815 454 1154 711 661
is_linear=0
shrinkage=0.035


Tree=143
num_leaves=12
num_cat=0
split_feature=1 0 1 1 1 1 1 1 0 1 0
split_gain=12.3621 9.4971 15.2946 6.32972 3.93781 1.96267 0.68634 0.464166 0.132066 2.88934 0.126677
threshold=573.50000000000011 0.75000000000000011 739.50000000000011 802.50000000000011 8.5000000000000018 624.50000000000011 68.500000000000014 727.50000000000011 0.75000000000000011 375.50000000000006 0.75000000000000011
decision_type=2 2 2 2 2 2 2 2 2 2 2
left_child=4 2 5 7 -1 -2 10 -3 9 -8 -6
right_child=1 3 -4 -5 6 -7 8 -9 -10 -11 -12
leaf_value=0.01347432036036926 -0.0019624064794662313 0.00067497266297526879 -0.032143729365400733 -0.015577531573447314 0.0036100743010080093 -0.008200582620562967 0.0027535617561977926 -0.0014772639297880234 0.00067497266297526879 0.00067497266297526879 0.0018400163045452073
leaf_weight=30 93 283 30 32 110 193 550 131 914 358 108
leaf_count=30 93 283 30 32 110 193 550 131 914 358 108
internal_value=-0.000313832 -0.0041226 -0.008755 -0.000824297 0.00108871 -0.00619209 0.000899194 0.000346621 0.000674973 0.0011005 0.00275356
internal_weight=2832 762 316 446 2070 286 2040 414 1822 908 218
internal_count=2832 762 316 446 2070 286 2040 414 1822 908 218
is_linear=0
shrinkage=0.035


Tree=144
num_leaves=10
num_cat=0
split_feature=1 1 0 1 1 1 0 1 1
split_gain=17.2079 8.07949 7.26598 10.9389 2.60952 1.81824 0.93618 2.69867 0.104715
threshold=573.50000000000011 778.50000000000011 0.75000000000000011 678.50000000000011 621.50000000000011 8.5000000000000018 0.75000000000000011 360.50000000000006 654.50000000000011
decision_type=2 2 2 2 2 2 2 2 2
left_child=5 2 3 4 -2 -1 7 -7 -4
right_child=1 -3 8 -5 -6 6 -8 -9 -10
leaf_value=0.010168717205163933 0.0016758101859508814 -0.015820441325567664 0.0007108252901737005 -0.015444376017715112 -0.0057377920848903832 0.004085085052221625 0.00079610702511424152 0.0016758101859508814 -0.00048630068061703994
leaf_weight=30 88 69 145 121 107 636 1027 382 230
leaf_count=30 88 69 145 121 107 636 1027 382 230
internal_value=2.48346e-05 -0.00447674 -0.00332026 -0.00722103 -0.00205664 0.00167581 0.00167581 0.00229819 -1.80983e-05
internal_weight=2835 760 691 316 195 2075 2045 1018 375
internal_count=2835 760 691 316 195 2075 2045 1018 375
is_linear=0
shrinkage=0.035


Tree=145
num_leaves=14
num_cat=0
split_feature=1 1 1 0 1 1 1 1 0 1 1 1 1
split_gain=12.1319 7.06468 2.21526 1.79797 3.06714 1.82867 1.5846 1.1054 0.430485 6.21197 0.12482 0.044365 0.0122096
threshold=492.50000000000006 772.50000000000011 243.50000000000003 0.75000000000000011 207.50000000000003 24.500000000000004 802.50000000000011 28.500000000000004 0.75000000000000011 414.50000000000006 759.50000000000011 225.50000000000003 576.50000000000011
decision_type=2 2 2 2 2 2 2 2 2 2 2 2 2
left_child=2 10 3 4 5 -1 -3 -5 9 -4 12 -9 -2
right_child=1 6 8 7 -6 -7 -8 11 -10 -11 -12 -13 -14
leaf_value=0.01233701428456439 -0.0024567915077026658 -0.0090727729581127105 0.00020859737740961428 0.0057934266375032836 0.00020859737740961428 0.0047237313699303634 -0.019494082754898456 0.00082314814283186309 0.00043617527671475817 -0.0024567915077026658 -0.0046140722135702772 0.00043617527671475817 -0.0026989485253809419
leaf_weight=44 290 54 298 53 67 325 30 353 445 139 35 31 628
leaf_count=44 290 54 298 53 67 325 30 353 445 139 35 31 628
internal_value=-0.000324138 -0.00332428 0.00144848 0.00269747 0.00428677 0.00566717 -0.0130008 0.00110165 0.000208597 -0.00070634 -0.00245679 0.000436175 -0.00245679
internal_weight=2792 1037 1755 873 436 369 84 437 882 437 953 384 918
internal_count=2792 1037 1755 873 436 369 84 437 882 437 953 384 918
is_linear=0
shrinkage=0.035


Tree=146
num_leaves=14
num_cat=0
split_feature=1 0 1 1 1 0 1 1 1 0 1 1 1
split_gain=20.5241 7.80672 4.55683 3.89115 1.20648 3.94523 1.13637 0.829413 0.822955 0.095468 0.53409 0.446368 0.005817
threshold=480.50000000000006 0.75000000000000011 751.50000000000011 186.50000000000003 648.50000000000011 0.75000000000000011 378.50000000000006 802.50000000000011 28.500000000000004 0.75000000000000011 501.50000000000006 522.50000000000011 408.50000000000006
decision_type=2 2 2 2 2 2 2 2 2 2 2 2 2
left_child=1 3 4 -1 9 -6 -5 -4 -3 11 -11 -2 -8
right_child=2 8 7 6 5 -7 12 -9 -10 10 -12 -13 -14
leaf_value=0.0078612383190592959 -0.00011726463401794618 0.0043451979536977079 -0.0078677640386659257 0.0042327642292517027 -0.0017641616950980466 -0.0078677640386659257 0.001200528723027172 -0.0146132330581313 -0.00011726463401794618 -0.00011726463401794618 -0.0017641616950980466 -0.0017641616950980466 0.00068571073695147138
leaf_weight=331 76 53 110 339 158 192 57 31 802 36 268 234 136
leaf_count=331 76 53 110 339 158 192 57 31 802 36 268 234 136
internal_value=0.00014193 0.00253541 -0.00357668 0.00488182 -0.00270852 -0.00435046 0.00301353 -0.00943901 0.000162064 -0.00176416 -0.00112082 -0.00176416 0.000852181
internal_weight=2823 1718 1105 863 964 350 532 141 855 614 304 310 193
internal_count=2823 1718 1105 863 964 350 532 141 855 614 304 310 193
is_linear=0
shrinkage=0.035


Tree=147
num_leaves=13
num_cat=0
split_feature=1 0 1 1 1 1 1 1 1 1 1 1
split_gain=7.15382 2.56109 7.37041 2.07996 1.1494 0.888278 0.371821 0.169189 0.15649 0.094106 0.0923526 0.0251285
threshold=507.50000000000006 0.75000000000000011 735.50000000000011 720.50000000000011 546.50000000000011 36.500000000000007 796.50000000000011 12.500000000000002 114.50000000000001 594.50000000000011 681.50000000000011 525.50000000000011
decision_type=2 2 2 2 2 2 2 2 2 2 2 2
left_child=5 2 4 9 11 7 -5 -1 -7 -3 -6 -2
right_child=1 3 -4 6 10 8 -8 -9 -10 -11 -12 -13
leaf_value=0.0065040771907195457 0.0014083293009282808 0.0014083293009282808 -0.019936639005261839 -0.0026416599594001004 -0.0031396383455522909 0.0022540887845002053 -0.0065549200132216639 0.0035310845725576986 0.0014083293009282808 0.00052388156303977227 -0.004575431905362917 0.00038505925869362228
leaf_weight=39 33 154 32 133 245 284 40 87 1433 222 91 35
leaf_count=39 33 154 32 133 245 284 40 87 1433 222 91 35
internal_value=0.000387933 -0.00201792 -0.00401779 -0.000422078 -0.00270646 0.0016751 -0.00358899 0.00450904 0.00146361 0.00103605 -0.00354612 0.00140833
internal_weight=2828 985 436 549 404 1843 173 126 1717 376 336 68
internal_count=2828 985 436 549 404 1843 173 126 1717 376 336 68
is_linear=0
shrinkage=0.035


Tree=148
num_leaves=14
num_cat=0
split_feature=1 0 1 1 1 1 1 1 1 1 0 1 1
split_gain=4.40185 2.19087 3.89044 3.05343 0.915872 0.611647 0.360335 0.212778 0.0665154 0.00969437 0.00654768 0.587503 0.446969
threshold=435.50000000000006 0.75000000000000011 684.50000000000011 727.50000000000011 802.50000000000011 80.500000000000014 468.50000000000006 489.50000000000006 240.50000000000003 12.500000000000002 0.75000000000000011 207.50000000000003 144.50000000000003
decision_type=2 2 2 2 2 2 2 2 2 2 2 2 2
left_child=5 2 6 7 -5 9 -2 -3 10 -1 11 -7 -12
right_child=1 3 -4 4 -6 8 -8 -9 -10 -11 12 -13 -14
leaf_value=0.0031833608136935675 0.0005013695601373911 0.00080386586952607025 -0.0091628200632722489 -0.0033314007433569606 -0.010107934640119633 0.0023362191446889271 -0.0023366778182146667 2.6448647608848405e-05 0.00080386586952607025 0.0023362191446889271 0.0023362191446889271 0.00080386586952607025 0.00080386586952607025
leaf_weight=43 62 99 114 135 30 233 399 436 718 238 111 57 174
leaf_count=43 62 99 114 135 30 233 399 436 718 238 111 57 174
internal_value=-0.000269566 -0.00179789 -0.00339724 -0.000478665 -0.00462751 0.000967676 -0.00195094 0.000803866 0.000803866 0.00248289 0.00126349 0.00110371 0.00141552
internal_weight=2849 1275 575 700 165 1574 461 535 1293 281 575 290 285
internal_count=2849 1275 575 700 165 1574 461 535 1293 281 575 290 285
is_linear=0
shrinkage=0.035


Tree=149
num_leaves=11
num_cat=0
split_feature=1 1 1 0 0 1 1 1 1 1
split_gain=12.6228 4.18731 2.10801 4.38192 0.776641 8.92141 1.1488 0.683203 0.00689897 0.00100556
threshold=528.50000000000011 759.50000000000011 150.50000000000003 0.75000000000000011 0.75000000000000011 648.50000000000011 727.50000000000011 546.50000000000011 802.50000000000011 204.50000000000003
decision_type=2 2 2 2 2 2 2 2 2 2
left_child=2 4 3 -1 7 -6 -7 -2 -3 -4
right_child=1 8 9 -5 5 6 -8 -9 -10 -11
leaf_value=0.0061098356287879879 0.00039697222487195574 -0.0099958427573061167 0.00039697222487195574 0.00039697222487195574 0.00039697222487195574 -0.0066490930361443592 -0.0099958427573061167 -0.0023585344304178539 -0.012146263286080813 0.00039697222487195574
leaf_weight=274 33 88 190 262 223 145 56 348 30 1170
leaf_count=274 33 88 190 262 223 145 56 348 30 1170
internal_value=-0.000501546 -0.00385644 0.00113191 0.00298922 -0.00294304 -0.00397681 -0.00931688 -0.00178063 -0.00999584 0.000396972
internal_weight=2819 923 1896 536 805 424 201 381 118 1360
internal_count=2819 923 1896 536 805 424 201 381 118 1360
is_linear=0
shrinkage=0.035


Tree=150
num_leaves=11
num_cat=0
split_feature=1 1 1 0 1 0 0 1 1 0
split_gain=11.1683 4.48568 1.28348 0.722559 0.387789 2.64667 0.277515 1.48006 0.0936941 2.86249
threshold=708.50000000000011 243.50000000000003 802.50000000000011 0.75000000000000011 24.500000000000004 0.75000000000000011 0.75000000000000011 207.50000000000003 468.50000000000006 0.75000000000000011
decision_type=2 2 2 2 2 2 2 2 2 2
left_child=1 4 3 -2 5 -1 7 -6 -3 -10
right_child=2 8 -4 -5 6 -7 -8 -9 9 -11
leaf_value=0.011899398877350397 -0.0087620635921549471 -0.00033974580650249073 -0.013275478051806039 -0.004462458345632957 0.0025160614835107288 0.0025160614835107288 0.0025160614835107288 -0.00033974580650249073 -0.0032544892960564981 -0.00033974580650249073
leaf_weight=42 71 790 32 171 320 43 396 68 425 420
leaf_count=42 71 790 32 171 320 43 396 68 425 420
internal_value=3.84022e-06 0.000739491 -0.00669092 -0.00576198 0.00277011 0.00503651 0.00251606 0.00156064 -0.000339746 -0.000706351
internal_weight=2778 2504 274 242 869 85 784 388 1635 845
internal_count=2778 2504 274 242 869 85 784 388 1635 845
is_linear=0
shrinkage=0.035


Tree=151
num_leaves=13
num_cat=0
split_feature=1 1 0 1 0 1 1 1 1 0 0 1
split_gain=11.0298 2.18053 3.09977 1.68082 1.69714 1.73713 0.857753 0.115485 0.094028 0.187799 0.0774555 0.017177
threshold=594.50000000000011 763.50000000000011 0.75000000000000011 165.50000000000003 0.75000000000000011 24.500000000000004 36.500000000000007 147.50000000000003 573.50000000000011 0.75000000000000011 0.75000000000000011 114.50000000000001
decision_type=2 2 2 2 2 2 2 2 2 2 2 2
left_child=3 2 -2 4 5 -1 -6 11 10 -10 -5 -7
right_child=1 -3 -4 8 6 7 -8 -9 9 -11 -12 -13
leaf_value=0.011453996293723238 -5.54969583207102e-05 -0.0082934198774675914 -0.0052073885842707137 0.0011921572937898489 0.0048985252748315151 0.0043260992869109957 0.00081438590023141181 0.0015572566409264841 -5.54969583207102e-05 0.00081438590023141181 0.00081438590023141181 0.0032510599163961752
leaf_weight=42 267 106 309 736 64 157 230 30 36 41 732 61
leaf_count=42 267 106 309 736 64 157 230 30 36 41 732 61
internal_value=0.000179982 -0.00368969 -0.00282654 0.00142156 0.00302073 0.00491799 0.00113303 0.00376251 0.000814386 -5.5497e-05 0.000814386 0.00404949
internal_weight=2811 682 576 2129 584 290 294 248 1545 77 1468 218
internal_count=2811 682 576 2129 584 290 294 248 1545 77 1468 218
is_linear=0
shrinkage=0.035


Tree=152
num_leaves=13
num_cat=0
split_feature=1 0 1 1 0 1 1 1 1 1 1 1
split_gain=8.06045 3.12532 4.63073 2.68479 0.638676 5.27384 0.582403 0.255171 0.252076 0.144804 0.0793336 0.0242521
threshold=528.50000000000011 0.75000000000000011 684.50000000000011 778.50000000000011 0.75000000000000011 375.50000000000006 28.500000000000004 802.50000000000011 297.50000000000006 549.50000000000011 558.50000000000011 621.50000000000011
decision_type=2 2 2 2 2 2 2 2 2 2 2 2
left_child=4 2 9 10 5 -1 -6 -5 -8 -2 -3 -11
right_child=1 3 -4 7 6 -7 8 -9 -10 11 -12 -13
leaf_value=0.0038109895664324074 -0.00049093953967094424 0 -0.011214582405648793 -0.005102423766793476 0.0043010791999321171 0 0.00094738542247891852 -0.0096512576823588464 0 -0.0025674454789023004 -0.00049290898961015046 -0.0034731115595956819
leaf_weight=673 34 54 110 44 48 284 487 31 420 127 399 112
leaf_count=673 34 54 110 44 48 284 487 31 420 127 399 112
internal_value=-6.57504e-05 -0.002774 -0.00517798 -0.0010204 0.0012245 0.00186398 0.000580566 -0.00710789 0.000377222 -0.00270722 0 -0.00301185
internal_weight=2823 911 383 528 1912 957 955 75 907 273 453 239
internal_count=2823 911 383 528 1912 957 955 75 907 273 453 239
is_linear=0
shrinkage=0.035


Tree=153
num_leaves=11
num_cat=0
split_feature=1 0 1 1 1 1 1 1 1 0
split_gain=15.348 4.59723 12.2096 7.13027 0.673095 0.64668 0.43068 0.283582 0.192825 0.00132161
threshold=528.50000000000011 0.75000000000000011 739.50000000000011 778.50000000000011 802.50000000000011 627.50000000000011 648.50000000000011 16.500000000000004 546.50000000000011 0.75000000000000011
decision_type=2 2 2 2 2 2 2 2 2 2
left_child=7 2 5 6 -5 8 -3 -1 -2 -9
right_child=1 3 -4 4 -6 -7 -8 9 -10 -11
leaf_value=0.0044825988464057449 -0.00052455946167602257 0.0014183853684269167 -0.027519978533228562 -0.008189443875745106 -0.015499484160734763 -0.0060418113335486395 -0.00074920729925064575 0.0019713470367989688 -0.0035738771676260511 0.0018114300686690422
leaf_weight=54 33 215 30 45 30 185 232 920 143 927
leaf_count=54 33 215 30 45 30 185 232 920 143 927
internal_value=0.000178117 -0.0035487 -0.00641485 -0.00139033 -0.011302 -0.00458495 0.000290303 0.00196985 -0.00301821 0.00189306
internal_weight=2814 913 391 522 75 361 447 1901 176 1847
internal_count=2814 913 391 522 75 361 447 1901 176 1847
is_linear=0
shrinkage=0.035


Tree=154
num_leaves=14
num_cat=0
split_feature=1 0 1 1 1 0 1 0 1 1 1 1 1
split_gain=7.33232 3.73206 5.73696 1.0031 0.778819 3.20145 3.89689 1.38271 0.594256 0.394589 0.20884 0.0244488 0.0184283
threshold=576.50000000000011 0.75000000000000011 735.50000000000011 627.50000000000011 468.50000000000006 0.75000000000000011 399.50000000000006 0.75000000000000011 796.50000000000011 28.500000000000004 727.50000000000011 648.50000000000011 114.50000000000001
decision_type=2 2 2 2 2 2 2 2 2 2 2 2 2
left_child=4 2 3 -2 5 6 12 -6 10 -7 11 -3 -1
right_child=1 8 -4 -5 7 9 -8 -9 -10 -11 -12 -13 -14
leaf_value=0.0047372931526866897 -0.0010359515844599199 0.00011993237614804872 -0.019943459527807371 -0.0054984364597885707 -0.0010359515844599199 0.0032278771297633655 -6.9180261617953658e-05 0.00011993237614804872 -0.0047272844261083847 0.00011993237614804872 -0.0014290510027752661 -0.0004361149522479132 0.0041211759456083429
leaf_weight=208 94 132 30 188 195 49 127 192 38 778 122 143 506
leaf_count=208 94 132 30 188 195 49 127 192 38 778 122 143 506
internal_value=0.000260932 -0.00270569 -0.00562098 -0.00402604 0.00134095 0.00166902 0.00318829 -6.91803e-05 -0.000602612 0.000119932 -0.000192525 0.000119932 0.00430948
internal_weight=2802 747 312 282 2055 1668 841 387 435 827 397 275 714
internal_count=2802 747 312 282 2055 1668 841 387 435 827 397 275 714
is_linear=0
shrinkage=0.035


Tree=155
num_leaves=13
num_cat=0
split_feature=1 0 1 1 0 1 1 1 1 1 1 1
split_gain=4.54792 1.86769 6.17213 2.07128 1.28664 5.71395 2.23626 0.324118 0.257181 0.105806 0.0564078 0.00792916
threshold=480.50000000000006 0.75000000000000011 684.50000000000011 802.50000000000011 0.75000000000000011 360.50000000000006 28.500000000000004 16.500000000000004 522.50000000000011 297.50000000000006 498.50000000000006 778.50000000000011
decision_type=2 2 2 2 2 2 2 2 2 2 2 2
left_child=4 2 8 10 5 7 -6 -1 -2 -8 -3 -12
right_child=1 3 -4 -5 6 -7 9 -9 -10 -11 11 -13
leaf_value=0.0081206043295321932 0.00042836037945955625 0.00042836037945955625 -0.010218820068716735 -0.0088603057263141136 0.0077127450323627835 0.00042836037945955625 0.0010797451974890594 0.0042917726787673437 -0.001303891640969468 0.00042836037945955625 0.00010831043782215943 -0.00037611559219658382
leaf_weight=30 77 34 110 30 51 226 489 618 298 329 494 43
leaf_count=30 77 34 110 30 51 226 489 618 298 329 494 43
internal_value=0.000422217 -0.00135401 -0.0029674 -4.63411e-05 0.00153006 0.00247816 0.000572751 0.00448397 -0.000814147 0.00042836 0.00042836 6.56405e-05
internal_weight=2829 1086 485 601 1743 874 869 648 375 818 571 537
internal_count=2829 1086 485 601 1743 874 869 648 375 818 571 537
is_linear=0
shrinkage=0.035


Tree=156
num_leaves=12
num_cat=0
split_feature=1 0 1 1 1 0 1 1 0 1 1
split_gain=8.65495 3.03849 2.83349 2.26156 1.50576 1.03403 0.544507 0.363389 0.245394 0.157513 0.0196601
threshold=435.50000000000006 0.75000000000000011 492.50000000000006 36.500000000000007 621.50000000000011 0.75000000000000011 778.50000000000011 735.50000000000011 0.75000000000000011 594.50000000000011 468.50000000000006
decision_type=2 2 2 2 2 2 2 2 2 2 2
left_child=3 4 -3 5 10 -1 9 -6 -5 -4 -2
right_child=1 2 6 8 7 -7 -8 -9 -10 -11 -12
leaf_value=0.0087969314789542782 -0.0024791812941432003 0.001047770463004887 -0.0011956594642251732 0.0019282586601175723 -0.0063696504240023342 0.0025000190702403956 -0.0053014894559526371 -0.010670268163734089 0.001047770463004887 -0.0025133828249565599 -0.0034481472368777721
leaf_weight=64 59 101 181 716 187 67 73 32 717 332 278
leaf_count=64 59 101 181 716 187 67 73 32 717 332 278
internal_value=-0.000683811 -0.00286306 -0.00129979 0.00104777 -0.00478572 0.00563297 -0.00247083 -0.00705165 0.00104777 -0.00205509 -0.00329152
internal_weight=2807 1243 687 1564 556 131 586 219 1433 513 337
internal_count=2807 1243 687 1564 556 131 586 219 1433 513 337
is_linear=0
shrinkage=0.035


Tree=157
num_leaves=11
num_cat=0
split_feature=1 1 0 1 1 1 1 0 1 1
split_gain=4.51009 1.62449 2.01363 3.85432 1.4316 1.30324 0.254567 0.0580477 0.901872 0.406782
threshold=504.50000000000006 778.50000000000011 0.75000000000000011 708.50000000000011 546.50000000000011 8.5000000000000018 627.50000000000011 0.75000000000000011 378.50000000000006 231.50000000000003
decision_type=2 2 2 2 2 2 2 2 2 2
left_child=5 2 3 4 -2 -1 -6 8 -7 -9
right_child=1 -3 -4 -5 6 7 -8 9 -10 -11
leaf_value=0.0077427539766555843 0.00056135737100200317 -0.0074068268034862333 -0.00042280359911986458 -0.0074068268034862333 -0.0021708104652809162 0.0020018382615217952 -0.0043059599280357366 0.0018034446892669406 0.00056135737100200317 0.00056135737100200317
leaf_weight=30 78 72 492 70 152 675 139 387 225 484
leaf_count=30 78 72 492 70 152 675 139 387 225 484
internal_value=-0.000485438 -0.00236551 -0.00196623 -0.00368711 -0.00198159 0.000561357 -0.00320794 0.000561357 0.000561357 0.000896616
internal_weight=2804 1003 931 439 369 1801 291 1771 900 871
internal_count=2804 1003 931 439 369 1801 291 1771 900 871
is_linear=0
shrinkage=0.035


Tree=158
num_leaves=15
num_cat=0
split_feature=1 0 1 1 1 1 0 1 1 1 0 1 1 1
split_gain=8.51941 4.38927 7.50245 1.25288 1.21956 0.215085 0.0471014 2.78589 0.520625 0.240294 0.00271839 0.0495762 0.00758703 0.000706299
threshold=612.50000000000011 0.75000000000000011 690.50000000000011 219.50000000000003 796.50000000000011 630.50000000000011 0.75000000000000011 201.50000000000003 64.500000000000014 28.500000000000004 0.75000000000000011 411.50000000000006 294.50000000000006 727.50000000000011
decision_type=2 2 2 2 2 2 2 2 2 2 2 2 2 2
left_child=3 2 5 6 13 -2 7 8 -1 -8 11 -5 -12 -3
right_child=1 4 -4 10 -6 -7 9 -9 -10 -11 12 -13 -14 -15
leaf_value=0.0055066188757732287 -0.00023575761616230015 -0.00097621850440876567 -0.015271774715632203 -0.00021332516821845395 -0.007445214214424292 -0.0034852478948506444 0.0034968097379075038 -0.00021332516821845395 0.0025911874430870037 0.00090179377353334493 -0.00021332516821845395 -0.00023575761616230015 -0.00023575761616230015 -0.0012534117169212553
leaf_weight=112 34 205 99 344 41 109 50 34 250 353 133 352 566 119
leaf_count=112 34 205 99 344 41 109 50 34 250 353 133 352 566 119
internal_value=-0.000596377 -0.00426277 -0.00791073 0.000418664 -0.00182434 -0.0027318 0.00152315 0.00180717 0.00351071 0.00123595 -0.000213325 -0.000235758 -0.000151979 -0.00108696
internal_weight=2801 607 242 2194 365 143 799 396 362 403 1395 696 699 324
internal_count=2801 607 242 2194 365 143 799 396 362 403 1395 696 699 324
is_linear=0
shrinkage=0.035


Tree=159
num_leaves=5
num_cat=0
split_feature=1 0 0 1
split_gain=0.665608 9.22966 3.57325 0.671611
threshold=405.50000000000006 0.75000000000000011 0.75000000000000011 735.50000000000011
decision_type=2 2 2 2
left_child=1 -1 3 -2
right_child=2 -3 -4 -5
leaf_value=0.0048065300687437371 -0.001825566726194516 0.00056307508002764273 0.00056307508002764273 -0.0070702586662955589
leaf_weight=721 583 722 738 31
leaf_count=721 583 722 738 31
internal_value=0.00112366 0.00164693 0.000563075 -0.00210428
internal_weight=2795 1443 1352 614
internal_count=2795 1443 1352 614
is_linear=0
shrinkage=0.035


Tree=160
num_leaves=15
num_cat=0
split_feature=1 1 0 1 0 1 1 1 1 1 1 1 1 0
split_gain=5.40446 1.71856 0.723668 1.38873 0.680674 6.33404 1.60611 0.629945 0.242563 0.130836 0.0408504 0.0196002 0.0164724 0.00212016
threshold=609.50000000000011 267.50000000000006 0.75000000000000011 207.50000000000003 0.75000000000000011 735.50000000000011 627.50000000000011 802.50000000000011 648.50000000000011 231.50000000000003 778.50000000000011 28.500000000000004 186.50000000000003 0.75000000000000011
decision_type=2 2 2 2 2 2 2 2 2 2 2 2 2 2
left_child=1 2 3 12 5 6 -2 8 -6 11 -10 -4 -1 -3
right_child=4 13 9 -5 7 -7 -8 -9 10 -11 -12 -13 -14 -15
leaf_value=0.0019031372060334044 -0.00057721132732755753 -0.00057721132732755753 0.0033664459515997556 -0.00057721132732755753 -0.00057721132732755753 -0.019618954616688913 -0.0045378067750679821 -0.0071502412732807 -0.0022224602240004574 0.00083045952320646727 -0.0035256209381338624 0.0024300052536612689 0.0010010754564186422 -0.00048799714744031142
leaf_weight=342 35 623 50 109 69 30 189 31 242 67 44 377 40 621
leaf_count=342 35 623 50 109 69 30 189 31 242 67 44 377 40 621
internal_value=-0.000527205 0.000286422 0.0013784 0.000421031 -0.00335967 -0.00477491 -0.00270073 -0.00241395 -0.00197651 0.00232364 -0.00244063 0.00255136 0.00181611 -0.000577211
internal_weight=2869 2229 985 491 640 254 224 386 355 494 286 427 382 1244
internal_count=2869 2229 985 491 640 254 224 386 355 494 286 427 382 1244
is_linear=0
shrinkage=0.035


Tree=161
num_leaves=11
num_cat=0
split_feature=1 0 1 1 0 1 1 1 1 1
split_gain=13.7328 1.45357 6.24561 1.30886 0.364103 2.16485 0.356709 0.156441 0.0647289 0.0126458
threshold=600.50000000000011 0.75000000000000011 627.50000000000011 681.50000000000011 0.75000000000000011 144.50000000000003 796.50000000000011 297.50000000000006 501.50000000000006 28.500000000000004
decision_type=2 2 2 2 2 2 2 2 2 2
left_child=4 2 -2 -4 -1 9 -3 -7 -9 -6
right_child=1 6 3 -5 5 7 -8 8 -10 -11
leaf_value=0.0003862430949803087 0.0003862430949803087 -0.0036219663736161219 -0.0068874544910356118 -0.01249010249024088 0.0047740014484548505 0.00082494325372491691 -0.0071862829228545111 6.5534678996024363e-05 -0.00075041437356478796 0.0036941940702710043
leaf_weight=1076 46 354 101 120 46 275 40 358 175 201
leaf_count=1076 46 354 101 120 46 275 40 358 175 201
internal_value=-0.000980701 -0.00538416 -0.00738948 -0.00998006 0.000386243 0.00103527 -0.00400553 0.000386243 -0.000199992 0.00392079
internal_weight=2792 661 267 221 2131 1055 394 808 533 247
internal_count=2792 661 267 221 2131 1055 394 808 533 247
is_linear=0
shrinkage=0.035


Tree=162
num_leaves=9
num_cat=0
split_feature=1 1 0 1 0 0 1 1
split_gain=5.73671 0.863855 0.66994 0.18701 0.235356 0.0596646 2.22604 0.194417
threshold=150.50000000000003 763.50000000000011 0.75000000000000011 243.50000000000003 0.75000000000000011 0.75000000000000011 405.50000000000006 645.50000000000011
decision_type=2 2 2 2 2 2 2 2
left_child=2 3 -1 4 -2 6 -5 -7
right_child=1 -3 -4 5 -6 7 -8 -9
leaf_value=0.0053108400973419208 0.0018920730906678085 -0.0029252791511581132 0.0027850117905086663 6.1215046518099298e-05 6.1215046518099298e-05 6.1215046518099298e-05 -0.0020900846460778348 -0.001149294675016661
leaf_weight=270 166 113 262 297 164 724 604 210
leaf_count=270 166 113 262 297 164 724 604 210
internal_value=0.000808969 4.33598e-05 0.00407776 0.000200392 0.000966489 6.1215e-05 -0.000223033 6.1215e-05
internal_weight=2810 2278 532 2165 330 1835 901 934
internal_count=2810 2278 532 2165 330 1835 901 934
is_linear=0
shrinkage=0.035


Tree=163
num_leaves=8
num_cat=0
split_feature=1 1 0 1 1 1 1
split_gain=4.20645 1.77042 2.62187 2.82648 1.3627 0.938203 0.312903
threshold=778.50000000000011 528.50000000000011 0.75000000000000011 735.50000000000011 546.50000000000011 8.5000000000000018 720.50000000000011
decision_type=2 2 2 2 2 2 2
left_child=1 5 3 4 -3 -1 -4
right_child=-2 2 6 -5 -6 -7 -8
leaf_value=0.0068939775086699004 -0.0080860588313503706 0.00079606907515064401 0.00079606907515064401 -0.0080860588313503706 -0.0030268451934680344 0.00079606907515064401 -0.0011073522761324858
leaf_weight=30 76 34 346 32 321 1884 106
leaf_count=30 76 34 346 32 321 1884 106
internal_value=-1.70003e-05 0.000207976 -0.0011309 -0.00324234 -0.00212287 0.000796069 0.000676207
internal_weight=2829 2753 839 387 355 1914 452
internal_count=2829 2753 839 387 355 1914 452
is_linear=0
shrinkage=0.035


Tree=164
num_leaves=10
num_cat=0
split_feature=1 1 0 1 1 1 1 1 1
split_gain=1.87037 1.41774 0.984505 11.9425 0.481206 0.412825 0.236696 0.13955 0.00344989
threshold=802.50000000000011 8.5000000000000018 0.75000000000000011 405.50000000000006 735.50000000000011 76.500000000000014 727.50000000000011 297.50000000000006 378.50000000000006
decision_type=2 2 2 2 2 2 2 2 2
left_child=1 -1 3 5 -5 -3 7 -4 -7
right_child=-2 2 6 4 -6 8 -8 -9 -10
leaf_value=0.0066579622068712796 -0.0092976248417980974 0.0034172988672248154 0.00038424839119700617 -0.0048439515166819507 -0.0092976248417980974 0.0011900797924035392 -0.0016024615944856232 -0.00036520210665997926 0.00072800261154770858
leaf_weight=30 31 120 506 588 32 544 135 758 48
leaf_count=30 31 120 506 588 32 544 135 758 48
internal_value=-0.000878417 -0.000779922 -0.000864675 -0.00154556 -0.00509379 0.00154454 -0.000214507 -6.37348e-05 0.00115686
internal_weight=2792 2761 2731 1332 620 712 1399 1264 592
internal_count=2792 2761 2731 1332 620 712 1399 1264 592
is_linear=0
shrinkage=0.035


Tree=165
num_leaves=7
num_cat=0
split_feature=1 1 1 1 1 1
split_gain=3.84643 1.49261 0.695275 0.499905 0.022024 0.00147524
threshold=759.50000000000011 8.5000000000000018 570.50000000000011 802.50000000000011 231.50000000000003 480.50000000000006
decision_type=2 2 2 2 2 2
left_child=1 -1 4 -2 -3 -6
right_child=3 2 -4 -5 5 -7
leaf_value=0.00870779177137921 -0.0039333794034001508 0.0014472689272771624 -2.1212806607095098e-05 -0.009298580796247527 0.0012301049927152905 0.0010531520827632374
leaf_weight=30 87 811 649 30 900 317
leaf_count=30 87 811 649 30 900 317
internal_value=0.00079298 0.0010628 0.000973253 -0.00539105 0.00129222 0.00118635
internal_weight=2824 2707 2677 117 2028 1217
internal_count=2824 2707 2677 117 2028 1217
is_linear=0
shrinkage=0.035


Tree=166
num_leaves=9
num_cat=0
split_feature=1 0 1 1 1 1 0 1
split_gain=6.18234 0.980391 7.89102 1.50451 0.590597 0.323705 0.356004 0.011538
threshold=507.50000000000006 0.75000000000000011 681.50000000000011 627.50000000000011 778.50000000000011 270.50000000000006 0.75000000000000011 525.50000000000011
decision_type=2 2 2 2 2 2 2 2
left_child=5 2 3 7 -3 6 -1 -2
right_child=1 4 -4 -5 -6 -7 -8 -9
leaf_value=1.1009877750638692e-05 9.5351442369982696e-07 -0.0018205665911487513 -0.012319658063014906 -0.0051278027643277806 -0.0051838670128087211 9.5351442369982696e-07 0.0013495261975159472 -0.00027467642799620668
leaf_weight=491 32 493 115 102 74 862 487 185
leaf_count=491 32 493 115 102 74 862 487 185
internal_value=-0.00102999 -0.0032422 -0.00449893 -0.00164439 -0.00227095 0.000173651 0.000680016 9.53514e-07
internal_weight=2841 1001 434 319 567 1840 978 217
internal_count=2841 1001 434 319 567 1840 978 217
is_linear=0
shrinkage=0.035


Tree=167
num_leaves=8
num_cat=0
split_feature=1 1 1 0 1 1 1
split_gain=7.52787 2.53092 2.47126 2.64527 0.415077 0.33564 0.0094662
threshold=594.50000000000011 114.50000000000001 763.50000000000011 0.75000000000000011 8.5000000000000018 225.50000000000003 165.50000000000003
decision_type=2 2 2 2 2 2 2
left_child=1 4 3 -2 -1 6 -3
right_child=2 5 -4 -5 -6 -7 -8
leaf_value=0.0070452010231393004 -0.0001505683579378658 0.0011431818912737072 -0.0085094179168482813 -0.0049085455003448509 0.0027492685930596461 -0.0001505683579378658 0.00074449702947651422
leaf_weight=30 269 179 106 307 377 1355 218
leaf_count=30 269 179 106 307 377 1355 218
internal_value=-0.000408194 0.000604008 -0.00361126 -0.00269365 0.0030867 2.48331e-05 0.000931074
internal_weight=2841 2159 682 576 407 1752 397
internal_count=2841 2159 682 576 407 1752 397
is_linear=0
shrinkage=0.035


Tree=168
num_leaves=13
num_cat=0
split_feature=1 0 1 1 1 1 1 0 1 1 1 1
split_gain=4.19453 2.28444 8.38259 1.04783 0.797799 0.690453 0.481804 0.222193 6.24281 0.0977567 0.0065193 0.00443612
threshold=573.50000000000011 0.75000000000000011 378.50000000000006 60.500000000000007 28.500000000000004 802.50000000000011 297.50000000000006 0.75000000000000011 684.50000000000011 411.50000000000006 144.50000000000003 20.500000000000004
decision_type=2 2 2 2 2 2 2 2 2 2 2 2
left_child=1 2 3 11 -3 7 10 8 -2 -4 -6 -1
right_child=5 4 9 -5 6 -7 -8 -9 -10 -11 -12 -13
leaf_value=0.0089409388510717277 -0.002004666799465793 0.0041335523053273272 -0.00053227211302146315 0.0038699575204862034 0.00057196580168917925 -0.0071002367118542849 -0.0011305096393935685 -0.0012391142029503249 -0.0071002367118542849 -0.002004666799465793 0.00029038521288181547 0.0069737659773748857
leaf_weight=35 197 50 63 577 212 32 491 425 108 293 280 68
leaf_count=35 197 50 63 577 212 32 491 425 108 293 280 68
internal_value=0.000212884 0.00103101 0.00219158 0.00446901 -0.000132227 -0.00200467 -0.000354963 -0.00200467 -0.00249637 -0.00200467 0.00041618 0.00773859
internal_weight=2831 2069 1036 680 1033 762 983 730 305 356 492 103
internal_count=2831 2069 1036 680 1033 762 983 730 305 356 492 103
is_linear=0
shrinkage=0.035


Tree=169
num_leaves=6
num_cat=0
split_feature=1 1 0 0 1
split_gain=0.451618 0.302426 3.10415 0.73007 3.7247
threshold=778.50000000000011 243.50000000000003 0.75000000000000011 0.75000000000000011 408.50000000000006
decision_type=2 2 2 2 2
left_child=1 2 -1 4 -3
right_child=-2 3 -4 -5 -6
leaf_value=0.003284536060186645 -0.0023674011941750843 0.00012922509724997517 0.00012922509724997517 0.00012922509724997517 -0.0023674011941750843
leaf_weight=436 74 300 454 965 610
leaf_count=436 74 300 454 965 610
internal_value=0.000309565 0.000382672 0.00091391 0.000129225 -0.000861345
internal_weight=2839 2765 890 1875 910
internal_count=2839 2765 890 1875 910
is_linear=0
shrinkage=0.035


Tree=170
num_leaves=9
num_cat=0
split_feature=0 1 1 1 1 1 1 1
split_gain=1.52374 4.25915 2.08597 0.218105 0.176154 0.121155 0.00938369 0.00243975
threshold=0.75000000000000011 378.50000000000006 144.50000000000003 651.50000000000011 414.50000000000006 731.50000000000011 195.50000000000003 360.50000000000006
decision_type=2 2 2 2 2 2 2 2
left_child=1 6 -2 -4 -3 -6 -1 -8
right_child=2 4 3 -5 5 -7 7 -9
leaf_value=0.0021100007082731466 0.0045346366957894936 -0.00028738827887328641 0.0012955224824651715 0.00020338065222394271 -0.0020721822468789692 -0.0043779884898103782 0.0018039334029219291 0.001173110436730306
leaf_weight=349 250 68 900 304 560 31 295 33
leaf_count=349 250 68 900 304 560 31 295 33
internal_value=0.000845905 -6.22242e-06 0.00162955 0.00102162 -0.00200897 -0.00220328 0.00194078 0.00174954
internal_weight=2790 1336 1454 1204 659 591 677 328
internal_count=2790 1336 1454 1204 659 591 677 328
is_linear=0
shrinkage=0.035


Tree=171
num_leaves=8
num_cat=0
split_feature=1 1 1 1 0 0 1
split_gain=1.44113 0.614008 0.202068 0.199423 0.116998 0.0616172 0.0224774
threshold=8.5000000000000018 501.50000000000006 802.50000000000011 147.50000000000003 0.75000000000000011 0.75000000000000011 717.50000000000011
decision_type=2 2 2 2 2 2 2
left_child=-1 3 6 4 -2 -5 -3
right_child=1 2 -4 5 -6 -7 -8
leaf_value=0.0070272159415762881 0.001057816185889217 -0.00093925051978791733 -0.0038528129133311192 -3.7108894827134351e-05 0 -0.00053050625069796004 -0.0013812063593258506
leaf_weight=31 257 757 32 626 256 630 210
leaf_count=31 257 757 32 626 256 630 210
internal_value=-0.000354936 -0.000440752 -0.00113403 -4.78325e-05 0.000531816 -0.000286211 -0.00103836
internal_weight=2799 2768 999 1769 513 1256 967
internal_count=2799 2768 999 1769 513 1256 967
is_linear=0
shrinkage=0.035


Tree=172
num_leaves=10
num_cat=0
split_feature=0 1 1 1 1 1 1 1 1
split_gain=3.03252 6.16216 1.74507 0.92146 0.887465 0.289255 0.149277 0.0577905 0.042726
threshold=0.75000000000000011 378.50000000000006 144.50000000000003 684.50000000000011 772.50000000000011 80.500000000000014 735.50000000000011 399.50000000000006 796.50000000000011
decision_type=2 2 2 2 2 2 2 2 2
left_child=1 5 -2 7 -4 -1 -5 -3 -6
right_child=2 3 4 6 8 -7 -8 -9 -10
leaf_value=0.0031580411853617102 0.0042038876658983659 -0.0010242297825844664 0.0013127612539128347 -0.0050073491823242368 -0.0015255053432091424 0.0013035859618331998 -0.0082233625338412834 -0.0025798203642288715 -0.0032849669784307482
leaf_weight=130 262 37 1122 82 45 542 31 510 39
leaf_count=130 262 37 1122 82 45 542 31 510 39
internal_value=0.000520748 -0.000687296 0.00161779 -0.00308807 0.0010515 0.00166909 -0.00596936 -0.00247985 -0.00239202
internal_weight=2800 1332 1468 660 1206 672 113 547 84
internal_count=2800 1332 1468 660 1206 672 113 547 84
is_linear=0
shrinkage=0.035


Tree=173
num_leaves=9
num_cat=0
split_feature=1 0 1 0 1 1 1 0
split_gain=2.33941 6.32392 0.366261 1.61378 2.33155 0.211503 0.114914 0.0179447
threshold=150.50000000000003 0.75000000000000011 528.50000000000011 0.75000000000000011 735.50000000000011 549.50000000000011 802.50000000000011 0.75000000000000011
decision_type=2 2 2 2 2 2 2 2
left_child=1 -1 7 4 5 -4 -5 -2
right_child=2 -3 3 6 -6 -7 -8 -9
leaf_value=0.0063218392848237263 0.00046079701556700248 -0.00022930187871039964 -0.00022930187871039964 -0.00022930187871039964 -0.0117795514841564 -0.0022033178068046103 -0.0035698427947298181 -0.00022930187871039964
leaf_weight=262 683 277 38 506 31 325 30 679
leaf_count=262 683 277 38 506 31 325 30 679
internal_value=0.000258182 0.00233095 -0.000229302 -0.000922928 -0.00270657 -0.0018967 -0.000229302 -0.000229302
internal_weight=2831 539 2292 930 394 363 536 1362
internal_count=2831 539 2292 930 394 363 536 1362
is_linear=0
shrinkage=0.035


Tree=174
num_leaves=13
num_cat=0
split_feature=1 1 0 1 1 1 1 0 1 1 1 1
split_gain=2.34552 1.30353 0.775632 1.2706 0.553439 0.352419 0.181395 0.0984079 2.74625 0.365255 0.105146 0.0466103
threshold=513.50000000000011 8.5000000000000018 0.75000000000000011 735.50000000000011 802.50000000000011 558.50000000000011 546.50000000000011 0.75000000000000011 408.50000000000006 28.500000000000004 64.500000000000014 624.50000000000011
decision_type=2 2 2 2 2 2 2 2 2 2 2 2
left_child=1 -1 3 6 5 -4 -2 8 10 -9 -3 -8
right_child=2 7 4 -5 -6 -7 11 9 -10 -11 -12 -13
leaf_value=0.0066901335170672796 -0.0012977343894890511 0.0027112698199243126 -0.00054569900044607142 -0.010298687484566912 -0.0061475151279009885 -0.0018885506832301447 -0.0028183457135966573 0.0034350199533833402 -0.00054569900044607142 -0.00054569900044607142 0.0014693263463602887 -0.003808241507794598
leaf_weight=30 63 103 82 32 31 435 138 35 190 849 617 201
leaf_count=30 63 103 82 32 31 435 138 35 190 849 617 201
internal_value=-0.00116626 -0.000422129 -0.00254483 -0.00365328 -0.00165873 -0.00137484 -0.00309571 -0.000545699 -0.000178616 -0.000545699 0.00165293 -0.0034199
internal_weight=2806 1824 982 434 548 517 402 1794 910 884 720 339
internal_count=2806 1824 982 434 548 517 402 1794 910 884 720 339
is_linear=0
shrinkage=0.035


Tree=175
num_leaves=3
num_cat=0
split_feature=1 0
split_gain=1.26352 0.689952
threshold=767.50000000000011 0.75000000000000011
decision_type=2 2
left_child=1 -1
right_child=-2 -3
leaf_value=-2.8749124583404142e-05 -0.0035281557613580498 0.0010813508259926003
leaf_weight=1346 96 1391
leaf_count=1346 96 1391
internal_value=0.000395478 0.000534976
internal_weight=2833 2737
internal_count=2833 2737
is_linear=0
shrinkage=0.035


Tree=176
num_leaves=9
num_cat=0
split_feature=1 0 1 0 1 1 1 1
split_gain=2.06786 1.5448 0.486993 0.408248 1.25555 0.102308 0.101084 0.00793862
threshold=654.50000000000011 0.75000000000000011 735.50000000000011 0.75000000000000011 20.500000000000004 28.500000000000004 360.50000000000006 76.500000000000014
decision_type=2 2 2 2 2 2 2 2
left_child=3 2 -2 4 -1 -5 7 -6
right_child=1 -3 -4 5 6 -7 -8 -9
leaf_value=0.0074947621344441644 0.00076545298733222955 -0.0033369425924768222 -0.0034165014460244606 0.0035535671753542768 0.0016941128179735257 0.00076545298733222955 0.00076545298733222955 0.0012567934241468925
leaf_weight=37 144 292 33 48 100 1136 527 515
leaf_count=37 144 292 33 48 100 1136 527 515
internal_value=0.000343493 -0.00177588 0.000765453 0.000765453 0.00122671 0.000304018 0.00101572 0.00133338
internal_weight=2832 469 177 2363 1179 1184 1142 615
internal_count=2832 469 177 2363 1179 1184 1142 615
is_linear=0
shrinkage=0.035


Tree=177
num_leaves=3
num_cat=0
split_feature=1 1
split_gain=1.33665 0.217918
threshold=802.50000000000011 225.50000000000003
decision_type=2 2
left_child=1 -1
right_child=-2 -3
leaf_value=0.0015714049020339317 -0.0058957736689378244 0.0008821247808022851
leaf_weight=801 33 1997
leaf_count=801 33 1997
internal_value=0.000996573 0.00108057
internal_weight=2831 2798
internal_count=2831 2798
is_linear=0
shrinkage=0.035


Tree=178
num_leaves=10
num_cat=0
split_feature=1 1 1 0 1 1 1 1 1
split_gain=2.00331 0.515023 0.0348852 0.0496958 2.951 1.99664 0.0909277 0.068858 0.0416196
threshold=763.50000000000011 802.50000000000011 12.500000000000002 0.75000000000000011 666.50000000000011 378.50000000000006 727.50000000000011 28.500000000000004 402.50000000000006
decision_type=2 2 2 2 2 2 2 2 2
left_child=2 -2 -1 5 7 -4 -6 -5 -7
right_child=1 -3 3 4 6 8 -8 -9 -10
leaf_value=0.00095133818270162101 -0.003271435178816319 -0.0087737792720717789 0.00095133818270162101 0.00095133818270162101 -0.001631367723690346 -0.00047359472521297309 -0.003271435178816319 0.00060191625039503508 -0.0016468230419849502
leaf_weight=42 77 30 658 30 111 45 62 1143 617
leaf_count=42 77 30 658 30 111 45 62 1143 617
internal_value=-0.00022265 -0.00489731 -3.55563e-05 -5.21108e-05 9.66206e-05 -0.000205055 -0.00327144 0.000742725 -0.00157055
internal_weight=2815 107 2708 2666 1346 1320 173 1173 662
internal_count=2815 107 2708 2666 1346 1320 173 1173 662
is_linear=0
shrinkage=0.035


Tree=179
num_leaves=5
num_cat=0
split_feature=1 1 1 0
split_gain=1.89729 0.81226 0.730252 0.0325064
threshold=802.50000000000011 8.5000000000000018 663.50000000000011 0.75000000000000011
decision_type=2 2 2 2
left_child=1 -1 3 -3
right_child=-2 2 -4 -5
leaf_value=0.0058948150742198198 -0.0084467766796869626 0.00056016751199551931 -0.001189066555351019 0.00029521715941072834
leaf_weight=30 30 1186 398 1177
leaf_count=30 30 1186 398 1177
internal_value=0.000162699 0.00025886 0.000194876 0.000429118
internal_weight=2821 2791 2761 2363
internal_count=2821 2791 2761 2363
is_linear=0
shrinkage=0.035


Tree=180
num_leaves=8
num_cat=0
split_feature=0 1 1 1 1 1 1
split_gain=1.86301 6.9369 0.623926 0.266926 0.176827 0.0688434 0.0198586
threshold=0.75000000000000011 405.50000000000006 778.50000000000011 16.500000000000004 378.50000000000006 654.50000000000011 360.50000000000006
decision_type=2 2 2 2 2 2 2
left_child=1 3 5 -1 6 -2 -5
right_child=2 -3 -4 4 -6 -7 -8
leaf_value=0.0045208494524704296 0.001192449352484071 -0.0036762176149197864 -0.0021472849480130458 0.0014208828447063535 -0.00071160536993927553 0.00050206724106597266 0.00044037958081154271
leaf_weight=31 1171 603 76 631 52 222 33
leaf_count=31 1171 603 76 631 52 222 33
internal_value=5.15632e-05 -0.00088602 0.000914402 0.00136587 0.00122072 0.00108412 0.00137552
internal_weight=2819 1350 1469 747 716 1393 664
internal_count=2819 1350 1469 747 716 1393 664
is_linear=0
shrinkage=0.035


Tree=181
num_leaves=7
num_cat=0
split_feature=1 0 0 1 1 1
split_gain=0.534327 0.295904 0.0036568 0.940372 0.501162 0.00148715
threshold=243.50000000000003 0.75000000000000011 0.75000000000000011 186.50000000000003 144.50000000000003 28.500000000000004
decision_type=2 2 2 2 2 2
left_child=2 -2 3 -1 5 -4
right_child=1 -3 4 -5 -6 -7
leaf_value=0.001439437256400853 -0.00054366493154365636 -0.0014142221278465781 0.0014875863977569217 -0.00054366493154365636 -0.00054366493154365636 0.0010563770902887492
leaf_weight=340 913 1029 46 104 180 206
leaf_count=340 913 1029 46 104 180 206
internal_value=-0.000682757 -0.00100633 3.29165e-05 0.000104401 -3.65834e-05 0.00114758
internal_weight=2818 1942 876 444 432 252
internal_count=2818 1942 876 444 432 252
is_linear=0
shrinkage=0.035


Tree=182
num_leaves=3
num_cat=0
split_feature=1 0
split_gain=1.48524 0.915671
threshold=802.50000000000011 0.75000000000000011
decision_type=2 2
left_child=1 -1
right_child=-2 -3
leaf_value=-0.00050444452071761925 -0.0073100847527384763 0.00076514275262548419
leaf_weight=1330 32 1456
leaf_count=1330 32 1456
internal_value=7.04734e-05 0.000158467
internal_weight=2818 2786
internal_count=2818 2786
is_linear=0
shrinkage=0.035


Tree=183
num_leaves=10
num_cat=0
split_feature=1 0 1 1 0 1 1 1 1
split_gain=1.702 3.87163 9.27625 2.30088 0.52614 0.165548 0.13514 0.0465908 0.0246802
threshold=360.50000000000006 0.75000000000000011 739.50000000000011 528.50000000000011 0.75000000000000011 114.50000000000001 411.50000000000006 558.50000000000011 378.50000000000006
decision_type=2 2 2 2 2 2 2 2 2
left_child=4 2 6 -3 5 -1 8 -5 -2
right_child=1 3 -4 7 -6 -7 -8 -9 -10
leaf_value=0.0030853101995892839 0.00044280343391001227 0.0012425136079766861 -0.021113372622898991 -7.7574996243823669e-05 0.0012425136079766861 0.0018437312737943879 -0.001723135586229571 -0.0012006435578633019 -0.00070216378224112344
leaf_weight=206 34 299 30 54 634 431 583 465 61
leaf_count=206 34 299 30 54 634 431 583 465 61
internal_value=0.000296577 -0.000490442 -0.0023845 0.00114769 0.00124251 0.0022522 -0.00152334 -0.00108753 -0.000273813
internal_weight=2797 1526 708 818 1271 637 678 519 95
internal_count=2797 1526 708 818 1271 637 678 519 95
is_linear=0
shrinkage=0.035


Tree=184
num_leaves=7
num_cat=0
split_feature=1 0 1 0 1 0
split_gain=3.38812 3.85707 0.818949 1.81837 0.127465 0.0465023
threshold=717.50000000000011 0.75000000000000011 80.500000000000014 0.75000000000000011 20.500000000000004 0.75000000000000011
decision_type=2 2 2 2 2 2
left_child=2 -2 3 4 -1 -4
right_child=1 -3 5 -5 -6 -7
leaf_value=0.0074534782312358884 -0.011836883604002651 -0.0013421643206730804 0.00010768680257394294 0.00033136056747421275 0.0045956035905061208 0.00033136056747421275
leaf_weight=32 55 187 1163 146 100 1151
leaf_count=32 55 187 1163 146 100 1151
internal_value=0.000177514 -0.00377343 0.000548378 0.00234084 0.00535241 0.000331361
internal_weight=2834 242 2592 278 132 2314
internal_count=2834 242 2592 278 132 2314
is_linear=0
shrinkage=0.035


Tree=185
num_leaves=7
num_cat=0
split_feature=1 0 1 1 1 1
split_gain=2.01962 0.376061 2.16197 0.348413 0.310689 0.00440998
threshold=645.50000000000011 0.75000000000000011 678.50000000000011 8.5000000000000018 802.50000000000011 24.500000000000004
decision_type=2 2 2 2 2 2
left_child=3 2 -2 -1 -3 -5
right_child=1 4 -4 5 -6 -7
leaf_value=0.003926653588250761 0.00021270697764351213 -0.0010820731480208623 -0.0061732283663186536 0.00067115011993105177 -0.0046548031305565559 0.00021270697764351213
leaf_weight=30 62 285 127 57 33 2228
leaf_count=30 62 285 127 57 33 2228
internal_value=-0.00022505 -0.00222381 -0.00346557 0.000212707 -0.00147174 0.000212707
internal_weight=2822 507 189 2315 318 2285
internal_count=2822 507 189 2315 318 2285
is_linear=0
shrinkage=0.035


Tree=186
num_leaves=8
num_cat=0
split_feature=0 1 1 1 1 1 1
split_gain=1.17069 4.94712 1.46486 1.06326 0.437955 0.076148 0.0130447
threshold=0.75000000000000011 684.50000000000011 778.50000000000011 378.50000000000006 648.50000000000011 735.50000000000011 411.50000000000006
decision_type=2 2 2 2 2 2 2
left_child=1 3 4 -1 -2 -3 -5
right_child=2 5 -4 6 -6 -7 -8
leaf_value=0.0010257921374561827 0.0013877272375207317 -0.0066241166790326437 -0.0039323024951122901 -0.00050495596555992961 -0.00026783027677385079 -0.0093377810018983754 -0.0011099648444398149
leaf_weight=674 1186 83 73 63 232 32 488
leaf_count=674 1186 83 73 63 232 32 488
internal_value=0.000189913 -0.000559846 0.000864837 9.28383e-05 0.00111563 -0.0074683 -0.001045
internal_weight=2831 1340 1491 1225 1418 115 551
internal_count=2831 1340 1491 1225 1418 115 551
is_linear=0
shrinkage=0.035


Tree=187
num_leaves=9
num_cat=0
split_feature=1 1 0 1 1 1 1 1
split_gain=1.32946 0.206547 0.0689597 1.96353 0.841787 0.174598 0.167189 0.00846815
threshold=8.5000000000000018 802.50000000000011 0.75000000000000011 273.50000000000006 414.50000000000006 600.50000000000011 735.50000000000011 378.50000000000006
decision_type=2 2 2 2 2 2 2 2
left_child=-1 2 4 -4 7 -5 -6 -2
right_child=1 -3 3 5 6 -7 -8 -9
leaf_value=0.0064745170113164937 0 -0.0034639034388643328 0.0013486184194007596 -0.0010210006004826538 -0.001656045398293589 -0.0020066259675558008 -0.0034639034388643328 -0.00040636123911194178
leaf_weight=31 652 32 474 593 568 367 31 68
leaf_count=31 652 32 474 593 568 367 31 68
internal_value=-0.000614569 -0.000696401 -0.000662351 -0.000490815 -0.000847005 -0.00140131 -0.00181529 -3.76208e-05
internal_weight=2816 2785 2753 1434 1319 960 599 720
internal_count=2816 2785 2753 1434 1319 960 599 720
is_linear=0
shrinkage=0.035


Tree=188
num_leaves=9
num_cat=0
split_feature=1 1 0 1 1 0 1 1
split_gain=2.40224 0.328568 1.35023 3.74226 0.571777 0.084669 2.95607 0.111529
threshold=759.50000000000011 468.50000000000006 0.75000000000000011 501.50000000000006 727.50000000000011 0.75000000000000011 144.50000000000003 76.500000000000014
decision_type=2 2 2 2 2 2 2 2
left_child=1 5 -3 -4 -5 7 -7 -1
right_child=-2 2 3 4 -6 6 -8 -9
leaf_value=0.0015595422546293574 -0.0051877352468605743 0.000233540056201213 0.000233540056201213 -0.0030198038313583382 -0.0051877352468605743 0.0040698024731611639 0.000233540056201213 0.000233540056201213
leaf_weight=134 116 495 59 408 59 252 586 721
leaf_count=134 116 495 59 408 59 252 586 721
internal_value=-0.00027713 -6.47657e-05 -0.000560867 -0.0018555 -0.00360203 0.00023354 0.000583845 0.00023354
internal_weight=2830 2714 1021 526 467 1693 838 855
internal_count=2830 2714 1021 526 467 1693 838 855
is_linear=0
shrinkage=0.035


Tree=189
num_leaves=6
num_cat=0
split_feature=1 0 1 0 1
split_gain=2.27894 1.7938 2.82262 0.672345 0.069941
threshold=648.50000000000011 0.75000000000000011 687.50000000000011 0.75000000000000011 735.50000000000011
decision_type=2 2 2 2 2
left_child=3 2 -2 -1 -4
right_child=1 -3 4 -5 -6
leaf_value=0.0010605963394431427 0.00046651998145975834 -0.0037813321728512508 -0.0044420411727930376 -0.00012849765594945988 -0.0068517116187431391
leaf_weight=1164 72 308 75 1160 31
leaf_count=1164 72 308 75 1160 31
internal_value=9.88827e-06 -0.00216656 0.00046652 0.00046652 -0.00522056
internal_weight=2810 486 178 2324 106
internal_count=2810 486 178 2324 106
is_linear=0
shrinkage=0.035


Tree=190
num_leaves=3
num_cat=0
split_feature=1 0
split_gain=2.70153 0.55975
threshold=796.50000000000011 0.75000000000000011
decision_type=2 2
left_child=1 -1
right_child=-2 -3
leaf_value=-0.00013939300346722767 -0.0085718889695902672 0.00085274540341079427
leaf_weight=1351 41 1431
leaf_count=1351 41 1431
internal_value=0.000236952 0.000370436
internal_weight=2823 2782
internal_count=2823 2782
is_linear=0
shrinkage=0.035


Tree=191
num_leaves=7
num_cat=0
split_feature=1 0 0 1 1 1
split_gain=1.37438 2.07081 0.587071 2.33367 0.330189 0.169284
threshold=525.50000000000011 0.75000000000000011 0.75000000000000011 735.50000000000011 802.50000000000011 621.50000000000011
decision_type=2 2 2 2 2 2
left_child=1 -1 3 5 -4 -2
right_child=2 -3 4 -5 -6 -7
leaf_value=0.0015907626262369791 -0.00071715742496994471 -0.00071715742496994471 -0.00071715742496994471 -0.01133735227319994 -0.0044254165839290984 -0.0021677188608296137
leaf_weight=950 169 952 503 31 32 193
leaf_count=950 169 952 503 31 32 193
internal_value=-0.000103183 0.0004349 -0.00120718 -0.00226608 -0.000717157 -0.00145534
internal_weight=2830 1902 928 393 535 362
internal_count=2830 1902 928 393 535 362
is_linear=0
shrinkage=0.035


Tree=192
num_leaves=5
num_cat=0
split_feature=1 1 0 0
split_gain=0.765757 0.143484 1.95479 0.213163
threshold=802.50000000000011 663.50000000000011 0.75000000000000011 0.75000000000000011
decision_type=2 2 2 2
left_child=1 3 -3 -1
right_child=-2 2 -4 -5
leaf_value=-8.4066809212484216e-05 -0.0062008275968293038 -0.004651896124273058 -0.00055451531053860622 -0.00055451531053860622
leaf_weight=1189 30 154 254 1186
leaf_count=1189 30 154 254 1186
internal_value=-0.000722314 -0.000660422 -0.00126977 -0.000554515
internal_weight=2813 2783 408 2375
internal_count=2813 2783 408 2375
is_linear=0
shrinkage=0.035


Tree=193
num_leaves=2
num_cat=0
split_feature=1
split_gain=0.100608
threshold=72.500000000000014
decision_type=2
left_child=-1
right_child=-2
leaf_value=0.00071079074466634724 -3.7348113956862836e-06
leaf_weight=265 2560
leaf_count=265 2560
internal_value=6.29e-05
internal_weight=2825
internal_count=2825
is_linear=0
shrinkage=0.035


Tree=194
num_leaves=7
num_cat=0
split_feature=1 1 1 0 1 0
split_gain=0.541662 0.289457 0.264653 0.139028 0.0254118 2.24219
threshold=600.50000000000011 8.5000000000000018 802.50000000000011 0.75000000000000011 759.50000000000011 0.75000000000000011
decision_type=2 2 2 2 2 2
left_child=1 -1 4 -3 5 -2
right_child=2 3 -4 -5 -6 -7
leaf_value=0.00443653524682046 0.0012885991504126392 0.0012885991504126392 -0.0031895723593479493 0.00071769859659575762 -0.00046853904392984183 -0.00046853904392984183
leaf_weight=30 252 1082 31 1062 89 291
leaf_count=30 252 1082 31 1062 89 291
internal_value=0.000790216 0.00105724 -8.30072e-05 0.00100709 7.14052e-05 0.00016382
internal_weight=2837 2174 663 2144 632 543
internal_count=2837 2174 663 2144 632 543
is_linear=0
shrinkage=0.035


Tree=195
num_leaves=3
num_cat=0
split_feature=1 0
split_gain=0.618496 0.319095
threshold=8.5000000000000018 0.75000000000000011
decision_type=2 2
left_child=-1 -2
right_child=1 -3
leaf_value=0.0048144833601770866 0.0002413663974240997 -0.00051081726599683166
leaf_weight=30 1304 1463
leaf_count=30 1304 1463
internal_value=-0.000100109 -0.000155745
internal_weight=2797 2767
internal_count=2797 2767
is_linear=0
shrinkage=0.035


Tree=196
num_leaves=9
num_cat=0
split_feature=0 1 1 1 1 1 1 1
split_gain=1.35004 6.61575 2.04624 1.10417 0.586694 0.189721 0.00616483 0.00319638
threshold=0.75000000000000011 378.50000000000006 717.50000000000011 802.50000000000011 627.50000000000011 144.50000000000003 778.50000000000011 411.50000000000006
decision_type=2 2 2 2 2 2 2 2
left_child=1 -1 4 5 7 -2 -7 -3
right_child=3 2 -4 -5 -6 6 -8 -9
leaf_value=0.0015356324063062457 0.0016367667188263828 -0.0016557637606365761 -0.010063864465659629 -0.0056965106987591947 -0.0046172777145552487 0.00060012077513503851 0.00011057609233052233 -0.0022052478265659767
leaf_weight=676 258 60 51 32 162 1152 42 394
leaf_count=676 258 60 51 32 162 1152 42 394
internal_value=-9.75095e-05 -0.000901703 -0.00337315 0.000629213 -0.00280096 0.000773652 0.000584472 -0.00214027
internal_weight=2827 1343 667 1484 616 1452 1194 454
internal_count=2827 1343 667 1484 616 1452 1194 454
is_linear=0
shrinkage=0.035


Tree=197
num_leaves=9
num_cat=0
split_feature=1 0 1 1 1 1 1 1
split_gain=0.534454 0.216043 3.44709 0.242312 0.0795796 0.0466894 0.0110917 0.00340162
threshold=8.5000000000000018 0.75000000000000011 378.50000000000006 778.50000000000011 411.50000000000006 360.50000000000006 802.50000000000011 28.500000000000004
decision_type=2 2 2 2 2 2 2 2
left_child=-1 2 5 7 -4 -2 -5 -3
right_child=1 3 4 6 -6 -7 -8 -9
leaf_value=0.0037318342134751614 0.00078250759271743242 0 -0.0014486033372581007 -0.0018384726609696044 -0.0029613054606036689 -0.00056361052696593105 -0.0030689905369579193 -0.00035002727368387384
leaf_weight=32 633 36 54 43 612 31 30 1358
leaf_count=32 633 36 54 43 612 31 30 1358
internal_value=-0.00068936 -0.000741883 -0.00106584 -0.000446464 -0.00284363 0.000716277 -0.00240245 -0.000341131
internal_weight=2829 2797 1330 1467 666 664 73 1394
internal_count=2829 2797 1330 1467 666 664 73 1394
is_linear=0
shrinkage=0.035


Tree=198
num_leaves=2
num_cat=0
split_feature=0
split_gain=0.55764
threshold=0.75000000000000011
decision_type=2
left_child=-1
right_child=-2
leaf_value=-0.0001375139107104464 0.00084878276652281708
leaf_weight=1330 1480
leaf_count=1330 1480
internal_value=0.000381454
internal_weight=2810
internal_count=2810
is_linear=0
shrinkage=0.035


Tree=199
num_leaves=8
num_cat=0
split_feature=1 0 1 0 1 1 0
split_gain=1.5656 1.0673 0.106256 0.620915 4.99204 0.0535735 0.000641302
threshold=114.50000000000001 0.75000000000000011 225.50000000000003 0.75000000000000011 684.50000000000011 717.50000000000011 0.75000000000000011
decision_type=2 2 2 2 2 2 2
left_child=1 -1 6 4 -4 -6 -2
right_child=2 -3 3 -5 5 -7 -8
leaf_value=0.0037951168074527369 0.00024225823847052544 0.00024225823847052544 0.00024225823847052544 -0.00095302008634381302 -0.0060160892503014927 -0.0082664318201304595 0.00024225823847052544
leaf_weight=211 201 205 814 1064 57 53 201
leaf_count=211 201 205 814 1064 57 53 201
internal_value=7.38865e-05 0.00205329 -0.000270628 -0.000375897 0.000242258 -0.00718082 0.000242258
internal_weight=2806 416 2390 1988 924 110 402
internal_count=2806 416 2390 1988 924 110 402
is_linear=0
shrinkage=0.035


end of trees

feature_importances:
Column_1=1785
Column_0=625

parameters:
[boosting: gbdt]
[objective: regression]
[metric: l2]
[tree_learner: serial]
[device_type: cpu]
[data_sample_strategy: bagging]
[data: ]
[valid: ]
[num_iterations: 200]
[learning_rate: 0.035]
[num_leaves: 15]
[num_threads: 1]
[seed: 20260724]
[deterministic: 1]
[force_col_wise: 1]
[force_row_wise: 0]
[histogram_pool_size: -1]
[max_depth: 6]
[min_data_in_leaf: 30]
[min_sum_hessian_in_leaf: 0.001]
[bagging_fraction: 0.9]
[pos_bagging_fraction: 1]
[neg_bagging_fraction: 1]
[bagging_freq: 1]
[bagging_seed: 20260724]
[bagging_by_query: 0]
[feature_fraction: 0.9]
[feature_fraction_bynode: 1]
[feature_fraction_seed: 20260724]
[extra_trees: 0]
[extra_seed: 24518]
[early_stopping_round: 0]
[early_stopping_min_delta: 0]
[first_metric_only: 0]
[max_delta_step: 0]
[lambda_l1: 0.05]
[lambda_l2: 1]
[linear_lambda: 0]
[min_gain_to_split: 0]
[drop_rate: 0.1]
[max_drop: 50]
[skip_drop: 0.5]
[xgboost_dart_mode: 0]
[uniform_drop: 0]
[drop_seed: 27587]
[top_rate: 0.2]
[other_rate: 0.1]
[min_data_per_group: 100]
[max_cat_threshold: 32]
[cat_l2: 10]
[cat_smooth: 10]
[max_cat_to_onehot: 4]
[top_k: 20]
[monotone_constraints: 0,-1]
[monotone_constraints_method: advanced]
[monotone_penalty: 0]
[feature_contri: ]
[forcedsplits_filename: ]
[refit_decay_rate: 0.9]
[cegb_tradeoff: 1]
[cegb_penalty_split: 0]
[cegb_penalty_feature_lazy: ]
[cegb_penalty_feature_coupled: ]
[path_smooth: 0]
[interaction_constraints: ]
[verbosity: -1]
[saved_feature_importance_type: 0]
[use_quantized_grad: 0]
[num_grad_quant_bins: 4]
[quant_train_renew_leaf: 0]
[stochastic_rounding: 1]
[linear_tree: 0]
[max_bin: 255]
[max_bin_by_feature: ]
[min_data_in_bin: 3]
[bin_construct_sample_cnt: 200000]
[data_random_seed: 20260724]
[is_enable_sparse: 1]
[enable_bundle: 1]
[use_missing: 1]
[zero_as_missing: 0]
[feature_pre_filter: 1]
[pre_partition: 0]
[two_round: 0]
[header: 0]
[label_column: ]
[weight_column: ]
[group_column: ]
[ignore_column: ]
[categorical_feature: ]
[forcedbins_filename: ]
[precise_float_parser: 0]
[parser_config_file: ]
[objective_seed: 16249]
[num_class: 1]
[is_unbalance: 0]
[scale_pos_weight: 1]
[sigmoid: 1]
[boost_from_average: 1]
[reg_sqrt: 0]
[alpha: 0.9]
[fair_c: 1]
[poisson_max_delta_step: 0.7]
[tweedie_variance_power: 1.5]
[lambdarank_truncation_level: 30]
[lambdarank_norm: 1]
[label_gain: ]
[lambdarank_position_bias_regularization: 0]
[eval_at: ]
[multi_error_top_k: 1]
[auc_mu_weights: ]
[num_machines: 1]
[local_listen_port: 12400]
[time_out: 120]
[machine_list_filename: ]
[machines: ]
[gpu_platform_id: -1]
[gpu_device_id: -1]
[gpu_device_id_list: ]
[gpu_use_dp: 0]
[num_gpu: 1]

end of parameters

pandas_categorical:null
